Public + security smoke (production build)	Set up job	´╗┐2026-07-13T22:29:00.5339724Z Current runner version: '2.335.1'
Public + security smoke (production build)	Set up job	2026-07-13T22:29:00.5374540Z ##[group]Runner Image Provisioner
Public + security smoke (production build)	Set up job	2026-07-13T22:29:00.5375997Z Hosted Compute Agent
Public + security smoke (production build)	Set up job	2026-07-13T22:29:00.5376956Z Version: 20260624.560
Public + security smoke (production build)	Set up job	2026-07-13T22:29:00.5378342Z Commit: 925d229a51159bc391ae97e54a2dd1fe20af789d
Public + security smoke (production build)	Set up job	2026-07-13T22:29:00.5379499Z Build Date: 2026-06-24T18:26:47Z
Public + security smoke (production build)	Set up job	2026-07-13T22:29:00.5380563Z Worker ID: {0de3cad9-ab2a-4867-b923-936096823bf4}
Public + security smoke (production build)	Set up job	2026-07-13T22:29:00.5381785Z Azure Region: eastus2
Public + security smoke (production build)	Set up job	2026-07-13T22:29:00.5382736Z ##[endgroup]
Public + security smoke (production build)	Set up job	2026-07-13T22:29:00.5384636Z ##[group]Operating System
Public + security smoke (production build)	Set up job	2026-07-13T22:29:00.5385754Z Ubuntu
Public + security smoke (production build)	Set up job	2026-07-13T22:29:00.5386591Z 24.04.4
Public + security smoke (production build)	Set up job	2026-07-13T22:29:00.5387646Z LTS
Public + security smoke (production build)	Set up job	2026-07-13T22:29:00.5388514Z ##[endgroup]
Public + security smoke (production build)	Set up job	2026-07-13T22:29:00.5389308Z ##[group]Runner Image
Public + security smoke (production build)	Set up job	2026-07-13T22:29:00.5390265Z Image: ubuntu-24.04
Public + security smoke (production build)	Set up job	2026-07-13T22:29:00.5391103Z Version: 20260705.232.1
Public + security smoke (production build)	Set up job	2026-07-13T22:29:00.5392810Z Included Software: https://github.com/actions/runner-images/blob/ubuntu24/20260705.232/images/ubuntu/Ubuntu2404-Readme.md
Public + security smoke (production build)	Set up job	2026-07-13T22:29:00.5395559Z Image Release: https://github.com/actions/runner-images/releases/tag/ubuntu24%2F20260705.232
Public + security smoke (production build)	Set up job	2026-07-13T22:29:00.5397449Z ##[endgroup]
Public + security smoke (production build)	Set up job	2026-07-13T22:29:00.5399428Z ##[group]GITHUB_TOKEN Permissions
Public + security smoke (production build)	Set up job	2026-07-13T22:29:00.5402206Z Contents: read
Public + security smoke (production build)	Set up job	2026-07-13T22:29:00.5403059Z Metadata: read
Public + security smoke (production build)	Set up job	2026-07-13T22:29:00.5403988Z Packages: read
Public + security smoke (production build)	Set up job	2026-07-13T22:29:00.5404798Z ##[endgroup]
Public + security smoke (production build)	Set up job	2026-07-13T22:29:00.5407924Z Secret source: Actions
Public + security smoke (production build)	Set up job	2026-07-13T22:29:00.5409198Z Prepare workflow directory
Public + security smoke (production build)	Set up job	2026-07-13T22:29:00.5942815Z Prepare all required actions
Public + security smoke (production build)	Set up job	2026-07-13T22:29:00.5995796Z Getting action download info
Public + security smoke (production build)	Set up job	2026-07-13T22:29:00.7937803Z Download action repository 'actions/checkout@v4' (SHA:34e114876b0b11c390a56381ad16ebd13914f8d5)
Public + security smoke (production build)	Set up job	2026-07-13T22:29:00.8604473Z Download action repository 'pnpm/action-setup@v4' (SHA:b906affcce14559ad1aafd4ab0e942779e9f58b1)
Public + security smoke (production build)	Set up job	2026-07-13T22:29:01.0964126Z Download action repository 'actions/setup-node@v4' (SHA:49933ea5288caeca8642d1e84afbd3f7d6820020)
Public + security smoke (production build)	Set up job	2026-07-13T22:29:01.2826035Z Complete job name: Public + security smoke (production build)
Public + security smoke (production build)	Checkout	´╗┐2026-07-13T22:29:01.3532084Z Node 20 is being deprecated. This workflow is running with Node 24 by default. If you need to temporarily use Node 20, you can set the ACTIONS_ALLOW_USE_UNSECURE_NODE_VERSION=true environment variable. For more information see: https://github.blog/changelog/2025-09-19-deprecation-of-node-20-on-github-actions-runners/
Public + security smoke (production build)	Checkout	2026-07-13T22:29:01.3540775Z ##[group]Run actions/checkout@v4
Public + security smoke (production build)	Checkout	2026-07-13T22:29:01.3541473Z with:
Public + security smoke (production build)	Checkout	2026-07-13T22:29:01.3541957Z   repository: Hairaudit-v2/G-follicleintelligence
Public + security smoke (production build)	Checkout	2026-07-13T22:29:01.3546124Z   token: ***
Public + security smoke (production build)	Checkout	2026-07-13T22:29:01.3546558Z   ssh-strict: true
Public + security smoke (production build)	Checkout	2026-07-13T22:29:01.3546988Z   ssh-user: git
Public + security smoke (production build)	Checkout	2026-07-13T22:29:01.3547591Z   persist-credentials: true
Public + security smoke (production build)	Checkout	2026-07-13T22:29:01.3548073Z   clean: true
Public + security smoke (production build)	Checkout	2026-07-13T22:29:01.3548500Z   sparse-checkout-cone-mode: true
Public + security smoke (production build)	Checkout	2026-07-13T22:29:01.3549000Z   fetch-depth: 1
Public + security smoke (production build)	Checkout	2026-07-13T22:29:01.3549419Z   fetch-tags: false
Public + security smoke (production build)	Checkout	2026-07-13T22:29:01.3549845Z   show-progress: true
Public + security smoke (production build)	Checkout	2026-07-13T22:29:01.3550299Z   lfs: false
Public + security smoke (production build)	Checkout	2026-07-13T22:29:01.3550695Z   submodules: false
Public + security smoke (production build)	Checkout	2026-07-13T22:29:01.3551175Z   set-safe-directory: true
Public + security smoke (production build)	Checkout	2026-07-13T22:29:01.3551804Z env:
Public + security smoke (production build)	Checkout	2026-07-13T22:29:01.3552206Z   SKIP_ENV_VALIDATION: 1
Public + security smoke (production build)	Checkout	2026-07-13T22:29:01.3552692Z   FI_E2E_BASE_URL: http://127.0.0.1:3000
Public + security smoke (production build)	Checkout	2026-07-13T22:29:01.3553361Z   NEXT_PUBLIC_SUPABASE_URL: https://ci-placeholder.supabase.co
Public + security smoke (production build)	Checkout	2026-07-13T22:29:01.3554421Z   NEXT_PUBLIC_SUPABASE_ANON_KEY: ***
Public + security smoke (production build)	Checkout	2026-07-13T22:29:01.3555330Z   SUPABASE_SERVICE_ROLE_KEY: ***
Public + security smoke (production build)	Checkout	2026-07-13T22:29:01.3555822Z ##[endgroup]
Public + security smoke (production build)	Checkout	2026-07-13T22:29:01.4546216Z Syncing repository: Hairaudit-v2/G-follicleintelligence
Public + security smoke (production build)	Checkout	2026-07-13T22:29:01.4548308Z ##[group]Getting Git version info
Public + security smoke (production build)	Checkout	2026-07-13T22:29:01.4549311Z Working directory is '/home/runner/work/G-follicleintelligence/G-follicleintelligence'
Public + security smoke (production build)	Checkout	2026-07-13T22:29:01.4550462Z [command]/usr/bin/git version
Public + security smoke (production build)	Checkout	2026-07-13T22:29:01.4583303Z git version 2.54.0
Public + security smoke (production build)	Checkout	2026-07-13T22:29:01.4634848Z ##[endgroup]
Public + security smoke (production build)	Checkout	2026-07-13T22:29:01.4648619Z Temporarily overriding HOME='/home/runner/work/_temp/fcc69d86-ade2-4716-8cec-4e2d701812bb' before making global git config changes
Public + security smoke (production build)	Checkout	2026-07-13T22:29:01.4653836Z Adding repository directory to the temporary git global config as a safe directory
Public + security smoke (production build)	Checkout	2026-07-13T22:29:01.4655254Z [command]/usr/bin/git config --global --add safe.directory /home/runner/work/G-follicleintelligence/G-follicleintelligence
Public + security smoke (production build)	Checkout	2026-07-13T22:29:01.4696017Z Deleting the contents of '/home/runner/work/G-follicleintelligence/G-follicleintelligence'
Public + security smoke (production build)	Checkout	2026-07-13T22:29:01.4700194Z ##[group]Initializing the repository
Public + security smoke (production build)	Checkout	2026-07-13T22:29:01.4705119Z [command]/usr/bin/git init /home/runner/work/G-follicleintelligence/G-follicleintelligence
Public + security smoke (production build)	Checkout	2026-07-13T22:29:01.4775909Z hint: Using 'master' as the name for the initial branch. This default branch name
Public + security smoke (production build)	Checkout	2026-07-13T22:29:01.4777604Z hint: will change to "main" in Git 3.0. To configure the initial branch name
Public + security smoke (production build)	Checkout	2026-07-13T22:29:01.4779049Z hint: to use in all of your new repositories, which will suppress this warning,
Public + security smoke (production build)	Checkout	2026-07-13T22:29:01.4780317Z hint: call:
Public + security smoke (production build)	Checkout	2026-07-13T22:29:01.4780949Z hint:
Public + security smoke (production build)	Checkout	2026-07-13T22:29:01.4781737Z hint: 	git config --global init.defaultBranch <name>
Public + security smoke (production build)	Checkout	2026-07-13T22:29:01.4782705Z hint:
Public + security smoke (production build)	Checkout	2026-07-13T22:29:01.4783612Z hint: Names commonly chosen instead of 'master' are 'main', 'trunk' and
Public + security smoke (production build)	Checkout	2026-07-13T22:29:01.4785066Z hint: 'development'. The just-created branch can be renamed via this command:
Public + security smoke (production build)	Checkout	2026-07-13T22:29:01.4786251Z hint:
Public + security smoke (production build)	Checkout	2026-07-13T22:29:01.4786913Z hint: 	git branch -m <name>
Public + security smoke (production build)	Checkout	2026-07-13T22:29:01.4787899Z hint:
Public + security smoke (production build)	Checkout	2026-07-13T22:29:01.4788879Z hint: Disable this message with "git config set advice.defaultBranchName false"
Public + security smoke (production build)	Checkout	2026-07-13T22:29:01.4790734Z Initialized empty Git repository in /home/runner/work/G-follicleintelligence/G-follicleintelligence/.git/
Public + security smoke (production build)	Checkout	2026-07-13T22:29:01.4793783Z [command]/usr/bin/git remote add origin https://github.com/Hairaudit-v2/G-follicleintelligence
Public + security smoke (production build)	Checkout	2026-07-13T22:29:01.4831195Z ##[endgroup]
Public + security smoke (production build)	Checkout	2026-07-13T22:29:01.4832381Z ##[group]Disabling automatic garbage collection
Public + security smoke (production build)	Checkout	2026-07-13T22:29:01.4835610Z [command]/usr/bin/git config --local gc.auto 0
Public + security smoke (production build)	Checkout	2026-07-13T22:29:01.4864919Z ##[endgroup]
Public + security smoke (production build)	Checkout	2026-07-13T22:29:01.4866415Z ##[group]Setting up auth
Public + security smoke (production build)	Checkout	2026-07-13T22:29:01.4872505Z [command]/usr/bin/git config --local --name-only --get-regexp core\.sshCommand
Public + security smoke (production build)	Checkout	2026-07-13T22:29:01.4905913Z [command]/usr/bin/git submodule foreach --recursive sh -c "git config --local --name-only --get-regexp 'core\.sshCommand' && git config --local --unset-all 'core.sshCommand' || :"
Public + security smoke (production build)	Checkout	2026-07-13T22:29:01.5228634Z [command]/usr/bin/git config --local --name-only --get-regexp http\.https\:\/\/github\.com\/\.extraheader
Public + security smoke (production build)	Checkout	2026-07-13T22:29:01.5264566Z [command]/usr/bin/git submodule foreach --recursive sh -c "git config --local --name-only --get-regexp 'http\.https\:\/\/github\.com\/\.extraheader' && git config --local --unset-all 'http.https://github.com/.extraheader' || :"
Public + security smoke (production build)	Checkout	2026-07-13T22:29:01.5515791Z [command]/usr/bin/git config --local --name-only --get-regexp ^includeIf\.gitdir:
Public + security smoke (production build)	Checkout	2026-07-13T22:29:01.5550175Z [command]/usr/bin/git submodule foreach --recursive git config --local --show-origin --name-only --get-regexp remote.origin.url
Public + security smoke (production build)	Checkout	2026-07-13T22:29:01.5813631Z [command]/usr/bin/git config --local http.https://github.com/.extraheader AUTHORIZATION: basic ***
Public + security smoke (production build)	Checkout	2026-07-13T22:29:01.5851780Z ##[endgroup]
Public + security smoke (production build)	Checkout	2026-07-13T22:29:01.5852786Z ##[group]Fetching the repository
Public + security smoke (production build)	Checkout	2026-07-13T22:29:01.5860680Z [command]/usr/bin/git -c protocol.version=2 fetch --no-tags --prune --no-recurse-submodules --depth=1 origin +5204ba697c26a9264dd063d44e464ea80d05fe29:refs/remotes/origin/main
Public + security smoke (production build)	Checkout	2026-07-13T22:29:03.4001916Z From https://github.com/Hairaudit-v2/G-follicleintelligence
Public + security smoke (production build)	Checkout	2026-07-13T22:29:03.4003883Z  * [new ref]         5204ba697c26a9264dd063d44e464ea80d05fe29 -> origin/main
Public + security smoke (production build)	Checkout	2026-07-13T22:29:03.4033037Z ##[endgroup]
Public + security smoke (production build)	Checkout	2026-07-13T22:29:03.4034112Z ##[group]Determining the checkout info
Public + security smoke (production build)	Checkout	2026-07-13T22:29:03.4035783Z ##[endgroup]
Public + security smoke (production build)	Checkout	2026-07-13T22:29:03.4043651Z [command]/usr/bin/git sparse-checkout disable
Public + security smoke (production build)	Checkout	2026-07-13T22:29:03.4093467Z [command]/usr/bin/git config --local --unset-all extensions.worktreeConfig
Public + security smoke (production build)	Checkout	2026-07-13T22:29:03.4129559Z ##[group]Checking out the ref
Public + security smoke (production build)	Checkout	2026-07-13T22:29:03.4133273Z [command]/usr/bin/git checkout --progress --force -B main refs/remotes/origin/main
Public + security smoke (production build)	Checkout	2026-07-13T22:29:03.7700037Z Switched to a new branch 'main'
Public + security smoke (production build)	Checkout	2026-07-13T22:29:03.7701105Z branch 'main' set up to track 'origin/main'.
Public + security smoke (production build)	Checkout	2026-07-13T22:29:03.7718384Z ##[endgroup]
Public + security smoke (production build)	Checkout	2026-07-13T22:29:03.7779002Z [command]/usr/bin/git log -1 --format=%H
Public + security smoke (production build)	Checkout	2026-07-13T22:29:03.7805138Z 5204ba697c26a9264dd063d44e464ea80d05fe29
Public + security smoke (production build)	Setup pnpm	´╗┐2026-07-13T22:29:03.8029797Z Node 20 is being deprecated. This workflow is running with Node 24 by default. If you need to temporarily use Node 20, you can set the ACTIONS_ALLOW_USE_UNSECURE_NODE_VERSION=true environment variable. For more information see: https://github.blog/changelog/2025-09-19-deprecation-of-node-20-on-github-actions-runners/
Public + security smoke (production build)	Setup pnpm	2026-07-13T22:29:03.8031591Z ##[group]Run pnpm/action-setup@v4
Public + security smoke (production build)	Setup pnpm	2026-07-13T22:29:03.8031897Z with:
Public + security smoke (production build)	Setup pnpm	2026-07-13T22:29:03.8032141Z   run_install: false
Public + security smoke (production build)	Setup pnpm	2026-07-13T22:29:03.8032436Z   dest: ~/setup-pnpm
Public + security smoke (production build)	Setup pnpm	2026-07-13T22:29:03.8032697Z   cache: false
Public + security smoke (production build)	Setup pnpm	2026-07-13T22:29:03.8032967Z   cache_dependency_path: pnpm-lock.yaml
Public + security smoke (production build)	Setup pnpm	2026-07-13T22:29:03.8033300Z   package_json_file: package.json
Public + security smoke (production build)	Setup pnpm	2026-07-13T22:29:03.8033599Z   standalone: false
Public + security smoke (production build)	Setup pnpm	2026-07-13T22:29:03.8033852Z env:
Public + security smoke (production build)	Setup pnpm	2026-07-13T22:29:03.8034099Z   SKIP_ENV_VALIDATION: 1
Public + security smoke (production build)	Setup pnpm	2026-07-13T22:29:03.8034408Z   FI_E2E_BASE_URL: http://127.0.0.1:3000
Public + security smoke (production build)	Setup pnpm	2026-07-13T22:29:03.8034837Z   NEXT_PUBLIC_SUPABASE_URL: https://ci-placeholder.supabase.co
Public + security smoke (production build)	Setup pnpm	2026-07-13T22:29:03.8035683Z   NEXT_PUBLIC_SUPABASE_ANON_KEY: ***
Public + security smoke (production build)	Setup pnpm	2026-07-13T22:29:03.8036334Z   SUPABASE_SERVICE_ROLE_KEY: ***
Public + security smoke (production build)	Setup pnpm	2026-07-13T22:29:03.8036658Z ##[endgroup]
Public + security smoke (production build)	Setup pnpm	2026-07-13T22:29:03.9462877Z ##[group]Running self-installer...
Public + security smoke (production build)	Setup pnpm	2026-07-13T22:29:04.3243105Z (node:2315) [DEP0169] DeprecationWarning: `url.parse()` behavior is not standardized and prone to errors that have security implications. Use the WHATWG URL API instead. CVEs are not issued for `url.parse()` vulnerabilities.
Public + security smoke (production build)	Setup pnpm	2026-07-13T22:29:04.3245018Z (Use `node --trace-deprecation ...` to show where the warning was created)
Public + security smoke (production build)	Setup pnpm	2026-07-13T22:29:04.4760501Z Progress: resolved 1, reused 0, downloaded 0, added 0
Public + security smoke (production build)	Setup pnpm	2026-07-13T22:29:04.4856057Z Packages: +1
Public + security smoke (production build)	Setup pnpm	2026-07-13T22:29:04.4856497Z +
Public + security smoke (production build)	Setup pnpm	2026-07-13T22:29:04.8903590Z Progress: resolved 1, reused 0, downloaded 1, added 1, done
Public + security smoke (production build)	Setup pnpm	2026-07-13T22:29:04.9170098Z 
Public + security smoke (production build)	Setup pnpm	2026-07-13T22:29:04.9170569Z dependencies:
Public + security smoke (production build)	Setup pnpm	2026-07-13T22:29:04.9171041Z + pnpm 10.30.3 (11.13.0 is available)
Public + security smoke (production build)	Setup pnpm	2026-07-13T22:29:04.9171356Z 
Public + security smoke (production build)	Setup pnpm	2026-07-13T22:29:04.9193462Z Done in 808ms
Public + security smoke (production build)	Setup pnpm	2026-07-13T22:29:04.9380465Z ##[endgroup]
Public + security smoke (production build)	Setup pnpm	2026-07-13T22:29:04.9461869Z Installation Completed!
Public + security smoke (production build)	Setup Node.js	´╗┐2026-07-13T22:29:04.9640031Z Node 20 is being deprecated. This workflow is running with Node 24 by default. If you need to temporarily use Node 20, you can set the ACTIONS_ALLOW_USE_UNSECURE_NODE_VERSION=true environment variable. For more information see: https://github.blog/changelog/2025-09-19-deprecation-of-node-20-on-github-actions-runners/
Public + security smoke (production build)	Setup Node.js	2026-07-13T22:29:04.9641295Z ##[group]Run actions/setup-node@v4
Public + security smoke (production build)	Setup Node.js	2026-07-13T22:29:04.9641594Z with:
Public + security smoke (production build)	Setup Node.js	2026-07-13T22:29:04.9641800Z   node-version: 20
Public + security smoke (production build)	Setup Node.js	2026-07-13T22:29:04.9642019Z   cache: pnpm
Public + security smoke (production build)	Setup Node.js	2026-07-13T22:29:04.9642228Z   always-auth: false
Public + security smoke (production build)	Setup Node.js	2026-07-13T22:29:04.9642459Z   check-latest: false
Public + security smoke (production build)	Setup Node.js	2026-07-13T22:29:04.9645237Z   token: ***
Public + security smoke (production build)	Setup Node.js	2026-07-13T22:29:04.9645442Z env:
Public + security smoke (production build)	Setup Node.js	2026-07-13T22:29:04.9645643Z   SKIP_ENV_VALIDATION: 1
Public + security smoke (production build)	Setup Node.js	2026-07-13T22:29:04.9645903Z   FI_E2E_BASE_URL: http://127.0.0.1:3000
Public + security smoke (production build)	Setup Node.js	2026-07-13T22:29:04.9646300Z   NEXT_PUBLIC_SUPABASE_URL: https://ci-placeholder.supabase.co
Public + security smoke (production build)	Setup Node.js	2026-07-13T22:29:04.9646879Z   NEXT_PUBLIC_SUPABASE_ANON_KEY: ***
Public + security smoke (production build)	Setup Node.js	2026-07-13T22:29:04.9647624Z   SUPABASE_SERVICE_ROLE_KEY: ***
Public + security smoke (production build)	Setup Node.js	2026-07-13T22:29:04.9648021Z   PNPM_HOME: /home/runner/setup-pnpm/node_modules/.bin
Public + security smoke (production build)	Setup Node.js	2026-07-13T22:29:04.9648335Z ##[endgroup]
Public + security smoke (production build)	Setup Node.js	2026-07-13T22:29:05.1088512Z Attempting to download 20...
Public + security smoke (production build)	Setup Node.js	2026-07-13T22:29:05.1232838Z (node:2329) [DEP0040] DeprecationWarning: The `punycode` module is deprecated. Please use a userland alternative instead.
Public + security smoke (production build)	Setup Node.js	2026-07-13T22:29:05.1234078Z (Use `node --trace-deprecation ...` to show where the warning was created)
Public + security smoke (production build)	Setup Node.js	2026-07-13T22:29:05.4895500Z Acquiring 20.20.2 - x64 from https://github.com/actions/node-versions/releases/download/20.20.2-23521894959/node-20.20.2-linux-x64.tar.gz
Public + security smoke (production build)	Setup Node.js	2026-07-13T22:29:05.8678962Z Extracting ...
Public + security smoke (production build)	Setup Node.js	2026-07-13T22:29:05.8795110Z [command]/usr/bin/tar xz --strip 1 --warning=no-unknown-keyword --overwrite -C /home/runner/work/_temp/8374d42b-2812-49b1-a3d2-51ddd3486f7f -f /home/runner/work/_temp/ab5508d1-db48-40c5-af1e-41681b267f6a
Public + security smoke (production build)	Setup Node.js	2026-07-13T22:29:06.9548135Z Adding to the cache ...
Public + security smoke (production build)	Setup Node.js	2026-07-13T22:29:08.4599560Z ##[group]Environment details
Public + security smoke (production build)	Setup Node.js	2026-07-13T22:29:08.6766864Z node: v20.20.2
Public + security smoke (production build)	Setup Node.js	2026-07-13T22:29:08.6767549Z npm: 10.8.2
Public + security smoke (production build)	Setup Node.js	2026-07-13T22:29:08.6767838Z yarn: 1.22.22
Public + security smoke (production build)	Setup Node.js	2026-07-13T22:29:08.6768590Z ##[endgroup]
Public + security smoke (production build)	Setup Node.js	2026-07-13T22:29:08.6788191Z [command]/home/runner/setup-pnpm/node_modules/.bin/pnpm store path --silent
Public + security smoke (production build)	Setup Node.js	2026-07-13T22:29:09.0180249Z /home/runner/setup-pnpm/node_modules/.bin/store/v10
Public + security smoke (production build)	Setup Node.js	2026-07-13T22:29:09.0978142Z Cache hit for: node-cache-Linux-x64-pnpm-cbb2ead7dcc68cdef5d56d848521fe3064c97c3e1a783bf41a5a04c311f69156
Public + security smoke (production build)	Setup Node.js	2026-07-13T22:29:09.1086598Z (node:2329) [DEP0169] DeprecationWarning: `url.parse()` behavior is not standardized and prone to errors that have security implications. Use the WHATWG URL API instead. CVEs are not issued for `url.parse()` vulnerabilities.
Public + security smoke (production build)	Setup Node.js	2026-07-13T22:29:09.7308030Z Received 164130769 of 164130769 (100.0%), 260.4 MBs/sec
Public + security smoke (production build)	Setup Node.js	2026-07-13T22:29:09.7308767Z Cache Size: ~157 MB (164130769 B)
Public + security smoke (production build)	Setup Node.js	2026-07-13T22:29:09.7415008Z [command]/usr/bin/tar -xf /home/runner/work/_temp/27ecdcfe-e898-454a-9c59-968449ccecb1/cache.tzst -P -C /home/runner/work/G-follicleintelligence/G-follicleintelligence --use-compress-program unzstd
Public + security smoke (production build)	Setup Node.js	2026-07-13T22:29:11.5048041Z Cache restored successfully
Public + security smoke (production build)	Setup Node.js	2026-07-13T22:29:11.5132499Z Cache restored from key: node-cache-Linux-x64-pnpm-cbb2ead7dcc68cdef5d56d848521fe3064c97c3e1a783bf41a5a04c311f69156
Public + security smoke (production build)	Install dependencies	´╗┐2026-07-13T22:29:11.5333190Z ##[group]Run pnpm install --frozen-lockfile
Public + security smoke (production build)	Install dependencies	2026-07-13T22:29:11.5333633Z ^[[36;1mpnpm install --frozen-lockfile^[[0m
Public + security smoke (production build)	Install dependencies	2026-07-13T22:29:11.5466768Z shell: /usr/bin/bash -e {0}
Public + security smoke (production build)	Install dependencies	2026-07-13T22:29:11.5467382Z env:
Public + security smoke (production build)	Install dependencies	2026-07-13T22:29:11.5467639Z   SKIP_ENV_VALIDATION: 1
Public + security smoke (production build)	Install dependencies	2026-07-13T22:29:11.5467934Z   FI_E2E_BASE_URL: http://127.0.0.1:3000
Public + security smoke (production build)	Install dependencies	2026-07-13T22:29:11.5468331Z   NEXT_PUBLIC_SUPABASE_URL: https://ci-placeholder.supabase.co
Public + security smoke (production build)	Install dependencies	2026-07-13T22:29:11.5469154Z   NEXT_PUBLIC_SUPABASE_ANON_KEY: ***
Public + security smoke (production build)	Install dependencies	2026-07-13T22:29:11.5469694Z   SUPABASE_SERVICE_ROLE_KEY: ***
Public + security smoke (production build)	Install dependencies	2026-07-13T22:29:11.5470013Z   PNPM_HOME: /home/runner/setup-pnpm/node_modules/.bin
Public + security smoke (production build)	Install dependencies	2026-07-13T22:29:11.5470337Z ##[endgroup]
Public + security smoke (production build)	Install dependencies	2026-07-13T22:29:11.9150511Z Scope: all 3 workspace projects
Public + security smoke (production build)	Install dependencies	2026-07-13T22:29:11.9865626Z Lockfile is up to date, resolution step is skipped
Public + security smoke (production build)	Install dependencies	2026-07-13T22:29:12.0592722Z Progress: resolved 1, reused 0, downloaded 0, added 0
Public + security smoke (production build)	Install dependencies	2026-07-13T22:29:12.1758806Z Packages: +789
Public + security smoke (production build)	Install dependencies	2026-07-13T22:29:12.1759821Z ++++++++++++++++++++++++++++++++++++++++++++++++++++++++++++++++++++++++++++++++
Public + security smoke (production build)	Install dependencies	2026-07-13T22:29:13.0598483Z Progress: resolved 789, reused 789, downloaded 0, added 378
Public + security smoke (production build)	Install dependencies	2026-07-13T22:29:13.3551626Z Progress: resolved 789, reused 789, downloaded 0, added 789, done
Public + security smoke (production build)	Install dependencies	2026-07-13T22:29:13.7353077Z 
Public + security smoke (production build)	Install dependencies	2026-07-13T22:29:13.7353818Z dependencies:
Public + security smoke (production build)	Install dependencies	2026-07-13T22:29:13.7354235Z + @dnd-kit/core 6.3.1
Public + security smoke (production build)	Install dependencies	2026-07-13T22:29:13.7354620Z + @dnd-kit/utilities 3.2.2
Public + security smoke (production build)	Install dependencies	2026-07-13T22:29:13.7355280Z + @follicle/intelligence-core 0.0.0 <- packages/intelligence-core
Public + security smoke (production build)	Install dependencies	2026-07-13T22:29:13.7356191Z + @hairlongevity/medical-intelligence-core 0.1.0 <- packages/medical-intelligence-core
Public + security smoke (production build)	Install dependencies	2026-07-13T22:29:13.7356948Z + @radix-ui/react-dropdown-menu 2.1.17
Public + security smoke (production build)	Install dependencies	2026-07-13T22:29:13.7357633Z + @radix-ui/react-slot 1.2.5
Public + security smoke (production build)	Install dependencies	2026-07-13T22:29:13.7358042Z + @supabase/ssr 0.5.2
Public + security smoke (production build)	Install dependencies	2026-07-13T22:29:13.7358503Z + @supabase/supabase-js 2.108.1
Public + security smoke (production build)	Install dependencies	2026-07-13T22:29:13.7358934Z + @vercel/analytics 2.0.1
Public + security smoke (production build)	Install dependencies	2026-07-13T22:29:13.7359377Z + @vercel/speed-insights 1.3.1
Public + security smoke (production build)	Install dependencies	2026-07-13T22:29:13.7359896Z + class-variance-authority 0.7.1
Public + security smoke (production build)	Install dependencies	2026-07-13T22:29:13.7360345Z + clsx 2.1.1
Public + security smoke (production build)	Install dependencies	2026-07-13T22:29:13.7361062Z + framer-motion 12.40.0
Public + security smoke (production build)	Install dependencies	2026-07-13T22:29:13.7361447Z + lucide-react 0.575.0
Public + security smoke (production build)	Install dependencies	2026-07-13T22:29:13.7361791Z + next 14.2.35
Public + security smoke (production build)	Install dependencies	2026-07-13T22:29:13.7362115Z + pdf-lib 1.17.1
Public + security smoke (production build)	Install dependencies	2026-07-13T22:29:13.7362434Z + react 18.3.1
Public + security smoke (production build)	Install dependencies	2026-07-13T22:29:13.7362767Z + react-dom 18.3.1
Public + security smoke (production build)	Install dependencies	2026-07-13T22:29:13.7363150Z + server-only 0.0.1
Public + security smoke (production build)	Install dependencies	2026-07-13T22:29:13.7363481Z + sharp 0.34.5
Public + security smoke (production build)	Install dependencies	2026-07-13T22:29:13.7363796Z + stripe 17.7.0
Public + security smoke (production build)	Install dependencies	2026-07-13T22:29:13.7364143Z + tailwind-merge 3.6.0
Public + security smoke (production build)	Install dependencies	2026-07-13T22:29:13.7364528Z + tailwindcss-animate 1.0.7
Public + security smoke (production build)	Install dependencies	2026-07-13T22:29:13.7364904Z + ws 8.21.0
Public + security smoke (production build)	Install dependencies	2026-07-13T22:29:13.7365286Z + zod 3.25.76
Public + security smoke (production build)	Install dependencies	2026-07-13T22:29:13.7365619Z + zustand 5.0.14
Public + security smoke (production build)	Install dependencies	2026-07-13T22:29:13.7365817Z 
Public + security smoke (production build)	Install dependencies	2026-07-13T22:29:13.7365997Z devDependencies:
Public + security smoke (production build)	Install dependencies	2026-07-13T22:29:13.7366419Z + @next/bundle-analyzer 14.2.35
Public + security smoke (production build)	Install dependencies	2026-07-13T22:29:13.7366860Z + @playwright/test 1.58.2
Public + security smoke (production build)	Install dependencies	2026-07-13T22:29:13.7367521Z + @types/node 20.19.43
Public + security smoke (production build)	Install dependencies	2026-07-13T22:29:13.7367939Z + @types/qrcode 1.5.6
Public + security smoke (production build)	Install dependencies	2026-07-13T22:29:13.7368329Z + @types/react 18.3.31
Public + security smoke (production build)	Install dependencies	2026-07-13T22:29:13.7368729Z + @types/react-dom 18.3.7
Public + security smoke (production build)	Install dependencies	2026-07-13T22:29:13.7369098Z + @types/ws 8.18.1
Public + security smoke (production build)	Install dependencies	2026-07-13T22:29:13.7369459Z + cross-env 7.0.3
Public + security smoke (production build)	Install dependencies	2026-07-13T22:29:13.7369792Z + eslint 8.57.1
Public + security smoke (production build)	Install dependencies	2026-07-13T22:29:13.7370164Z + eslint-config-next 14.2.35
Public + security smoke (production build)	Install dependencies	2026-07-13T22:29:13.7370647Z + eslint-config-prettier 10.1.8
Public + security smoke (production build)	Install dependencies	2026-07-13T22:29:13.7371078Z + linkinator 7.6.1
Public + security smoke (production build)	Install dependencies	2026-07-13T22:29:13.7371420Z + pg 8.21.0
Public + security smoke (production build)	Install dependencies	2026-07-13T22:29:13.7371730Z + postcss 8.5.15
Public + security smoke (production build)	Install dependencies	2026-07-13T22:29:13.7372055Z + prettier 3.8.4
Public + security smoke (production build)	Install dependencies	2026-07-13T22:29:13.7372388Z + qrcode 1.5.4
Public + security smoke (production build)	Install dependencies	2026-07-13T22:29:13.7372731Z + tailwindcss 3.4.19
Public + security smoke (production build)	Install dependencies	2026-07-13T22:29:13.7373107Z + ts-prune 0.10.3
Public + security smoke (production build)	Install dependencies	2026-07-13T22:29:13.7373421Z + tsx 4.22.4
Public + security smoke (production build)	Install dependencies	2026-07-13T22:29:13.7373761Z + typescript 5.9.3
Public + security smoke (production build)	Install dependencies	2026-07-13T22:29:13.7374108Z + vercel 55.0.0
Public + security smoke (production build)	Install dependencies	2026-07-13T22:29:13.7374428Z + xlsx 0.18.5
Public + security smoke (production build)	Install dependencies	2026-07-13T22:29:13.7374613Z 
Public + security smoke (production build)	Install dependencies	2026-07-13T22:29:13.7563154Z Ôò¡ Warning ÔöÇÔöÇÔöÇÔöÇÔöÇÔöÇÔöÇÔöÇÔöÇÔöÇÔöÇÔöÇÔöÇÔöÇÔöÇÔöÇÔöÇÔöÇÔöÇÔöÇÔöÇÔöÇÔöÇÔöÇÔöÇÔöÇÔöÇÔöÇÔöÇÔöÇÔöÇÔöÇÔöÇÔöÇÔöÇÔöÇÔöÇÔöÇÔöÇÔöÇÔöÇÔöÇÔöÇÔöÇÔöÇÔöÇÔöÇÔöÇÔöÇÔöÇÔöÇÔöÇÔöÇÔöÇÔöÇÔöÇÔöÇÔöÇÔöÇÔöÇÔöÇÔöÇÔöÇÔöÇÔöÇÔöÇÔöÇÔöÇÔöÇÔò«
Public + security smoke (production build)	Install dependencies	2026-07-13T22:29:13.7564179Z Ôöé                                                                              Ôöé
Public + security smoke (production build)	Install dependencies	2026-07-13T22:29:13.7565370Z Ôöé   Ignored build scripts: esbuild@0.27.0, esbuild@0.28.1, sharp@0.34.5,       Ôöé
Public + security smoke (production build)	Install dependencies	2026-07-13T22:29:13.7565977Z Ôöé   unrs-resolver@1.12.2.                                                      Ôöé
Public + security smoke (production build)	Install dependencies	2026-07-13T22:29:13.7566590Z Ôöé   Run "pnpm approve-builds" to pick which dependencies should be allowed     Ôöé
Public + security smoke (production build)	Install dependencies	2026-07-13T22:29:13.7567345Z Ôöé   to run scripts.                                                            Ôöé
Public + security smoke (production build)	Install dependencies	2026-07-13T22:29:13.7567855Z Ôöé                                                                              Ôöé
Public + security smoke (production build)	Install dependencies	2026-07-13T22:29:13.7568395Z Ôò░ÔöÇÔöÇÔöÇÔöÇÔöÇÔöÇÔöÇÔöÇÔöÇÔöÇÔöÇÔöÇÔöÇÔöÇÔöÇÔöÇÔöÇÔöÇÔöÇÔöÇÔöÇÔöÇÔöÇÔöÇÔöÇÔöÇÔöÇÔöÇÔöÇÔöÇÔöÇÔöÇÔöÇÔöÇÔöÇÔöÇÔöÇÔöÇÔöÇÔöÇÔöÇÔöÇÔöÇÔöÇÔöÇÔöÇÔöÇÔöÇÔöÇÔöÇÔöÇÔöÇÔöÇÔöÇÔöÇÔöÇÔöÇÔöÇÔöÇÔöÇÔöÇÔöÇÔöÇÔöÇÔöÇÔöÇÔöÇÔöÇÔöÇÔöÇÔöÇÔöÇÔöÇÔöÇÔöÇÔöÇÔöÇÔöÇÔò»
Public + security smoke (production build)	Install dependencies	2026-07-13T22:29:13.7733104Z Done in 2.1s using pnpm v10.30.3
Public + security smoke (production build)	Install Playwright browsers	´╗┐2026-07-13T22:29:13.7901327Z ##[group]Run npx playwright install --with-deps chromium firefox webkit
Public + security smoke (production build)	Install Playwright browsers	2026-07-13T22:29:13.7901873Z ^[[36;1mnpx playwright install --with-deps chromium firefox webkit^[[0m
Public + security smoke (production build)	Install Playwright browsers	2026-07-13T22:29:13.7937309Z shell: /usr/bin/bash -e {0}
Public + security smoke (production build)	Install Playwright browsers	2026-07-13T22:29:13.7937606Z env:
Public + security smoke (production build)	Install Playwright browsers	2026-07-13T22:29:13.7937827Z   SKIP_ENV_VALIDATION: 1
Public + security smoke (production build)	Install Playwright browsers	2026-07-13T22:29:13.7938106Z   FI_E2E_BASE_URL: http://127.0.0.1:3000
Public + security smoke (production build)	Install Playwright browsers	2026-07-13T22:29:13.7938497Z   NEXT_PUBLIC_SUPABASE_URL: https://ci-placeholder.supabase.co
Public + security smoke (production build)	Install Playwright browsers	2026-07-13T22:29:13.7939193Z   NEXT_PUBLIC_SUPABASE_ANON_KEY: ***
Public + security smoke (production build)	Install Playwright browsers	2026-07-13T22:29:13.7939750Z   SUPABASE_SERVICE_ROLE_KEY: ***
Public + security smoke (production build)	Install Playwright browsers	2026-07-13T22:29:13.7940067Z   PNPM_HOME: /home/runner/setup-pnpm/node_modules/.bin
Public + security smoke (production build)	Install Playwright browsers	2026-07-13T22:29:13.7940378Z ##[endgroup]
Public + security smoke (production build)	Install Playwright browsers	2026-07-13T22:29:14.7514422Z Installing dependencies...
Public + security smoke (production build)	Install Playwright browsers	2026-07-13T22:29:14.7588209Z Switching to root user to install dependencies...
Public + security smoke (production build)	Install Playwright browsers	2026-07-13T22:29:14.8478681Z Get:1 file:/etc/apt/apt-mirrors.txt Mirrorlist [144 B]
Public + security smoke (production build)	Install Playwright browsers	2026-07-13T22:29:14.8788760Z Hit:2 http://azure.archive.ubuntu.com/ubuntu noble InRelease
Public + security smoke (production build)	Install Playwright browsers	2026-07-13T22:29:14.8819032Z Get:3 http://azure.archive.ubuntu.com/ubuntu noble-updates InRelease [126 kB]
Public + security smoke (production build)	Install Playwright browsers	2026-07-13T22:29:14.8844371Z Get:4 http://azure.archive.ubuntu.com/ubuntu noble-backports InRelease [126 kB]
Public + security smoke (production build)	Install Playwright browsers	2026-07-13T22:29:14.8850548Z Get:5 http://azure.archive.ubuntu.com/ubuntu noble-security InRelease [126 kB]
Public + security smoke (production build)	Install Playwright browsers	2026-07-13T22:29:14.9066356Z Get:6 https://packages.microsoft.com/repos/azure-cli noble InRelease [3564 B]
Public + security smoke (production build)	Install Playwright browsers	2026-07-13T22:29:14.9128170Z Get:7 https://packages.microsoft.com/ubuntu/24.04/prod noble InRelease [3600 B]
Public + security smoke (production build)	Install Playwright browsers	2026-07-13T22:29:14.9251221Z Get:8 https://dl.google.com/linux/chrome-stable/deb stable InRelease [1825 B]
Public + security smoke (production build)	Install Playwright browsers	2026-07-13T22:29:15.0283104Z Get:9 http://azure.archive.ubuntu.com/ubuntu noble-updates/main amd64 Packages [1092 kB]
Public + security smoke (production build)	Install Playwright browsers	2026-07-13T22:29:15.0450601Z Get:10 http://azure.archive.ubuntu.com/ubuntu noble-updates/main Translation-en [270 kB]
Public + security smoke (production build)	Install Playwright browsers	2026-07-13T22:29:15.0488334Z Get:11 http://azure.archive.ubuntu.com/ubuntu noble-updates/main amd64 Components [180 kB]
Public + security smoke (production build)	Install Playwright browsers	2026-07-13T22:29:15.0508564Z Get:12 http://azure.archive.ubuntu.com/ubuntu noble-updates/universe amd64 Packages [1660 kB]
Public + security smoke (production build)	Install Playwright browsers	2026-07-13T22:29:15.0606771Z Get:13 http://azure.archive.ubuntu.com/ubuntu noble-updates/universe Translation-en [327 kB]
Public + security smoke (production build)	Install Playwright browsers	2026-07-13T22:29:15.0658196Z Get:14 http://azure.archive.ubuntu.com/ubuntu noble-updates/universe amd64 Components [388 kB]
Public + security smoke (production build)	Install Playwright browsers	2026-07-13T22:29:15.0686102Z Get:15 http://azure.archive.ubuntu.com/ubuntu noble-updates/restricted amd64 Packages [1225 kB]
Public + security smoke (production build)	Install Playwright browsers	2026-07-13T22:29:15.0748195Z Get:16 http://azure.archive.ubuntu.com/ubuntu noble-updates/restricted Translation-en [276 kB]
Public + security smoke (production build)	Install Playwright browsers	2026-07-13T22:29:15.0760123Z Get:17 http://azure.archive.ubuntu.com/ubuntu noble-updates/multiverse amd64 Components [940 B]
Public + security smoke (production build)	Install Playwright browsers	2026-07-13T22:29:15.0949316Z Get:18 http://azure.archive.ubuntu.com/ubuntu noble-backports/main amd64 Components [5776 B]
Public + security smoke (production build)	Install Playwright browsers	2026-07-13T22:29:15.1379359Z Get:19 http://azure.archive.ubuntu.com/ubuntu noble-backports/universe amd64 Components [10.5 kB]
Public + security smoke (production build)	Install Playwright browsers	2026-07-13T22:29:15.1538596Z Get:20 http://azure.archive.ubuntu.com/ubuntu noble-security/main amd64 Packages [832 kB]
Public + security smoke (production build)	Install Playwright browsers	2026-07-13T22:29:15.1598818Z Get:21 http://azure.archive.ubuntu.com/ubuntu noble-security/main Translation-en [188 kB]
Public + security smoke (production build)	Install Playwright browsers	2026-07-13T22:29:15.1600774Z Get:22 http://azure.archive.ubuntu.com/ubuntu noble-security/main amd64 Components [45.0 kB]
Public + security smoke (production build)	Install Playwright browsers	2026-07-13T22:29:15.1658457Z Get:23 http://azure.archive.ubuntu.com/ubuntu noble-security/main amd64 c-n-f Metadata [11.9 kB]
Public + security smoke (production build)	Install Playwright browsers	2026-07-13T22:29:15.1660185Z Get:24 http://azure.archive.ubuntu.com/ubuntu noble-security/universe amd64 Packages [1175 kB]
Public + security smoke (production build)	Install Playwright browsers	2026-07-13T22:29:15.1791503Z Get:25 http://azure.archive.ubuntu.com/ubuntu noble-security/universe Translation-en [231 kB]
Public + security smoke (production build)	Install Playwright browsers	2026-07-13T22:29:15.1834871Z Get:26 http://azure.archive.ubuntu.com/ubuntu noble-security/universe amd64 Components [76.3 kB]
Public + security smoke (production build)	Install Playwright browsers	2026-07-13T22:29:15.1871553Z Get:27 http://azure.archive.ubuntu.com/ubuntu noble-security/universe amd64 c-n-f Metadata [24.2 kB]
Public + security smoke (production build)	Install Playwright browsers	2026-07-13T22:29:15.2215127Z Get:28 https://packages.microsoft.com/repos/azure-cli noble/main amd64 Packages [2314 B]
Public + security smoke (production build)	Install Playwright browsers	2026-07-13T22:29:15.3013946Z Get:29 https://packages.microsoft.com/ubuntu/24.04/prod noble/main amd64 Packages [214 kB]
Public + security smoke (production build)	Install Playwright browsers	2026-07-13T22:29:15.3130946Z Get:30 https://packages.microsoft.com/ubuntu/24.04/prod noble/main armhf Packages [11.6 kB]
Public + security smoke (production build)	Install Playwright browsers	2026-07-13T22:29:15.3269754Z Get:31 https://packages.microsoft.com/ubuntu/24.04/prod noble/main arm64 Packages [181 kB]
Public + security smoke (production build)	Install Playwright browsers	2026-07-13T22:29:15.4186498Z Get:32 https://dl.google.com/linux/chrome-stable/deb stable/main amd64 Packages [1217 B]
Public + security smoke (production build)	Install Playwright browsers	2026-07-13T22:29:19.8818333Z Fetched 8817 kB in 1s (7488 kB/s)
Public + security smoke (production build)	Install Playwright browsers	2026-07-13T22:29:20.5612660Z Reading package lists...
Public + security smoke (production build)	Install Playwright browsers	2026-07-13T22:29:20.5865763Z Reading package lists...
Public + security smoke (production build)	Install Playwright browsers	2026-07-13T22:29:20.7421703Z Building dependency tree...
Public + security smoke (production build)	Install Playwright browsers	2026-07-13T22:29:20.7428965Z Reading state information...
Public + security smoke (production build)	Install Playwright browsers	2026-07-13T22:29:20.7574545Z libasound2t64 is already the newest version (1.2.11-1ubuntu0.2).
Public + security smoke (production build)	Install Playwright browsers	2026-07-13T22:29:20.7575281Z libasound2t64 set to manually installed.
Public + security smoke (production build)	Install Playwright browsers	2026-07-13T22:29:20.7575992Z libatk-bridge2.0-0t64 is already the newest version (2.52.0-1build1).
Public + security smoke (production build)	Install Playwright browsers	2026-07-13T22:29:20.7576551Z libatk-bridge2.0-0t64 set to manually installed.
Public + security smoke (production build)	Install Playwright browsers	2026-07-13T22:29:20.7577004Z libatk1.0-0t64 is already the newest version (2.52.0-1build1).
Public + security smoke (production build)	Install Playwright browsers	2026-07-13T22:29:20.7578296Z libatk1.0-0t64 set to manually installed.
Public + security smoke (production build)	Install Playwright browsers	2026-07-13T22:29:20.7578920Z libatspi2.0-0t64 is already the newest version (2.52.0-1build1).
Public + security smoke (production build)	Install Playwright browsers	2026-07-13T22:29:20.7579512Z libatspi2.0-0t64 set to manually installed.
Public + security smoke (production build)	Install Playwright browsers	2026-07-13T22:29:20.7580085Z libcairo2 is already the newest version (1.18.0-3build1).
Public + security smoke (production build)	Install Playwright browsers	2026-07-13T22:29:20.7580611Z libcairo2 set to manually installed.
Public + security smoke (production build)	Install Playwright browsers	2026-07-13T22:29:20.7581237Z libcups2t64 is already the newest version (2.4.7-1.2ubuntu7.14).
Public + security smoke (production build)	Install Playwright browsers	2026-07-13T22:29:20.7581675Z libcups2t64 set to manually installed.
Public + security smoke (production build)	Install Playwright browsers	2026-07-13T22:29:20.7582088Z libdbus-1-3 is already the newest version (1.14.10-4ubuntu4.1).
Public + security smoke (production build)	Install Playwright browsers	2026-07-13T22:29:20.7582487Z libdbus-1-3 set to manually installed.
Public + security smoke (production build)	Install Playwright browsers	2026-07-13T22:29:20.7582925Z libdrm2 is already the newest version (2.4.125-1ubuntu0.1~24.04.2).
Public + security smoke (production build)	Install Playwright browsers	2026-07-13T22:29:20.7583354Z libdrm2 set to manually installed.
Public + security smoke (production build)	Install Playwright browsers	2026-07-13T22:29:20.7583788Z libgbm1 is already the newest version (25.2.8-0ubuntu0.24.04.2).
Public + security smoke (production build)	Install Playwright browsers	2026-07-13T22:29:20.7584181Z libgbm1 set to manually installed.
Public + security smoke (production build)	Install Playwright browsers	2026-07-13T22:29:20.7584607Z libglib2.0-0t64 is already the newest version (2.80.0-6ubuntu3.8).
Public + security smoke (production build)	Install Playwright browsers	2026-07-13T22:29:20.7585026Z libglib2.0-0t64 set to manually installed.
Public + security smoke (production build)	Install Playwright browsers	2026-07-13T22:29:20.7585460Z libnspr4 is already the newest version (2:4.35-1.1build1).
Public + security smoke (production build)	Install Playwright browsers	2026-07-13T22:29:20.7585846Z libnspr4 set to manually installed.
Public + security smoke (production build)	Install Playwright browsers	2026-07-13T22:29:20.7586236Z libnss3 is already the newest version (2:3.98-1ubuntu0.2).
Public + security smoke (production build)	Install Playwright browsers	2026-07-13T22:29:20.7586599Z libnss3 set to manually installed.
Public + security smoke (production build)	Install Playwright browsers	2026-07-13T22:29:20.7587025Z libpango-1.0-0 is already the newest version (1.52.1+ds-1build1).
Public + security smoke (production build)	Install Playwright browsers	2026-07-13T22:29:20.7587591Z libpango-1.0-0 set to manually installed.
Public + security smoke (production build)	Install Playwright browsers	2026-07-13T22:29:20.7588001Z libx11-6 is already the newest version (2:1.8.7-1build1).
Public + security smoke (production build)	Install Playwright browsers	2026-07-13T22:29:20.7588371Z libx11-6 set to manually installed.
Public + security smoke (production build)	Install Playwright browsers	2026-07-13T22:29:20.7588752Z libxcb1 is already the newest version (1.15-1ubuntu2).
Public + security smoke (production build)	Install Playwright browsers	2026-07-13T22:29:20.7589104Z libxcb1 set to manually installed.
Public + security smoke (production build)	Install Playwright browsers	2026-07-13T22:29:20.7589525Z libxcomposite1 is already the newest version (1:0.4.5-1build3).
Public + security smoke (production build)	Install Playwright browsers	2026-07-13T22:29:20.7589948Z libxcomposite1 set to manually installed.
Public + security smoke (production build)	Install Playwright browsers	2026-07-13T22:29:20.7590367Z libxdamage1 is already the newest version (1:1.1.6-1build1).
Public + security smoke (production build)	Install Playwright browsers	2026-07-13T22:29:20.7590763Z libxdamage1 set to manually installed.
Public + security smoke (production build)	Install Playwright browsers	2026-07-13T22:29:20.7591164Z libxext6 is already the newest version (2:1.3.4-1build2).
Public + security smoke (production build)	Install Playwright browsers	2026-07-13T22:29:20.7591538Z libxext6 set to manually installed.
Public + security smoke (production build)	Install Playwright browsers	2026-07-13T22:29:20.7591934Z libxfixes3 is already the newest version (1:6.0.0-2build1).
Public + security smoke (production build)	Install Playwright browsers	2026-07-13T22:29:20.7592314Z libxfixes3 set to manually installed.
Public + security smoke (production build)	Install Playwright browsers	2026-07-13T22:29:20.7592717Z libxkbcommon0 is already the newest version (1.6.0-1build1).
Public + security smoke (production build)	Install Playwright browsers	2026-07-13T22:29:20.7593119Z libxkbcommon0 set to manually installed.
Public + security smoke (production build)	Install Playwright browsers	2026-07-13T22:29:20.7593525Z libxrandr2 is already the newest version (2:1.5.2-2build1).
Public + security smoke (production build)	Install Playwright browsers	2026-07-13T22:29:20.7594157Z libxrandr2 set to manually installed.
Public + security smoke (production build)	Install Playwright browsers	2026-07-13T22:29:20.7594565Z xvfb is already the newest version (2:21.1.12-1ubuntu1.6).
Public + security smoke (production build)	Install Playwright browsers	2026-07-13T22:29:20.7595119Z fonts-noto-color-emoji is already the newest version (2.047-0ubuntu0.24.04.1).
Public + security smoke (production build)	Install Playwright browsers	2026-07-13T22:29:20.7595689Z libfontconfig1 is already the newest version (2.15.0-1.1ubuntu2).
Public + security smoke (production build)	Install Playwright browsers	2026-07-13T22:29:20.7596108Z libfontconfig1 set to manually installed.
Public + security smoke (production build)	Install Playwright browsers	2026-07-13T22:29:20.7596559Z libfreetype6 is already the newest version (2.13.2+dfsg-1ubuntu0.1).
Public + security smoke (production build)	Install Playwright browsers	2026-07-13T22:29:20.7596980Z libfreetype6 set to manually installed.
Public + security smoke (production build)	Install Playwright browsers	2026-07-13T22:29:20.7597514Z fonts-liberation is already the newest version (1:2.1.5-3).
Public + security smoke (production build)	Install Playwright browsers	2026-07-13T22:29:20.7597934Z fonts-liberation set to manually installed.
Public + security smoke (production build)	Install Playwright browsers	2026-07-13T22:29:20.7598395Z libcairo-gobject2 is already the newest version (1.18.0-3build1).
Public + security smoke (production build)	Install Playwright browsers	2026-07-13T22:29:20.7598825Z libcairo-gobject2 set to manually installed.
Public + security smoke (production build)	Install Playwright browsers	2026-07-13T22:29:20.7599317Z libgdk-pixbuf-2.0-0 is already the newest version (2.42.10+dfsg-3ubuntu3.3).
Public + security smoke (production build)	Install Playwright browsers	2026-07-13T22:29:20.7599800Z libgdk-pixbuf-2.0-0 set to manually installed.
Public + security smoke (production build)	Install Playwright browsers	2026-07-13T22:29:20.7600249Z libgtk-3-0t64 is already the newest version (3.24.41-4ubuntu1.3).
Public + security smoke (production build)	Install Playwright browsers	2026-07-13T22:29:20.7600658Z libgtk-3-0t64 set to manually installed.
Public + security smoke (production build)	Install Playwright browsers	2026-07-13T22:29:20.7601254Z libpangocairo-1.0-0 is already the newest version (1.52.1+ds-1build1).
Public + security smoke (production build)	Install Playwright browsers	2026-07-13T22:29:20.7601718Z libpangocairo-1.0-0 set to manually installed.
Public + security smoke (production build)	Install Playwright browsers	2026-07-13T22:29:20.7602146Z libx11-xcb1 is already the newest version (2:1.8.7-1build1).
Public + security smoke (production build)	Install Playwright browsers	2026-07-13T22:29:20.7602533Z libx11-xcb1 set to manually installed.
Public + security smoke (production build)	Install Playwright browsers	2026-07-13T22:29:20.7602922Z libxcb-shm0 is already the newest version (1.15-1ubuntu2).
Public + security smoke (production build)	Install Playwright browsers	2026-07-13T22:29:20.7603333Z libxcb-shm0 set to manually installed.
Public + security smoke (production build)	Install Playwright browsers	2026-07-13T22:29:20.7603836Z libxcursor1 is already the newest version (1:1.2.1-1build1).
Public + security smoke (production build)	Install Playwright browsers	2026-07-13T22:29:20.7604214Z libxcursor1 set to manually installed.
Public + security smoke (production build)	Install Playwright browsers	2026-07-13T22:29:20.7604602Z libxi6 is already the newest version (2:1.8.1-1build1).
Public + security smoke (production build)	Install Playwright browsers	2026-07-13T22:29:20.7604965Z libxi6 set to manually installed.
Public + security smoke (production build)	Install Playwright browsers	2026-07-13T22:29:20.7605382Z libxrender1 is already the newest version (1:0.9.10-1.1build1).
Public + security smoke (production build)	Install Playwright browsers	2026-07-13T22:29:20.7605786Z libxrender1 set to manually installed.
Public + security smoke (production build)	Install Playwright browsers	2026-07-13T22:29:20.7606182Z libicu74 is already the newest version (74.2-1ubuntu3.1).
Public + security smoke (production build)	Install Playwright browsers	2026-07-13T22:29:20.7606677Z libatomic1 is already the newest version (14.2.0-4ubuntu2~24.04.1).
Public + security smoke (production build)	Install Playwright browsers	2026-07-13T22:29:20.7607179Z libatomic1 set to manually installed.
Public + security smoke (production build)	Install Playwright browsers	2026-07-13T22:29:20.7607597Z libenchant-2-2 is already the newest version (2.3.3-2build2).
Public + security smoke (production build)	Install Playwright browsers	2026-07-13T22:29:20.7608007Z libenchant-2-2 set to manually installed.
Public + security smoke (production build)	Install Playwright browsers	2026-07-13T22:29:20.7608413Z libepoxy0 is already the newest version (1.5.10-1build1).
Public + security smoke (production build)	Install Playwright browsers	2026-07-13T22:29:20.7608801Z libepoxy0 set to manually installed.
Public + security smoke (production build)	Install Playwright browsers	2026-07-13T22:29:20.7609244Z libgstreamer1.0-0 is already the newest version (1.24.2-1ubuntu0.1).
Public + security smoke (production build)	Install Playwright browsers	2026-07-13T22:29:20.7610056Z libgstreamer1.0-0 set to manually installed.
Public + security smoke (production build)	Install Playwright browsers	2026-07-13T22:29:20.7610739Z libharfbuzz0b is already the newest version (8.3.0-2build2).
Public + security smoke (production build)	Install Playwright browsers	2026-07-13T22:29:20.8990595Z libharfbuzz0b set to manually installed.
Public + security smoke (production build)	Install Playwright browsers	2026-07-13T22:29:20.8991467Z libjpeg-turbo8 is already the newest version (2.1.5-2ubuntu2).
Public + security smoke (production build)	Install Playwright browsers	2026-07-13T22:29:20.8992137Z libjpeg-turbo8 set to manually installed.
Public + security smoke (production build)	Install Playwright browsers	2026-07-13T22:29:20.8992835Z liblcms2-2 is already the newest version (2.14-2ubuntu0.1).
Public + security smoke (production build)	Install Playwright browsers	2026-07-13T22:29:20.8993236Z liblcms2-2 set to manually installed.
Public + security smoke (production build)	Install Playwright browsers	2026-07-13T22:29:20.8993920Z libpng16-16t64 is already the newest version (1.6.43-5ubuntu0.6).
Public + security smoke (production build)	Install Playwright browsers	2026-07-13T22:29:20.8994566Z libpng16-16t64 set to manually installed.
Public + security smoke (production build)	Install Playwright browsers	2026-07-13T22:29:20.8995171Z libwayland-client0 is already the newest version (1.22.0-2.1build1).
Public + security smoke (production build)	Install Playwright browsers	2026-07-13T22:29:20.8995617Z libwayland-client0 set to manually installed.
Public + security smoke (production build)	Install Playwright browsers	2026-07-13T22:29:20.8996065Z libwayland-egl1 is already the newest version (1.22.0-2.1build1).
Public + security smoke (production build)	Install Playwright browsers	2026-07-13T22:29:20.8996751Z libwayland-egl1 set to manually installed.
Public + security smoke (production build)	Install Playwright browsers	2026-07-13T22:29:20.8997578Z libwebp7 is already the newest version (1.3.2-0.4build3).
Public + security smoke (production build)	Install Playwright browsers	2026-07-13T22:29:20.8998068Z libwebp7 set to manually installed.
Public + security smoke (production build)	Install Playwright browsers	2026-07-13T22:29:20.8998888Z libwebpdemux2 is already the newest version (1.3.2-0.4build3).
Public + security smoke (production build)	Install Playwright browsers	2026-07-13T22:29:20.8999300Z libwebpdemux2 set to manually installed.
Public + security smoke (production build)	Install Playwright browsers	2026-07-13T22:29:20.8999714Z libxml2 is already the newest version (2.9.14+dfsg-1.3ubuntu3.8).
Public + security smoke (production build)	Install Playwright browsers	2026-07-13T22:29:20.9000116Z libxml2 set to manually installed.
Public + security smoke (production build)	Install Playwright browsers	2026-07-13T22:29:20.9000552Z libxslt1.1 is already the newest version (1.1.39-0exp1ubuntu0.24.04.3).
Public + security smoke (production build)	Install Playwright browsers	2026-07-13T22:29:20.9001003Z libxslt1.1 set to manually installed.
Public + security smoke (production build)	Install Playwright browsers	2026-07-13T22:29:20.9001400Z The following additional packages will be installed:
Public + security smoke (production build)	Install Playwright browsers	2026-07-13T22:29:20.9001881Z   glib-networking glib-networking-common glib-networking-services
Public + security smoke (production build)	Install Playwright browsers	2026-07-13T22:29:20.9002432Z   gsettings-desktop-schemas libaa1 libabsl20220623t64 libass9 libasyncns0
Public + security smoke (production build)	Install Playwright browsers	2026-07-13T22:29:20.9003073Z   libavc1394-0 libavcodec60 libavfilter9 libavformat60 libavtp0 libavutil58
Public + security smoke (production build)	Install Playwright browsers	2026-07-13T22:29:20.9003930Z   libblas3 libbluray2 libbs2b0 libcaca0 libcairo-script-interpreter2
Public + security smoke (production build)	Install Playwright browsers	2026-07-13T22:29:20.9004534Z   libcdparanoia0 libchromaprint1 libcjson1 libcodec2-1.2 libdav1d7
Public + security smoke (production build)	Install Playwright browsers	2026-07-13T22:29:20.9005068Z   libdc1394-25 libdca0 libde265-0 libdecor-0-0 libdirectfb-1.7-7t64 libdv4t64
Public + security smoke (production build)	Install Playwright browsers	2026-07-13T22:29:20.9005588Z   libdvdnav4 libdvdread8t64 libegl-mesa0 libegl1 libfaad2 libflac12t64
Public + security smoke (production build)	Install Playwright browsers	2026-07-13T22:29:20.9006289Z   libfluidsynth3 libfreeaptx0 libgav1-1 libgme0 libgraphene-1.0-0 libgsm1
Public + security smoke (production build)	Install Playwright browsers	2026-07-13T22:29:20.9006842Z   libgssdp-1.6-0 libgstreamer-plugins-good1.0-0 libgtk-4-common libgupnp-1.6-0
Public + security smoke (production build)	Install Playwright browsers	2026-07-13T22:29:20.9007504Z   libgupnp-igd-1.6-0 libhwy1t64 libiec61883-0 libimath-3-1-29t64
Public + security smoke (production build)	Install Playwright browsers	2026-07-13T22:29:20.9007979Z   libinstpatch-1.0-2 libjack-jackd2-0 libjxl0.7 liblapack3 liblc3-1
Public + security smoke (production build)	Install Playwright browsers	2026-07-13T22:29:20.9008473Z   libldacbt-enc2 liblilv-0-0 liblrdf0 libltc11 libmbedcrypto7t64 libmfx1
Public + security smoke (production build)	Install Playwright browsers	2026-07-13T22:29:20.9008955Z   libmjpegutils-2.1-0t64 libmodplug1 libmp3lame0 libmpcdec6
Public + security smoke (production build)	Install Playwright browsers	2026-07-13T22:29:20.9009452Z   libmpeg2encpp-2.1-0t64 libmpg123-0t64 libmplex2-2.1-0t64 libmysofa1
Public + security smoke (production build)	Install Playwright browsers	2026-07-13T22:29:20.9009959Z   libneon27t64 libnice10 libopenal-data libopenal1 libopenexr-3-1-30
Public + security smoke (production build)	Install Playwright browsers	2026-07-13T22:29:20.9010428Z   libopenh264-7 libopenmpt0t64 libopenni2-0 liborc-0.4-0t64
Public + security smoke (production build)	Install Playwright browsers	2026-07-13T22:29:20.9010892Z   libpipewire-0.3-0t64 libplacebo338 libpocketsphinx3 libpostproc57
Public + security smoke (production build)	Install Playwright browsers	2026-07-13T22:29:20.9011399Z   libproxy1v5 libpulse0 libqrencode4 libraptor2-0 librav1e0 libraw1394-11
Public + security smoke (production build)	Install Playwright browsers	2026-07-13T22:29:20.9011940Z   librist4 librsvg2-2 librubberband2 libsamplerate0 libsbc1 libsdl2-2.0-0
Public + security smoke (production build)	Install Playwright browsers	2026-07-13T22:29:20.9012462Z   libsecret-common libserd-0-0 libshine3 libshout3 libsndfile1 libsndio7.0
Public + security smoke (production build)	Install Playwright browsers	2026-07-13T22:29:20.9012984Z   libsord-0-0 libsoundtouch1 libsoup-3.0-0 libsoup-3.0-common libsoxr0
Public + security smoke (production build)	Install Playwright browsers	2026-07-13T22:29:20.9013511Z   libspa-0.2-modules libspandsp2t64 libspeex1 libsphinxbase3t64 libsratom-0-0
Public + security smoke (production build)	Install Playwright browsers	2026-07-13T22:29:20.9032872Z   libsrt1.5-gnutls libsrtp2-1 libssh-gcrypt-4 libsvtav1enc1d1 libswresample4
Public + security smoke (production build)	Install Playwright browsers	2026-07-13T22:29:20.9033814Z   libswscale7 libtag1v5 libtag1v5-vanilla libtheora0 libtwolame0 libudfread0
Public + security smoke (production build)	Install Playwright browsers	2026-07-13T22:29:20.9034465Z   libunibreak5 libv4l-0t64 libv4lconvert0t64 libva-drm2 libva-x11-2 libva2
Public + security smoke (production build)	Install Playwright browsers	2026-07-13T22:29:20.9035023Z   libvdpau1 libvidstab1.1 libvisual-0.4-0 libvo-aacenc0 libvo-amrwbenc0
Public + security smoke (production build)	Install Playwright browsers	2026-07-13T22:29:20.9035586Z   libvorbisenc2 libvpl2 libwavpack1 libwebrtc-audio-processing1 libwildmidi2
Public + security smoke (production build)	Install Playwright browsers	2026-07-13T22:29:20.9036165Z   libx265-199 libxcb-xkb1 libxkbcommon-x11-0 libxvidcore4 libyuv0 libzbar0t64
Public + security smoke (production build)	Install Playwright browsers	2026-07-13T22:29:20.9036723Z   libzimg2 libzix-0-0 libzvbi-common libzvbi0t64 libzxing3 ocl-icd-libopencl1
Public + security smoke (production build)	Install Playwright browsers	2026-07-13T22:29:20.9037495Z   session-migration timgm6mb-soundfont xfonts-encodings xfonts-utils
Public + security smoke (production build)	Install Playwright browsers	2026-07-13T22:29:20.9037904Z Suggested packages:
Public + security smoke (production build)	Install Playwright browsers	2026-07-13T22:29:20.9038307Z   frei0r-plugins gvfs libcuda1 libnvcuvid1 libnvidia-encode1 libbluray-bdj
Public + security smoke (production build)	Install Playwright browsers	2026-07-13T22:29:20.9038862Z   libdirectfb-extra libdv-bin oss-compat libdvdcss2 libvisual-0.4-plugins
Public + security smoke (production build)	Install Playwright browsers	2026-07-13T22:29:20.9039376Z   jackd2 liblrdf0-dev libportaudio2 opus-tools pipewire pulseaudio
Public + security smoke (production build)	Install Playwright browsers	2026-07-13T22:29:20.9039866Z   raptor2-utils libraw1394-doc librsvg2-bin serdi sndiod sordi speex
Public + security smoke (production build)	Install Playwright browsers	2026-07-13T22:29:20.9040300Z   libwildmidi-config opencl-icd fluid-soundfont-gm
Public + security smoke (production build)	Install Playwright browsers	2026-07-13T22:29:20.9040890Z Recommended packages:
Public + security smoke (production build)	Install Playwright browsers	2026-07-13T22:29:20.9041237Z   fonts-ipafont-mincho fonts-tlwg-loma gstreamer1.0-x libaacs0
Public + security smoke (production build)	Install Playwright browsers	2026-07-13T22:29:20.9041727Z   default-libdecor-0-plugin-1 | libdecor-0-plugin-1 gstreamer1.0-gl
Public + security smoke (production build)	Install Playwright browsers	2026-07-13T22:29:20.9042272Z   libgtk-4-bin librsvg2-common libgtk-4-media-gstreamer libpipewire-0.3-common
Public + security smoke (production build)	Install Playwright browsers	2026-07-13T22:29:20.9042840Z   pocketsphinx-en-us va-driver-all | va-driver vdpau-driver-all | vdpau-driver
Public + security smoke (production build)	Install Playwright browsers	2026-07-13T22:29:20.9043237Z   libmagickcore-6.q16-7-extra
Public + security smoke (production build)	Install Playwright browsers	2026-07-13T22:29:21.0056425Z The following NEW packages will be installed:
Public + security smoke (production build)	Install Playwright browsers	2026-07-13T22:29:21.0057441Z   fonts-freefont-ttf fonts-ipafont-gothic fonts-tlwg-loma-otf fonts-unifont
Public + security smoke (production build)	Install Playwright browsers	2026-07-13T22:29:21.0058066Z   fonts-wqy-zenhei glib-networking glib-networking-common
Public + security smoke (production build)	Install Playwright browsers	2026-07-13T22:29:21.0058884Z   glib-networking-services gsettings-desktop-schemas gstreamer1.0-libav
Public + security smoke (production build)	Install Playwright browsers	2026-07-13T22:29:21.0059709Z   gstreamer1.0-plugins-bad gstreamer1.0-plugins-base gstreamer1.0-plugins-good
Public + security smoke (production build)	Install Playwright browsers	2026-07-13T22:29:21.0060731Z   libaa1 libabsl20220623t64 libass9 libasyncns0 libavc1394-0 libavcodec60
Public + security smoke (production build)	Install Playwright browsers	2026-07-13T22:29:21.0061306Z   libavfilter9 libavformat60 libavif16 libavtp0 libavutil58 libblas3
Public + security smoke (production build)	Install Playwright browsers	2026-07-13T22:29:21.0061833Z   libbluray2 libbs2b0 libcaca0 libcairo-script-interpreter2 libcdparanoia0
Public + security smoke (production build)	Install Playwright browsers	2026-07-13T22:29:21.0062886Z   libchromaprint1 libcjson1 libcodec2-1.2 libdav1d7 libdc1394-25 libdca0
Public + security smoke (production build)	Install Playwright browsers	2026-07-13T22:29:21.0063408Z   libde265-0 libdecor-0-0 libdirectfb-1.7-7t64 libdv4t64 libdvdnav4
Public + security smoke (production build)	Install Playwright browsers	2026-07-13T22:29:21.0064014Z   libdvdread8t64 libegl-mesa0 libegl1 libevent-2.1-7t64 libfaad2 libflac12t64
Public + security smoke (production build)	Install Playwright browsers	2026-07-13T22:29:21.0064648Z   libflite1 libfluidsynth3 libfreeaptx0 libgav1-1 libgles2 libgme0
Public + security smoke (production build)	Install Playwright browsers	2026-07-13T22:29:21.0065130Z   libgraphene-1.0-0 libgsm1 libgssdp-1.6-0 libgstreamer-gl1.0-0
Public + security smoke (production build)	Install Playwright browsers	2026-07-13T22:29:21.0065619Z   libgstreamer-plugins-bad1.0-0 libgstreamer-plugins-base1.0-0
Public + security smoke (production build)	Install Playwright browsers	2026-07-13T22:29:21.0066139Z   libgstreamer-plugins-good1.0-0 libgtk-4-1 libgtk-4-common libgupnp-1.6-0
Public + security smoke (production build)	Install Playwright browsers	2026-07-13T22:29:21.0066692Z   libgupnp-igd-1.6-0 libharfbuzz-icu0 libhwy1t64 libhyphen0 libiec61883-0
Public + security smoke (production build)	Install Playwright browsers	2026-07-13T22:29:21.0067462Z   libimath-3-1-29t64 libinstpatch-1.0-2 libjack-jackd2-0 libjxl0.7 liblapack3
Public + security smoke (production build)	Install Playwright browsers	2026-07-13T22:29:21.0068017Z   liblc3-1 libldacbt-enc2 liblilv-0-0 liblrdf0 libltc11 libmanette-0.2-0
Public + security smoke (production build)	Install Playwright browsers	2026-07-13T22:29:21.0068566Z   libmbedcrypto7t64 libmfx1 libmjpegutils-2.1-0t64 libmodplug1 libmp3lame0
Public + security smoke (production build)	Install Playwright browsers	2026-07-13T22:29:21.0069100Z   libmpcdec6 libmpeg2encpp-2.1-0t64 libmpg123-0t64 libmplex2-2.1-0t64
Public + security smoke (production build)	Install Playwright browsers	2026-07-13T22:29:21.0069585Z   libmysofa1 libneon27t64 libnice10 libopenal-data libopenal1
Public + security smoke (production build)	Install Playwright browsers	2026-07-13T22:29:21.0070076Z   libopenexr-3-1-30 libopenh264-7 libopenmpt0t64 libopenni2-0 libopus0
Public + security smoke (production build)	Install Playwright browsers	2026-07-13T22:29:21.0070578Z   liborc-0.4-0t64 libpipewire-0.3-0t64 libplacebo338 libpocketsphinx3
Public + security smoke (production build)	Install Playwright browsers	2026-07-13T22:29:21.0071084Z   libpostproc57 libproxy1v5 libpulse0 libqrencode4 libraptor2-0 librav1e0
Public + security smoke (production build)	Install Playwright browsers	2026-07-13T22:29:21.0071606Z   libraw1394-11 librist4 librsvg2-2 librubberband2 libsamplerate0 libsbc1
Public + security smoke (production build)	Install Playwright browsers	2026-07-13T22:29:21.0072153Z   libsdl2-2.0-0 libsecret-1-0 libsecret-common libserd-0-0 libshine3 libshout3
Public + security smoke (production build)	Install Playwright browsers	2026-07-13T22:29:21.0072672Z   libsndfile1 libsndio7.0 libsord-0-0 libsoundtouch1 libsoup-3.0-0
Public + security smoke (production build)	Install Playwright browsers	2026-07-13T22:29:21.0073168Z   libsoup-3.0-common libsoxr0 libspa-0.2-modules libspandsp2t64 libspeex1
Public + security smoke (production build)	Install Playwright browsers	2026-07-13T22:29:21.0073715Z   libsphinxbase3t64 libsratom-0-0 libsrt1.5-gnutls libsrtp2-1 libssh-gcrypt-4
Public + security smoke (production build)	Install Playwright browsers	2026-07-13T22:29:21.0074263Z   libsvtav1enc1d1 libswresample4 libswscale7 libtag1v5 libtag1v5-vanilla
Public + security smoke (production build)	Install Playwright browsers	2026-07-13T22:29:21.0074747Z   libtheora0 libtwolame0 libudfread0 libunibreak5 libv4l-0t64
Public + security smoke (production build)	Install Playwright browsers	2026-07-13T22:29:21.0075232Z   libv4lconvert0t64 libva-drm2 libva-x11-2 libva2 libvdpau1 libvidstab1.1
Public + security smoke (production build)	Install Playwright browsers	2026-07-13T22:29:21.0075756Z   libvisual-0.4-0 libvo-aacenc0 libvo-amrwbenc0 libvorbisenc2 libvpl2 libvpx9
Public + security smoke (production build)	Install Playwright browsers	2026-07-13T22:29:21.0076300Z   libwavpack1 libwayland-server0 libwebrtc-audio-processing1 libwildmidi2
Public + security smoke (production build)	Install Playwright browsers	2026-07-13T22:29:21.0076842Z   libwoff1 libx264-164 libx265-199 libxcb-xkb1 libxkbcommon-x11-0 libxvidcore4
Public + security smoke (production build)	Install Playwright browsers	2026-07-13T22:29:21.0077681Z   libyuv0 libzbar0t64 libzimg2 libzix-0-0 libzvbi-common libzvbi0t64 libzxing3
Public + security smoke (production build)	Install Playwright browsers	2026-07-13T22:29:21.0078266Z   ocl-icd-libopencl1 session-migration timgm6mb-soundfont xfonts-cyrillic
Public + security smoke (production build)	Install Playwright browsers	2026-07-13T22:29:21.0078750Z   xfonts-encodings xfonts-scalable xfonts-utils
Public + security smoke (production build)	Install Playwright browsers	2026-07-13T22:29:21.0312217Z 0 upgraded, 181 newly installed, 0 to remove and 44 not upgraded.
Public + security smoke (production build)	Install Playwright browsers	2026-07-13T22:29:21.0312890Z Need to get 114 MB of archives.
Public + security smoke (production build)	Install Playwright browsers	2026-07-13T22:29:21.0313329Z After this operation, 364 MB of additional disk space will be used.
Public + security smoke (production build)	Install Playwright browsers	2026-07-13T22:29:21.0313811Z Get:1 file:/etc/apt/apt-mirrors.txt Mirrorlist [144 B]
Public + security smoke (production build)	Install Playwright browsers	2026-07-13T22:29:21.0536069Z Get:2 http://azure.archive.ubuntu.com/ubuntu noble/universe amd64 fonts-ipafont-gothic all 00303-21ubuntu1 [3513 kB]
Public + security smoke (production build)	Install Playwright browsers	2026-07-13T22:29:21.0893682Z Get:3 http://azure.archive.ubuntu.com/ubuntu noble/main amd64 fonts-freefont-ttf all 20211204+svn4273-2 [5641 kB]
Public + security smoke (production build)	Install Playwright browsers	2026-07-13T22:29:21.1679963Z Get:4 http://azure.archive.ubuntu.com/ubuntu noble/universe amd64 fonts-tlwg-loma-otf all 1:0.7.3-1 [107 kB]
Public + security smoke (production build)	Install Playwright browsers	2026-07-13T22:29:21.1710689Z Get:5 http://azure.archive.ubuntu.com/ubuntu noble/universe amd64 fonts-unifont all 1:15.1.01-1build1 [2993 kB]
Public + security smoke (production build)	Install Playwright browsers	2026-07-13T22:29:21.2099647Z Get:6 http://azure.archive.ubuntu.com/ubuntu noble/universe amd64 fonts-wqy-zenhei all 0.9.45-8 [7472 kB]
Public + security smoke (production build)	Install Playwright browsers	2026-07-13T22:29:21.2849352Z Get:7 http://azure.archive.ubuntu.com/ubuntu noble/main amd64 libproxy1v5 amd64 0.5.4-4build1 [26.5 kB]
Public + security smoke (production build)	Install Playwright browsers	2026-07-13T22:29:21.2868948Z Get:8 http://azure.archive.ubuntu.com/ubuntu noble/main amd64 glib-networking-common all 2.80.0-1build1 [6702 B]
Public + security smoke (production build)	Install Playwright browsers	2026-07-13T22:29:21.2892264Z Get:9 http://azure.archive.ubuntu.com/ubuntu noble/main amd64 glib-networking-services amd64 2.80.0-1build1 [12.8 kB]
Public + security smoke (production build)	Install Playwright browsers	2026-07-13T22:29:21.2923521Z Get:10 http://azure.archive.ubuntu.com/ubuntu noble/main amd64 session-migration amd64 0.3.9build1 [9034 B]
Public + security smoke (production build)	Install Playwright browsers	2026-07-13T22:29:21.2942059Z Get:11 http://azure.archive.ubuntu.com/ubuntu noble-updates/main amd64 gsettings-desktop-schemas all 46.1-0ubuntu1 [35.6 kB]
Public + security smoke (production build)	Install Playwright browsers	2026-07-13T22:29:21.2966557Z Get:12 http://azure.archive.ubuntu.com/ubuntu noble/main amd64 glib-networking amd64 2.80.0-1build1 [64.1 kB]
Public + security smoke (production build)	Install Playwright browsers	2026-07-13T22:29:21.2996788Z Get:13 http://azure.archive.ubuntu.com/ubuntu noble-updates/universe amd64 libva2 amd64 2.20.0-2ubuntu0.2 [66.4 kB]
Public + security smoke (production build)	Install Playwright browsers	2026-07-13T22:29:21.3024119Z Get:14 http://azure.archive.ubuntu.com/ubuntu noble-updates/universe amd64 libva-drm2 amd64 2.20.0-2ubuntu0.2 [7124 B]
Public + security smoke (production build)	Install Playwright browsers	2026-07-13T22:29:21.3042828Z Get:15 http://azure.archive.ubuntu.com/ubuntu noble-updates/universe amd64 libva-x11-2 amd64 2.20.0-2ubuntu0.2 [12.0 kB]
Public + security smoke (production build)	Install Playwright browsers	2026-07-13T22:29:21.3060256Z Get:16 http://azure.archive.ubuntu.com/ubuntu noble/main amd64 libvdpau1 amd64 1.5-2build1 [27.8 kB]
Public + security smoke (production build)	Install Playwright browsers	2026-07-13T22:29:21.3080544Z Get:17 http://azure.archive.ubuntu.com/ubuntu noble/universe amd64 libvpl2 amd64 2023.3.0-1build1 [99.8 kB]
Public + security smoke (production build)	Install Playwright browsers	2026-07-13T22:29:21.3113459Z Get:18 http://azure.archive.ubuntu.com/ubuntu noble/universe amd64 ocl-icd-libopencl1 amd64 2.3.2-1build1 [38.5 kB]
Public + security smoke (production build)	Install Playwright browsers	2026-07-13T22:29:21.3134146Z Get:19 http://azure.archive.ubuntu.com/ubuntu noble/universe amd64 libavutil58 amd64 7:6.1.1-3ubuntu5 [401 kB]
Public + security smoke (production build)	Install Playwright browsers	2026-07-13T22:29:21.3668535Z Get:20 http://azure.archive.ubuntu.com/ubuntu noble/universe amd64 libcodec2-1.2 amd64 1.2.0-2build1 [8998 kB]
Public + security smoke (production build)	Install Playwright browsers	2026-07-13T22:29:21.5088229Z Get:21 http://azure.archive.ubuntu.com/ubuntu noble/universe amd64 libdav1d7 amd64 1.4.1-1build1 [604 kB]
Public + security smoke (production build)	Install Playwright browsers	2026-07-13T22:29:21.5208098Z Get:22 http://azure.archive.ubuntu.com/ubuntu noble/universe amd64 libgsm1 amd64 1.0.22-1build1 [27.8 kB]
Public + security smoke (production build)	Install Playwright browsers	2026-07-13T22:29:21.5228836Z Get:23 http://azure.archive.ubuntu.com/ubuntu noble/universe amd64 libhwy1t64 amd64 1.0.7-8.1build1 [584 kB]
Public + security smoke (production build)	Install Playwright browsers	2026-07-13T22:29:21.5335504Z Get:24 http://azure.archive.ubuntu.com/ubuntu noble-updates/universe amd64 libjxl0.7 amd64 0.7.0-10.2ubuntu6.1 [1001 kB]
Public + security smoke (production build)	Install Playwright browsers	2026-07-13T22:29:21.5510283Z Get:25 http://azure.archive.ubuntu.com/ubuntu noble/main amd64 libmp3lame0 amd64 3.100-6build1 [142 kB]
Public + security smoke (production build)	Install Playwright browsers	2026-07-13T22:29:21.5549670Z Get:26 http://azure.archive.ubuntu.com/ubuntu noble/main amd64 libopus0 amd64 1.4-1build1 [208 kB]
Public + security smoke (production build)	Install Playwright browsers	2026-07-13T22:29:21.5604872Z Get:27 http://azure.archive.ubuntu.com/ubuntu noble/universe amd64 librav1e0 amd64 0.7.1-2 [1022 kB]
Public + security smoke (production build)	Install Playwright browsers	2026-07-13T22:29:21.5781742Z Get:28 http://azure.archive.ubuntu.com/ubuntu noble/main amd64 librsvg2-2 amd64 2.58.0+dfsg-1build1 [2135 kB]
Public + security smoke (production build)	Install Playwright browsers	2026-07-13T22:29:21.6140192Z Get:29 http://azure.archive.ubuntu.com/ubuntu noble/universe amd64 libshine3 amd64 3.1.1-2build1 [23.2 kB]
Public + security smoke (production build)	Install Playwright browsers	2026-07-13T22:29:21.6160486Z Get:30 http://azure.archive.ubuntu.com/ubuntu noble-updates/main amd64 libspeex1 amd64 1.2.1-2ubuntu2.24.04.1 [59.6 kB]
Public + security smoke (production build)	Install Playwright browsers	2026-07-13T22:29:21.6203670Z Get:31 http://azure.archive.ubuntu.com/ubuntu noble/universe amd64 libsvtav1enc1d1 amd64 1.7.0+dfsg-2build1 [2425 kB]
Public + security smoke (production build)	Install Playwright browsers	2026-07-13T22:29:21.6574508Z Get:32 http://azure.archive.ubuntu.com/ubuntu noble/universe amd64 libsoxr0 amd64 0.1.3-4build3 [80.0 kB]
Public + security smoke (production build)	Install Playwright browsers	2026-07-13T22:29:21.6617785Z Get:33 http://azure.archive.ubuntu.com/ubuntu noble/universe amd64 libswresample4 amd64 7:6.1.1-3ubuntu5 [63.8 kB]
Public + security smoke (production build)	Install Playwright browsers	2026-07-13T22:29:21.6646198Z Get:34 http://azure.archive.ubuntu.com/ubuntu noble/main amd64 libtheora0 amd64 1.1.1+dfsg.1-16.1build3 [211 kB]
Public + security smoke (production build)	Install Playwright browsers	2026-07-13T22:29:21.6684472Z Get:35 http://azure.archive.ubuntu.com/ubuntu noble/main amd64 libtwolame0 amd64 0.4.0-2build3 [52.3 kB]
Public + security smoke (production build)	Install Playwright browsers	2026-07-13T22:29:21.6708811Z Get:36 http://azure.archive.ubuntu.com/ubuntu noble/main amd64 libvorbisenc2 amd64 1.3.7-1build3 [80.8 kB]
Public + security smoke (production build)	Install Playwright browsers	2026-07-13T22:29:21.6734554Z Get:37 http://azure.archive.ubuntu.com/ubuntu noble-updates/main amd64 libvpx9 amd64 1.14.0-1ubuntu2.3 [1143 kB]
Public + security smoke (production build)	Install Playwright browsers	2026-07-13T22:29:21.6894723Z Get:38 http://azure.archive.ubuntu.com/ubuntu noble/universe amd64 libx264-164 amd64 2:0.164.3108+git31e19f9-1 [604 kB]
Public + security smoke (production build)	Install Playwright browsers	2026-07-13T22:29:21.7427789Z Get:39 http://azure.archive.ubuntu.com/ubuntu noble/universe amd64 libx265-199 amd64 3.5-2build1 [1226 kB]
Public + security smoke (production build)	Install Playwright browsers	2026-07-13T22:29:21.7567698Z Get:40 http://azure.archive.ubuntu.com/ubuntu noble/universe amd64 libxvidcore4 amd64 2:1.3.7-1build1 [219 kB]
Public + security smoke (production build)	Install Playwright browsers	2026-07-13T22:29:21.7606269Z Get:41 http://azure.archive.ubuntu.com/ubuntu noble/universe amd64 libzvbi-common all 0.2.42-2 [42.4 kB]
Public + security smoke (production build)	Install Playwright browsers	2026-07-13T22:29:21.7633138Z Get:42 http://azure.archive.ubuntu.com/ubuntu noble/universe amd64 libzvbi0t64 amd64 0.2.42-2 [261 kB]
Public + security smoke (production build)	Install Playwright browsers	2026-07-13T22:29:21.7695356Z Get:43 http://azure.archive.ubuntu.com/ubuntu noble/universe amd64 libavcodec60 amd64 7:6.1.1-3ubuntu5 [5851 kB]
Public + security smoke (production build)	Install Playwright browsers	2026-07-13T22:29:21.8266105Z Get:44 http://azure.archive.ubuntu.com/ubuntu noble/universe amd64 libunibreak5 amd64 5.1-2build1 [25.0 kB]
Public + security smoke (production build)	Install Playwright browsers	2026-07-13T22:29:21.8283967Z Get:45 http://azure.archive.ubuntu.com/ubuntu noble/universe amd64 libass9 amd64 1:0.17.1-2build1 [104 kB]
Public + security smoke (production build)	Install Playwright browsers	2026-07-13T22:29:21.8310893Z Get:46 http://azure.archive.ubuntu.com/ubuntu noble/universe amd64 libudfread0 amd64 1.1.2-1build1 [19.0 kB]
Public + security smoke (production build)	Install Playwright browsers	2026-07-13T22:29:21.8330282Z Get:47 http://azure.archive.ubuntu.com/ubuntu noble/universe amd64 libbluray2 amd64 1:1.3.4-1build1 [159 kB]
Public + security smoke (production build)	Install Playwright browsers	2026-07-13T22:29:21.8360326Z Get:48 http://azure.archive.ubuntu.com/ubuntu noble/universe amd64 libchromaprint1 amd64 1.5.1-5 [30.5 kB]
Public + security smoke (production build)	Install Playwright browsers	2026-07-13T22:29:21.8379775Z Get:49 http://azure.archive.ubuntu.com/ubuntu noble/universe amd64 libgme0 amd64 0.6.3-7build1 [134 kB]
Public + security smoke (production build)	Install Playwright browsers	2026-07-13T22:29:21.8409293Z Get:50 http://azure.archive.ubuntu.com/ubuntu noble-updates/main amd64 libmpg123-0t64 amd64 1.32.5-1ubuntu1.1 [169 kB]
Public + security smoke (production build)	Install Playwright browsers	2026-07-13T22:29:21.8440778Z Get:51 http://azure.archive.ubuntu.com/ubuntu noble/universe amd64 libopenmpt0t64 amd64 0.7.3-1.1build3 [647 kB]
Public + security smoke (production build)	Install Playwright browsers	2026-07-13T22:29:21.8529324Z Get:52 http://azure.archive.ubuntu.com/ubuntu noble/universe amd64 libcjson1 amd64 1.7.17-1 [24.8 kB]
Public + security smoke (production build)	Install Playwright browsers	2026-07-13T22:29:21.8549747Z Get:53 http://azure.archive.ubuntu.com/ubuntu noble/universe amd64 libmbedcrypto7t64 amd64 2.28.8-1 [209 kB]
Public + security smoke (production build)	Install Playwright browsers	2026-07-13T22:29:21.8589820Z Get:54 http://azure.archive.ubuntu.com/ubuntu noble/universe amd64 librist4 amd64 0.2.10+dfsg-2 [74.9 kB]
Public + security smoke (production build)	Install Playwright browsers	2026-07-13T22:29:21.8616066Z Get:55 http://azure.archive.ubuntu.com/ubuntu noble/universe amd64 libsrt1.5-gnutls amd64 1.5.3-1build2 [316 kB]
Public + security smoke (production build)	Install Playwright browsers	2026-07-13T22:29:21.8670531Z Get:56 http://azure.archive.ubuntu.com/ubuntu noble-updates/main amd64 libssh-gcrypt-4 amd64 0.10.6-2ubuntu0.4 [225 kB]
Public + security smoke (production build)	Install Playwright browsers	2026-07-13T22:29:21.8712345Z Get:57 http://azure.archive.ubuntu.com/ubuntu noble/universe amd64 libavformat60 amd64 7:6.1.1-3ubuntu5 [1153 kB]
Public + security smoke (production build)	Install Playwright browsers	2026-07-13T22:29:21.9303857Z Get:58 http://azure.archive.ubuntu.com/ubuntu noble/universe amd64 libbs2b0 amd64 3.1.0+dfsg-7build1 [10.6 kB]
Public + security smoke (production build)	Install Playwright browsers	2026-07-13T22:29:21.9323069Z Get:59 http://azure.archive.ubuntu.com/ubuntu noble/universe amd64 libflite1 amd64 2.2-6build3 [13.6 MB]
Public + security smoke (production build)	Install Playwright browsers	2026-07-13T22:29:22.0596224Z Get:60 http://azure.archive.ubuntu.com/ubuntu noble/universe amd64 libserd-0-0 amd64 0.32.2-1 [43.6 kB]
Public + security smoke (production build)	Install Playwright browsers	2026-07-13T22:29:22.0615228Z Get:61 http://azure.archive.ubuntu.com/ubuntu noble/universe amd64 libzix-0-0 amd64 0.4.2-2build1 [23.6 kB]
Public + security smoke (production build)	Install Playwright browsers	2026-07-13T22:29:22.0652070Z Get:62 http://azure.archive.ubuntu.com/ubuntu noble/universe amd64 libsord-0-0 amd64 0.16.16-2build1 [15.8 kB]
Public + security smoke (production build)	Install Playwright browsers	2026-07-13T22:29:22.0674843Z Get:63 http://azure.archive.ubuntu.com/ubuntu noble/universe amd64 libsratom-0-0 amd64 0.6.16-1build1 [17.3 kB]
Public + security smoke (production build)	Install Playwright browsers	2026-07-13T22:29:22.0694587Z Get:64 http://azure.archive.ubuntu.com/ubuntu noble/universe amd64 liblilv-0-0 amd64 0.24.22-1build1 [41.0 kB]
Public + security smoke (production build)	Install Playwright browsers	2026-07-13T22:29:22.0715228Z Get:65 http://azure.archive.ubuntu.com/ubuntu noble/universe amd64 libmysofa1 amd64 1.3.2+dfsg-2ubuntu2 [1158 kB]
Public + security smoke (production build)	Install Playwright browsers	2026-07-13T22:29:22.0833733Z Get:66 http://azure.archive.ubuntu.com/ubuntu noble/universe amd64 libplacebo338 amd64 6.338.2-2build1 [2654 kB]
Public + security smoke (production build)	Install Playwright browsers	2026-07-13T22:29:22.1098834Z Get:67 http://azure.archive.ubuntu.com/ubuntu noble-updates/main amd64 libblas3 amd64 3.12.0-3build1.1 [238 kB]
Public + security smoke (production build)	Install Playwright browsers	2026-07-13T22:29:22.1133694Z Get:68 http://azure.archive.ubuntu.com/ubuntu noble-updates/main amd64 liblapack3 amd64 3.12.0-3build1.1 [2646 kB]
Public + security smoke (production build)	Install Playwright browsers	2026-07-13T22:29:22.1418567Z Get:69 http://azure.archive.ubuntu.com/ubuntu noble/main amd64 libasyncns0 amd64 0.8-6build4 [11.3 kB]
Public + security smoke (production build)	Install Playwright browsers	2026-07-13T22:29:22.1436284Z Get:70 http://azure.archive.ubuntu.com/ubuntu noble/main amd64 libflac12t64 amd64 1.4.3+ds-2.1ubuntu2 [197 kB]
Public + security smoke (production build)	Install Playwright browsers	2026-07-13T22:29:22.1471675Z Get:71 http://azure.archive.ubuntu.com/ubuntu noble-updates/main amd64 libsndfile1 amd64 1.2.2-1ubuntu5.24.04.1 [209 kB]
Public + security smoke (production build)	Install Playwright browsers	2026-07-13T22:29:22.1510008Z Get:72 http://azure.archive.ubuntu.com/ubuntu noble-updates/main amd64 libpulse0 amd64 1:16.1+dfsg1-2ubuntu10.1 [292 kB]
Public + security smoke (production build)	Install Playwright browsers	2026-07-13T22:29:22.1613722Z Get:73 http://azure.archive.ubuntu.com/ubuntu noble/universe amd64 libsphinxbase3t64 amd64 0.8+5prealpha+1-17build2 [126 kB]
Public + security smoke (production build)	Install Playwright browsers	2026-07-13T22:29:22.1734218Z Get:74 http://azure.archive.ubuntu.com/ubuntu noble/universe amd64 libpocketsphinx3 amd64 0.8.0+real5prealpha+1-15ubuntu5 [133 kB]
Public + security smoke (production build)	Install Playwright browsers	2026-07-13T22:29:22.1766788Z Get:75 http://azure.archive.ubuntu.com/ubuntu noble/universe amd64 libpostproc57 amd64 7:6.1.1-3ubuntu5 [49.9 kB]
Public + security smoke (production build)	Install Playwright browsers	2026-07-13T22:29:22.2229082Z Get:76 http://azure.archive.ubuntu.com/ubuntu noble/main amd64 libsamplerate0 amd64 0.2.2-4build1 [1344 kB]
Public + security smoke (production build)	Install Playwright browsers	2026-07-13T22:29:22.2377687Z Get:77 http://azure.archive.ubuntu.com/ubuntu noble/universe amd64 librubberband2 amd64 3.3.0+dfsg-2build1 [130 kB]
Public + security smoke (production build)	Install Playwright browsers	2026-07-13T22:29:22.2407650Z Get:78 http://azure.archive.ubuntu.com/ubuntu noble/universe amd64 libswscale7 amd64 7:6.1.1-3ubuntu5 [193 kB]
Public + security smoke (production build)	Install Playwright browsers	2026-07-13T22:29:22.2446654Z Get:79 http://azure.archive.ubuntu.com/ubuntu noble/universe amd64 libvidstab1.1 amd64 1.1.0-2build1 [38.5 kB]
Public + security smoke (production build)	Install Playwright browsers	2026-07-13T22:29:22.2468416Z Get:80 http://azure.archive.ubuntu.com/ubuntu noble/universe amd64 libzimg2 amd64 3.0.5+ds1-1build1 [254 kB]
Public + security smoke (production build)	Install Playwright browsers	2026-07-13T22:29:22.2511944Z Get:81 http://azure.archive.ubuntu.com/ubuntu noble/universe amd64 libavfilter9 amd64 7:6.1.1-3ubuntu5 [4235 kB]
Public + security smoke (production build)	Install Playwright browsers	2026-07-13T22:29:22.2992809Z Get:82 http://azure.archive.ubuntu.com/ubuntu noble-updates/main amd64 liborc-0.4-0t64 amd64 1:0.4.38-1ubuntu0.1 [207 kB]
Public + security smoke (production build)	Install Playwright browsers	2026-07-13T22:29:22.3054341Z Get:83 http://azure.archive.ubuntu.com/ubuntu noble-updates/main amd64 libgstreamer-plugins-base1.0-0 amd64 1.24.2-1ubuntu0.4 [862 kB]
Public + security smoke (production build)	Install Playwright browsers	2026-07-13T22:29:22.3150417Z Get:84 http://azure.archive.ubuntu.com/ubuntu noble/universe amd64 gstreamer1.0-libav amd64 1.24.1-1build1 [103 kB]
Public + security smoke (production build)	Install Playwright browsers	2026-07-13T22:29:22.3177750Z Get:85 http://azure.archive.ubuntu.com/ubuntu noble/main amd64 libcdparanoia0 amd64 3.10.2+debian-14build3 [48.5 kB]
Public + security smoke (production build)	Install Playwright browsers	2026-07-13T22:29:22.3196108Z Get:86 http://azure.archive.ubuntu.com/ubuntu noble/main amd64 libvisual-0.4-0 amd64 0.4.2-2build1 [115 kB]
Public + security smoke (production build)	Install Playwright browsers	2026-07-13T22:29:22.3224928Z Get:87 http://azure.archive.ubuntu.com/ubuntu noble-updates/main amd64 gstreamer1.0-plugins-base amd64 1.24.2-1ubuntu0.4 [721 kB]
Public + security smoke (production build)	Install Playwright browsers	2026-07-13T22:29:22.3349948Z Get:88 http://azure.archive.ubuntu.com/ubuntu noble/main amd64 libaa1 amd64 1.4p5-51.1 [49.9 kB]
Public + security smoke (production build)	Install Playwright browsers	2026-07-13T22:29:22.3369797Z Get:89 http://azure.archive.ubuntu.com/ubuntu noble/main amd64 libraw1394-11 amd64 2.1.2-2build3 [26.2 kB]
Public + security smoke (production build)	Install Playwright browsers	2026-07-13T22:29:22.3387425Z Get:90 http://azure.archive.ubuntu.com/ubuntu noble/main amd64 libavc1394-0 amd64 0.5.4-5build3 [15.4 kB]
Public + security smoke (production build)	Install Playwright browsers	2026-07-13T22:29:22.3406271Z Get:91 http://azure.archive.ubuntu.com/ubuntu noble-updates/main amd64 libcaca0 amd64 0.99.beta20-4ubuntu0.2 [209 kB]
Public + security smoke (production build)	Install Playwright browsers	2026-07-13T22:29:22.3454095Z Get:92 http://azure.archive.ubuntu.com/ubuntu noble/main amd64 libdv4t64 amd64 1.0.0-17.1build1 [63.2 kB]
Public + security smoke (production build)	Install Playwright browsers	2026-07-13T22:29:22.3482148Z Get:93 http://azure.archive.ubuntu.com/ubuntu noble-updates/main amd64 libgstreamer-plugins-good1.0-0 amd64 1.24.2-1ubuntu1.4 [33.2 kB]
Public + security smoke (production build)	Install Playwright browsers	2026-07-13T22:29:22.3501705Z Get:94 http://azure.archive.ubuntu.com/ubuntu noble/main amd64 libiec61883-0 amd64 1.2.0-6build1 [24.5 kB]
Public + security smoke (production build)	Install Playwright browsers	2026-07-13T22:29:22.3945026Z Get:95 http://azure.archive.ubuntu.com/ubuntu noble/main amd64 libshout3 amd64 2.4.6-1build2 [50.3 kB]
Public + security smoke (production build)	Install Playwright browsers	2026-07-13T22:29:22.3964637Z Get:96 http://azure.archive.ubuntu.com/ubuntu noble/main amd64 libtag1v5-vanilla amd64 1.13.1-1build1 [326 kB]
Public + security smoke (production build)	Install Playwright browsers	2026-07-13T22:29:22.4031405Z Get:97 http://azure.archive.ubuntu.com/ubuntu noble/main amd64 libtag1v5 amd64 1.13.1-1build1 [11.7 kB]
Public + security smoke (production build)	Install Playwright browsers	2026-07-13T22:29:22.4047641Z Get:98 http://azure.archive.ubuntu.com/ubuntu noble/main amd64 libv4lconvert0t64 amd64 1.26.1-4build3 [87.6 kB]
Public + security smoke (production build)	Install Playwright browsers	2026-07-13T22:29:22.4077503Z Get:99 http://azure.archive.ubuntu.com/ubuntu noble/main amd64 libv4l-0t64 amd64 1.26.1-4build3 [46.9 kB]
Public + security smoke (production build)	Install Playwright browsers	2026-07-13T22:29:22.4096590Z Get:100 http://azure.archive.ubuntu.com/ubuntu noble/main amd64 libwavpack1 amd64 5.6.0-1build1 [84.6 kB]
Public + security smoke (production build)	Install Playwright browsers	2026-07-13T22:29:22.4150864Z Get:101 http://azure.archive.ubuntu.com/ubuntu noble-updates/main amd64 libsoup-3.0-common all 3.4.4-5ubuntu0.7 [11.6 kB]
Public + security smoke (production build)	Install Playwright browsers	2026-07-13T22:29:22.4206942Z Get:102 http://azure.archive.ubuntu.com/ubuntu noble-updates/main amd64 libsoup-3.0-0 amd64 3.4.4-5ubuntu0.7 [292 kB]
Public + security smoke (production build)	Install Playwright browsers	2026-07-13T22:29:22.4291533Z Get:103 http://azure.archive.ubuntu.com/ubuntu noble-updates/main amd64 gstreamer1.0-plugins-good amd64 1.24.2-1ubuntu1.4 [2236 kB]
Public + security smoke (production build)	Install Playwright browsers	2026-07-13T22:29:22.4588696Z Get:104 http://azure.archive.ubuntu.com/ubuntu noble-updates/main amd64 libabsl20220623t64 amd64 20220623.1-3.1ubuntu3.2 [423 kB]
Public + security smoke (production build)	Install Playwright browsers	2026-07-13T22:29:22.4670129Z Get:105 http://azure.archive.ubuntu.com/ubuntu noble/universe amd64 libgav1-1 amd64 0.18.0-1build3 [357 kB]
Public + security smoke (production build)	Install Playwright browsers	2026-07-13T22:29:22.4729935Z Get:106 http://azure.archive.ubuntu.com/ubuntu noble/universe amd64 libyuv0 amd64 0.0~git202401110.af6ac82-1 [178 kB]
Public + security smoke (production build)	Install Playwright browsers	2026-07-13T22:29:22.4769458Z Get:107 http://azure.archive.ubuntu.com/ubuntu noble/universe amd64 libavif16 amd64 1.0.4-1ubuntu3 [91.2 kB]
Public + security smoke (production build)	Install Playwright browsers	2026-07-13T22:29:22.4809138Z Get:108 http://azure.archive.ubuntu.com/ubuntu noble/universe amd64 libavtp0 amd64 0.2.0-1build1 [6414 B]
Public + security smoke (production build)	Install Playwright browsers	2026-07-13T22:29:22.4830350Z Get:109 http://azure.archive.ubuntu.com/ubuntu noble/main amd64 libcairo-script-interpreter2 amd64 1.18.0-3build1 [60.3 kB]
Public + security smoke (production build)	Install Playwright browsers	2026-07-13T22:29:22.4854746Z Get:110 http://azure.archive.ubuntu.com/ubuntu noble/universe amd64 libdc1394-25 amd64 2.2.6-4build1 [90.1 kB]
Public + security smoke (production build)	Install Playwright browsers	2026-07-13T22:29:22.4885686Z Get:111 http://azure.archive.ubuntu.com/ubuntu noble/main amd64 libde265-0 amd64 1.0.15-1build3 [166 kB]
Public + security smoke (production build)	Install Playwright browsers	2026-07-13T22:29:22.4926137Z Get:112 http://azure.archive.ubuntu.com/ubuntu noble/main amd64 libdecor-0-0 amd64 0.2.2-1build2 [16.5 kB]
Public + security smoke (production build)	Install Playwright browsers	2026-07-13T22:29:22.4945602Z Get:113 http://azure.archive.ubuntu.com/ubuntu noble/main amd64 libgles2 amd64 1.7.0-1build1 [17.1 kB]
Public + security smoke (production build)	Install Playwright browsers	2026-07-13T22:29:22.4969770Z Get:114 http://azure.archive.ubuntu.com/ubuntu noble/universe amd64 libdirectfb-1.7-7t64 amd64 1.7.7-11.1ubuntu2 [1035 kB]
Public + security smoke (production build)	Install Playwright browsers	2026-07-13T22:29:22.5161528Z Get:115 http://azure.archive.ubuntu.com/ubuntu noble/universe amd64 libdvdread8t64 amd64 6.1.3-1.1build1 [54.7 kB]
Public + security smoke (production build)	Install Playwright browsers	2026-07-13T22:29:22.5196984Z Get:116 http://azure.archive.ubuntu.com/ubuntu noble/universe amd64 libdvdnav4 amd64 6.1.1-3build1 [39.5 kB]
Public + security smoke (production build)	Install Playwright browsers	2026-07-13T22:29:22.5221269Z Get:117 http://azure.archive.ubuntu.com/ubuntu noble-updates/main amd64 libegl-mesa0 amd64 25.2.8-0ubuntu0.24.04.2 [117 kB]
Public + security smoke (production build)	Install Playwright browsers	2026-07-13T22:29:22.5258263Z Get:118 http://azure.archive.ubuntu.com/ubuntu noble/main amd64 libevent-2.1-7t64 amd64 2.1.12-stable-9ubuntu2 [145 kB]
Public + security smoke (production build)	Install Playwright browsers	2026-07-13T22:29:22.5294927Z Get:119 http://azure.archive.ubuntu.com/ubuntu noble/universe amd64 libfaad2 amd64 2.11.1-1build1 [207 kB]
Public + security smoke (production build)	Install Playwright browsers	2026-07-13T22:29:22.5344237Z Get:120 http://azure.archive.ubuntu.com/ubuntu noble/universe amd64 libinstpatch-1.0-2 amd64 1.1.6-1build2 [251 kB]
Public + security smoke (production build)	Install Playwright browsers	2026-07-13T22:29:22.5882661Z Get:121 http://azure.archive.ubuntu.com/ubuntu noble/main amd64 libjack-jackd2-0 amd64 1.9.21~dfsg-3ubuntu3 [289 kB]
Public + security smoke (production build)	Install Playwright browsers	2026-07-13T22:29:22.5978288Z Get:122 http://azure.archive.ubuntu.com/ubuntu noble/main amd64 libwebrtc-audio-processing1 amd64 0.3.1-0ubuntu6 [290 kB]
Public + security smoke (production build)	Install Playwright browsers	2026-07-13T22:29:22.6078193Z Get:123 http://azure.archive.ubuntu.com/ubuntu noble-updates/main amd64 libspa-0.2-modules amd64 1.0.5-1ubuntu3.3 [628 kB]
Public + security smoke (production build)	Install Playwright browsers	2026-07-13T22:29:22.6295021Z Get:124 http://azure.archive.ubuntu.com/ubuntu noble-updates/main amd64 libpipewire-0.3-0t64 amd64 1.0.5-1ubuntu3.3 [252 kB]
Public + security smoke (production build)	Install Playwright browsers	2026-07-13T22:29:22.6425832Z Get:125 http://azure.archive.ubuntu.com/ubuntu noble-updates/main amd64 libsdl2-2.0-0 amd64 2.30.0+dfsg-1ubuntu3.1 [686 kB]
Public + security smoke (production build)	Install Playwright browsers	2026-07-13T22:29:22.6592201Z Get:126 http://azure.archive.ubuntu.com/ubuntu noble/universe amd64 timgm6mb-soundfont all 1.3-5 [5427 kB]
Public + security smoke (production build)	Install Playwright browsers	2026-07-13T22:29:22.7840201Z Get:127 http://azure.archive.ubuntu.com/ubuntu noble/universe amd64 libfluidsynth3 amd64 2.3.4-1build3 [249 kB]
Public + security smoke (production build)	Install Playwright browsers	2026-07-13T22:29:22.7914901Z Get:128 http://azure.archive.ubuntu.com/ubuntu noble/main amd64 libfreeaptx0 amd64 0.1.1-2build1 [13.5 kB]
Public + security smoke (production build)	Install Playwright browsers	2026-07-13T22:29:22.7936864Z Get:129 http://azure.archive.ubuntu.com/ubuntu noble/main amd64 libgraphene-1.0-0 amd64 1.10.8-3build2 [46.2 kB]
Public + security smoke (production build)	Install Playwright browsers	2026-07-13T22:29:22.7966576Z Get:130 http://azure.archive.ubuntu.com/ubuntu noble/main amd64 libgssdp-1.6-0 amd64 1.6.3-1build3 [40.4 kB]
Public + security smoke (production build)	Install Playwright browsers	2026-07-13T22:29:22.7999527Z Get:131 http://azure.archive.ubuntu.com/ubuntu noble/main amd64 libegl1 amd64 1.7.0-1build1 [28.7 kB]
Public + security smoke (production build)	Install Playwright browsers	2026-07-13T22:29:22.8027989Z Get:132 http://azure.archive.ubuntu.com/ubuntu noble-updates/main amd64 libgstreamer-gl1.0-0 amd64 1.24.2-1ubuntu0.4 [214 kB]
Public + security smoke (production build)	Install Playwright browsers	2026-07-13T22:29:22.8113132Z Get:133 http://azure.archive.ubuntu.com/ubuntu noble-updates/main amd64 libgtk-4-common all 4.14.5+ds-0ubuntu0.10 [1497 kB]
Public + security smoke (production build)	Install Playwright browsers	2026-07-13T22:29:22.8547506Z Get:134 http://azure.archive.ubuntu.com/ubuntu noble-updates/main amd64 libgtk-4-1 amd64 4.14.5+ds-0ubuntu0.10 [3295 kB]
Public + security smoke (production build)	Install Playwright browsers	2026-07-13T22:29:22.9390535Z Get:135 http://azure.archive.ubuntu.com/ubuntu noble/main amd64 libgupnp-1.6-0 amd64 1.6.6-1build3 [92.7 kB]
Public + security smoke (production build)	Install Playwright browsers	2026-07-13T22:29:22.9475293Z Get:136 http://azure.archive.ubuntu.com/ubuntu noble/universe amd64 libgupnp-igd-1.6-0 amd64 1.6.0-3build3 [16.5 kB]
Public + security smoke (production build)	Install Playwright browsers	2026-07-13T22:29:22.9504604Z Get:137 http://azure.archive.ubuntu.com/ubuntu noble/main amd64 libharfbuzz-icu0 amd64 8.3.0-2build2 [13.3 kB]
Public + security smoke (production build)	Install Playwright browsers	2026-07-13T22:29:22.9531075Z Get:138 http://azure.archive.ubuntu.com/ubuntu noble/main amd64 libhyphen0 amd64 2.8.8-7build3 [26.5 kB]
Public + security smoke (production build)	Install Playwright browsers	2026-07-13T22:29:22.9994114Z Get:139 http://azure.archive.ubuntu.com/ubuntu noble/universe amd64 libimath-3-1-29t64 amd64 3.1.9-3.1ubuntu2 [72.2 kB]
Public + security smoke (production build)	Install Playwright browsers	2026-07-13T22:29:23.0037040Z Get:140 http://azure.archive.ubuntu.com/ubuntu noble/main amd64 liblc3-1 amd64 1.0.4-3build1 [69.7 kB]
Public + security smoke (production build)	Install Playwright browsers	2026-07-13T22:29:23.0069968Z Get:141 http://azure.archive.ubuntu.com/ubuntu noble/main amd64 libldacbt-enc2 amd64 2.0.2.3+git20200429+ed310a0-4ubuntu2 [27.1 kB]
Public + security smoke (production build)	Install Playwright browsers	2026-07-13T22:29:23.0091970Z Get:142 http://azure.archive.ubuntu.com/ubuntu noble-updates/main amd64 libraptor2-0 amd64 2.0.16-3ubuntu0.1 [165 kB]
Public + security smoke (production build)	Install Playwright browsers	2026-07-13T22:29:23.0144900Z Get:143 http://azure.archive.ubuntu.com/ubuntu noble/universe amd64 liblrdf0 amd64 0.6.1-4build1 [18.5 kB]
Public + security smoke (production build)	Install Playwright browsers	2026-07-13T22:29:23.0174248Z Get:144 http://azure.archive.ubuntu.com/ubuntu noble/universe amd64 libltc11 amd64 1.3.2-1build1 [13.0 kB]
Public + security smoke (production build)	Install Playwright browsers	2026-07-13T22:29:23.0196335Z Get:145 http://azure.archive.ubuntu.com/ubuntu noble/main amd64 libmanette-0.2-0 amd64 0.2.7-1build2 [30.6 kB]
Public + security smoke (production build)	Install Playwright browsers	2026-07-13T22:29:23.0224236Z Get:146 http://azure.archive.ubuntu.com/ubuntu noble/universe amd64 libmfx1 amd64 22.5.4-1 [3124 kB]
Public + security smoke (production build)	Install Playwright browsers	2026-07-13T22:29:23.0662680Z Get:147 http://azure.archive.ubuntu.com/ubuntu noble/universe amd64 libmjpegutils-2.1-0t64 amd64 1:2.1.0+debian-8.1build1 [25.5 kB]
Public + security smoke (production build)	Install Playwright browsers	2026-07-13T22:29:23.0684764Z Get:148 http://azure.archive.ubuntu.com/ubuntu noble/universe amd64 libmodplug1 amd64 1:0.8.9.0-3build1 [166 kB]
Public + security smoke (production build)	Install Playwright browsers	2026-07-13T22:29:23.0747649Z Get:149 http://azure.archive.ubuntu.com/ubuntu noble/universe amd64 libmpcdec6 amd64 2:0.1~r495-2build1 [32.7 kB]
Public + security smoke (production build)	Install Playwright browsers	2026-07-13T22:29:23.0786327Z Get:150 http://azure.archive.ubuntu.com/ubuntu noble/universe amd64 libmpeg2encpp-2.1-0t64 amd64 1:2.1.0+debian-8.1build1 [75.6 kB]
Public + security smoke (production build)	Install Playwright browsers	2026-07-13T22:29:23.0816116Z Get:151 http://azure.archive.ubuntu.com/ubuntu noble/universe amd64 libmplex2-2.1-0t64 amd64 1:2.1.0+debian-8.1build1 [46.1 kB]
Public + security smoke (production build)	Install Playwright browsers	2026-07-13T22:29:23.0844505Z Get:152 http://azure.archive.ubuntu.com/ubuntu noble/universe amd64 libneon27t64 amd64 0.33.0-1.1build3 [102 kB]
Public + security smoke (production build)	Install Playwright browsers	2026-07-13T22:29:23.0882051Z Get:153 http://azure.archive.ubuntu.com/ubuntu noble/universe amd64 libnice10 amd64 0.1.21-2build3 [157 kB]
Public + security smoke (production build)	Install Playwright browsers	2026-07-13T22:29:23.0923821Z Get:154 http://azure.archive.ubuntu.com/ubuntu noble/universe amd64 libopenal-data all 1:1.23.1-4build1 [161 kB]
Public + security smoke (production build)	Install Playwright browsers	2026-07-13T22:29:23.0971583Z Get:155 http://azure.archive.ubuntu.com/ubuntu noble/universe amd64 libopenexr-3-1-30 amd64 3.1.5-5.1build3 [1004 kB]
Public + security smoke (production build)	Install Playwright browsers	2026-07-13T22:29:23.1133394Z Get:156 http://azure.archive.ubuntu.com/ubuntu noble/universe amd64 libopenh264-7 amd64 2.4.1+dfsg-1 [409 kB]
Public + security smoke (production build)	Install Playwright browsers	2026-07-13T22:29:23.1193159Z Get:157 http://azure.archive.ubuntu.com/ubuntu noble/universe amd64 libopenni2-0 amd64 2.2.0.33+dfsg-18 [370 kB]
Public + security smoke (production build)	Install Playwright browsers	2026-07-13T22:29:23.1675671Z Get:158 http://azure.archive.ubuntu.com/ubuntu noble/universe amd64 libqrencode4 amd64 4.1.1-1build2 [25.0 kB]
Public + security smoke (production build)	Install Playwright browsers	2026-07-13T22:29:23.1696969Z Get:159 http://azure.archive.ubuntu.com/ubuntu noble/main amd64 libsecret-common all 0.21.4-1build3 [4962 B]
Public + security smoke (production build)	Install Playwright browsers	2026-07-13T22:29:23.1719319Z Get:160 http://azure.archive.ubuntu.com/ubuntu noble/main amd64 libsecret-1-0 amd64 0.21.4-1build3 [116 kB]
Public + security smoke (production build)	Install Playwright browsers	2026-07-13T22:29:23.1770052Z Get:161 http://azure.archive.ubuntu.com/ubuntu noble/universe amd64 libsndio7.0 amd64 1.9.0-0.3build3 [29.6 kB]
Public + security smoke (production build)	Install Playwright browsers	2026-07-13T22:29:23.1792729Z Get:162 http://azure.archive.ubuntu.com/ubuntu noble/universe amd64 libsoundtouch1 amd64 2.3.2+ds1-1build1 [60.5 kB]
Public + security smoke (production build)	Install Playwright browsers	2026-07-13T22:29:23.1822057Z Get:163 http://azure.archive.ubuntu.com/ubuntu noble/universe amd64 libspandsp2t64 amd64 0.0.6+dfsg-2.1build1 [311 kB]
Public + security smoke (production build)	Install Playwright browsers	2026-07-13T22:29:23.1878034Z Get:164 http://azure.archive.ubuntu.com/ubuntu noble/universe amd64 libsrtp2-1 amd64 2.5.0-3build1 [41.9 kB]
Public + security smoke (production build)	Install Playwright browsers	2026-07-13T22:29:23.1910358Z Get:165 http://azure.archive.ubuntu.com/ubuntu noble/main amd64 libwayland-server0 amd64 1.22.0-2.1build1 [33.9 kB]
Public + security smoke (production build)	Install Playwright browsers	2026-07-13T22:29:23.1949627Z Get:166 http://azure.archive.ubuntu.com/ubuntu noble/universe amd64 libwildmidi2 amd64 0.4.3-1build3 [68.5 kB]
Public + security smoke (production build)	Install Playwright browsers	2026-07-13T22:29:23.1976991Z Get:167 http://azure.archive.ubuntu.com/ubuntu noble/main amd64 libwoff1 amd64 1.0.2-2build1 [45.3 kB]
Public + security smoke (production build)	Install Playwright browsers	2026-07-13T22:29:23.2016841Z Get:168 http://azure.archive.ubuntu.com/ubuntu noble/main amd64 libxcb-xkb1 amd64 1.15-1ubuntu2 [32.3 kB]
Public + security smoke (production build)	Install Playwright browsers	2026-07-13T22:29:23.2047052Z Get:169 http://azure.archive.ubuntu.com/ubuntu noble/main amd64 libxkbcommon-x11-0 amd64 1.6.0-1build1 [14.5 kB]
Public + security smoke (production build)	Install Playwright browsers	2026-07-13T22:29:23.2082759Z Get:170 http://azure.archive.ubuntu.com/ubuntu noble/universe amd64 libzbar0t64 amd64 0.23.93-4build3 [123 kB]
Public + security smoke (production build)	Install Playwright browsers	2026-07-13T22:29:23.2139135Z Get:171 http://azure.archive.ubuntu.com/ubuntu noble/universe amd64 libzxing3 amd64 2.2.1-3 [583 kB]
Public + security smoke (production build)	Install Playwright browsers	2026-07-13T22:29:23.2252927Z Get:172 http://azure.archive.ubuntu.com/ubuntu noble/main amd64 xfonts-encodings all 1:1.0.5-0ubuntu2 [578 kB]
Public + security smoke (production build)	Install Playwright browsers	2026-07-13T22:29:23.2372066Z Get:173 http://azure.archive.ubuntu.com/ubuntu noble/main amd64 xfonts-utils amd64 1:7.7+6build3 [94.4 kB]
Public + security smoke (production build)	Install Playwright browsers	2026-07-13T22:29:23.2407555Z Get:174 http://azure.archive.ubuntu.com/ubuntu noble/universe amd64 xfonts-cyrillic all 1:1.0.5+nmu1 [384 kB]
Public + security smoke (production build)	Install Playwright browsers	2026-07-13T22:29:23.2494157Z Get:175 http://azure.archive.ubuntu.com/ubuntu noble/main amd64 xfonts-scalable all 1:1.0.3-1.3 [304 kB]
Public + security smoke (production build)	Install Playwright browsers	2026-07-13T22:29:23.2962562Z Get:176 http://azure.archive.ubuntu.com/ubuntu noble/universe amd64 libgstreamer-plugins-bad1.0-0 amd64 1.24.2-1ubuntu4 [797 kB]
Public + security smoke (production build)	Install Playwright browsers	2026-07-13T22:29:23.3088272Z Get:177 http://azure.archive.ubuntu.com/ubuntu noble/universe amd64 libdca0 amd64 0.0.7-2build1 [93.8 kB]
Public + security smoke (production build)	Install Playwright browsers	2026-07-13T22:29:23.3121322Z Get:178 http://azure.archive.ubuntu.com/ubuntu noble/universe amd64 libopenal1 amd64 1:1.23.1-4build1 [540 kB]
Public + security smoke (production build)	Install Playwright browsers	2026-07-13T22:29:23.3208611Z Get:179 http://azure.archive.ubuntu.com/ubuntu noble/main amd64 libsbc1 amd64 2.0-1build1 [33.9 kB]
Public + security smoke (production build)	Install Playwright browsers	2026-07-13T22:29:23.3231808Z Get:180 http://azure.archive.ubuntu.com/ubuntu noble/universe amd64 libvo-aacenc0 amd64 0.1.3-2build1 [67.8 kB]
Public + security smoke (production build)	Install Playwright browsers	2026-07-13T22:29:23.3258855Z Get:181 http://azure.archive.ubuntu.com/ubuntu noble/universe amd64 libvo-amrwbenc0 amd64 0.1.3-2build1 [76.7 kB]
Public + security smoke (production build)	Install Playwright browsers	2026-07-13T22:29:23.3288452Z Get:182 http://azure.archive.ubuntu.com/ubuntu noble/universe amd64 gstreamer1.0-plugins-bad amd64 1.24.2-1ubuntu4 [3081 kB]
Public + security smoke (production build)	Install Playwright browsers	2026-07-13T22:29:23.8265933Z Fetched 114 MB in 2s (48.5 MB/s)
Public + security smoke (production build)	Install Playwright browsers	2026-07-13T22:29:23.8634860Z Selecting previously unselected package fonts-ipafont-gothic.
Public + security smoke (production build)	Install Playwright browsers	2026-07-13T22:29:23.9189899Z (Reading database ... 
Public + security smoke (production build)	Install Playwright browsers	2026-07-13T22:29:23.9190331Z (Reading database ... 5%
Public + security smoke (production build)	Install Playwright browsers	2026-07-13T22:29:23.9190629Z (Reading database ... 10%
Public + security smoke (production build)	Install Playwright browsers	2026-07-13T22:29:23.9190900Z (Reading database ... 15%
Public + security smoke (production build)	Install Playwright browsers	2026-07-13T22:29:23.9191176Z (Reading database ... 20%
Public + security smoke (production build)	Install Playwright browsers	2026-07-13T22:29:23.9191412Z (Reading database ... 25%
Public + security smoke (production build)	Install Playwright browsers	2026-07-13T22:29:23.9191654Z (Reading database ... 30%
Public + security smoke (production build)	Install Playwright browsers	2026-07-13T22:29:23.9191896Z (Reading database ... 35%
Public + security smoke (production build)	Install Playwright browsers	2026-07-13T22:29:23.9192164Z (Reading database ... 40%
Public + security smoke (production build)	Install Playwright browsers	2026-07-13T22:29:23.9192626Z (Reading database ... 45%
Public + security smoke (production build)	Install Playwright browsers	2026-07-13T22:29:23.9193129Z (Reading database ... 50%
Public + security smoke (production build)	Install Playwright browsers	2026-07-13T22:29:23.9412755Z (Reading database ... 55%
Public + security smoke (production build)	Install Playwright browsers	2026-07-13T22:29:24.2918407Z (Reading database ... 60%
Public + security smoke (production build)	Install Playwright browsers	2026-07-13T22:29:24.5464433Z (Reading database ... 65%
Public + security smoke (production build)	Install Playwright browsers	2026-07-13T22:29:25.1813422Z (Reading database ... 70%
Public + security smoke (production build)	Install Playwright browsers	2026-07-13T22:29:25.6012409Z (Reading database ... 75%
Public + security smoke (production build)	Install Playwright browsers	2026-07-13T22:29:26.4609245Z (Reading database ... 80%
Public + security smoke (production build)	Install Playwright browsers	2026-07-13T22:29:27.0376377Z (Reading database ... 85%
Public + security smoke (production build)	Install Playwright browsers	2026-07-13T22:29:27.5619590Z (Reading database ... 90%
Public + security smoke (production build)	Install Playwright browsers	2026-07-13T22:29:28.1127063Z (Reading database ... 95%
Public + security smoke (production build)	Install Playwright browsers	2026-07-13T22:29:28.1127812Z (Reading database ... 100%
Public + security smoke (production build)	Install Playwright browsers	2026-07-13T22:29:28.1128263Z (Reading database ... 202701 files and directories currently installed.)
Public + security smoke (production build)	Install Playwright browsers	2026-07-13T22:29:28.1172790Z Preparing to unpack .../000-fonts-ipafont-gothic_00303-21ubuntu1_all.deb ...
Public + security smoke (production build)	Install Playwright browsers	2026-07-13T22:29:28.1326473Z Unpacking fonts-ipafont-gothic (00303-21ubuntu1) ...
Public + security smoke (production build)	Install Playwright browsers	2026-07-13T22:29:28.3676600Z Selecting previously unselected package fonts-freefont-ttf.
Public + security smoke (production build)	Install Playwright browsers	2026-07-13T22:29:28.3810892Z Preparing to unpack .../001-fonts-freefont-ttf_20211204+svn4273-2_all.deb ...
Public + security smoke (production build)	Install Playwright browsers	2026-07-13T22:29:28.3817954Z Unpacking fonts-freefont-ttf (20211204+svn4273-2) ...
Public + security smoke (production build)	Install Playwright browsers	2026-07-13T22:29:28.4610320Z Selecting previously unselected package fonts-tlwg-loma-otf.
Public + security smoke (production build)	Install Playwright browsers	2026-07-13T22:29:28.4743707Z Preparing to unpack .../002-fonts-tlwg-loma-otf_1%3a0.7.3-1_all.deb ...
Public + security smoke (production build)	Install Playwright browsers	2026-07-13T22:29:28.4751217Z Unpacking fonts-tlwg-loma-otf (1:0.7.3-1) ...
Public + security smoke (production build)	Install Playwright browsers	2026-07-13T22:29:28.4965953Z Selecting previously unselected package fonts-unifont.
Public + security smoke (production build)	Install Playwright browsers	2026-07-13T22:29:28.5102173Z Preparing to unpack .../003-fonts-unifont_1%3a15.1.01-1build1_all.deb ...
Public + security smoke (production build)	Install Playwright browsers	2026-07-13T22:29:28.5108900Z Unpacking fonts-unifont (1:15.1.01-1build1) ...
Public + security smoke (production build)	Install Playwright browsers	2026-07-13T22:29:28.6196448Z Selecting previously unselected package fonts-wqy-zenhei.
Public + security smoke (production build)	Install Playwright browsers	2026-07-13T22:29:28.6330806Z Preparing to unpack .../004-fonts-wqy-zenhei_0.9.45-8_all.deb ...
Public + security smoke (production build)	Install Playwright browsers	2026-07-13T22:29:28.6486249Z Unpacking fonts-wqy-zenhei (0.9.45-8) ...
Public + security smoke (production build)	Install Playwright browsers	2026-07-13T22:29:29.1148843Z Selecting previously unselected package libproxy1v5:amd64.
Public + security smoke (production build)	Install Playwright browsers	2026-07-13T22:29:29.1281563Z Preparing to unpack .../005-libproxy1v5_0.5.4-4build1_amd64.deb ...
Public + security smoke (production build)	Install Playwright browsers	2026-07-13T22:29:29.1295764Z Unpacking libproxy1v5:amd64 (0.5.4-4build1) ...
Public + security smoke (production build)	Install Playwright browsers	2026-07-13T22:29:29.1540830Z Selecting previously unselected package glib-networking-common.
Public + security smoke (production build)	Install Playwright browsers	2026-07-13T22:29:29.1671949Z Preparing to unpack .../006-glib-networking-common_2.80.0-1build1_all.deb ...
Public + security smoke (production build)	Install Playwright browsers	2026-07-13T22:29:29.1678525Z Unpacking glib-networking-common (2.80.0-1build1) ...
Public + security smoke (production build)	Install Playwright browsers	2026-07-13T22:29:29.1864742Z Selecting previously unselected package glib-networking-services.
Public + security smoke (production build)	Install Playwright browsers	2026-07-13T22:29:29.1997869Z Preparing to unpack .../007-glib-networking-services_2.80.0-1build1_amd64.deb ...
Public + security smoke (production build)	Install Playwright browsers	2026-07-13T22:29:29.2003727Z Unpacking glib-networking-services (2.80.0-1build1) ...
Public + security smoke (production build)	Install Playwright browsers	2026-07-13T22:29:29.2208448Z Selecting previously unselected package session-migration.
Public + security smoke (production build)	Install Playwright browsers	2026-07-13T22:29:29.2337772Z Preparing to unpack .../008-session-migration_0.3.9build1_amd64.deb ...
Public + security smoke (production build)	Install Playwright browsers	2026-07-13T22:29:29.2344210Z Unpacking session-migration (0.3.9build1) ...
Public + security smoke (production build)	Install Playwright browsers	2026-07-13T22:29:29.2634524Z Selecting previously unselected package gsettings-desktop-schemas.
Public + security smoke (production build)	Install Playwright browsers	2026-07-13T22:29:29.2764923Z Preparing to unpack .../009-gsettings-desktop-schemas_46.1-0ubuntu1_all.deb ...
Public + security smoke (production build)	Install Playwright browsers	2026-07-13T22:29:29.2771183Z Unpacking gsettings-desktop-schemas (46.1-0ubuntu1) ...
Public + security smoke (production build)	Install Playwright browsers	2026-07-13T22:29:29.3082357Z Selecting previously unselected package glib-networking:amd64.
Public + security smoke (production build)	Install Playwright browsers	2026-07-13T22:29:29.3210514Z Preparing to unpack .../010-glib-networking_2.80.0-1build1_amd64.deb ...
Public + security smoke (production build)	Install Playwright browsers	2026-07-13T22:29:29.3216096Z Unpacking glib-networking:amd64 (2.80.0-1build1) ...
Public + security smoke (production build)	Install Playwright browsers	2026-07-13T22:29:29.3427430Z Selecting previously unselected package libva2:amd64.
Public + security smoke (production build)	Install Playwright browsers	2026-07-13T22:29:29.3555777Z Preparing to unpack .../011-libva2_2.20.0-2ubuntu0.2_amd64.deb ...
Public + security smoke (production build)	Install Playwright browsers	2026-07-13T22:29:29.3562341Z Unpacking libva2:amd64 (2.20.0-2ubuntu0.2) ...
Public + security smoke (production build)	Install Playwright browsers	2026-07-13T22:29:29.3767282Z Selecting previously unselected package libva-drm2:amd64.
Public + security smoke (production build)	Install Playwright browsers	2026-07-13T22:29:29.3894065Z Preparing to unpack .../012-libva-drm2_2.20.0-2ubuntu0.2_amd64.deb ...
Public + security smoke (production build)	Install Playwright browsers	2026-07-13T22:29:29.3901371Z Unpacking libva-drm2:amd64 (2.20.0-2ubuntu0.2) ...
Public + security smoke (production build)	Install Playwright browsers	2026-07-13T22:29:29.4099651Z Selecting previously unselected package libva-x11-2:amd64.
Public + security smoke (production build)	Install Playwright browsers	2026-07-13T22:29:29.4229780Z Preparing to unpack .../013-libva-x11-2_2.20.0-2ubuntu0.2_amd64.deb ...
Public + security smoke (production build)	Install Playwright browsers	2026-07-13T22:29:29.4236039Z Unpacking libva-x11-2:amd64 (2.20.0-2ubuntu0.2) ...
Public + security smoke (production build)	Install Playwright browsers	2026-07-13T22:29:29.4439188Z Selecting previously unselected package libvdpau1:amd64.
Public + security smoke (production build)	Install Playwright browsers	2026-07-13T22:29:29.4567494Z Preparing to unpack .../014-libvdpau1_1.5-2build1_amd64.deb ...
Public + security smoke (production build)	Install Playwright browsers	2026-07-13T22:29:29.4573827Z Unpacking libvdpau1:amd64 (1.5-2build1) ...
Public + security smoke (production build)	Install Playwright browsers	2026-07-13T22:29:29.4781399Z Selecting previously unselected package libvpl2.
Public + security smoke (production build)	Install Playwright browsers	2026-07-13T22:29:29.4907531Z Preparing to unpack .../015-libvpl2_2023.3.0-1build1_amd64.deb ...
Public + security smoke (production build)	Install Playwright browsers	2026-07-13T22:29:29.4913946Z Unpacking libvpl2 (2023.3.0-1build1) ...
Public + security smoke (production build)	Install Playwright browsers	2026-07-13T22:29:29.5127616Z Selecting previously unselected package ocl-icd-libopencl1:amd64.
Public + security smoke (production build)	Install Playwright browsers	2026-07-13T22:29:29.5256364Z Preparing to unpack .../016-ocl-icd-libopencl1_2.3.2-1build1_amd64.deb ...
Public + security smoke (production build)	Install Playwright browsers	2026-07-13T22:29:29.5262760Z Unpacking ocl-icd-libopencl1:amd64 (2.3.2-1build1) ...
Public + security smoke (production build)	Install Playwright browsers	2026-07-13T22:29:29.5626620Z Selecting previously unselected package libavutil58:amd64.
Public + security smoke (production build)	Install Playwright browsers	2026-07-13T22:29:29.5757064Z Preparing to unpack .../017-libavutil58_7%3a6.1.1-3ubuntu5_amd64.deb ...
Public + security smoke (production build)	Install Playwright browsers	2026-07-13T22:29:29.5764404Z Unpacking libavutil58:amd64 (7:6.1.1-3ubuntu5) ...
Public + security smoke (production build)	Install Playwright browsers	2026-07-13T22:29:29.6012454Z Selecting previously unselected package libcodec2-1.2:amd64.
Public + security smoke (production build)	Install Playwright browsers	2026-07-13T22:29:29.6143909Z Preparing to unpack .../018-libcodec2-1.2_1.2.0-2build1_amd64.deb ...
Public + security smoke (production build)	Install Playwright browsers	2026-07-13T22:29:29.6151443Z Unpacking libcodec2-1.2:amd64 (1.2.0-2build1) ...
Public + security smoke (production build)	Install Playwright browsers	2026-07-13T22:29:29.6878282Z Selecting previously unselected package libdav1d7:amd64.
Public + security smoke (production build)	Install Playwright browsers	2026-07-13T22:29:29.7011301Z Preparing to unpack .../019-libdav1d7_1.4.1-1build1_amd64.deb ...
Public + security smoke (production build)	Install Playwright browsers	2026-07-13T22:29:29.7018172Z Unpacking libdav1d7:amd64 (1.4.1-1build1) ...
Public + security smoke (production build)	Install Playwright browsers	2026-07-13T22:29:29.7286083Z Selecting previously unselected package libgsm1:amd64.
Public + security smoke (production build)	Install Playwright browsers	2026-07-13T22:29:29.7435793Z Preparing to unpack .../020-libgsm1_1.0.22-1build1_amd64.deb ...
Public + security smoke (production build)	Install Playwright browsers	2026-07-13T22:29:29.7442608Z Unpacking libgsm1:amd64 (1.0.22-1build1) ...
Public + security smoke (production build)	Install Playwright browsers	2026-07-13T22:29:29.7648943Z Selecting previously unselected package libhwy1t64:amd64.
Public + security smoke (production build)	Install Playwright browsers	2026-07-13T22:29:29.7779893Z Preparing to unpack .../021-libhwy1t64_1.0.7-8.1build1_amd64.deb ...
Public + security smoke (production build)	Install Playwright browsers	2026-07-13T22:29:29.7786807Z Unpacking libhwy1t64:amd64 (1.0.7-8.1build1) ...
Public + security smoke (production build)	Install Playwright browsers	2026-07-13T22:29:29.8101447Z Selecting previously unselected package libjxl0.7:amd64.
Public + security smoke (production build)	Install Playwright browsers	2026-07-13T22:29:29.8231440Z Preparing to unpack .../022-libjxl0.7_0.7.0-10.2ubuntu6.1_amd64.deb ...
Public + security smoke (production build)	Install Playwright browsers	2026-07-13T22:29:29.8238805Z Unpacking libjxl0.7:amd64 (0.7.0-10.2ubuntu6.1) ...
Public + security smoke (production build)	Install Playwright browsers	2026-07-13T22:29:29.8563708Z Selecting previously unselected package libmp3lame0:amd64.
Public + security smoke (production build)	Install Playwright browsers	2026-07-13T22:29:29.8695000Z Preparing to unpack .../023-libmp3lame0_3.100-6build1_amd64.deb ...
Public + security smoke (production build)	Install Playwright browsers	2026-07-13T22:29:29.8701692Z Unpacking libmp3lame0:amd64 (3.100-6build1) ...
Public + security smoke (production build)	Install Playwright browsers	2026-07-13T22:29:29.8923748Z Selecting previously unselected package libopus0:amd64.
Public + security smoke (production build)	Install Playwright browsers	2026-07-13T22:29:29.9050746Z Preparing to unpack .../024-libopus0_1.4-1build1_amd64.deb ...
Public + security smoke (production build)	Install Playwright browsers	2026-07-13T22:29:29.9057930Z Unpacking libopus0:amd64 (1.4-1build1) ...
Public + security smoke (production build)	Install Playwright browsers	2026-07-13T22:29:29.9272549Z Selecting previously unselected package librav1e0:amd64.
Public + security smoke (production build)	Install Playwright browsers	2026-07-13T22:29:29.9401614Z Preparing to unpack .../025-librav1e0_0.7.1-2_amd64.deb ...
Public + security smoke (production build)	Install Playwright browsers	2026-07-13T22:29:29.9409188Z Unpacking librav1e0:amd64 (0.7.1-2) ...
Public + security smoke (production build)	Install Playwright browsers	2026-07-13T22:29:29.9733287Z Selecting previously unselected package librsvg2-2:amd64.
Public + security smoke (production build)	Install Playwright browsers	2026-07-13T22:29:29.9866137Z Preparing to unpack .../026-librsvg2-2_2.58.0+dfsg-1build1_amd64.deb ...
Public + security smoke (production build)	Install Playwright browsers	2026-07-13T22:29:29.9872960Z Unpacking librsvg2-2:amd64 (2.58.0+dfsg-1build1) ...
Public + security smoke (production build)	Install Playwright browsers	2026-07-13T22:29:30.0319988Z Selecting previously unselected package libshine3:amd64.
Public + security smoke (production build)	Install Playwright browsers	2026-07-13T22:29:30.0455942Z Preparing to unpack .../027-libshine3_3.1.1-2build1_amd64.deb ...
Public + security smoke (production build)	Install Playwright browsers	2026-07-13T22:29:30.0463082Z Unpacking libshine3:amd64 (3.1.1-2build1) ...
Public + security smoke (production build)	Install Playwright browsers	2026-07-13T22:29:30.0666914Z Selecting previously unselected package libspeex1:amd64.
Public + security smoke (production build)	Install Playwright browsers	2026-07-13T22:29:30.0794368Z Preparing to unpack .../028-libspeex1_1.2.1-2ubuntu2.24.04.1_amd64.deb ...
Public + security smoke (production build)	Install Playwright browsers	2026-07-13T22:29:30.0801133Z Unpacking libspeex1:amd64 (1.2.1-2ubuntu2.24.04.1) ...
Public + security smoke (production build)	Install Playwright browsers	2026-07-13T22:29:30.1001501Z Selecting previously unselected package libsvtav1enc1d1:amd64.
Public + security smoke (production build)	Install Playwright browsers	2026-07-13T22:29:30.1130498Z Preparing to unpack .../029-libsvtav1enc1d1_1.7.0+dfsg-2build1_amd64.deb ...
Public + security smoke (production build)	Install Playwright browsers	2026-07-13T22:29:30.1138236Z Unpacking libsvtav1enc1d1:amd64 (1.7.0+dfsg-2build1) ...
Public + security smoke (production build)	Install Playwright browsers	2026-07-13T22:29:30.1610862Z Selecting previously unselected package libsoxr0:amd64.
Public + security smoke (production build)	Install Playwright browsers	2026-07-13T22:29:30.1743099Z Preparing to unpack .../030-libsoxr0_0.1.3-4build3_amd64.deb ...
Public + security smoke (production build)	Install Playwright browsers	2026-07-13T22:29:30.1750399Z Unpacking libsoxr0:amd64 (0.1.3-4build3) ...
Public + security smoke (production build)	Install Playwright browsers	2026-07-13T22:29:30.1963889Z Selecting previously unselected package libswresample4:amd64.
Public + security smoke (production build)	Install Playwright browsers	2026-07-13T22:29:30.2093291Z Preparing to unpack .../031-libswresample4_7%3a6.1.1-3ubuntu5_amd64.deb ...
Public + security smoke (production build)	Install Playwright browsers	2026-07-13T22:29:30.2101565Z Unpacking libswresample4:amd64 (7:6.1.1-3ubuntu5) ...
Public + security smoke (production build)	Install Playwright browsers	2026-07-13T22:29:30.2310801Z Selecting previously unselected package libtheora0:amd64.
Public + security smoke (production build)	Install Playwright browsers	2026-07-13T22:29:30.2435690Z Preparing to unpack .../032-libtheora0_1.1.1+dfsg.1-16.1build3_amd64.deb ...
Public + security smoke (production build)	Install Playwright browsers	2026-07-13T22:29:30.2442364Z Unpacking libtheora0:amd64 (1.1.1+dfsg.1-16.1build3) ...
Public + security smoke (production build)	Install Playwright browsers	2026-07-13T22:29:30.2669506Z Selecting previously unselected package libtwolame0:amd64.
Public + security smoke (production build)	Install Playwright browsers	2026-07-13T22:29:30.2800294Z Preparing to unpack .../033-libtwolame0_0.4.0-2build3_amd64.deb ...
Public + security smoke (production build)	Install Playwright browsers	2026-07-13T22:29:30.2807274Z Unpacking libtwolame0:amd64 (0.4.0-2build3) ...
Public + security smoke (production build)	Install Playwright browsers	2026-07-13T22:29:30.3015744Z Selecting previously unselected package libvorbisenc2:amd64.
Public + security smoke (production build)	Install Playwright browsers	2026-07-13T22:29:30.3142874Z Preparing to unpack .../034-libvorbisenc2_1.3.7-1build3_amd64.deb ...
Public + security smoke (production build)	Install Playwright browsers	2026-07-13T22:29:30.3150034Z Unpacking libvorbisenc2:amd64 (1.3.7-1build3) ...
Public + security smoke (production build)	Install Playwright browsers	2026-07-13T22:29:30.3375268Z Selecting previously unselected package libvpx9:amd64.
Public + security smoke (production build)	Install Playwright browsers	2026-07-13T22:29:30.3503446Z Preparing to unpack .../035-libvpx9_1.14.0-1ubuntu2.3_amd64.deb ...
Public + security smoke (production build)	Install Playwright browsers	2026-07-13T22:29:30.3511052Z Unpacking libvpx9:amd64 (1.14.0-1ubuntu2.3) ...
Public + security smoke (production build)	Install Playwright browsers	2026-07-13T22:29:30.3841476Z Selecting previously unselected package libx264-164:amd64.
Public + security smoke (production build)	Install Playwright browsers	2026-07-13T22:29:30.3973496Z Preparing to unpack .../036-libx264-164_2%3a0.164.3108+git31e19f9-1_amd64.deb ...
Public + security smoke (production build)	Install Playwright browsers	2026-07-13T22:29:30.3981483Z Unpacking libx264-164:amd64 (2:0.164.3108+git31e19f9-1) ...
Public + security smoke (production build)	Install Playwright browsers	2026-07-13T22:29:30.4254355Z Selecting previously unselected package libx265-199:amd64.
Public + security smoke (production build)	Install Playwright browsers	2026-07-13T22:29:30.4384728Z Preparing to unpack .../037-libx265-199_3.5-2build1_amd64.deb ...
Public + security smoke (production build)	Install Playwright browsers	2026-07-13T22:29:30.4391768Z Unpacking libx265-199:amd64 (3.5-2build1) ...
Public + security smoke (production build)	Install Playwright browsers	2026-07-13T22:29:30.5042547Z Selecting previously unselected package libxvidcore4:amd64.
Public + security smoke (production build)	Install Playwright browsers	2026-07-13T22:29:30.5176478Z Preparing to unpack .../038-libxvidcore4_2%3a1.3.7-1build1_amd64.deb ...
Public + security smoke (production build)	Install Playwright browsers	2026-07-13T22:29:30.5183690Z Unpacking libxvidcore4:amd64 (2:1.3.7-1build1) ...
Public + security smoke (production build)	Install Playwright browsers	2026-07-13T22:29:30.5402636Z Selecting previously unselected package libzvbi-common.
Public + security smoke (production build)	Install Playwright browsers	2026-07-13T22:29:30.5535308Z Preparing to unpack .../039-libzvbi-common_0.2.42-2_all.deb ...
Public + security smoke (production build)	Install Playwright browsers	2026-07-13T22:29:30.5543422Z Unpacking libzvbi-common (0.2.42-2) ...
Public + security smoke (production build)	Install Playwright browsers	2026-07-13T22:29:30.5974456Z Selecting previously unselected package libzvbi0t64:amd64.
Public + security smoke (production build)	Install Playwright browsers	2026-07-13T22:29:30.6105802Z Preparing to unpack .../040-libzvbi0t64_0.2.42-2_amd64.deb ...
Public + security smoke (production build)	Install Playwright browsers	2026-07-13T22:29:30.6112891Z Unpacking libzvbi0t64:amd64 (0.2.42-2) ...
Public + security smoke (production build)	Install Playwright browsers	2026-07-13T22:29:30.6351843Z Selecting previously unselected package libavcodec60:amd64.
Public + security smoke (production build)	Install Playwright browsers	2026-07-13T22:29:30.6485076Z Preparing to unpack .../041-libavcodec60_7%3a6.1.1-3ubuntu5_amd64.deb ...
Public + security smoke (production build)	Install Playwright browsers	2026-07-13T22:29:30.6492600Z Unpacking libavcodec60:amd64 (7:6.1.1-3ubuntu5) ...
Public + security smoke (production build)	Install Playwright browsers	2026-07-13T22:29:30.7338128Z Selecting previously unselected package libunibreak5:amd64.
Public + security smoke (production build)	Install Playwright browsers	2026-07-13T22:29:30.7470865Z Preparing to unpack .../042-libunibreak5_5.1-2build1_amd64.deb ...
Public + security smoke (production build)	Install Playwright browsers	2026-07-13T22:29:30.7478458Z Unpacking libunibreak5:amd64 (5.1-2build1) ...
Public + security smoke (production build)	Install Playwright browsers	2026-07-13T22:29:30.7680606Z Selecting previously unselected package libass9:amd64.
Public + security smoke (production build)	Install Playwright browsers	2026-07-13T22:29:30.7811988Z Preparing to unpack .../043-libass9_1%3a0.17.1-2build1_amd64.deb ...
Public + security smoke (production build)	Install Playwright browsers	2026-07-13T22:29:30.7818583Z Unpacking libass9:amd64 (1:0.17.1-2build1) ...
Public + security smoke (production build)	Install Playwright browsers	2026-07-13T22:29:30.8030068Z Selecting previously unselected package libudfread0:amd64.
Public + security smoke (production build)	Install Playwright browsers	2026-07-13T22:29:30.8161062Z Preparing to unpack .../044-libudfread0_1.1.2-1build1_amd64.deb ...
Public + security smoke (production build)	Install Playwright browsers	2026-07-13T22:29:30.8168757Z Unpacking libudfread0:amd64 (1.1.2-1build1) ...
Public + security smoke (production build)	Install Playwright browsers	2026-07-13T22:29:30.8372354Z Selecting previously unselected package libbluray2:amd64.
Public + security smoke (production build)	Install Playwright browsers	2026-07-13T22:29:30.8504558Z Preparing to unpack .../045-libbluray2_1%3a1.3.4-1build1_amd64.deb ...
Public + security smoke (production build)	Install Playwright browsers	2026-07-13T22:29:30.8511558Z Unpacking libbluray2:amd64 (1:1.3.4-1build1) ...
Public + security smoke (production build)	Install Playwright browsers	2026-07-13T22:29:30.8730685Z Selecting previously unselected package libchromaprint1:amd64.
Public + security smoke (production build)	Install Playwright browsers	2026-07-13T22:29:30.8862274Z Preparing to unpack .../046-libchromaprint1_1.5.1-5_amd64.deb ...
Public + security smoke (production build)	Install Playwright browsers	2026-07-13T22:29:30.8869145Z Unpacking libchromaprint1:amd64 (1.5.1-5) ...
Public + security smoke (production build)	Install Playwright browsers	2026-07-13T22:29:30.9069774Z Selecting previously unselected package libgme0:amd64.
Public + security smoke (production build)	Install Playwright browsers	2026-07-13T22:29:30.9196822Z Preparing to unpack .../047-libgme0_0.6.3-7build1_amd64.deb ...
Public + security smoke (production build)	Install Playwright browsers	2026-07-13T22:29:30.9204287Z Unpacking libgme0:amd64 (0.6.3-7build1) ...
Public + security smoke (production build)	Install Playwright browsers	2026-07-13T22:29:30.9422592Z Selecting previously unselected package libmpg123-0t64:amd64.
Public + security smoke (production build)	Install Playwright browsers	2026-07-13T22:29:30.9554214Z Preparing to unpack .../048-libmpg123-0t64_1.32.5-1ubuntu1.1_amd64.deb ...
Public + security smoke (production build)	Install Playwright browsers	2026-07-13T22:29:30.9562119Z Unpacking libmpg123-0t64:amd64 (1.32.5-1ubuntu1.1) ...
Public + security smoke (production build)	Install Playwright browsers	2026-07-13T22:29:30.9785376Z Selecting previously unselected package libopenmpt0t64:amd64.
Public + security smoke (production build)	Install Playwright browsers	2026-07-13T22:29:30.9918277Z Preparing to unpack .../049-libopenmpt0t64_0.7.3-1.1build3_amd64.deb ...
Public + security smoke (production build)	Install Playwright browsers	2026-07-13T22:29:30.9925992Z Unpacking libopenmpt0t64:amd64 (0.7.3-1.1build3) ...
Public + security smoke (production build)	Install Playwright browsers	2026-07-13T22:29:31.0188170Z Selecting previously unselected package libcjson1:amd64.
Public + security smoke (production build)	Install Playwright browsers	2026-07-13T22:29:31.0319940Z Preparing to unpack .../050-libcjson1_1.7.17-1_amd64.deb ...
Public + security smoke (production build)	Install Playwright browsers	2026-07-13T22:29:31.0327490Z Unpacking libcjson1:amd64 (1.7.17-1) ...
Public + security smoke (production build)	Install Playwright browsers	2026-07-13T22:29:31.0537553Z Selecting previously unselected package libmbedcrypto7t64:amd64.
Public + security smoke (production build)	Install Playwright browsers	2026-07-13T22:29:31.0668166Z Preparing to unpack .../051-libmbedcrypto7t64_2.28.8-1_amd64.deb ...
Public + security smoke (production build)	Install Playwright browsers	2026-07-13T22:29:31.0675980Z Unpacking libmbedcrypto7t64:amd64 (2.28.8-1) ...
Public + security smoke (production build)	Install Playwright browsers	2026-07-13T22:29:31.0904378Z Selecting previously unselected package librist4:amd64.
Public + security smoke (production build)	Install Playwright browsers	2026-07-13T22:29:31.1034854Z Preparing to unpack .../052-librist4_0.2.10+dfsg-2_amd64.deb ...
Public + security smoke (production build)	Install Playwright browsers	2026-07-13T22:29:31.1041955Z Unpacking librist4:amd64 (0.2.10+dfsg-2) ...
Public + security smoke (production build)	Install Playwright browsers	2026-07-13T22:29:31.1249402Z Selecting previously unselected package libsrt1.5-gnutls:amd64.
Public + security smoke (production build)	Install Playwright browsers	2026-07-13T22:29:31.1377777Z Preparing to unpack .../053-libsrt1.5-gnutls_1.5.3-1build2_amd64.deb ...
Public + security smoke (production build)	Install Playwright browsers	2026-07-13T22:29:31.1384860Z Unpacking libsrt1.5-gnutls:amd64 (1.5.3-1build2) ...
Public + security smoke (production build)	Install Playwright browsers	2026-07-13T22:29:31.1621938Z Selecting previously unselected package libssh-gcrypt-4:amd64.
Public + security smoke (production build)	Install Playwright browsers	2026-07-13T22:29:31.1749642Z Preparing to unpack .../054-libssh-gcrypt-4_0.10.6-2ubuntu0.4_amd64.deb ...
Public + security smoke (production build)	Install Playwright browsers	2026-07-13T22:29:31.1757280Z Unpacking libssh-gcrypt-4:amd64 (0.10.6-2ubuntu0.4) ...
Public + security smoke (production build)	Install Playwright browsers	2026-07-13T22:29:31.1984158Z Selecting previously unselected package libavformat60:amd64.
Public + security smoke (production build)	Install Playwright browsers	2026-07-13T22:29:31.2114719Z Preparing to unpack .../055-libavformat60_7%3a6.1.1-3ubuntu5_amd64.deb ...
Public + security smoke (production build)	Install Playwright browsers	2026-07-13T22:29:31.2122231Z Unpacking libavformat60:amd64 (7:6.1.1-3ubuntu5) ...
Public + security smoke (production build)	Install Playwright browsers	2026-07-13T22:29:31.2442656Z Selecting previously unselected package libbs2b0:amd64.
Public + security smoke (production build)	Install Playwright browsers	2026-07-13T22:29:31.2576194Z Preparing to unpack .../056-libbs2b0_3.1.0+dfsg-7build1_amd64.deb ...
Public + security smoke (production build)	Install Playwright browsers	2026-07-13T22:29:31.2583003Z Unpacking libbs2b0:amd64 (3.1.0+dfsg-7build1) ...
Public + security smoke (production build)	Install Playwright browsers	2026-07-13T22:29:31.2800890Z Selecting previously unselected package libflite1:amd64.
Public + security smoke (production build)	Install Playwright browsers	2026-07-13T22:29:31.2931249Z Preparing to unpack .../057-libflite1_2.2-6build3_amd64.deb ...
Public + security smoke (production build)	Install Playwright browsers	2026-07-13T22:29:31.2938156Z Unpacking libflite1:amd64 (2.2-6build3) ...
Public + security smoke (production build)	Install Playwright browsers	2026-07-13T22:29:31.4028430Z Selecting previously unselected package libserd-0-0:amd64.
Public + security smoke (production build)	Install Playwright browsers	2026-07-13T22:29:31.4161576Z Preparing to unpack .../058-libserd-0-0_0.32.2-1_amd64.deb ...
Public + security smoke (production build)	Install Playwright browsers	2026-07-13T22:29:31.4169159Z Unpacking libserd-0-0:amd64 (0.32.2-1) ...
Public + security smoke (production build)	Install Playwright browsers	2026-07-13T22:29:31.4419375Z Selecting previously unselected package libzix-0-0:amd64.
Public + security smoke (production build)	Install Playwright browsers	2026-07-13T22:29:31.4551074Z Preparing to unpack .../059-libzix-0-0_0.4.2-2build1_amd64.deb ...
Public + security smoke (production build)	Install Playwright browsers	2026-07-13T22:29:31.4558760Z Unpacking libzix-0-0:amd64 (0.4.2-2build1) ...
Public + security smoke (production build)	Install Playwright browsers	2026-07-13T22:29:31.4763840Z Selecting previously unselected package libsord-0-0:amd64.
Public + security smoke (production build)	Install Playwright browsers	2026-07-13T22:29:31.4891387Z Preparing to unpack .../060-libsord-0-0_0.16.16-2build1_amd64.deb ...
Public + security smoke (production build)	Install Playwright browsers	2026-07-13T22:29:31.4898228Z Unpacking libsord-0-0:amd64 (0.16.16-2build1) ...
Public + security smoke (production build)	Install Playwright browsers	2026-07-13T22:29:31.5098910Z Selecting previously unselected package libsratom-0-0:amd64.
Public + security smoke (production build)	Install Playwright browsers	2026-07-13T22:29:31.5227576Z Preparing to unpack .../061-libsratom-0-0_0.6.16-1build1_amd64.deb ...
Public + security smoke (production build)	Install Playwright browsers	2026-07-13T22:29:31.5233809Z Unpacking libsratom-0-0:amd64 (0.6.16-1build1) ...
Public + security smoke (production build)	Install Playwright browsers	2026-07-13T22:29:31.5436842Z Selecting previously unselected package liblilv-0-0:amd64.
Public + security smoke (production build)	Install Playwright browsers	2026-07-13T22:29:31.5566044Z Preparing to unpack .../062-liblilv-0-0_0.24.22-1build1_amd64.deb ...
Public + security smoke (production build)	Install Playwright browsers	2026-07-13T22:29:31.5572494Z Unpacking liblilv-0-0:amd64 (0.24.22-1build1) ...
Public + security smoke (production build)	Install Playwright browsers	2026-07-13T22:29:31.5773844Z Selecting previously unselected package libmysofa1:amd64.
Public + security smoke (production build)	Install Playwright browsers	2026-07-13T22:29:31.5901822Z Preparing to unpack .../063-libmysofa1_1.3.2+dfsg-2ubuntu2_amd64.deb ...
Public + security smoke (production build)	Install Playwright browsers	2026-07-13T22:29:31.5908727Z Unpacking libmysofa1:amd64 (1.3.2+dfsg-2ubuntu2) ...
Public + security smoke (production build)	Install Playwright browsers	2026-07-13T22:29:31.6232685Z Selecting previously unselected package libplacebo338:amd64.
Public + security smoke (production build)	Install Playwright browsers	2026-07-13T22:29:31.6391396Z Preparing to unpack .../064-libplacebo338_6.338.2-2build1_amd64.deb ...
Public + security smoke (production build)	Install Playwright browsers	2026-07-13T22:29:31.6401364Z Unpacking libplacebo338:amd64 (6.338.2-2build1) ...
Public + security smoke (production build)	Install Playwright browsers	2026-07-13T22:29:31.6932969Z Selecting previously unselected package libblas3:amd64.
Public + security smoke (production build)	Install Playwright browsers	2026-07-13T22:29:31.7067266Z Preparing to unpack .../065-libblas3_3.12.0-3build1.1_amd64.deb ...
Public + security smoke (production build)	Install Playwright browsers	2026-07-13T22:29:31.7098814Z Unpacking libblas3:amd64 (3.12.0-3build1.1) ...
Public + security smoke (production build)	Install Playwright browsers	2026-07-13T22:29:31.7335867Z Selecting previously unselected package liblapack3:amd64.
Public + security smoke (production build)	Install Playwright browsers	2026-07-13T22:29:31.7466007Z Preparing to unpack .../066-liblapack3_3.12.0-3build1.1_amd64.deb ...
Public + security smoke (production build)	Install Playwright browsers	2026-07-13T22:29:31.7496274Z Unpacking liblapack3:amd64 (3.12.0-3build1.1) ...
Public + security smoke (production build)	Install Playwright browsers	2026-07-13T22:29:31.7979393Z Selecting previously unselected package libasyncns0:amd64.
Public + security smoke (production build)	Install Playwright browsers	2026-07-13T22:29:31.8114262Z Preparing to unpack .../067-libasyncns0_0.8-6build4_amd64.deb ...
Public + security smoke (production build)	Install Playwright browsers	2026-07-13T22:29:31.8121297Z Unpacking libasyncns0:amd64 (0.8-6build4) ...
Public + security smoke (production build)	Install Playwright browsers	2026-07-13T22:29:31.8320669Z Selecting previously unselected package libflac12t64:amd64.
Public + security smoke (production build)	Install Playwright browsers	2026-07-13T22:29:31.8450674Z Preparing to unpack .../068-libflac12t64_1.4.3+ds-2.1ubuntu2_amd64.deb ...
Public + security smoke (production build)	Install Playwright browsers	2026-07-13T22:29:31.8457793Z Unpacking libflac12t64:amd64 (1.4.3+ds-2.1ubuntu2) ...
Public + security smoke (production build)	Install Playwright browsers	2026-07-13T22:29:31.8678709Z Selecting previously unselected package libsndfile1:amd64.
Public + security smoke (production build)	Install Playwright browsers	2026-07-13T22:29:31.8807626Z Preparing to unpack .../069-libsndfile1_1.2.2-1ubuntu5.24.04.1_amd64.deb ...
Public + security smoke (production build)	Install Playwright browsers	2026-07-13T22:29:31.8815111Z Unpacking libsndfile1:amd64 (1.2.2-1ubuntu5.24.04.1) ...
Public + security smoke (production build)	Install Playwright browsers	2026-07-13T22:29:31.9054344Z Selecting previously unselected package libpulse0:amd64.
Public + security smoke (production build)	Install Playwright browsers	2026-07-13T22:29:31.9182533Z Preparing to unpack .../070-libpulse0_1%3a16.1+dfsg1-2ubuntu10.1_amd64.deb ...
Public + security smoke (production build)	Install Playwright browsers	2026-07-13T22:29:31.9246905Z Unpacking libpulse0:amd64 (1:16.1+dfsg1-2ubuntu10.1) ...
Public + security smoke (production build)	Install Playwright browsers	2026-07-13T22:29:31.9492622Z Selecting previously unselected package libsphinxbase3t64:amd64.
Public + security smoke (production build)	Install Playwright browsers	2026-07-13T22:29:31.9623495Z Preparing to unpack .../071-libsphinxbase3t64_0.8+5prealpha+1-17build2_amd64.deb ...
Public + security smoke (production build)	Install Playwright browsers	2026-07-13T22:29:31.9631261Z Unpacking libsphinxbase3t64:amd64 (0.8+5prealpha+1-17build2) ...
Public + security smoke (production build)	Install Playwright browsers	2026-07-13T22:29:31.9855185Z Selecting previously unselected package libpocketsphinx3:amd64.
Public + security smoke (production build)	Install Playwright browsers	2026-07-13T22:29:31.9983581Z Preparing to unpack .../072-libpocketsphinx3_0.8.0+real5prealpha+1-15ubuntu5_amd64.deb ...
Public + security smoke (production build)	Install Playwright browsers	2026-07-13T22:29:31.9990961Z Unpacking libpocketsphinx3:amd64 (0.8.0+real5prealpha+1-15ubuntu5) ...
Public + security smoke (production build)	Install Playwright browsers	2026-07-13T22:29:32.0207437Z Selecting previously unselected package libpostproc57:amd64.
Public + security smoke (production build)	Install Playwright browsers	2026-07-13T22:29:32.0336928Z Preparing to unpack .../073-libpostproc57_7%3a6.1.1-3ubuntu5_amd64.deb ...
Public + security smoke (production build)	Install Playwright browsers	2026-07-13T22:29:32.0343985Z Unpacking libpostproc57:amd64 (7:6.1.1-3ubuntu5) ...
Public + security smoke (production build)	Install Playwright browsers	2026-07-13T22:29:32.0555427Z Selecting previously unselected package libsamplerate0:amd64.
Public + security smoke (production build)	Install Playwright browsers	2026-07-13T22:29:32.0683572Z Preparing to unpack .../074-libsamplerate0_0.2.2-4build1_amd64.deb ...
Public + security smoke (production build)	Install Playwright browsers	2026-07-13T22:29:32.0690776Z Unpacking libsamplerate0:amd64 (0.2.2-4build1) ...
Public + security smoke (production build)	Install Playwright browsers	2026-07-13T22:29:32.0945168Z Selecting previously unselected package librubberband2:amd64.
Public + security smoke (production build)	Install Playwright browsers	2026-07-13T22:29:32.1073344Z Preparing to unpack .../075-librubberband2_3.3.0+dfsg-2build1_amd64.deb ...
Public + security smoke (production build)	Install Playwright browsers	2026-07-13T22:29:32.1080776Z Unpacking librubberband2:amd64 (3.3.0+dfsg-2build1) ...
Public + security smoke (production build)	Install Playwright browsers	2026-07-13T22:29:32.1297526Z Selecting previously unselected package libswscale7:amd64.
Public + security smoke (production build)	Install Playwright browsers	2026-07-13T22:29:32.1427676Z Preparing to unpack .../076-libswscale7_7%3a6.1.1-3ubuntu5_amd64.deb ...
Public + security smoke (production build)	Install Playwright browsers	2026-07-13T22:29:32.1434966Z Unpacking libswscale7:amd64 (7:6.1.1-3ubuntu5) ...
Public + security smoke (production build)	Install Playwright browsers	2026-07-13T22:29:32.1663445Z Selecting previously unselected package libvidstab1.1:amd64.
Public + security smoke (production build)	Install Playwright browsers	2026-07-13T22:29:32.1790326Z Preparing to unpack .../077-libvidstab1.1_1.1.0-2build1_amd64.deb ...
Public + security smoke (production build)	Install Playwright browsers	2026-07-13T22:29:32.1797803Z Unpacking libvidstab1.1:amd64 (1.1.0-2build1) ...
Public + security smoke (production build)	Install Playwright browsers	2026-07-13T22:29:32.2006127Z Selecting previously unselected package libzimg2:amd64.
Public + security smoke (production build)	Install Playwright browsers	2026-07-13T22:29:32.2136649Z Preparing to unpack .../078-libzimg2_3.0.5+ds1-1build1_amd64.deb ...
Public + security smoke (production build)	Install Playwright browsers	2026-07-13T22:29:32.2144284Z Unpacking libzimg2:amd64 (3.0.5+ds1-1build1) ...
Public + security smoke (production build)	Install Playwright browsers	2026-07-13T22:29:32.2380843Z Selecting previously unselected package libavfilter9:amd64.
Public + security smoke (production build)	Install Playwright browsers	2026-07-13T22:29:32.2668792Z Preparing to unpack .../079-libavfilter9_7%3a6.1.1-3ubuntu5_amd64.deb ...
Public + security smoke (production build)	Install Playwright browsers	2026-07-13T22:29:32.2688437Z Unpacking libavfilter9:amd64 (7:6.1.1-3ubuntu5) ...
Public + security smoke (production build)	Install Playwright browsers	2026-07-13T22:29:32.3409402Z Selecting previously unselected package liborc-0.4-0t64:amd64.
Public + security smoke (production build)	Install Playwright browsers	2026-07-13T22:29:32.3543838Z Preparing to unpack .../080-liborc-0.4-0t64_1%3a0.4.38-1ubuntu0.1_amd64.deb ...
Public + security smoke (production build)	Install Playwright browsers	2026-07-13T22:29:32.3551052Z Unpacking liborc-0.4-0t64:amd64 (1:0.4.38-1ubuntu0.1) ...
Public + security smoke (production build)	Install Playwright browsers	2026-07-13T22:29:32.3791733Z Selecting previously unselected package libgstreamer-plugins-base1.0-0:amd64.
Public + security smoke (production build)	Install Playwright browsers	2026-07-13T22:29:32.3924095Z Preparing to unpack .../081-libgstreamer-plugins-base1.0-0_1.24.2-1ubuntu0.4_amd64.deb ...
Public + security smoke (production build)	Install Playwright browsers	2026-07-13T22:29:32.3930810Z Unpacking libgstreamer-plugins-base1.0-0:amd64 (1.24.2-1ubuntu0.4) ...
Public + security smoke (production build)	Install Playwright browsers	2026-07-13T22:29:32.4374166Z Selecting previously unselected package gstreamer1.0-libav:amd64.
Public + security smoke (production build)	Install Playwright browsers	2026-07-13T22:29:32.4506309Z Preparing to unpack .../082-gstreamer1.0-libav_1.24.1-1build1_amd64.deb ...
Public + security smoke (production build)	Install Playwright browsers	2026-07-13T22:29:32.4512845Z Unpacking gstreamer1.0-libav:amd64 (1.24.1-1build1) ...
Public + security smoke (production build)	Install Playwright browsers	2026-07-13T22:29:32.4729384Z Selecting previously unselected package libcdparanoia0:amd64.
Public + security smoke (production build)	Install Playwright browsers	2026-07-13T22:29:32.4859662Z Preparing to unpack .../083-libcdparanoia0_3.10.2+debian-14build3_amd64.deb ...
Public + security smoke (production build)	Install Playwright browsers	2026-07-13T22:29:32.4866224Z Unpacking libcdparanoia0:amd64 (3.10.2+debian-14build3) ...
Public + security smoke (production build)	Install Playwright browsers	2026-07-13T22:29:32.5080023Z Selecting previously unselected package libvisual-0.4-0:amd64.
Public + security smoke (production build)	Install Playwright browsers	2026-07-13T22:29:32.5207651Z Preparing to unpack .../084-libvisual-0.4-0_0.4.2-2build1_amd64.deb ...
Public + security smoke (production build)	Install Playwright browsers	2026-07-13T22:29:32.5214809Z Unpacking libvisual-0.4-0:amd64 (0.4.2-2build1) ...
Public + security smoke (production build)	Install Playwright browsers	2026-07-13T22:29:32.5440797Z Selecting previously unselected package gstreamer1.0-plugins-base:amd64.
Public + security smoke (production build)	Install Playwright browsers	2026-07-13T22:29:32.5574818Z Preparing to unpack .../085-gstreamer1.0-plugins-base_1.24.2-1ubuntu0.4_amd64.deb ...
Public + security smoke (production build)	Install Playwright browsers	2026-07-13T22:29:32.5582092Z Unpacking gstreamer1.0-plugins-base:amd64 (1.24.2-1ubuntu0.4) ...
Public + security smoke (production build)	Install Playwright browsers	2026-07-13T22:29:32.5907716Z Selecting previously unselected package libaa1:amd64.
Public + security smoke (production build)	Install Playwright browsers	2026-07-13T22:29:32.6040950Z Preparing to unpack .../086-libaa1_1.4p5-51.1_amd64.deb ...
Public + security smoke (production build)	Install Playwright browsers	2026-07-13T22:29:32.6048292Z Unpacking libaa1:amd64 (1.4p5-51.1) ...
Public + security smoke (production build)	Install Playwright browsers	2026-07-13T22:29:32.6267044Z Selecting previously unselected package libraw1394-11:amd64.
Public + security smoke (production build)	Install Playwright browsers	2026-07-13T22:29:32.6398336Z Preparing to unpack .../087-libraw1394-11_2.1.2-2build3_amd64.deb ...
Public + security smoke (production build)	Install Playwright browsers	2026-07-13T22:29:32.6410658Z Unpacking libraw1394-11:amd64 (2.1.2-2build3) ...
Public + security smoke (production build)	Install Playwright browsers	2026-07-13T22:29:32.6618737Z Selecting previously unselected package libavc1394-0:amd64.
Public + security smoke (production build)	Install Playwright browsers	2026-07-13T22:29:32.6748460Z Preparing to unpack .../088-libavc1394-0_0.5.4-5build3_amd64.deb ...
Public + security smoke (production build)	Install Playwright browsers	2026-07-13T22:29:32.6759831Z Unpacking libavc1394-0:amd64 (0.5.4-5build3) ...
Public + security smoke (production build)	Install Playwright browsers	2026-07-13T22:29:32.6960565Z Selecting previously unselected package libcaca0:amd64.
Public + security smoke (production build)	Install Playwright browsers	2026-07-13T22:29:32.7090725Z Preparing to unpack .../089-libcaca0_0.99.beta20-4ubuntu0.2_amd64.deb ...
Public + security smoke (production build)	Install Playwright browsers	2026-07-13T22:29:32.7100952Z Unpacking libcaca0:amd64 (0.99.beta20-4ubuntu0.2) ...
Public + security smoke (production build)	Install Playwright browsers	2026-07-13T22:29:32.7343428Z Selecting previously unselected package libdv4t64:amd64.
Public + security smoke (production build)	Install Playwright browsers	2026-07-13T22:29:32.7474213Z Preparing to unpack .../090-libdv4t64_1.0.0-17.1build1_amd64.deb ...
Public + security smoke (production build)	Install Playwright browsers	2026-07-13T22:29:32.7483328Z Unpacking libdv4t64:amd64 (1.0.0-17.1build1) ...
Public + security smoke (production build)	Install Playwright browsers	2026-07-13T22:29:32.7699180Z Selecting previously unselected package libgstreamer-plugins-good1.0-0:amd64.
Public + security smoke (production build)	Install Playwright browsers	2026-07-13T22:29:32.7829908Z Preparing to unpack .../091-libgstreamer-plugins-good1.0-0_1.24.2-1ubuntu1.4_amd64.deb ...
Public + security smoke (production build)	Install Playwright browsers	2026-07-13T22:29:32.7838302Z Unpacking libgstreamer-plugins-good1.0-0:amd64 (1.24.2-1ubuntu1.4) ...
Public + security smoke (production build)	Install Playwright browsers	2026-07-13T22:29:32.8058399Z Selecting previously unselected package libiec61883-0:amd64.
Public + security smoke (production build)	Install Playwright browsers	2026-07-13T22:29:32.8188665Z Preparing to unpack .../092-libiec61883-0_1.2.0-6build1_amd64.deb ...
Public + security smoke (production build)	Install Playwright browsers	2026-07-13T22:29:32.8195359Z Unpacking libiec61883-0:amd64 (1.2.0-6build1) ...
Public + security smoke (production build)	Install Playwright browsers	2026-07-13T22:29:32.8404743Z Selecting previously unselected package libshout3:amd64.
Public + security smoke (production build)	Install Playwright browsers	2026-07-13T22:29:32.8534249Z Preparing to unpack .../093-libshout3_2.4.6-1build2_amd64.deb ...
Public + security smoke (production build)	Install Playwright browsers	2026-07-13T22:29:32.8542283Z Unpacking libshout3:amd64 (2.4.6-1build2) ...
Public + security smoke (production build)	Install Playwright browsers	2026-07-13T22:29:32.8754294Z Selecting previously unselected package libtag1v5-vanilla:amd64.
Public + security smoke (production build)	Install Playwright browsers	2026-07-13T22:29:32.8885400Z Preparing to unpack .../094-libtag1v5-vanilla_1.13.1-1build1_amd64.deb ...
Public + security smoke (production build)	Install Playwright browsers	2026-07-13T22:29:32.8891930Z Unpacking libtag1v5-vanilla:amd64 (1.13.1-1build1) ...
Public + security smoke (production build)	Install Playwright browsers	2026-07-13T22:29:32.9131931Z Selecting previously unselected package libtag1v5:amd64.
Public + security smoke (production build)	Install Playwright browsers	2026-07-13T22:29:32.9260608Z Preparing to unpack .../095-libtag1v5_1.13.1-1build1_amd64.deb ...
Public + security smoke (production build)	Install Playwright browsers	2026-07-13T22:29:32.9267484Z Unpacking libtag1v5:amd64 (1.13.1-1build1) ...
Public + security smoke (production build)	Install Playwright browsers	2026-07-13T22:29:32.9470730Z Selecting previously unselected package libv4lconvert0t64:amd64.
Public + security smoke (production build)	Install Playwright browsers	2026-07-13T22:29:32.9600540Z Preparing to unpack .../096-libv4lconvert0t64_1.26.1-4build3_amd64.deb ...
Public + security smoke (production build)	Install Playwright browsers	2026-07-13T22:29:32.9608992Z Unpacking libv4lconvert0t64:amd64 (1.26.1-4build3) ...
Public + security smoke (production build)	Install Playwright browsers	2026-07-13T22:29:32.9839246Z Selecting previously unselected package libv4l-0t64:amd64.
Public + security smoke (production build)	Install Playwright browsers	2026-07-13T22:29:32.9970234Z Preparing to unpack .../097-libv4l-0t64_1.26.1-4build3_amd64.deb ...
Public + security smoke (production build)	Install Playwright browsers	2026-07-13T22:29:32.9978905Z Unpacking libv4l-0t64:amd64 (1.26.1-4build3) ...
Public + security smoke (production build)	Install Playwright browsers	2026-07-13T22:29:33.0207369Z Selecting previously unselected package libwavpack1:amd64.
Public + security smoke (production build)	Install Playwright browsers	2026-07-13T22:29:33.0335866Z Preparing to unpack .../098-libwavpack1_5.6.0-1build1_amd64.deb ...
Public + security smoke (production build)	Install Playwright browsers	2026-07-13T22:29:33.0345366Z Unpacking libwavpack1:amd64 (5.6.0-1build1) ...
Public + security smoke (production build)	Install Playwright browsers	2026-07-13T22:29:33.0551444Z Selecting previously unselected package libsoup-3.0-common.
Public + security smoke (production build)	Install Playwright browsers	2026-07-13T22:29:33.0682139Z Preparing to unpack .../099-libsoup-3.0-common_3.4.4-5ubuntu0.7_all.deb ...
Public + security smoke (production build)	Install Playwright browsers	2026-07-13T22:29:33.0689250Z Unpacking libsoup-3.0-common (3.4.4-5ubuntu0.7) ...
Public + security smoke (production build)	Install Playwright browsers	2026-07-13T22:29:33.0887720Z Selecting previously unselected package libsoup-3.0-0:amd64.
Public + security smoke (production build)	Install Playwright browsers	2026-07-13T22:29:33.1015633Z Preparing to unpack .../100-libsoup-3.0-0_3.4.4-5ubuntu0.7_amd64.deb ...
Public + security smoke (production build)	Install Playwright browsers	2026-07-13T22:29:33.1022986Z Unpacking libsoup-3.0-0:amd64 (3.4.4-5ubuntu0.7) ...
Public + security smoke (production build)	Install Playwright browsers	2026-07-13T22:29:33.1251828Z Selecting previously unselected package gstreamer1.0-plugins-good:amd64.
Public + security smoke (production build)	Install Playwright browsers	2026-07-13T22:29:33.1382588Z Preparing to unpack .../101-gstreamer1.0-plugins-good_1.24.2-1ubuntu1.4_amd64.deb ...
Public + security smoke (production build)	Install Playwright browsers	2026-07-13T22:29:33.1389306Z Unpacking gstreamer1.0-plugins-good:amd64 (1.24.2-1ubuntu1.4) ...
Public + security smoke (production build)	Install Playwright browsers	2026-07-13T22:29:33.1945377Z Selecting previously unselected package libabsl20220623t64:amd64.
Public + security smoke (production build)	Install Playwright browsers	2026-07-13T22:29:33.2079083Z Preparing to unpack .../102-libabsl20220623t64_20220623.1-3.1ubuntu3.2_amd64.deb ...
Public + security smoke (production build)	Install Playwright browsers	2026-07-13T22:29:33.2097079Z Unpacking libabsl20220623t64:amd64 (20220623.1-3.1ubuntu3.2) ...
Public + security smoke (production build)	Install Playwright browsers	2026-07-13T22:29:33.2508755Z Selecting previously unselected package libgav1-1:amd64.
Public + security smoke (production build)	Install Playwright browsers	2026-07-13T22:29:33.2640811Z Preparing to unpack .../103-libgav1-1_0.18.0-1build3_amd64.deb ...
Public + security smoke (production build)	Install Playwright browsers	2026-07-13T22:29:33.2647075Z Unpacking libgav1-1:amd64 (0.18.0-1build3) ...
Public + security smoke (production build)	Install Playwright browsers	2026-07-13T22:29:33.2890473Z Selecting previously unselected package libyuv0:amd64.
Public + security smoke (production build)	Install Playwright browsers	2026-07-13T22:29:33.3021336Z Preparing to unpack .../104-libyuv0_0.0~git202401110.af6ac82-1_amd64.deb ...
Public + security smoke (production build)	Install Playwright browsers	2026-07-13T22:29:33.3031723Z Unpacking libyuv0:amd64 (0.0~git202401110.af6ac82-1) ...
Public + security smoke (production build)	Install Playwright browsers	2026-07-13T22:29:33.3260313Z Selecting previously unselected package libavif16:amd64.
Public + security smoke (production build)	Install Playwright browsers	2026-07-13T22:29:33.3389146Z Preparing to unpack .../105-libavif16_1.0.4-1ubuntu3_amd64.deb ...
Public + security smoke (production build)	Install Playwright browsers	2026-07-13T22:29:33.3396522Z Unpacking libavif16:amd64 (1.0.4-1ubuntu3) ...
Public + security smoke (production build)	Install Playwright browsers	2026-07-13T22:29:33.3607585Z Selecting previously unselected package libavtp0:amd64.
Public + security smoke (production build)	Install Playwright browsers	2026-07-13T22:29:33.3736579Z Preparing to unpack .../106-libavtp0_0.2.0-1build1_amd64.deb ...
Public + security smoke (production build)	Install Playwright browsers	2026-07-13T22:29:33.3744586Z Unpacking libavtp0:amd64 (0.2.0-1build1) ...
Public + security smoke (production build)	Install Playwright browsers	2026-07-13T22:29:33.3947918Z Selecting previously unselected package libcairo-script-interpreter2:amd64.
Public + security smoke (production build)	Install Playwright browsers	2026-07-13T22:29:33.4077838Z Preparing to unpack .../107-libcairo-script-interpreter2_1.18.0-3build1_amd64.deb ...
Public + security smoke (production build)	Install Playwright browsers	2026-07-13T22:29:33.4084247Z Unpacking libcairo-script-interpreter2:amd64 (1.18.0-3build1) ...
Public + security smoke (production build)	Install Playwright browsers	2026-07-13T22:29:33.4295721Z Selecting previously unselected package libdc1394-25:amd64.
Public + security smoke (production build)	Install Playwright browsers	2026-07-13T22:29:33.4422684Z Preparing to unpack .../108-libdc1394-25_2.2.6-4build1_amd64.deb ...
Public + security smoke (production build)	Install Playwright browsers	2026-07-13T22:29:33.4428948Z Unpacking libdc1394-25:amd64 (2.2.6-4build1) ...
Public + security smoke (production build)	Install Playwright browsers	2026-07-13T22:29:33.4643323Z Selecting previously unselected package libde265-0:amd64.
Public + security smoke (production build)	Install Playwright browsers	2026-07-13T22:29:33.4773517Z Preparing to unpack .../109-libde265-0_1.0.15-1build3_amd64.deb ...
Public + security smoke (production build)	Install Playwright browsers	2026-07-13T22:29:33.4780066Z Unpacking libde265-0:amd64 (1.0.15-1build3) ...
Public + security smoke (production build)	Install Playwright browsers	2026-07-13T22:29:33.5001178Z Selecting previously unselected package libdecor-0-0:amd64.
Public + security smoke (production build)	Install Playwright browsers	2026-07-13T22:29:33.5131742Z Preparing to unpack .../110-libdecor-0-0_0.2.2-1build2_amd64.deb ...
Public + security smoke (production build)	Install Playwright browsers	2026-07-13T22:29:33.5138555Z Unpacking libdecor-0-0:amd64 (0.2.2-1build2) ...
Public + security smoke (production build)	Install Playwright browsers	2026-07-13T22:29:33.5347468Z Selecting previously unselected package libgles2:amd64.
Public + security smoke (production build)	Install Playwright browsers	2026-07-13T22:29:33.5480121Z Preparing to unpack .../111-libgles2_1.7.0-1build1_amd64.deb ...
Public + security smoke (production build)	Install Playwright browsers	2026-07-13T22:29:33.5489305Z Unpacking libgles2:amd64 (1.7.0-1build1) ...
Public + security smoke (production build)	Install Playwright browsers	2026-07-13T22:29:33.5721550Z Selecting previously unselected package libdirectfb-1.7-7t64:amd64.
Public + security smoke (production build)	Install Playwright browsers	2026-07-13T22:29:33.5859124Z Preparing to unpack .../112-libdirectfb-1.7-7t64_1.7.7-11.1ubuntu2_amd64.deb ...
Public + security smoke (production build)	Install Playwright browsers	2026-07-13T22:29:33.5869268Z Unpacking libdirectfb-1.7-7t64:amd64 (1.7.7-11.1ubuntu2) ...
Public + security smoke (production build)	Install Playwright browsers	2026-07-13T22:29:33.6292390Z Selecting previously unselected package libdvdread8t64:amd64.
Public + security smoke (production build)	Install Playwright browsers	2026-07-13T22:29:33.6428041Z Preparing to unpack .../113-libdvdread8t64_6.1.3-1.1build1_amd64.deb ...
Public + security smoke (production build)	Install Playwright browsers	2026-07-13T22:29:33.6435244Z Unpacking libdvdread8t64:amd64 (6.1.3-1.1build1) ...
Public + security smoke (production build)	Install Playwright browsers	2026-07-13T22:29:33.6674914Z Selecting previously unselected package libdvdnav4:amd64.
Public + security smoke (production build)	Install Playwright browsers	2026-07-13T22:29:33.6809511Z Preparing to unpack .../114-libdvdnav4_6.1.1-3build1_amd64.deb ...
Public + security smoke (production build)	Install Playwright browsers	2026-07-13T22:29:33.6817018Z Unpacking libdvdnav4:amd64 (6.1.1-3build1) ...
Public + security smoke (production build)	Install Playwright browsers	2026-07-13T22:29:33.7035919Z Selecting previously unselected package libegl-mesa0:amd64.
Public + security smoke (production build)	Install Playwright browsers	2026-07-13T22:29:33.7169918Z Preparing to unpack .../115-libegl-mesa0_25.2.8-0ubuntu0.24.04.2_amd64.deb ...
Public + security smoke (production build)	Install Playwright browsers	2026-07-13T22:29:33.7177425Z Unpacking libegl-mesa0:amd64 (25.2.8-0ubuntu0.24.04.2) ...
Public + security smoke (production build)	Install Playwright browsers	2026-07-13T22:29:33.7411698Z Selecting previously unselected package libevent-2.1-7t64:amd64.
Public + security smoke (production build)	Install Playwright browsers	2026-07-13T22:29:33.7545279Z Preparing to unpack .../116-libevent-2.1-7t64_2.1.12-stable-9ubuntu2_amd64.deb ...
Public + security smoke (production build)	Install Playwright browsers	2026-07-13T22:29:33.7553378Z Unpacking libevent-2.1-7t64:amd64 (2.1.12-stable-9ubuntu2) ...
Public + security smoke (production build)	Install Playwright browsers	2026-07-13T22:29:33.7780730Z Selecting previously unselected package libfaad2:amd64.
Public + security smoke (production build)	Install Playwright browsers	2026-07-13T22:29:33.7915658Z Preparing to unpack .../117-libfaad2_2.11.1-1build1_amd64.deb ...
Public + security smoke (production build)	Install Playwright browsers	2026-07-13T22:29:33.7924268Z Unpacking libfaad2:amd64 (2.11.1-1build1) ...
Public + security smoke (production build)	Install Playwright browsers	2026-07-13T22:29:33.8172601Z Selecting previously unselected package libinstpatch-1.0-2:amd64.
Public + security smoke (production build)	Install Playwright browsers	2026-07-13T22:29:33.8307407Z Preparing to unpack .../118-libinstpatch-1.0-2_1.1.6-1build2_amd64.deb ...
Public + security smoke (production build)	Install Playwright browsers	2026-07-13T22:29:33.8315275Z Unpacking libinstpatch-1.0-2:amd64 (1.1.6-1build2) ...
Public + security smoke (production build)	Install Playwright browsers	2026-07-13T22:29:33.8558300Z Selecting previously unselected package libjack-jackd2-0:amd64.
Public + security smoke (production build)	Install Playwright browsers	2026-07-13T22:29:33.8693074Z Preparing to unpack .../119-libjack-jackd2-0_1.9.21~dfsg-3ubuntu3_amd64.deb ...
Public + security smoke (production build)	Install Playwright browsers	2026-07-13T22:29:33.8701126Z Unpacking libjack-jackd2-0:amd64 (1.9.21~dfsg-3ubuntu3) ...
Public + security smoke (production build)	Install Playwright browsers	2026-07-13T22:29:33.8957851Z Selecting previously unselected package libwebrtc-audio-processing1:amd64.
Public + security smoke (production build)	Install Playwright browsers	2026-07-13T22:29:33.9092359Z Preparing to unpack .../120-libwebrtc-audio-processing1_0.3.1-0ubuntu6_amd64.deb ...
Public + security smoke (production build)	Install Playwright browsers	2026-07-13T22:29:33.9100320Z Unpacking libwebrtc-audio-processing1:amd64 (0.3.1-0ubuntu6) ...
Public + security smoke (production build)	Install Playwright browsers	2026-07-13T22:29:33.9335158Z Selecting previously unselected package libspa-0.2-modules:amd64.
Public + security smoke (production build)	Install Playwright browsers	2026-07-13T22:29:33.9468262Z Preparing to unpack .../121-libspa-0.2-modules_1.0.5-1ubuntu3.3_amd64.deb ...
Public + security smoke (production build)	Install Playwright browsers	2026-07-13T22:29:33.9475634Z Unpacking libspa-0.2-modules:amd64 (1.0.5-1ubuntu3.3) ...
Public + security smoke (production build)	Install Playwright browsers	2026-07-13T22:29:33.9802393Z Selecting previously unselected package libpipewire-0.3-0t64:amd64.
Public + security smoke (production build)	Install Playwright browsers	2026-07-13T22:29:33.9938353Z Preparing to unpack .../122-libpipewire-0.3-0t64_1.0.5-1ubuntu3.3_amd64.deb ...
Public + security smoke (production build)	Install Playwright browsers	2026-07-13T22:29:33.9945789Z Unpacking libpipewire-0.3-0t64:amd64 (1.0.5-1ubuntu3.3) ...
Public + security smoke (production build)	Install Playwright browsers	2026-07-13T22:29:34.0192663Z Selecting previously unselected package libsdl2-2.0-0:amd64.
Public + security smoke (production build)	Install Playwright browsers	2026-07-13T22:29:34.0325134Z Preparing to unpack .../123-libsdl2-2.0-0_2.30.0+dfsg-1ubuntu3.1_amd64.deb ...
Public + security smoke (production build)	Install Playwright browsers	2026-07-13T22:29:34.0333941Z Unpacking libsdl2-2.0-0:amd64 (2.30.0+dfsg-1ubuntu3.1) ...
Public + security smoke (production build)	Install Playwright browsers	2026-07-13T22:29:34.0625492Z Selecting previously unselected package timgm6mb-soundfont.
Public + security smoke (production build)	Install Playwright browsers	2026-07-13T22:29:34.0758160Z Preparing to unpack .../124-timgm6mb-soundfont_1.3-5_all.deb ...
Public + security smoke (production build)	Install Playwright browsers	2026-07-13T22:29:34.0765128Z Unpacking timgm6mb-soundfont (1.3-5) ...
Public + security smoke (production build)	Install Playwright browsers	2026-07-13T22:29:34.4437811Z Selecting previously unselected package libfluidsynth3:amd64.
Public + security smoke (production build)	Install Playwright browsers	2026-07-13T22:29:34.4572248Z Preparing to unpack .../125-libfluidsynth3_2.3.4-1build3_amd64.deb ...
Public + security smoke (production build)	Install Playwright browsers	2026-07-13T22:29:34.4579433Z Unpacking libfluidsynth3:amd64 (2.3.4-1build3) ...
Public + security smoke (production build)	Install Playwright browsers	2026-07-13T22:29:34.4810248Z Selecting previously unselected package libfreeaptx0:amd64.
Public + security smoke (production build)	Install Playwright browsers	2026-07-13T22:29:34.4944778Z Preparing to unpack .../126-libfreeaptx0_0.1.1-2build1_amd64.deb ...
Public + security smoke (production build)	Install Playwright browsers	2026-07-13T22:29:34.4952074Z Unpacking libfreeaptx0:amd64 (0.1.1-2build1) ...
Public + security smoke (production build)	Install Playwright browsers	2026-07-13T22:29:34.5171740Z Selecting previously unselected package libgraphene-1.0-0:amd64.
Public + security smoke (production build)	Install Playwright browsers	2026-07-13T22:29:34.5305633Z Preparing to unpack .../127-libgraphene-1.0-0_1.10.8-3build2_amd64.deb ...
Public + security smoke (production build)	Install Playwright browsers	2026-07-13T22:29:34.5313338Z Unpacking libgraphene-1.0-0:amd64 (1.10.8-3build2) ...
Public + security smoke (production build)	Install Playwright browsers	2026-07-13T22:29:34.5534472Z Selecting previously unselected package libgssdp-1.6-0:amd64.
Public + security smoke (production build)	Install Playwright browsers	2026-07-13T22:29:34.5672426Z Preparing to unpack .../128-libgssdp-1.6-0_1.6.3-1build3_amd64.deb ...
Public + security smoke (production build)	Install Playwright browsers	2026-07-13T22:29:34.5679733Z Unpacking libgssdp-1.6-0:amd64 (1.6.3-1build3) ...
Public + security smoke (production build)	Install Playwright browsers	2026-07-13T22:29:34.5903420Z Selecting previously unselected package libegl1:amd64.
Public + security smoke (production build)	Install Playwright browsers	2026-07-13T22:29:34.6037968Z Preparing to unpack .../129-libegl1_1.7.0-1build1_amd64.deb ...
Public + security smoke (production build)	Install Playwright browsers	2026-07-13T22:29:34.6045855Z Unpacking libegl1:amd64 (1.7.0-1build1) ...
Public + security smoke (production build)	Install Playwright browsers	2026-07-13T22:29:34.6256484Z Selecting previously unselected package libgstreamer-gl1.0-0:amd64.
Public + security smoke (production build)	Install Playwright browsers	2026-07-13T22:29:34.6387822Z Preparing to unpack .../130-libgstreamer-gl1.0-0_1.24.2-1ubuntu0.4_amd64.deb ...
Public + security smoke (production build)	Install Playwright browsers	2026-07-13T22:29:34.6395383Z Unpacking libgstreamer-gl1.0-0:amd64 (1.24.2-1ubuntu0.4) ...
Public + security smoke (production build)	Install Playwright browsers	2026-07-13T22:29:34.6617699Z Selecting previously unselected package libgtk-4-common.
Public + security smoke (production build)	Install Playwright browsers	2026-07-13T22:29:34.6747425Z Preparing to unpack .../131-libgtk-4-common_4.14.5+ds-0ubuntu0.10_all.deb ...
Public + security smoke (production build)	Install Playwright browsers	2026-07-13T22:29:34.6754482Z Unpacking libgtk-4-common (4.14.5+ds-0ubuntu0.10) ...
Public + security smoke (production build)	Install Playwright browsers	2026-07-13T22:29:34.7223951Z Selecting previously unselected package libgtk-4-1:amd64.
Public + security smoke (production build)	Install Playwright browsers	2026-07-13T22:29:34.7358273Z Preparing to unpack .../132-libgtk-4-1_4.14.5+ds-0ubuntu0.10_amd64.deb ...
Public + security smoke (production build)	Install Playwright browsers	2026-07-13T22:29:34.7365013Z Unpacking libgtk-4-1:amd64 (4.14.5+ds-0ubuntu0.10) ...
Public + security smoke (production build)	Install Playwright browsers	2026-07-13T22:29:34.7996995Z Selecting previously unselected package libgupnp-1.6-0:amd64.
Public + security smoke (production build)	Install Playwright browsers	2026-07-13T22:29:34.8131744Z Preparing to unpack .../133-libgupnp-1.6-0_1.6.6-1build3_amd64.deb ...
Public + security smoke (production build)	Install Playwright browsers	2026-07-13T22:29:34.8139387Z Unpacking libgupnp-1.6-0:amd64 (1.6.6-1build3) ...
Public + security smoke (production build)	Install Playwright browsers	2026-07-13T22:29:34.8361627Z Selecting previously unselected package libgupnp-igd-1.6-0:amd64.
Public + security smoke (production build)	Install Playwright browsers	2026-07-13T22:29:34.8492520Z Preparing to unpack .../134-libgupnp-igd-1.6-0_1.6.0-3build3_amd64.deb ...
Public + security smoke (production build)	Install Playwright browsers	2026-07-13T22:29:34.8499652Z Unpacking libgupnp-igd-1.6-0:amd64 (1.6.0-3build3) ...
Public + security smoke (production build)	Install Playwright browsers	2026-07-13T22:29:34.8705935Z Selecting previously unselected package libharfbuzz-icu0:amd64.
Public + security smoke (production build)	Install Playwright browsers	2026-07-13T22:29:34.8835968Z Preparing to unpack .../135-libharfbuzz-icu0_8.3.0-2build2_amd64.deb ...
Public + security smoke (production build)	Install Playwright browsers	2026-07-13T22:29:34.8842901Z Unpacking libharfbuzz-icu0:amd64 (8.3.0-2build2) ...
Public + security smoke (production build)	Install Playwright browsers	2026-07-13T22:29:34.9048238Z Selecting previously unselected package libhyphen0:amd64.
Public + security smoke (production build)	Install Playwright browsers	2026-07-13T22:29:34.9184335Z Preparing to unpack .../136-libhyphen0_2.8.8-7build3_amd64.deb ...
Public + security smoke (production build)	Install Playwright browsers	2026-07-13T22:29:34.9192905Z Unpacking libhyphen0:amd64 (2.8.8-7build3) ...
Public + security smoke (production build)	Install Playwright browsers	2026-07-13T22:29:34.9420189Z Selecting previously unselected package libimath-3-1-29t64:amd64.
Public + security smoke (production build)	Install Playwright browsers	2026-07-13T22:29:34.9556023Z Preparing to unpack .../137-libimath-3-1-29t64_3.1.9-3.1ubuntu2_amd64.deb ...
Public + security smoke (production build)	Install Playwright browsers	2026-07-13T22:29:34.9564645Z Unpacking libimath-3-1-29t64:amd64 (3.1.9-3.1ubuntu2) ...
Public + security smoke (production build)	Install Playwright browsers	2026-07-13T22:29:34.9810791Z Selecting previously unselected package liblc3-1:amd64.
Public + security smoke (production build)	Install Playwright browsers	2026-07-13T22:29:34.9946049Z Preparing to unpack .../138-liblc3-1_1.0.4-3build1_amd64.deb ...
Public + security smoke (production build)	Install Playwright browsers	2026-07-13T22:29:34.9953761Z Unpacking liblc3-1:amd64 (1.0.4-3build1) ...
Public + security smoke (production build)	Install Playwright browsers	2026-07-13T22:29:35.0181250Z Selecting previously unselected package libldacbt-enc2:amd64.
Public + security smoke (production build)	Install Playwright browsers	2026-07-13T22:29:35.0320959Z Preparing to unpack .../139-libldacbt-enc2_2.0.2.3+git20200429+ed310a0-4ubuntu2_amd64.deb ...
Public + security smoke (production build)	Install Playwright browsers	2026-07-13T22:29:35.0328898Z Unpacking libldacbt-enc2:amd64 (2.0.2.3+git20200429+ed310a0-4ubuntu2) ...
Public + security smoke (production build)	Install Playwright browsers	2026-07-13T22:29:35.0553120Z Selecting previously unselected package libraptor2-0:amd64.
Public + security smoke (production build)	Install Playwright browsers	2026-07-13T22:29:35.0691376Z Preparing to unpack .../140-libraptor2-0_2.0.16-3ubuntu0.1_amd64.deb ...
Public + security smoke (production build)	Install Playwright browsers	2026-07-13T22:29:35.0699087Z Unpacking libraptor2-0:amd64 (2.0.16-3ubuntu0.1) ...
Public + security smoke (production build)	Install Playwright browsers	2026-07-13T22:29:35.0948304Z Selecting previously unselected package liblrdf0:amd64.
Public + security smoke (production build)	Install Playwright browsers	2026-07-13T22:29:35.1085770Z Preparing to unpack .../141-liblrdf0_0.6.1-4build1_amd64.deb ...
Public + security smoke (production build)	Install Playwright browsers	2026-07-13T22:29:35.1094421Z Unpacking liblrdf0:amd64 (0.6.1-4build1) ...
Public + security smoke (production build)	Install Playwright browsers	2026-07-13T22:29:35.1321673Z Selecting previously unselected package libltc11:amd64.
Public + security smoke (production build)	Install Playwright browsers	2026-07-13T22:29:35.1458250Z Preparing to unpack .../142-libltc11_1.3.2-1build1_amd64.deb ...
Public + security smoke (production build)	Install Playwright browsers	2026-07-13T22:29:35.1466007Z Unpacking libltc11:amd64 (1.3.2-1build1) ...
Public + security smoke (production build)	Install Playwright browsers	2026-07-13T22:29:35.1690817Z Selecting previously unselected package libmanette-0.2-0:amd64.
Public + security smoke (production build)	Install Playwright browsers	2026-07-13T22:29:35.1828334Z Preparing to unpack .../143-libmanette-0.2-0_0.2.7-1build2_amd64.deb ...
Public + security smoke (production build)	Install Playwright browsers	2026-07-13T22:29:35.1836966Z Unpacking libmanette-0.2-0:amd64 (0.2.7-1build2) ...
Public + security smoke (production build)	Install Playwright browsers	2026-07-13T22:29:35.2073177Z Selecting previously unselected package libmfx1:amd64.
Public + security smoke (production build)	Install Playwright browsers	2026-07-13T22:29:35.2211792Z Preparing to unpack .../144-libmfx1_22.5.4-1_amd64.deb ...
Public + security smoke (production build)	Install Playwright browsers	2026-07-13T22:29:35.2220343Z Unpacking libmfx1:amd64 (22.5.4-1) ...
Public + security smoke (production build)	Install Playwright browsers	2026-07-13T22:29:35.3172998Z Selecting previously unselected package libmjpegutils-2.1-0t64:amd64.
Public + security smoke (production build)	Install Playwright browsers	2026-07-13T22:29:35.3309021Z Preparing to unpack .../145-libmjpegutils-2.1-0t64_1%3a2.1.0+debian-8.1build1_amd64.deb ...
Public + security smoke (production build)	Install Playwright browsers	2026-07-13T22:29:35.3318040Z Unpacking libmjpegutils-2.1-0t64:amd64 (1:2.1.0+debian-8.1build1) ...
Public + security smoke (production build)	Install Playwright browsers	2026-07-13T22:29:35.3541639Z Selecting previously unselected package libmodplug1:amd64.
Public + security smoke (production build)	Install Playwright browsers	2026-07-13T22:29:35.3677012Z Preparing to unpack .../146-libmodplug1_1%3a0.8.9.0-3build1_amd64.deb ...
Public + security smoke (production build)	Install Playwright browsers	2026-07-13T22:29:35.3684011Z Unpacking libmodplug1:amd64 (1:0.8.9.0-3build1) ...
Public + security smoke (production build)	Install Playwright browsers	2026-07-13T22:29:35.3923864Z Selecting previously unselected package libmpcdec6:amd64.
Public + security smoke (production build)	Install Playwright browsers	2026-07-13T22:29:35.4061283Z Preparing to unpack .../147-libmpcdec6_2%3a0.1~r495-2build1_amd64.deb ...
Public + security smoke (production build)	Install Playwright browsers	2026-07-13T22:29:35.4069792Z Unpacking libmpcdec6:amd64 (2:0.1~r495-2build1) ...
Public + security smoke (production build)	Install Playwright browsers	2026-07-13T22:29:35.4290187Z Selecting previously unselected package libmpeg2encpp-2.1-0t64:amd64.
Public + security smoke (production build)	Install Playwright browsers	2026-07-13T22:29:35.4426550Z Preparing to unpack .../148-libmpeg2encpp-2.1-0t64_1%3a2.1.0+debian-8.1build1_amd64.deb ...
Public + security smoke (production build)	Install Playwright browsers	2026-07-13T22:29:35.4434712Z Unpacking libmpeg2encpp-2.1-0t64:amd64 (1:2.1.0+debian-8.1build1) ...
Public + security smoke (production build)	Install Playwright browsers	2026-07-13T22:29:35.4669196Z Selecting previously unselected package libmplex2-2.1-0t64:amd64.
Public + security smoke (production build)	Install Playwright browsers	2026-07-13T22:29:35.4806577Z Preparing to unpack .../149-libmplex2-2.1-0t64_1%3a2.1.0+debian-8.1build1_amd64.deb ...
Public + security smoke (production build)	Install Playwright browsers	2026-07-13T22:29:35.4813725Z Unpacking libmplex2-2.1-0t64:amd64 (1:2.1.0+debian-8.1build1) ...
Public + security smoke (production build)	Install Playwright browsers	2026-07-13T22:29:35.5043101Z Selecting previously unselected package libneon27t64:amd64.
Public + security smoke (production build)	Install Playwright browsers	2026-07-13T22:29:35.5179213Z Preparing to unpack .../150-libneon27t64_0.33.0-1.1build3_amd64.deb ...
Public + security smoke (production build)	Install Playwright browsers	2026-07-13T22:29:35.5186026Z Unpacking libneon27t64:amd64 (0.33.0-1.1build3) ...
Public + security smoke (production build)	Install Playwright browsers	2026-07-13T22:29:35.5424687Z Selecting previously unselected package libnice10:amd64.
Public + security smoke (production build)	Install Playwright browsers	2026-07-13T22:29:35.5560785Z Preparing to unpack .../151-libnice10_0.1.21-2build3_amd64.deb ...
Public + security smoke (production build)	Install Playwright browsers	2026-07-13T22:29:35.5568823Z Unpacking libnice10:amd64 (0.1.21-2build3) ...
Public + security smoke (production build)	Install Playwright browsers	2026-07-13T22:29:35.5805837Z Selecting previously unselected package libopenal-data.
Public + security smoke (production build)	Install Playwright browsers	2026-07-13T22:29:35.5942685Z Preparing to unpack .../152-libopenal-data_1%3a1.23.1-4build1_all.deb ...
Public + security smoke (production build)	Install Playwright browsers	2026-07-13T22:29:35.5950048Z Unpacking libopenal-data (1:1.23.1-4build1) ...
Public + security smoke (production build)	Install Playwright browsers	2026-07-13T22:29:35.6198840Z Selecting previously unselected package libopenexr-3-1-30:amd64.
Public + security smoke (production build)	Install Playwright browsers	2026-07-13T22:29:35.6335420Z Preparing to unpack .../153-libopenexr-3-1-30_3.1.5-5.1build3_amd64.deb ...
Public + security smoke (production build)	Install Playwright browsers	2026-07-13T22:29:35.6342939Z Unpacking libopenexr-3-1-30:amd64 (3.1.5-5.1build3) ...
Public + security smoke (production build)	Install Playwright browsers	2026-07-13T22:29:35.6723695Z Selecting previously unselected package libopenh264-7:amd64.
Public + security smoke (production build)	Install Playwright browsers	2026-07-13T22:29:35.6860608Z Preparing to unpack .../154-libopenh264-7_2.4.1+dfsg-1_amd64.deb ...
Public + security smoke (production build)	Install Playwright browsers	2026-07-13T22:29:35.6868309Z Unpacking libopenh264-7:amd64 (2.4.1+dfsg-1) ...
Public + security smoke (production build)	Install Playwright browsers	2026-07-13T22:29:35.7139554Z Selecting previously unselected package libopenni2-0:amd64.
Public + security smoke (production build)	Install Playwright browsers	2026-07-13T22:29:35.7277328Z Preparing to unpack .../155-libopenni2-0_2.2.0.33+dfsg-18_amd64.deb ...
Public + security smoke (production build)	Install Playwright browsers	2026-07-13T22:29:35.7313285Z Unpacking libopenni2-0:amd64 (2.2.0.33+dfsg-18) ...
Public + security smoke (production build)	Install Playwright browsers	2026-07-13T22:29:35.7593741Z Selecting previously unselected package libqrencode4:amd64.
Public + security smoke (production build)	Install Playwright browsers	2026-07-13T22:29:35.7731037Z Preparing to unpack .../156-libqrencode4_4.1.1-1build2_amd64.deb ...
Public + security smoke (production build)	Install Playwright browsers	2026-07-13T22:29:35.7739612Z Unpacking libqrencode4:amd64 (4.1.1-1build2) ...
Public + security smoke (production build)	Install Playwright browsers	2026-07-13T22:29:35.7958076Z Selecting previously unselected package libsecret-common.
Public + security smoke (production build)	Install Playwright browsers	2026-07-13T22:29:35.8097049Z Preparing to unpack .../157-libsecret-common_0.21.4-1build3_all.deb ...
Public + security smoke (production build)	Install Playwright browsers	2026-07-13T22:29:35.8104142Z Unpacking libsecret-common (0.21.4-1build3) ...
Public + security smoke (production build)	Install Playwright browsers	2026-07-13T22:29:35.8327590Z Selecting previously unselected package libsecret-1-0:amd64.
Public + security smoke (production build)	Install Playwright browsers	2026-07-13T22:29:35.8464107Z Preparing to unpack .../158-libsecret-1-0_0.21.4-1build3_amd64.deb ...
Public + security smoke (production build)	Install Playwright browsers	2026-07-13T22:29:35.8471762Z Unpacking libsecret-1-0:amd64 (0.21.4-1build3) ...
Public + security smoke (production build)	Install Playwright browsers	2026-07-13T22:29:35.8706852Z Selecting previously unselected package libsndio7.0:amd64.
Public + security smoke (production build)	Install Playwright browsers	2026-07-13T22:29:35.8843320Z Preparing to unpack .../159-libsndio7.0_1.9.0-0.3build3_amd64.deb ...
Public + security smoke (production build)	Install Playwright browsers	2026-07-13T22:29:35.8850893Z Unpacking libsndio7.0:amd64 (1.9.0-0.3build3) ...
Public + security smoke (production build)	Install Playwright browsers	2026-07-13T22:29:35.9077368Z Selecting previously unselected package libsoundtouch1:amd64.
Public + security smoke (production build)	Install Playwright browsers	2026-07-13T22:29:35.9212716Z Preparing to unpack .../160-libsoundtouch1_2.3.2+ds1-1build1_amd64.deb ...
Public + security smoke (production build)	Install Playwright browsers	2026-07-13T22:29:35.9219989Z Unpacking libsoundtouch1:amd64 (2.3.2+ds1-1build1) ...
Public + security smoke (production build)	Install Playwright browsers	2026-07-13T22:29:35.9456047Z Selecting previously unselected package libspandsp2t64:amd64.
Public + security smoke (production build)	Install Playwright browsers	2026-07-13T22:29:35.9592671Z Preparing to unpack .../161-libspandsp2t64_0.0.6+dfsg-2.1build1_amd64.deb ...
Public + security smoke (production build)	Install Playwright browsers	2026-07-13T22:29:35.9600979Z Unpacking libspandsp2t64:amd64 (0.0.6+dfsg-2.1build1) ...
Public + security smoke (production build)	Install Playwright browsers	2026-07-13T22:29:35.9866790Z Selecting previously unselected package libsrtp2-1:amd64.
Public + security smoke (production build)	Install Playwright browsers	2026-07-13T22:29:36.0004847Z Preparing to unpack .../162-libsrtp2-1_2.5.0-3build1_amd64.deb ...
Public + security smoke (production build)	Install Playwright browsers	2026-07-13T22:29:36.0012303Z Unpacking libsrtp2-1:amd64 (2.5.0-3build1) ...
Public + security smoke (production build)	Install Playwright browsers	2026-07-13T22:29:36.0246961Z Selecting previously unselected package libwayland-server0:amd64.
Public + security smoke (production build)	Install Playwright browsers	2026-07-13T22:29:36.0383911Z Preparing to unpack .../163-libwayland-server0_1.22.0-2.1build1_amd64.deb ...
Public + security smoke (production build)	Install Playwright browsers	2026-07-13T22:29:36.0391382Z Unpacking libwayland-server0:amd64 (1.22.0-2.1build1) ...
Public + security smoke (production build)	Install Playwright browsers	2026-07-13T22:29:36.0617938Z Selecting previously unselected package libwildmidi2:amd64.
Public + security smoke (production build)	Install Playwright browsers	2026-07-13T22:29:36.0754913Z Preparing to unpack .../164-libwildmidi2_0.4.3-1build3_amd64.deb ...
Public + security smoke (production build)	Install Playwright browsers	2026-07-13T22:29:36.0769563Z Unpacking libwildmidi2:amd64 (0.4.3-1build3) ...
Public + security smoke (production build)	Install Playwright browsers	2026-07-13T22:29:36.1131049Z Selecting previously unselected package libwoff1:amd64.
Public + security smoke (production build)	Install Playwright browsers	2026-07-13T22:29:36.1266301Z Preparing to unpack .../165-libwoff1_1.0.2-2build1_amd64.deb ...
Public + security smoke (production build)	Install Playwright browsers	2026-07-13T22:29:36.1274050Z Unpacking libwoff1:amd64 (1.0.2-2build1) ...
Public + security smoke (production build)	Install Playwright browsers	2026-07-13T22:29:36.1503869Z Selecting previously unselected package libxcb-xkb1:amd64.
Public + security smoke (production build)	Install Playwright browsers	2026-07-13T22:29:36.1639281Z Preparing to unpack .../166-libxcb-xkb1_1.15-1ubuntu2_amd64.deb ...
Public + security smoke (production build)	Install Playwright browsers	2026-07-13T22:29:36.1646316Z Unpacking libxcb-xkb1:amd64 (1.15-1ubuntu2) ...
Public + security smoke (production build)	Install Playwright browsers	2026-07-13T22:29:36.1874511Z Selecting previously unselected package libxkbcommon-x11-0:amd64.
Public + security smoke (production build)	Install Playwright browsers	2026-07-13T22:29:36.2011095Z Preparing to unpack .../167-libxkbcommon-x11-0_1.6.0-1build1_amd64.deb ...
Public + security smoke (production build)	Install Playwright browsers	2026-07-13T22:29:36.2019876Z Unpacking libxkbcommon-x11-0:amd64 (1.6.0-1build1) ...
Public + security smoke (production build)	Install Playwright browsers	2026-07-13T22:29:36.2239417Z Selecting previously unselected package libzbar0t64:amd64.
Public + security smoke (production build)	Install Playwright browsers	2026-07-13T22:29:36.2378826Z Preparing to unpack .../168-libzbar0t64_0.23.93-4build3_amd64.deb ...
Public + security smoke (production build)	Install Playwright browsers	2026-07-13T22:29:36.2385425Z Unpacking libzbar0t64:amd64 (0.23.93-4build3) ...
Public + security smoke (production build)	Install Playwright browsers	2026-07-13T22:29:36.2616556Z Selecting previously unselected package libzxing3:amd64.
Public + security smoke (production build)	Install Playwright browsers	2026-07-13T22:29:36.2752120Z Preparing to unpack .../169-libzxing3_2.2.1-3_amd64.deb ...
Public + security smoke (production build)	Install Playwright browsers	2026-07-13T22:29:36.2760649Z Unpacking libzxing3:amd64 (2.2.1-3) ...
Public + security smoke (production build)	Install Playwright browsers	2026-07-13T22:29:36.3011667Z Selecting previously unselected package xfonts-encodings.
Public + security smoke (production build)	Install Playwright browsers	2026-07-13T22:29:36.3144590Z Preparing to unpack .../170-xfonts-encodings_1%3a1.0.5-0ubuntu2_all.deb ...
Public + security smoke (production build)	Install Playwright browsers	2026-07-13T22:29:36.3150676Z Unpacking xfonts-encodings (1:1.0.5-0ubuntu2) ...
Public + security smoke (production build)	Install Playwright browsers	2026-07-13T22:29:36.3439101Z Selecting previously unselected package xfonts-utils.
Public + security smoke (production build)	Install Playwright browsers	2026-07-13T22:29:36.3570913Z Preparing to unpack .../171-xfonts-utils_1%3a7.7+6build3_amd64.deb ...
Public + security smoke (production build)	Install Playwright browsers	2026-07-13T22:29:36.3578710Z Unpacking xfonts-utils (1:7.7+6build3) ...
Public + security smoke (production build)	Install Playwright browsers	2026-07-13T22:29:36.4365096Z Selecting previously unselected package xfonts-cyrillic.
Public + security smoke (production build)	Install Playwright browsers	2026-07-13T22:29:36.4503285Z Preparing to unpack .../172-xfonts-cyrillic_1%3a1.0.5+nmu1_all.deb ...
Public + security smoke (production build)	Install Playwright browsers	2026-07-13T22:29:36.4511134Z Unpacking xfonts-cyrillic (1:1.0.5+nmu1) ...
Public + security smoke (production build)	Install Playwright browsers	2026-07-13T22:29:36.4876627Z Selecting previously unselected package xfonts-scalable.
Public + security smoke (production build)	Install Playwright browsers	2026-07-13T22:29:36.5013437Z Preparing to unpack .../173-xfonts-scalable_1%3a1.0.3-1.3_all.deb ...
Public + security smoke (production build)	Install Playwright browsers	2026-07-13T22:29:36.5021266Z Unpacking xfonts-scalable (1:1.0.3-1.3) ...
Public + security smoke (production build)	Install Playwright browsers	2026-07-13T22:29:36.5285042Z Selecting previously unselected package libgstreamer-plugins-bad1.0-0:amd64.
Public + security smoke (production build)	Install Playwright browsers	2026-07-13T22:29:36.5422849Z Preparing to unpack .../174-libgstreamer-plugins-bad1.0-0_1.24.2-1ubuntu4_amd64.deb ...
Public + security smoke (production build)	Install Playwright browsers	2026-07-13T22:29:36.5429679Z Unpacking libgstreamer-plugins-bad1.0-0:amd64 (1.24.2-1ubuntu4) ...
Public + security smoke (production build)	Install Playwright browsers	2026-07-13T22:29:36.5825752Z Selecting previously unselected package libdca0:amd64.
Public + security smoke (production build)	Install Playwright browsers	2026-07-13T22:29:36.5962114Z Preparing to unpack .../175-libdca0_0.0.7-2build1_amd64.deb ...
Public + security smoke (production build)	Install Playwright browsers	2026-07-13T22:29:36.5969106Z Unpacking libdca0:amd64 (0.0.7-2build1) ...
Public + security smoke (production build)	Install Playwright browsers	2026-07-13T22:29:36.6200625Z Selecting previously unselected package libopenal1:amd64.
Public + security smoke (production build)	Install Playwright browsers	2026-07-13T22:29:36.6336862Z Preparing to unpack .../176-libopenal1_1%3a1.23.1-4build1_amd64.deb ...
Public + security smoke (production build)	Install Playwright browsers	2026-07-13T22:29:36.6343801Z Unpacking libopenal1:amd64 (1:1.23.1-4build1) ...
Public + security smoke (production build)	Install Playwright browsers	2026-07-13T22:29:36.6629332Z Selecting previously unselected package libsbc1:amd64.
Public + security smoke (production build)	Install Playwright browsers	2026-07-13T22:29:36.6767276Z Preparing to unpack .../177-libsbc1_2.0-1build1_amd64.deb ...
Public + security smoke (production build)	Install Playwright browsers	2026-07-13T22:29:36.6775656Z Unpacking libsbc1:amd64 (2.0-1build1) ...
Public + security smoke (production build)	Install Playwright browsers	2026-07-13T22:29:36.7002853Z Selecting previously unselected package libvo-aacenc0:amd64.
Public + security smoke (production build)	Install Playwright browsers	2026-07-13T22:29:36.7138553Z Preparing to unpack .../178-libvo-aacenc0_0.1.3-2build1_amd64.deb ...
Public + security smoke (production build)	Install Playwright browsers	2026-07-13T22:29:36.7146153Z Unpacking libvo-aacenc0:amd64 (0.1.3-2build1) ...
Public + security smoke (production build)	Install Playwright browsers	2026-07-13T22:29:36.7374320Z Selecting previously unselected package libvo-amrwbenc0:amd64.
Public + security smoke (production build)	Install Playwright browsers	2026-07-13T22:29:36.7511422Z Preparing to unpack .../179-libvo-amrwbenc0_0.1.3-2build1_amd64.deb ...
Public + security smoke (production build)	Install Playwright browsers	2026-07-13T22:29:36.7519077Z Unpacking libvo-amrwbenc0:amd64 (0.1.3-2build1) ...
Public + security smoke (production build)	Install Playwright browsers	2026-07-13T22:29:36.7742951Z Selecting previously unselected package gstreamer1.0-plugins-bad:amd64.
Public + security smoke (production build)	Install Playwright browsers	2026-07-13T22:29:36.7879865Z Preparing to unpack .../180-gstreamer1.0-plugins-bad_1.24.2-1ubuntu4_amd64.deb ...
Public + security smoke (production build)	Install Playwright browsers	2026-07-13T22:29:36.7887808Z Unpacking gstreamer1.0-plugins-bad:amd64 (1.24.2-1ubuntu4) ...
Public + security smoke (production build)	Install Playwright browsers	2026-07-13T22:29:36.9784780Z Setting up libgme0:amd64 (0.6.3-7build1) ...
Public + security smoke (production build)	Install Playwright browsers	2026-07-13T22:29:36.9808373Z Setting up libchromaprint1:amd64 (1.5.1-5) ...
Public + security smoke (production build)	Install Playwright browsers	2026-07-13T22:29:36.9823971Z Setting up libssh-gcrypt-4:amd64 (0.10.6-2ubuntu0.4) ...
Public + security smoke (production build)	Install Playwright browsers	2026-07-13T22:29:36.9841542Z Setting up libhwy1t64:amd64 (1.0.7-8.1build1) ...
Public + security smoke (production build)	Install Playwright browsers	2026-07-13T22:29:36.9859632Z Setting up libcairo-script-interpreter2:amd64 (1.18.0-3build1) ...
Public + security smoke (production build)	Install Playwright browsers	2026-07-13T22:29:36.9879531Z Setting up libfreeaptx0:amd64 (0.1.1-2build1) ...
Public + security smoke (production build)	Install Playwright browsers	2026-07-13T22:29:36.9895763Z Setting up libdvdread8t64:amd64 (6.1.3-1.1build1) ...
Public + security smoke (production build)	Install Playwright browsers	2026-07-13T22:29:36.9912682Z Setting up libudfread0:amd64 (1.1.2-1build1) ...
Public + security smoke (production build)	Install Playwright browsers	2026-07-13T22:29:36.9930028Z Setting up libmodplug1:amd64 (1:0.8.9.0-3build1) ...
Public + security smoke (production build)	Install Playwright browsers	2026-07-13T22:29:36.9946414Z Setting up libcdparanoia0:amd64 (3.10.2+debian-14build3) ...
Public + security smoke (production build)	Install Playwright browsers	2026-07-13T22:29:36.9962640Z Setting up libwayland-server0:amd64 (1.22.0-2.1build1) ...
Public + security smoke (production build)	Install Playwright browsers	2026-07-13T22:29:36.9978515Z Setting up libvo-amrwbenc0:amd64 (0.1.3-2build1) ...
Public + security smoke (production build)	Install Playwright browsers	2026-07-13T22:29:36.9995349Z Setting up session-migration (0.3.9build1) ...
Public + security smoke (production build)	Install Playwright browsers	2026-07-13T22:29:37.1399097Z Created symlink /etc/systemd/user/graphical-session-pre.target.wants/session-migration.service ÔåÆ /usr/lib/systemd/user/session-migration.service.
Public + security smoke (production build)	Install Playwright browsers	2026-07-13T22:29:37.1400144Z 
Public + security smoke (production build)	Install Playwright browsers	2026-07-13T22:29:37.1434348Z Setting up libraw1394-11:amd64 (2.1.2-2build3) ...
Public + security smoke (production build)	Install Playwright browsers	2026-07-13T22:29:37.1451023Z Setting up libsbc1:amd64 (2.0-1build1) ...
Public + security smoke (production build)	Install Playwright browsers	2026-07-13T22:29:37.1469352Z Setting up libproxy1v5:amd64 (0.5.4-4build1) ...
Public + security smoke (production build)	Install Playwright browsers	2026-07-13T22:29:37.1485930Z Setting up libneon27t64:amd64 (0.33.0-1.1build3) ...
Public + security smoke (production build)	Install Playwright browsers	2026-07-13T22:29:37.1503896Z Setting up libtag1v5-vanilla:amd64 (1.13.1-1build1) ...
Public + security smoke (production build)	Install Playwright browsers	2026-07-13T22:29:37.1522530Z Setting up libharfbuzz-icu0:amd64 (8.3.0-2build2) ...
Public + security smoke (production build)	Install Playwright browsers	2026-07-13T22:29:37.1540949Z Setting up libopenni2-0:amd64 (2.2.0.33+dfsg-18) ...
Public + security smoke (production build)	Install Playwright browsers	2026-07-13T22:29:37.1711914Z Setting up libspeex1:amd64 (1.2.1-2ubuntu2.24.04.1) ...
Public + security smoke (production build)	Install Playwright browsers	2026-07-13T22:29:37.1730768Z Setting up libshine3:amd64 (3.1.1-2build1) ...
Public + security smoke (production build)	Install Playwright browsers	2026-07-13T22:29:37.1748604Z Setting up libcaca0:amd64 (0.99.beta20-4ubuntu0.2) ...
Public + security smoke (production build)	Install Playwright browsers	2026-07-13T22:29:37.1769101Z Setting up libvpl2 (2023.3.0-1build1) ...
Public + security smoke (production build)	Install Playwright browsers	2026-07-13T22:29:37.1788279Z Setting up libv4lconvert0t64:amd64 (1.26.1-4build3) ...
Public + security smoke (production build)	Install Playwright browsers	2026-07-13T22:29:37.1811242Z Setting up libx264-164:amd64 (2:0.164.3108+git31e19f9-1) ...
Public + security smoke (production build)	Install Playwright browsers	2026-07-13T22:29:37.1830702Z Setting up libtwolame0:amd64 (0.4.0-2build3) ...
Public + security smoke (production build)	Install Playwright browsers	2026-07-13T22:29:37.1847632Z Setting up libmbedcrypto7t64:amd64 (2.28.8-1) ...
Public + security smoke (production build)	Install Playwright browsers	2026-07-13T22:29:37.1864993Z Setting up libwoff1:amd64 (1.0.2-2build1) ...
Public + security smoke (production build)	Install Playwright browsers	2026-07-13T22:29:37.1886010Z Setting up liblc3-1:amd64 (1.0.4-3build1) ...
Public + security smoke (production build)	Install Playwright browsers	2026-07-13T22:29:37.1904633Z Setting up libqrencode4:amd64 (4.1.1-1build2) ...
Public + security smoke (production build)	Install Playwright browsers	2026-07-13T22:29:37.1922739Z Setting up libhyphen0:amd64 (2.8.8-7build3) ...
Public + security smoke (production build)	Install Playwright browsers	2026-07-13T22:29:37.1941031Z Setting up libgsm1:amd64 (1.0.22-1build1) ...
Public + security smoke (production build)	Install Playwright browsers	2026-07-13T22:29:37.1958216Z Setting up libvisual-0.4-0:amd64 (0.4.2-2build1) ...
Public + security smoke (production build)	Install Playwright browsers	2026-07-13T22:29:37.1979119Z Setting up libsoxr0:amd64 (0.1.3-4build3) ...
Public + security smoke (production build)	Install Playwright browsers	2026-07-13T22:29:37.2002541Z Setting up libzix-0-0:amd64 (0.4.2-2build1) ...
Public + security smoke (production build)	Install Playwright browsers	2026-07-13T22:29:37.2021211Z Setting up libcodec2-1.2:amd64 (1.2.0-2build1) ...
Public + security smoke (production build)	Install Playwright browsers	2026-07-13T22:29:37.2040546Z Setting up libmanette-0.2-0:amd64 (0.2.7-1build2) ...
Public + security smoke (production build)	Install Playwright browsers	2026-07-13T22:29:37.2059427Z Setting up libsrtp2-1:amd64 (2.5.0-3build1) ...
Public + security smoke (production build)	Install Playwright browsers	2026-07-13T22:29:37.2078478Z Setting up libmysofa1:amd64 (1.3.2+dfsg-2ubuntu2) ...
Public + security smoke (production build)	Install Playwright browsers	2026-07-13T22:29:37.2096407Z Setting up libraptor2-0:amd64 (2.0.16-3ubuntu0.1) ...
Public + security smoke (production build)	Install Playwright browsers	2026-07-13T22:29:37.2114141Z Setting up libldacbt-enc2:amd64 (2.0.2.3+git20200429+ed310a0-4ubuntu2) ...
Public + security smoke (production build)	Install Playwright browsers	2026-07-13T22:29:37.2132766Z Setting up fonts-wqy-zenhei (0.9.45-8) ...
Public + security smoke (production build)	Install Playwright browsers	2026-07-13T22:29:37.2256068Z Setting up libwebrtc-audio-processing1:amd64 (0.3.1-0ubuntu6) ...
Public + security smoke (production build)	Install Playwright browsers	2026-07-13T22:29:37.2276569Z Setting up fonts-freefont-ttf (20211204+svn4273-2) ...
Public + security smoke (production build)	Install Playwright browsers	2026-07-13T22:29:37.2296035Z Setting up libevent-2.1-7t64:amd64 (2.1.12-stable-9ubuntu2) ...
Public + security smoke (production build)	Install Playwright browsers	2026-07-13T22:29:37.2318299Z Setting up libsvtav1enc1d1:amd64 (1.7.0+dfsg-2build1) ...
Public + security smoke (production build)	Install Playwright browsers	2026-07-13T22:29:37.2335053Z Setting up libsoup-3.0-common (3.4.4-5ubuntu0.7) ...
Public + security smoke (production build)	Install Playwright browsers	2026-07-13T22:29:37.2352992Z Setting up libmpg123-0t64:amd64 (1.32.5-1ubuntu1.1) ...
Public + security smoke (production build)	Install Playwright browsers	2026-07-13T22:29:37.2371406Z Setting up libcjson1:amd64 (1.7.17-1) ...
Public + security smoke (production build)	Install Playwright browsers	2026-07-13T22:29:37.2393445Z Setting up libxvidcore4:amd64 (2:1.3.7-1build1) ...
Public + security smoke (production build)	Install Playwright browsers	2026-07-13T22:29:37.2411447Z Setting up libmpcdec6:amd64 (2:0.1~r495-2build1) ...
Public + security smoke (production build)	Install Playwright browsers	2026-07-13T22:29:37.2432834Z Setting up libmjpegutils-2.1-0t64:amd64 (1:2.1.0+debian-8.1build1) ...
Public + security smoke (production build)	Install Playwright browsers	2026-07-13T22:29:37.2453556Z Setting up librav1e0:amd64 (0.7.1-2) ...
Public + security smoke (production build)	Install Playwright browsers	2026-07-13T22:29:37.2471625Z Setting up liborc-0.4-0t64:amd64 (1:0.4.38-1ubuntu0.1) ...
Public + security smoke (production build)	Install Playwright browsers	2026-07-13T22:29:37.2489689Z Setting up libxcb-xkb1:amd64 (1.15-1ubuntu2) ...
Public + security smoke (production build)	Install Playwright browsers	2026-07-13T22:29:37.2506122Z Setting up libvo-aacenc0:amd64 (0.1.3-2build1) ...
Public + security smoke (production build)	Install Playwright browsers	2026-07-13T22:29:37.2525276Z Setting up librist4:amd64 (0.2.10+dfsg-2) ...
Public + security smoke (production build)	Install Playwright browsers	2026-07-13T22:29:37.2544368Z Setting up librsvg2-2:amd64 (2.58.0+dfsg-1build1) ...
Public + security smoke (production build)	Install Playwright browsers	2026-07-13T22:29:37.2563165Z Setting up libblas3:amd64 (3.12.0-3build1.1) ...
Public + security smoke (production build)	Install Playwright browsers	2026-07-13T22:29:37.2629738Z update-alternatives: using /usr/lib/x86_64-linux-gnu/blas/libblas.so.3 to provide /usr/lib/x86_64-linux-gnu/libblas.so.3 (libblas.so.3-x86_64-linux-gnu) in auto mode
Public + security smoke (production build)	Install Playwright browsers	2026-07-13T22:29:37.2646607Z Setting up libegl-mesa0:amd64 (25.2.8-0ubuntu0.24.04.2) ...
Public + security smoke (production build)	Install Playwright browsers	2026-07-13T22:29:37.2665613Z Setting up libsoundtouch1:amd64 (2.3.2+ds1-1build1) ...
Public + security smoke (production build)	Install Playwright browsers	2026-07-13T22:29:37.2682512Z Setting up libplacebo338:amd64 (6.338.2-2build1) ...
Public + security smoke (production build)	Install Playwright browsers	2026-07-13T22:29:37.2703308Z Setting up libgles2:amd64 (1.7.0-1build1) ...
Public + security smoke (production build)	Install Playwright browsers	2026-07-13T22:29:37.2721222Z Setting up fonts-tlwg-loma-otf (1:0.7.3-1) ...
Public + security smoke (production build)	Install Playwright browsers	2026-07-13T22:29:37.2743292Z Setting up libva2:amd64 (2.20.0-2ubuntu0.2) ...
Public + security smoke (production build)	Install Playwright browsers	2026-07-13T22:29:37.2764393Z Setting up libspa-0.2-modules:amd64 (1.0.5-1ubuntu3.3) ...
Public + security smoke (production build)	Install Playwright browsers	2026-07-13T22:29:37.2782473Z Setting up libzxing3:amd64 (2.2.1-3) ...
Public + security smoke (production build)	Install Playwright browsers	2026-07-13T22:29:37.2799552Z Setting up xfonts-encodings (1:1.0.5-0ubuntu2) ...
Public + security smoke (production build)	Install Playwright browsers	2026-07-13T22:29:37.2819580Z Setting up libopus0:amd64 (1.4-1build1) ...
Public + security smoke (production build)	Install Playwright browsers	2026-07-13T22:29:37.2836819Z Setting up libfaad2:amd64 (2.11.1-1build1) ...
Public + security smoke (production build)	Install Playwright browsers	2026-07-13T22:29:37.2857012Z Setting up libxkbcommon-x11-0:amd64 (1.6.0-1build1) ...
Public + security smoke (production build)	Install Playwright browsers	2026-07-13T22:29:37.2877260Z Setting up libdc1394-25:amd64 (2.2.6-4build1) ...
Public + security smoke (production build)	Install Playwright browsers	2026-07-13T22:29:37.2894281Z Setting up libimath-3-1-29t64:amd64 (3.1.9-3.1ubuntu2) ...
Public + security smoke (production build)	Install Playwright browsers	2026-07-13T22:29:37.2916771Z Setting up libunibreak5:amd64 (5.1-2build1) ...
Public + security smoke (production build)	Install Playwright browsers	2026-07-13T22:29:37.2936592Z Setting up libdv4t64:amd64 (1.0.0-17.1build1) ...
Public + security smoke (production build)	Install Playwright browsers	2026-07-13T22:29:37.2955542Z Setting up libjxl0.7:amd64 (0.7.0-10.2ubuntu6.1) ...
Public + security smoke (production build)	Install Playwright browsers	2026-07-13T22:29:37.2974977Z Setting up libopenh264-7:amd64 (2.4.1+dfsg-1) ...
Public + security smoke (production build)	Install Playwright browsers	2026-07-13T22:29:37.2994566Z Setting up libltc11:amd64 (1.3.2-1build1) ...
Public + security smoke (production build)	Install Playwright browsers	2026-07-13T22:29:37.3014095Z Setting up libx265-199:amd64 (3.5-2build1) ...
Public + security smoke (production build)	Install Playwright browsers	2026-07-13T22:29:37.3032644Z Setting up libv4l-0t64:amd64 (1.26.1-4build3) ...
Public + security smoke (production build)	Install Playwright browsers	2026-07-13T22:29:37.3052426Z Setting up libavtp0:amd64 (0.2.0-1build1) ...
Public + security smoke (production build)	Install Playwright browsers	2026-07-13T22:29:37.3072312Z Setting up libsndio7.0:amd64 (1.9.0-0.3build3) ...
Public + security smoke (production build)	Install Playwright browsers	2026-07-13T22:29:37.3202161Z Setting up libdirectfb-1.7-7t64:amd64 (1.7.7-11.1ubuntu2) ...
Public + security smoke (production build)	Install Playwright browsers	2026-07-13T22:29:37.3218993Z Setting up libspandsp2t64:amd64 (0.0.6+dfsg-2.1build1) ...
Public + security smoke (production build)	Install Playwright browsers	2026-07-13T22:29:37.3236291Z Setting up libvidstab1.1:amd64 (1.1.0-2build1) ...
Public + security smoke (production build)	Install Playwright browsers	2026-07-13T22:29:37.3252458Z Setting up libvpx9:amd64 (1.14.0-1ubuntu2.3) ...
Public + security smoke (production build)	Install Playwright browsers	2026-07-13T22:29:37.3270653Z Setting up libsrt1.5-gnutls:amd64 (1.5.3-1build2) ...
Public + security smoke (production build)	Install Playwright browsers	2026-07-13T22:29:37.3286585Z Setting up libtag1v5:amd64 (1.13.1-1build1) ...
Public + security smoke (production build)	Install Playwright browsers	2026-07-13T22:29:37.3304891Z Setting up libflite1:amd64 (2.2-6build3) ...
Public + security smoke (production build)	Install Playwright browsers	2026-07-13T22:29:37.3323457Z Setting up libdav1d7:amd64 (1.4.1-1build1) ...
Public + security smoke (production build)	Install Playwright browsers	2026-07-13T22:29:37.3340012Z Setting up libva-drm2:amd64 (2.20.0-2ubuntu0.2) ...
Public + security smoke (production build)	Install Playwright browsers	2026-07-13T22:29:37.3358447Z Setting up fonts-ipafont-gothic (00303-21ubuntu1) ...
Public + security smoke (production build)	Install Playwright browsers	2026-07-13T22:29:37.3430425Z update-alternatives: using /usr/share/fonts/opentype/ipafont-gothic/ipag.ttf to provide /usr/share/fonts/truetype/fonts-japanese-gothic.ttf (fonts-japanese-gothic.ttf) in auto mode
Public + security smoke (production build)	Install Playwright browsers	2026-07-13T22:29:37.3444466Z Setting up ocl-icd-libopencl1:amd64 (2.3.2-1build1) ...
Public + security smoke (production build)	Install Playwright browsers	2026-07-13T22:29:37.3462320Z Setting up libasyncns0:amd64 (0.8-6build4) ...
Public + security smoke (production build)	Install Playwright browsers	2026-07-13T22:29:37.3478407Z Setting up libwildmidi2:amd64 (0.4.3-1build3) ...
Public + security smoke (production build)	Install Playwright browsers	2026-07-13T22:29:37.3494469Z Setting up libvdpau1:amd64 (1.5-2build1) ...
Public + security smoke (production build)	Install Playwright browsers	2026-07-13T22:29:37.3519880Z Setting up libwavpack1:amd64 (5.6.0-1build1) ...
Public + security smoke (production build)	Install Playwright browsers	2026-07-13T22:29:37.3535894Z Setting up libbs2b0:amd64 (3.1.0+dfsg-7build1) ...
Public + security smoke (production build)	Install Playwright browsers	2026-07-13T22:29:37.3554215Z Setting up libtheora0:amd64 (1.1.1+dfsg.1-16.1build3) ...
Public + security smoke (production build)	Install Playwright browsers	2026-07-13T22:29:37.3573074Z Setting up libegl1:amd64 (1.7.0-1build1) ...
Public + security smoke (production build)	Install Playwright browsers	2026-07-13T22:29:37.3589609Z Setting up libdecor-0-0:amd64 (0.2.2-1build2) ...
Public + security smoke (production build)	Install Playwright browsers	2026-07-13T22:29:37.3608476Z Setting up libdca0:amd64 (0.0.7-2build1) ...
Public + security smoke (production build)	Install Playwright browsers	2026-07-13T22:29:37.3624209Z Setting up libzimg2:amd64 (3.0.5+ds1-1build1) ...
Public + security smoke (production build)	Install Playwright browsers	2026-07-13T22:29:37.3640026Z Setting up libopenal-data (1:1.23.1-4build1) ...
Public + security smoke (production build)	Install Playwright browsers	2026-07-13T22:29:37.3667782Z Setting up libabsl20220623t64:amd64 (20220623.1-3.1ubuntu3.2) ...
Public + security smoke (production build)	Install Playwright browsers	2026-07-13T22:29:37.3683663Z Setting up libflac12t64:amd64 (1.4.3+ds-2.1ubuntu2) ...
Public + security smoke (production build)	Install Playwright browsers	2026-07-13T22:29:37.3702601Z Setting up libgtk-4-common (4.14.5+ds-0ubuntu0.10) ...
Public + security smoke (production build)	Install Playwright browsers	2026-07-13T22:29:37.3718863Z Setting up libmpeg2encpp-2.1-0t64:amd64 (1:2.1.0+debian-8.1build1) ...
Public + security smoke (production build)	Install Playwright browsers	2026-07-13T22:29:37.3735550Z Setting up glib-networking-common (2.80.0-1build1) ...
Public + security smoke (production build)	Install Playwright browsers	2026-07-13T22:29:37.3752437Z Setting up libmfx1:amd64 (22.5.4-1) ...
Public + security smoke (production build)	Install Playwright browsers	2026-07-13T22:29:37.3769723Z Setting up libbluray2:amd64 (1:1.3.4-1build1) ...
Public + security smoke (production build)	Install Playwright browsers	2026-07-13T22:29:37.3786420Z Setting up libde265-0:amd64 (1.0.15-1build3) ...
Public + security smoke (production build)	Install Playwright browsers	2026-07-13T22:29:37.3806010Z Setting up libsamplerate0:amd64 (0.2.2-4build1) ...
Public + security smoke (production build)	Install Playwright browsers	2026-07-13T22:29:37.3822372Z Setting up timgm6mb-soundfont (1.3-5) ...
Public + security smoke (production build)	Install Playwright browsers	2026-07-13T22:29:37.3909561Z update-alternatives: using /usr/share/sounds/sf2/TimGM6mb.sf2 to provide /usr/share/sounds/sf2/default-GM.sf2 (default-GM.sf2) in auto mode
Public + security smoke (production build)	Install Playwright browsers	2026-07-13T22:29:37.3958709Z update-alternatives: using /usr/share/sounds/sf2/TimGM6mb.sf2 to provide /usr/share/sounds/sf3/default-GM.sf3 (default-GM.sf3) in auto mode
Public + security smoke (production build)	Install Playwright browsers	2026-07-13T22:29:37.3973007Z Setting up libva-x11-2:amd64 (2.20.0-2ubuntu0.2) ...
Public + security smoke (production build)	Install Playwright browsers	2026-07-13T22:29:37.3989459Z Setting up libyuv0:amd64 (0.0~git202401110.af6ac82-1) ...
Public + security smoke (production build)	Install Playwright browsers	2026-07-13T22:29:37.4010106Z Setting up libmplex2-2.1-0t64:amd64 (1:2.1.0+debian-8.1build1) ...
Public + security smoke (production build)	Install Playwright browsers	2026-07-13T22:29:37.4027351Z Setting up libpipewire-0.3-0t64:amd64 (1.0.5-1ubuntu3.3) ...
Public + security smoke (production build)	Install Playwright browsers	2026-07-13T22:29:37.4046555Z Setting up libopenmpt0t64:amd64 (0.7.3-1.1build3) ...
Public + security smoke (production build)	Install Playwright browsers	2026-07-13T22:29:37.4062913Z Setting up libzvbi-common (0.2.42-2) ...
Public + security smoke (production build)	Install Playwright browsers	2026-07-13T22:29:37.4079590Z Setting up libsecret-common (0.21.4-1build3) ...
Public + security smoke (production build)	Install Playwright browsers	2026-07-13T22:29:37.4097069Z Setting up libmp3lame0:amd64 (3.100-6build1) ...
Public + security smoke (production build)	Install Playwright browsers	2026-07-13T22:29:37.4114871Z Setting up libgraphene-1.0-0:amd64 (1.10.8-3build2) ...
Public + security smoke (production build)	Install Playwright browsers	2026-07-13T22:29:37.4134748Z Setting up libvorbisenc2:amd64 (1.3.7-1build3) ...
Public + security smoke (production build)	Install Playwright browsers	2026-07-13T22:29:37.4153547Z Setting up libdvdnav4:amd64 (6.1.1-3build1) ...
Public + security smoke (production build)	Install Playwright browsers	2026-07-13T22:29:37.4170717Z Setting up fonts-unifont (1:15.1.01-1build1) ...
Public + security smoke (production build)	Install Playwright browsers	2026-07-13T22:29:37.4187032Z Setting up libaa1:amd64 (1.4p5-51.1) ...
Public + security smoke (production build)	Install Playwright browsers	2026-07-13T22:29:37.4206341Z Setting up libiec61883-0:amd64 (1.2.0-6build1) ...
Public + security smoke (production build)	Install Playwright browsers	2026-07-13T22:29:37.4224326Z Setting up libserd-0-0:amd64 (0.32.2-1) ...
Public + security smoke (production build)	Install Playwright browsers	2026-07-13T22:29:37.4242504Z Setting up libavc1394-0:amd64 (0.5.4-5build3) ...
Public + security smoke (production build)	Install Playwright browsers	2026-07-13T22:29:37.4260444Z Setting up gsettings-desktop-schemas (46.1-0ubuntu1) ...
Public + security smoke (production build)	Install Playwright browsers	2026-07-13T22:29:37.4276946Z Setting up glib-networking-services (2.80.0-1build1) ...
Public + security smoke (production build)	Install Playwright browsers	2026-07-13T22:29:37.4294668Z Setting up liblapack3:amd64 (3.12.0-3build1.1) ...
Public + security smoke (production build)	Install Playwright browsers	2026-07-13T22:29:37.4363117Z update-alternatives: using /usr/lib/x86_64-linux-gnu/lapack/liblapack.so.3 to provide /usr/lib/x86_64-linux-gnu/liblapack.so.3 (liblapack.so.3-x86_64-linux-gnu) in auto mode
Public + security smoke (production build)	Install Playwright browsers	2026-07-13T22:29:37.4380454Z Setting up libzvbi0t64:amd64 (0.2.42-2) ...
Public + security smoke (production build)	Install Playwright browsers	2026-07-13T22:29:37.4396928Z Setting up liblrdf0:amd64 (0.6.1-4build1) ...
Public + security smoke (production build)	Install Playwright browsers	2026-07-13T22:29:37.4415952Z Setting up libzbar0t64:amd64 (0.23.93-4build3) ...
Public + security smoke (production build)	Install Playwright browsers	2026-07-13T22:29:37.4434609Z Setting up libgstreamer-plugins-base1.0-0:amd64 (1.24.2-1ubuntu0.4) ...
Public + security smoke (production build)	Install Playwright browsers	2026-07-13T22:29:37.4451594Z Setting up libavutil58:amd64 (7:6.1.1-3ubuntu5) ...
Public + security smoke (production build)	Install Playwright browsers	2026-07-13T22:29:37.4471478Z Setting up libopenal1:amd64 (1:1.23.1-4build1) ...
Public + security smoke (production build)	Install Playwright browsers	2026-07-13T22:29:37.4489746Z Setting up xfonts-utils (1:7.7+6build3) ...
Public + security smoke (production build)	Install Playwright browsers	2026-07-13T22:29:37.4537398Z Setting up libsecret-1-0:amd64 (0.21.4-1build3) ...
Public + security smoke (production build)	Install Playwright browsers	2026-07-13T22:29:37.4554462Z Setting up libgstreamer-plugins-good1.0-0:amd64 (1.24.2-1ubuntu1.4) ...
Public + security smoke (production build)	Install Playwright browsers	2026-07-13T22:29:37.4571677Z Setting up libgstreamer-gl1.0-0:amd64 (1.24.2-1ubuntu0.4) ...
Public + security smoke (production build)	Install Playwright browsers	2026-07-13T22:29:37.4590915Z Setting up gstreamer1.0-plugins-base:amd64 (1.24.2-1ubuntu0.4) ...
Public + security smoke (production build)	Install Playwright browsers	2026-07-13T22:29:37.4609078Z Setting up libass9:amd64 (1:0.17.1-2build1) ...
Public + security smoke (production build)	Install Playwright browsers	2026-07-13T22:29:37.4626990Z Setting up libswresample4:amd64 (7:6.1.1-3ubuntu5) ...
Public + security smoke (production build)	Install Playwright browsers	2026-07-13T22:29:37.4645105Z Setting up libopenexr-3-1-30:amd64 (3.1.5-5.1build3) ...
Public + security smoke (production build)	Install Playwright browsers	2026-07-13T22:29:37.4662022Z Setting up libshout3:amd64 (2.4.6-1build2) ...
Public + security smoke (production build)	Install Playwright browsers	2026-07-13T22:29:37.4681569Z Setting up libgav1-1:amd64 (0.18.0-1build3) ...
Public + security smoke (production build)	Install Playwright browsers	2026-07-13T22:29:37.4700391Z Setting up libavcodec60:amd64 (7:6.1.1-3ubuntu5) ...
Public + security smoke (production build)	Install Playwright browsers	2026-07-13T22:29:37.4717828Z Setting up librubberband2:amd64 (3.3.0+dfsg-2build1) ...
Public + security smoke (production build)	Install Playwright browsers	2026-07-13T22:29:37.4738446Z Setting up libjack-jackd2-0:amd64 (1.9.21~dfsg-3ubuntu3) ...
Public + security smoke (production build)	Install Playwright browsers	2026-07-13T22:29:37.4755244Z Setting up libsord-0-0:amd64 (0.16.16-2build1) ...
Public + security smoke (production build)	Install Playwright browsers	2026-07-13T22:29:37.4772562Z Setting up xfonts-cyrillic (1:1.0.5+nmu1) ...
Public + security smoke (production build)	Install Playwright browsers	2026-07-13T22:29:37.5120479Z Setting up libpostproc57:amd64 (7:6.1.1-3ubuntu5) ...
Public + security smoke (production build)	Install Playwright browsers	2026-07-13T22:29:37.5139754Z Setting up libsratom-0-0:amd64 (0.6.16-1build1) ...
Public + security smoke (production build)	Install Playwright browsers	2026-07-13T22:29:37.5157843Z Setting up libsndfile1:amd64 (1.2.2-1ubuntu5.24.04.1) ...
Public + security smoke (production build)	Install Playwright browsers	2026-07-13T22:29:37.5178074Z Setting up liblilv-0-0:amd64 (0.24.22-1build1) ...
Public + security smoke (production build)	Install Playwright browsers	2026-07-13T22:29:37.5196036Z Setting up libinstpatch-1.0-2:amd64 (1.1.6-1build2) ...
Public + security smoke (production build)	Install Playwright browsers	2026-07-13T22:29:37.5213110Z Setting up xfonts-scalable (1:1.0.3-1.3) ...
Public + security smoke (production build)	Install Playwright browsers	2026-07-13T22:29:37.5539535Z Setting up libswscale7:amd64 (7:6.1.1-3ubuntu5) ...
Public + security smoke (production build)	Install Playwright browsers	2026-07-13T22:29:37.5557763Z Setting up libavif16:amd64 (1.0.4-1ubuntu3) ...
Public + security smoke (production build)	Install Playwright browsers	2026-07-13T22:29:37.5575987Z Setting up libpulse0:amd64 (1:16.1+dfsg1-2ubuntu10.1) ...
Public + security smoke (production build)	Install Playwright browsers	2026-07-13T22:29:37.5771642Z Setting up libavformat60:amd64 (7:6.1.1-3ubuntu5) ...
Public + security smoke (production build)	Install Playwright browsers	2026-07-13T22:29:37.5789855Z Setting up libsphinxbase3t64:amd64 (0.8+5prealpha+1-17build2) ...
Public + security smoke (production build)	Install Playwright browsers	2026-07-13T22:29:37.5806526Z Setting up libsdl2-2.0-0:amd64 (2.30.0+dfsg-1ubuntu3.1) ...
Public + security smoke (production build)	Install Playwright browsers	2026-07-13T22:29:37.5828758Z Setting up libfluidsynth3:amd64 (2.3.4-1build3) ...
Public + security smoke (production build)	Install Playwright browsers	2026-07-13T22:29:37.5845601Z Setting up libpocketsphinx3:amd64 (0.8.0+real5prealpha+1-15ubuntu5) ...
Public + security smoke (production build)	Install Playwright browsers	2026-07-13T22:29:37.5866361Z Setting up libavfilter9:amd64 (7:6.1.1-3ubuntu5) ...
Public + security smoke (production build)	Install Playwright browsers	2026-07-13T22:29:37.5885613Z Setting up gstreamer1.0-libav:amd64 (1.24.1-1build1) ...
Public + security smoke (production build)	Install Playwright browsers	2026-07-13T22:29:37.6205414Z Processing triggers for fontconfig (2.15.0-1.1ubuntu2) ...
Public + security smoke (production build)	Install Playwright browsers	2026-07-13T22:29:37.8102700Z Processing triggers for libc-bin (2.39-0ubuntu8.7) ...
Public + security smoke (production build)	Install Playwright browsers	2026-07-13T22:29:37.8735589Z Processing triggers for man-db (2.12.0-4build2) ...
Public + security smoke (production build)	Install Playwright browsers	2026-07-13T22:29:37.8756183Z Not building database; man-db/auto-update is not 'true'.
Public + security smoke (production build)	Install Playwright browsers	2026-07-13T22:29:37.8783898Z Processing triggers for libglib2.0-0t64:amd64 (2.80.0-6ubuntu3.8) ...
Public + security smoke (production build)	Install Playwright browsers	2026-07-13T22:29:37.9216079Z Setting up libgtk-4-1:amd64 (4.14.5+ds-0ubuntu0.10) ...
Public + security smoke (production build)	Install Playwright browsers	2026-07-13T22:29:38.2132324Z Setting up glib-networking:amd64 (2.80.0-1build1) ...
Public + security smoke (production build)	Install Playwright browsers	2026-07-13T22:29:38.2170090Z Setting up libsoup-3.0-0:amd64 (3.4.4-5ubuntu0.7) ...
Public + security smoke (production build)	Install Playwright browsers	2026-07-13T22:29:38.2199703Z Setting up libgssdp-1.6-0:amd64 (1.6.3-1build3) ...
Public + security smoke (production build)	Install Playwright browsers	2026-07-13T22:29:38.2275547Z Setting up gstreamer1.0-plugins-good:amd64 (1.24.2-1ubuntu1.4) ...
Public + security smoke (production build)	Install Playwright browsers	2026-07-13T22:29:38.2300857Z Setting up libgupnp-1.6-0:amd64 (1.6.6-1build3) ...
Public + security smoke (production build)	Install Playwright browsers	2026-07-13T22:29:38.2366073Z Setting up libgupnp-igd-1.6-0:amd64 (1.6.0-3build3) ...
Public + security smoke (production build)	Install Playwright browsers	2026-07-13T22:29:38.2401289Z Setting up libnice10:amd64 (0.1.21-2build3) ...
Public + security smoke (production build)	Install Playwright browsers	2026-07-13T22:29:38.2456855Z Setting up libgstreamer-plugins-bad1.0-0:amd64 (1.24.2-1ubuntu4) ...
Public + security smoke (production build)	Install Playwright browsers	2026-07-13T22:29:38.2497762Z Setting up gstreamer1.0-plugins-bad:amd64 (1.24.2-1ubuntu4) ...
Public + security smoke (production build)	Install Playwright browsers	2026-07-13T22:29:38.2521700Z Processing triggers for libc-bin (2.39-0ubuntu8.7) ...
Public + security smoke (production build)	Install Playwright browsers	2026-07-13T22:29:39.1922774Z 
Public + security smoke (production build)	Install Playwright browsers	2026-07-13T22:29:39.1923442Z Running kernel seems to be up-to-date.
Public + security smoke (production build)	Install Playwright browsers	2026-07-13T22:29:39.1923825Z 
Public + security smoke (production build)	Install Playwright browsers	2026-07-13T22:29:39.1924048Z No services need to be restarted.
Public + security smoke (production build)	Install Playwright browsers	2026-07-13T22:29:39.1924274Z 
Public + security smoke (production build)	Install Playwright browsers	2026-07-13T22:29:39.1924443Z No containers need to be restarted.
Public + security smoke (production build)	Install Playwright browsers	2026-07-13T22:29:39.1924638Z 
Public + security smoke (production build)	Install Playwright browsers	2026-07-13T22:29:39.1924825Z No user sessions are running outdated binaries.
Public + security smoke (production build)	Install Playwright browsers	2026-07-13T22:29:39.1925041Z 
Public + security smoke (production build)	Install Playwright browsers	2026-07-13T22:29:39.1925334Z No VM guests are running outdated hypervisor (qemu) binaries on this host.
Public + security smoke (production build)	Install Playwright browsers	2026-07-13T22:29:40.0482551Z Downloading Chrome for Testing 145.0.7632.6 (playwright chromium v1208) from https://cdn.playwright.dev/builds/cft/145.0.7632.6/linux64/chrome-linux64.zip
Public + security smoke (production build)	Install Playwright browsers	2026-07-13T22:29:40.2501078Z |                                                                                |   0% of 167.3 MiB
Public + security smoke (production build)	Install Playwright browsers	2026-07-13T22:29:40.4251282Z |ÔûáÔûáÔûáÔûáÔûáÔûáÔûáÔûá                                                                        |  10% of 167.3 MiB
Public + security smoke (production build)	Install Playwright browsers	2026-07-13T22:29:40.5043468Z |ÔûáÔûáÔûáÔûáÔûáÔûáÔûáÔûáÔûáÔûáÔûáÔûáÔûáÔûáÔûáÔûá                                                                |  20% of 167.3 MiB
Public + security smoke (production build)	Install Playwright browsers	2026-07-13T22:29:40.5770832Z |ÔûáÔûáÔûáÔûáÔûáÔûáÔûáÔûáÔûáÔûáÔûáÔûáÔûáÔûáÔûáÔûáÔûáÔûáÔûáÔûáÔûáÔûáÔûáÔûá                                                        |  30% of 167.3 MiB
Public + security smoke (production build)	Install Playwright browsers	2026-07-13T22:29:40.6446870Z |ÔûáÔûáÔûáÔûáÔûáÔûáÔûáÔûáÔûáÔûáÔûáÔûáÔûáÔûáÔûáÔûáÔûáÔûáÔûáÔûáÔûáÔûáÔûáÔûáÔûáÔûáÔûáÔûáÔûáÔûáÔûáÔûá                                                |  40% of 167.3 MiB
Public + security smoke (production build)	Install Playwright browsers	2026-07-13T22:29:40.7080962Z |ÔûáÔûáÔûáÔûáÔûáÔûáÔûáÔûáÔûáÔûáÔûáÔûáÔûáÔûáÔûáÔûáÔûáÔûáÔûáÔûáÔûáÔûáÔûáÔûáÔûáÔûáÔûáÔûáÔûáÔûáÔûáÔûáÔûáÔûáÔûáÔûáÔûáÔûáÔûáÔûá                                        |  50% of 167.3 MiB
Public + security smoke (production build)	Install Playwright browsers	2026-07-13T22:29:40.7744753Z |ÔûáÔûáÔûáÔûáÔûáÔûáÔûáÔûáÔûáÔûáÔûáÔûáÔûáÔûáÔûáÔûáÔûáÔûáÔûáÔûáÔûáÔûáÔûáÔûáÔûáÔûáÔûáÔûáÔûáÔûáÔûáÔûáÔûáÔûáÔûáÔûáÔûáÔûáÔûáÔûáÔûáÔûáÔûáÔûáÔûáÔûáÔûáÔûá                                |  60% of 167.3 MiB
Public + security smoke (production build)	Install Playwright browsers	2026-07-13T22:29:40.8388930Z |ÔûáÔûáÔûáÔûáÔûáÔûáÔûáÔûáÔûáÔûáÔûáÔûáÔûáÔûáÔûáÔûáÔûáÔûáÔûáÔûáÔûáÔûáÔûáÔûáÔûáÔûáÔûáÔûáÔûáÔûáÔûáÔûáÔûáÔûáÔûáÔûáÔûáÔûáÔûáÔûáÔûáÔûáÔûáÔûáÔûáÔûáÔûáÔûáÔûáÔûáÔûáÔûáÔûáÔûáÔûáÔûá                        |  70% of 167.3 MiB
Public + security smoke (production build)	Install Playwright browsers	2026-07-13T22:29:40.9055504Z |ÔûáÔûáÔûáÔûáÔûáÔûáÔûáÔûáÔûáÔûáÔûáÔûáÔûáÔûáÔûáÔûáÔûáÔûáÔûáÔûáÔûáÔûáÔûáÔûáÔûáÔûáÔûáÔûáÔûáÔûáÔûáÔûáÔûáÔûáÔûáÔûáÔûáÔûáÔûáÔûáÔûáÔûáÔûáÔûáÔûáÔûáÔûáÔûáÔûáÔûáÔûáÔûáÔûáÔûáÔûáÔûáÔûáÔûáÔûáÔûáÔûáÔûáÔûáÔûá                |  80% of 167.3 MiB
Public + security smoke (production build)	Install Playwright browsers	2026-07-13T22:29:40.9755477Z |ÔûáÔûáÔûáÔûáÔûáÔûáÔûáÔûáÔûáÔûáÔûáÔûáÔûáÔûáÔûáÔûáÔûáÔûáÔûáÔûáÔûáÔûáÔûáÔûáÔûáÔûáÔûáÔûáÔûáÔûáÔûáÔûáÔûáÔûáÔûáÔûáÔûáÔûáÔûáÔûáÔûáÔûáÔûáÔûáÔûáÔûáÔûáÔûáÔûáÔûáÔûáÔûáÔûáÔûáÔûáÔûáÔûáÔûáÔûáÔûáÔûáÔûáÔûáÔûáÔûáÔûáÔûáÔûáÔûáÔûáÔûáÔûá        |  90% of 167.3 MiB
Public + security smoke (production build)	Install Playwright browsers	2026-07-13T22:29:41.0581578Z |ÔûáÔûáÔûáÔûáÔûáÔûáÔûáÔûáÔûáÔûáÔûáÔûáÔûáÔûáÔûáÔûáÔûáÔûáÔûáÔûáÔûáÔûáÔûáÔûáÔûáÔûáÔûáÔûáÔûáÔûáÔûáÔûáÔûáÔûáÔûáÔûáÔûáÔûáÔûáÔûáÔûáÔûáÔûáÔûáÔûáÔûáÔûáÔûáÔûáÔûáÔûáÔûáÔûáÔûáÔûáÔûáÔûáÔûáÔûáÔûáÔûáÔûáÔûáÔûáÔûáÔûáÔûáÔûáÔûáÔûáÔûáÔûáÔûáÔûáÔûáÔûáÔûáÔûáÔûáÔûá| 100% of 167.3 MiB
Public + security smoke (production build)	Install Playwright browsers	2026-07-13T22:29:44.1033440Z Chrome for Testing 145.0.7632.6 (playwright chromium v1208) downloaded to /home/runner/.cache/ms-playwright/chromium-1208
Public + security smoke (production build)	Install Playwright browsers	2026-07-13T22:29:44.1038080Z Downloading FFmpeg (playwright ffmpeg v1011) from https://cdn.playwright.dev/dbazure/download/playwright/builds/ffmpeg/1011/ffmpeg-linux.zip
Public + security smoke (production build)	Install Playwright browsers	2026-07-13T22:29:44.3172236Z |                                                                                |   0% of 2.3 MiB
Public + security smoke (production build)	Install Playwright browsers	2026-07-13T22:29:44.3417835Z |ÔûáÔûáÔûáÔûáÔûáÔûáÔûáÔûá                                                                        |  10% of 2.3 MiB
Public + security smoke (production build)	Install Playwright browsers	2026-07-13T22:29:44.3617001Z |ÔûáÔûáÔûáÔûáÔûáÔûáÔûáÔûáÔûáÔûáÔûáÔûáÔûáÔûáÔûáÔûá                                                                |  20% of 2.3 MiB
Public + security smoke (production build)	Install Playwright browsers	2026-07-13T22:29:44.3725354Z |ÔûáÔûáÔûáÔûáÔûáÔûáÔûáÔûáÔûáÔûáÔûáÔûáÔûáÔûáÔûáÔûáÔûáÔûáÔûáÔûáÔûáÔûáÔûáÔûá                                                        |  30% of 2.3 MiB
Public + security smoke (production build)	Install Playwright browsers	2026-07-13T22:29:44.3775809Z |ÔûáÔûáÔûáÔûáÔûáÔûáÔûáÔûáÔûáÔûáÔûáÔûáÔûáÔûáÔûáÔûáÔûáÔûáÔûáÔûáÔûáÔûáÔûáÔûáÔûáÔûáÔûáÔûáÔûáÔûáÔûáÔûá                                                |  40% of 2.3 MiB
Public + security smoke (production build)	Install Playwright browsers	2026-07-13T22:29:44.3861801Z |ÔûáÔûáÔûáÔûáÔûáÔûáÔûáÔûáÔûáÔûáÔûáÔûáÔûáÔûáÔûáÔûáÔûáÔûáÔûáÔûáÔûáÔûáÔûáÔûáÔûáÔûáÔûáÔûáÔûáÔûáÔûáÔûáÔûáÔûáÔûáÔûáÔûáÔûáÔûáÔûá                                        |  50% of 2.3 MiB
Public + security smoke (production build)	Install Playwright browsers	2026-07-13T22:29:44.3890872Z |ÔûáÔûáÔûáÔûáÔûáÔûáÔûáÔûáÔûáÔûáÔûáÔûáÔûáÔûáÔûáÔûáÔûáÔûáÔûáÔûáÔûáÔûáÔûáÔûáÔûáÔûáÔûáÔûáÔûáÔûáÔûáÔûáÔûáÔûáÔûáÔûáÔûáÔûáÔûáÔûáÔûáÔûáÔûáÔûáÔûáÔûáÔûáÔûá                                |  60% of 2.3 MiB
Public + security smoke (production build)	Install Playwright browsers	2026-07-13T22:29:44.3961565Z |ÔûáÔûáÔûáÔûáÔûáÔûáÔûáÔûáÔûáÔûáÔûáÔûáÔûáÔûáÔûáÔûáÔûáÔûáÔûáÔûáÔûáÔûáÔûáÔûáÔûáÔûáÔûáÔûáÔûáÔûáÔûáÔûáÔûáÔûáÔûáÔûáÔûáÔûáÔûáÔûáÔûáÔûáÔûáÔûáÔûáÔûáÔûáÔûáÔûáÔûáÔûáÔûáÔûáÔûáÔûáÔûá                        |  70% of 2.3 MiB
Public + security smoke (production build)	Install Playwright browsers	2026-07-13T22:29:44.4000675Z |ÔûáÔûáÔûáÔûáÔûáÔûáÔûáÔûáÔûáÔûáÔûáÔûáÔûáÔûáÔûáÔûáÔûáÔûáÔûáÔûáÔûáÔûáÔûáÔûáÔûáÔûáÔûáÔûáÔûáÔûáÔûáÔûáÔûáÔûáÔûáÔûáÔûáÔûáÔûáÔûáÔûáÔûáÔûáÔûáÔûáÔûáÔûáÔûáÔûáÔûáÔûáÔûáÔûáÔûáÔûáÔûáÔûáÔûáÔûáÔûáÔûáÔûáÔûáÔûá                |  80% of 2.3 MiB
Public + security smoke (production build)	Install Playwright browsers	2026-07-13T22:29:44.4070175Z |ÔûáÔûáÔûáÔûáÔûáÔûáÔûáÔûáÔûáÔûáÔûáÔûáÔûáÔûáÔûáÔûáÔûáÔûáÔûáÔûáÔûáÔûáÔûáÔûáÔûáÔûáÔûáÔûáÔûáÔûáÔûáÔûáÔûáÔûáÔûáÔûáÔûáÔûáÔûáÔûáÔûáÔûáÔûáÔûáÔûáÔûáÔûáÔûáÔûáÔûáÔûáÔûáÔûáÔûáÔûáÔûáÔûáÔûáÔûáÔûáÔûáÔûáÔûáÔûáÔûáÔûáÔûáÔûáÔûáÔûáÔûáÔûá        |  90% of 2.3 MiB
Public + security smoke (production build)	Install Playwright browsers	2026-07-13T22:29:44.4089048Z |ÔûáÔûáÔûáÔûáÔûáÔûáÔûáÔûáÔûáÔûáÔûáÔûáÔûáÔûáÔûáÔûáÔûáÔûáÔûáÔûáÔûáÔûáÔûáÔûáÔûáÔûáÔûáÔûáÔûáÔûáÔûáÔûáÔûáÔûáÔûáÔûáÔûáÔûáÔûáÔûáÔûáÔûáÔûáÔûáÔûáÔûáÔûáÔûáÔûáÔûáÔûáÔûáÔûáÔûáÔûáÔûáÔûáÔûáÔûáÔûáÔûáÔûáÔûáÔûáÔûáÔûáÔûáÔûáÔûáÔûáÔûáÔûáÔûáÔûáÔûáÔûáÔûáÔûáÔûáÔûá| 100% of 2.3 MiB
Public + security smoke (production build)	Install Playwright browsers	2026-07-13T22:29:44.4739460Z FFmpeg (playwright ffmpeg v1011) downloaded to /home/runner/.cache/ms-playwright/ffmpeg-1011
Public + security smoke (production build)	Install Playwright browsers	2026-07-13T22:29:44.4743358Z Downloading Chrome Headless Shell 145.0.7632.6 (playwright chromium-headless-shell v1208) from https://cdn.playwright.dev/builds/cft/145.0.7632.6/linux64/chrome-headless-shell-linux64.zip
Public + security smoke (production build)	Install Playwright browsers	2026-07-13T22:29:44.6743025Z |                                                                                |   0% of 110.9 MiB
Public + security smoke (production build)	Install Playwright browsers	2026-07-13T22:29:44.8388186Z |ÔûáÔûáÔûáÔûáÔûáÔûáÔûáÔûá                                                                        |  10% of 110.9 MiB
Public + security smoke (production build)	Install Playwright browsers	2026-07-13T22:29:44.9355674Z |ÔûáÔûáÔûáÔûáÔûáÔûáÔûáÔûáÔûáÔûáÔûáÔûáÔûáÔûáÔûáÔûá                                                                |  20% of 110.9 MiB
Public + security smoke (production build)	Install Playwright browsers	2026-07-13T22:29:45.0161524Z |ÔûáÔûáÔûáÔûáÔûáÔûáÔûáÔûáÔûáÔûáÔûáÔûáÔûáÔûáÔûáÔûáÔûáÔûáÔûáÔûáÔûáÔûáÔûáÔûá                                                        |  30% of 110.9 MiB
Public + security smoke (production build)	Install Playwright browsers	2026-07-13T22:29:45.0877456Z |ÔûáÔûáÔûáÔûáÔûáÔûáÔûáÔûáÔûáÔûáÔûáÔûáÔûáÔûáÔûáÔûáÔûáÔûáÔûáÔûáÔûáÔûáÔûáÔûáÔûáÔûáÔûáÔûáÔûáÔûáÔûáÔûá                                                |  40% of 110.9 MiB
Public + security smoke (production build)	Install Playwright browsers	2026-07-13T22:29:45.1542559Z |ÔûáÔûáÔûáÔûáÔûáÔûáÔûáÔûáÔûáÔûáÔûáÔûáÔûáÔûáÔûáÔûáÔûáÔûáÔûáÔûáÔûáÔûáÔûáÔûáÔûáÔûáÔûáÔûáÔûáÔûáÔûáÔûáÔûáÔûáÔûáÔûáÔûáÔûáÔûáÔûá                                        |  50% of 110.9 MiB
Public + security smoke (production build)	Install Playwright browsers	2026-07-13T22:29:45.2100996Z |ÔûáÔûáÔûáÔûáÔûáÔûáÔûáÔûáÔûáÔûáÔûáÔûáÔûáÔûáÔûáÔûáÔûáÔûáÔûáÔûáÔûáÔûáÔûáÔûáÔûáÔûáÔûáÔûáÔûáÔûáÔûáÔûáÔûáÔûáÔûáÔûáÔûáÔûáÔûáÔûáÔûáÔûáÔûáÔûáÔûáÔûáÔûáÔûá                                |  60% of 110.9 MiB
Public + security smoke (production build)	Install Playwright browsers	2026-07-13T22:29:45.2593378Z |ÔûáÔûáÔûáÔûáÔûáÔûáÔûáÔûáÔûáÔûáÔûáÔûáÔûáÔûáÔûáÔûáÔûáÔûáÔûáÔûáÔûáÔûáÔûáÔûáÔûáÔûáÔûáÔûáÔûáÔûáÔûáÔûáÔûáÔûáÔûáÔûáÔûáÔûáÔûáÔûáÔûáÔûáÔûáÔûáÔûáÔûáÔûáÔûáÔûáÔûáÔûáÔûáÔûáÔûáÔûáÔûá                        |  70% of 110.9 MiB
Public + security smoke (production build)	Install Playwright browsers	2026-07-13T22:29:45.3001362Z |ÔûáÔûáÔûáÔûáÔûáÔûáÔûáÔûáÔûáÔûáÔûáÔûáÔûáÔûáÔûáÔûáÔûáÔûáÔûáÔûáÔûáÔûáÔûáÔûáÔûáÔûáÔûáÔûáÔûáÔûáÔûáÔûáÔûáÔûáÔûáÔûáÔûáÔûáÔûáÔûáÔûáÔûáÔûáÔûáÔûáÔûáÔûáÔûáÔûáÔûáÔûáÔûáÔûáÔûáÔûáÔûáÔûáÔûáÔûáÔûáÔûáÔûáÔûáÔûá                |  80% of 110.9 MiB
Public + security smoke (production build)	Install Playwright browsers	2026-07-13T22:29:45.3422302Z |ÔûáÔûáÔûáÔûáÔûáÔûáÔûáÔûáÔûáÔûáÔûáÔûáÔûáÔûáÔûáÔûáÔûáÔûáÔûáÔûáÔûáÔûáÔûáÔûáÔûáÔûáÔûáÔûáÔûáÔûáÔûáÔûáÔûáÔûáÔûáÔûáÔûáÔûáÔûáÔûáÔûáÔûáÔûáÔûáÔûáÔûáÔûáÔûáÔûáÔûáÔûáÔûáÔûáÔûáÔûáÔûáÔûáÔûáÔûáÔûáÔûáÔûáÔûáÔûáÔûáÔûáÔûáÔûáÔûáÔûáÔûáÔûá        |  90% of 110.9 MiB
Public + security smoke (production build)	Install Playwright browsers	2026-07-13T22:29:45.3852652Z |ÔûáÔûáÔûáÔûáÔûáÔûáÔûáÔûáÔûáÔûáÔûáÔûáÔûáÔûáÔûáÔûáÔûáÔûáÔûáÔûáÔûáÔûáÔûáÔûáÔûáÔûáÔûáÔûáÔûáÔûáÔûáÔûáÔûáÔûáÔûáÔûáÔûáÔûáÔûáÔûáÔûáÔûáÔûáÔûáÔûáÔûáÔûáÔûáÔûáÔûáÔûáÔûáÔûáÔûáÔûáÔûáÔûáÔûáÔûáÔûáÔûáÔûáÔûáÔûáÔûáÔûáÔûáÔûáÔûáÔûáÔûáÔûáÔûáÔûáÔûáÔûáÔûáÔûáÔûáÔûá| 100% of 110.9 MiB
Public + security smoke (production build)	Install Playwright browsers	2026-07-13T22:29:47.6195843Z Chrome Headless Shell 145.0.7632.6 (playwright chromium-headless-shell v1208) downloaded to /home/runner/.cache/ms-playwright/chromium_headless_shell-1208
Public + security smoke (production build)	Install Playwright browsers	2026-07-13T22:29:47.6199707Z Downloading Firefox 146.0.1 (playwright firefox v1509) from https://cdn.playwright.dev/dbazure/download/playwright/builds/firefox/1509/firefox-ubuntu-24.04.zip
Public + security smoke (production build)	Install Playwright browsers	2026-07-13T22:29:47.8151112Z |                                                                                |   0% of 99.5 MiB
Public + security smoke (production build)	Install Playwright browsers	2026-07-13T22:29:47.9822389Z |ÔûáÔûáÔûáÔûáÔûáÔûáÔûáÔûá                                                                        |  10% of 99.5 MiB
Public + security smoke (production build)	Install Playwright browsers	2026-07-13T22:29:48.1352825Z |ÔûáÔûáÔûáÔûáÔûáÔûáÔûáÔûáÔûáÔûáÔûáÔûáÔûáÔûáÔûáÔûá                                                                |  20% of 99.5 MiB
Public + security smoke (production build)	Install Playwright browsers	2026-07-13T22:29:48.3397079Z |ÔûáÔûáÔûáÔûáÔûáÔûáÔûáÔûáÔûáÔûáÔûáÔûáÔûáÔûáÔûáÔûáÔûáÔûáÔûáÔûáÔûáÔûáÔûáÔûá                                                        |  30% of 99.5 MiB
Public + security smoke (production build)	Install Playwright browsers	2026-07-13T22:29:48.4785300Z |ÔûáÔûáÔûáÔûáÔûáÔûáÔûáÔûáÔûáÔûáÔûáÔûáÔûáÔûáÔûáÔûáÔûáÔûáÔûáÔûáÔûáÔûáÔûáÔûáÔûáÔûáÔûáÔûáÔûáÔûáÔûáÔûá                                                |  40% of 99.5 MiB
Public + security smoke (production build)	Install Playwright browsers	2026-07-13T22:29:48.6785771Z |ÔûáÔûáÔûáÔûáÔûáÔûáÔûáÔûáÔûáÔûáÔûáÔûáÔûáÔûáÔûáÔûáÔûáÔûáÔûáÔûáÔûáÔûáÔûáÔûáÔûáÔûáÔûáÔûáÔûáÔûáÔûáÔûáÔûáÔûáÔûáÔûáÔûáÔûáÔûáÔûá                                        |  50% of 99.5 MiB
Public + security smoke (production build)	Install Playwright browsers	2026-07-13T22:29:48.7784638Z |ÔûáÔûáÔûáÔûáÔûáÔûáÔûáÔûáÔûáÔûáÔûáÔûáÔûáÔûáÔûáÔûáÔûáÔûáÔûáÔûáÔûáÔûáÔûáÔûáÔûáÔûáÔûáÔûáÔûáÔûáÔûáÔûáÔûáÔûáÔûáÔûáÔûáÔûáÔûáÔûáÔûáÔûáÔûáÔûáÔûáÔûáÔûáÔûá                                |  60% of 99.5 MiB
Public + security smoke (production build)	Install Playwright browsers	2026-07-13T22:29:48.8629518Z |ÔûáÔûáÔûáÔûáÔûáÔûáÔûáÔûáÔûáÔûáÔûáÔûáÔûáÔûáÔûáÔûáÔûáÔûáÔûáÔûáÔûáÔûáÔûáÔûáÔûáÔûáÔûáÔûáÔûáÔûáÔûáÔûáÔûáÔûáÔûáÔûáÔûáÔûáÔûáÔûáÔûáÔûáÔûáÔûáÔûáÔûáÔûáÔûáÔûáÔûáÔûáÔûáÔûáÔûáÔûáÔûá                        |  70% of 99.5 MiB
Public + security smoke (production build)	Install Playwright browsers	2026-07-13T22:29:48.9441196Z |ÔûáÔûáÔûáÔûáÔûáÔûáÔûáÔûáÔûáÔûáÔûáÔûáÔûáÔûáÔûáÔûáÔûáÔûáÔûáÔûáÔûáÔûáÔûáÔûáÔûáÔûáÔûáÔûáÔûáÔûáÔûáÔûáÔûáÔûáÔûáÔûáÔûáÔûáÔûáÔûáÔûáÔûáÔûáÔûáÔûáÔûáÔûáÔûáÔûáÔûáÔûáÔûáÔûáÔûáÔûáÔûáÔûáÔûáÔûáÔûáÔûáÔûáÔûáÔûá                |  80% of 99.5 MiB
Public + security smoke (production build)	Install Playwright browsers	2026-07-13T22:29:49.0244157Z |ÔûáÔûáÔûáÔûáÔûáÔûáÔûáÔûáÔûáÔûáÔûáÔûáÔûáÔûáÔûáÔûáÔûáÔûáÔûáÔûáÔûáÔûáÔûáÔûáÔûáÔûáÔûáÔûáÔûáÔûáÔûáÔûáÔûáÔûáÔûáÔûáÔûáÔûáÔûáÔûáÔûáÔûáÔûáÔûáÔûáÔûáÔûáÔûáÔûáÔûáÔûáÔûáÔûáÔûáÔûáÔûáÔûáÔûáÔûáÔûáÔûáÔûáÔûáÔûáÔûáÔûáÔûáÔûáÔûáÔûáÔûáÔûá        |  90% of 99.5 MiB
Public + security smoke (production build)	Install Playwright browsers	2026-07-13T22:29:49.1293548Z |ÔûáÔûáÔûáÔûáÔûáÔûáÔûáÔûáÔûáÔûáÔûáÔûáÔûáÔûáÔûáÔûáÔûáÔûáÔûáÔûáÔûáÔûáÔûáÔûáÔûáÔûáÔûáÔûáÔûáÔûáÔûáÔûáÔûáÔûáÔûáÔûáÔûáÔûáÔûáÔûáÔûáÔûáÔûáÔûáÔûáÔûáÔûáÔûáÔûáÔûáÔûáÔûáÔûáÔûáÔûáÔûáÔûáÔûáÔûáÔûáÔûáÔûáÔûáÔûáÔûáÔûáÔûáÔûáÔûáÔûáÔûáÔûáÔûáÔûáÔûáÔûáÔûáÔûáÔûáÔûá| 100% of 99.5 MiB
Public + security smoke (production build)	Install Playwright browsers	2026-07-13T22:29:51.1190337Z Firefox 146.0.1 (playwright firefox v1509) downloaded to /home/runner/.cache/ms-playwright/firefox-1509
Public + security smoke (production build)	Install Playwright browsers	2026-07-13T22:29:51.1194025Z Downloading WebKit 26.0 (playwright webkit v2248) from https://cdn.playwright.dev/dbazure/download/playwright/builds/webkit/2248/webkit-ubuntu-24.04.zip
Public + security smoke (production build)	Install Playwright browsers	2026-07-13T22:29:51.3338622Z |                                                                                |   0% of 99.2 MiB
Public + security smoke (production build)	Install Playwright browsers	2026-07-13T22:29:51.5134218Z |ÔûáÔûáÔûáÔûáÔûáÔûáÔûáÔûá                                                                        |  10% of 99.2 MiB
Public + security smoke (production build)	Install Playwright browsers	2026-07-13T22:29:51.6398120Z |ÔûáÔûáÔûáÔûáÔûáÔûáÔûáÔûáÔûáÔûáÔûáÔûáÔûáÔûáÔûáÔûá                                                                |  20% of 99.2 MiB
Public + security smoke (production build)	Install Playwright browsers	2026-07-13T22:29:51.6981282Z |ÔûáÔûáÔûáÔûáÔûáÔûáÔûáÔûáÔûáÔûáÔûáÔûáÔûáÔûáÔûáÔûáÔûáÔûáÔûáÔûáÔûáÔûáÔûáÔûá                                                        |  30% of 99.2 MiB
Public + security smoke (production build)	Install Playwright browsers	2026-07-13T22:29:51.9262768Z |ÔûáÔûáÔûáÔûáÔûáÔûáÔûáÔûáÔûáÔûáÔûáÔûáÔûáÔûáÔûáÔûáÔûáÔûáÔûáÔûáÔûáÔûáÔûáÔûáÔûáÔûáÔûáÔûáÔûáÔûáÔûáÔûá                                                |  40% of 99.2 MiB
Public + security smoke (production build)	Install Playwright browsers	2026-07-13T22:29:52.0814735Z |ÔûáÔûáÔûáÔûáÔûáÔûáÔûáÔûáÔûáÔûáÔûáÔûáÔûáÔûáÔûáÔûáÔûáÔûáÔûáÔûáÔûáÔûáÔûáÔûáÔûáÔûáÔûáÔûáÔûáÔûáÔûáÔûáÔûáÔûáÔûáÔûáÔûáÔûáÔûáÔûá                                        |  50% of 99.2 MiB
Public + security smoke (production build)	Install Playwright browsers	2026-07-13T22:29:52.2145340Z |ÔûáÔûáÔûáÔûáÔûáÔûáÔûáÔûáÔûáÔûáÔûáÔûáÔûáÔûáÔûáÔûáÔûáÔûáÔûáÔûáÔûáÔûáÔûáÔûáÔûáÔûáÔûáÔûáÔûáÔûáÔûáÔûáÔûáÔûáÔûáÔûáÔûáÔûáÔûáÔûáÔûáÔûáÔûáÔûáÔûáÔûáÔûáÔûá                                |  60% of 99.2 MiB
Public + security smoke (production build)	Install Playwright browsers	2026-07-13T22:29:52.2852548Z |ÔûáÔûáÔûáÔûáÔûáÔûáÔûáÔûáÔûáÔûáÔûáÔûáÔûáÔûáÔûáÔûáÔûáÔûáÔûáÔûáÔûáÔûáÔûáÔûáÔûáÔûáÔûáÔûáÔûáÔûáÔûáÔûáÔûáÔûáÔûáÔûáÔûáÔûáÔûáÔûáÔûáÔûáÔûáÔûáÔûáÔûáÔûáÔûáÔûáÔûáÔûáÔûáÔûáÔûáÔûáÔûá                        |  70% of 99.2 MiB
Public + security smoke (production build)	Install Playwright browsers	2026-07-13T22:29:52.3528988Z |ÔûáÔûáÔûáÔûáÔûáÔûáÔûáÔûáÔûáÔûáÔûáÔûáÔûáÔûáÔûáÔûáÔûáÔûáÔûáÔûáÔûáÔûáÔûáÔûáÔûáÔûáÔûáÔûáÔûáÔûáÔûáÔûáÔûáÔûáÔûáÔûáÔûáÔûáÔûáÔûáÔûáÔûáÔûáÔûáÔûáÔûáÔûáÔûáÔûáÔûáÔûáÔûáÔûáÔûáÔûáÔûáÔûáÔûáÔûáÔûáÔûáÔûáÔûáÔûá                |  80% of 99.2 MiB
Public + security smoke (production build)	Install Playwright browsers	2026-07-13T22:29:52.5486847Z |ÔûáÔûáÔûáÔûáÔûáÔûáÔûáÔûáÔûáÔûáÔûáÔûáÔûáÔûáÔûáÔûáÔûáÔûáÔûáÔûáÔûáÔûáÔûáÔûáÔûáÔûáÔûáÔûáÔûáÔûáÔûáÔûáÔûáÔûáÔûáÔûáÔûáÔûáÔûáÔûáÔûáÔûáÔûáÔûáÔûáÔûáÔûáÔûáÔûáÔûáÔûáÔûáÔûáÔûáÔûáÔûáÔûáÔûáÔûáÔûáÔûáÔûáÔûáÔûáÔûáÔûáÔûáÔûáÔûáÔûáÔûáÔûá        |  90% of 99.2 MiB
Public + security smoke (production build)	Install Playwright browsers	2026-07-13T22:29:52.7110725Z |ÔûáÔûáÔûáÔûáÔûáÔûáÔûáÔûáÔûáÔûáÔûáÔûáÔûáÔûáÔûáÔûáÔûáÔûáÔûáÔûáÔûáÔûáÔûáÔûáÔûáÔûáÔûáÔûáÔûáÔûáÔûáÔûáÔûáÔûáÔûáÔûáÔûáÔûáÔûáÔûáÔûáÔûáÔûáÔûáÔûáÔûáÔûáÔûáÔûáÔûáÔûáÔûáÔûáÔûáÔûáÔûáÔûáÔûáÔûáÔûáÔûáÔûáÔûáÔûáÔûáÔûáÔûáÔûáÔûáÔûáÔûáÔûáÔûáÔûáÔûáÔûáÔûáÔûáÔûáÔûá| 100% of 99.2 MiB
Public + security smoke (production build)	Install Playwright browsers	2026-07-13T22:29:54.7058110Z WebKit 26.0 (playwright webkit v2248) downloaded to /home/runner/.cache/ms-playwright/webkit-2248
Public + security smoke (production build)	Production build	´╗┐2026-07-13T22:29:55.0650376Z ##[group]Run pnpm run build
Public + security smoke (production build)	Production build	2026-07-13T22:29:55.0650705Z ^[[36;1mpnpm run build^[[0m
Public + security smoke (production build)	Production build	2026-07-13T22:29:55.0685031Z shell: /usr/bin/bash -e {0}
Public + security smoke (production build)	Production build	2026-07-13T22:29:55.0685323Z env:
Public + security smoke (production build)	Production build	2026-07-13T22:29:55.0685536Z   SKIP_ENV_VALIDATION: 1
Public + security smoke (production build)	Production build	2026-07-13T22:29:55.0685811Z   FI_E2E_BASE_URL: http://127.0.0.1:3000
Public + security smoke (production build)	Production build	2026-07-13T22:29:55.0686198Z   NEXT_PUBLIC_SUPABASE_URL: https://ci-placeholder.supabase.co
Public + security smoke (production build)	Production build	2026-07-13T22:29:55.0686876Z   NEXT_PUBLIC_SUPABASE_ANON_KEY: ***
Public + security smoke (production build)	Production build	2026-07-13T22:29:55.0687642Z   SUPABASE_SERVICE_ROLE_KEY: ***
Public + security smoke (production build)	Production build	2026-07-13T22:29:55.0687962Z   PNPM_HOME: /home/runner/setup-pnpm/node_modules/.bin
Public + security smoke (production build)	Production build	2026-07-13T22:29:55.0688281Z   NODE_ENV: production
Public + security smoke (production build)	Production build	2026-07-13T22:29:55.0688504Z ##[endgroup]
Public + security smoke (production build)	Production build	2026-07-13T22:29:55.4132723Z 
Public + security smoke (production build)	Production build	2026-07-13T22:29:55.4133877Z > follicleintelligence@0.1.0 build /home/runner/work/G-follicleintelligence/G-follicleintelligence
Public + security smoke (production build)	Production build	2026-07-13T22:29:55.4134442Z > next build
Public + security smoke (production build)	Production build	2026-07-13T22:29:55.4134576Z 
Public + security smoke (production build)	Production build	2026-07-13T22:29:55.9223770Z ÔÜá No build cache found. Please configure build caching for faster rebuilds. Read more: https://nextjs.org/docs/messages/no-cache
Public + security smoke (production build)	Production build	2026-07-13T22:29:55.9319817Z Attention: Next.js now collects completely anonymous telemetry regarding usage.
Public + security smoke (production build)	Production build	2026-07-13T22:29:55.9321111Z This information is used to shape Next.js' roadmap and prioritize features.
Public + security smoke (production build)	Production build	2026-07-13T22:29:55.9322407Z You can learn more, including how to opt-out if you'd not like to participate in this anonymous program, by visiting the following URL:
Public + security smoke (production build)	Production build	2026-07-13T22:29:55.9323416Z https://nextjs.org/telemetry
Public + security smoke (production build)	Production build	2026-07-13T22:29:55.9323689Z 
Public + security smoke (production build)	Production build	2026-07-13T22:29:55.9802306Z   Ôû▓ Next.js 14.2.35
Public + security smoke (production build)	Production build	2026-07-13T22:29:55.9803439Z 
Public + security smoke (production build)	Production build	2026-07-13T22:29:56.0852698Z    Creating an optimized production build ...
Public + security smoke (production build)	Production build	2026-07-13T22:31:47.3946114Z <w> [webpack.cache.PackFileCacheStrategy] Serializing big strings (102kiB) impacts deserialization performance (consider using Buffer instead and decode when needed)
Public + security smoke (production build)	Production build	2026-07-13T22:31:47.3963750Z <w> [webpack.cache.PackFileCacheStrategy] Serializing big strings (244kiB) impacts deserialization performance (consider using Buffer instead and decode when needed)
Public + security smoke (production build)	Production build	2026-07-13T22:31:51.1037467Z 
Public + security smoke (production build)	Production build	2026-07-13T22:31:51.1040518Z ^[[1m^[[33mwarn^[[39m^[[22m - Your `content` configuration includes a pattern which looks like it's accidentally matching all of `node_modules` and can cause serious performance issues.
Public + security smoke (production build)	Production build	2026-07-13T22:31:51.1042039Z ^[[1m^[[33mwarn^[[39m^[[22m - Pattern: `./packages/**/*.js`
Public + security smoke (production build)	Production build	2026-07-13T22:31:51.1042898Z ^[[1m^[[33mwarn^[[39m^[[22m - See our documentation for recommendations:
Public + security smoke (production build)	Production build	2026-07-13T22:31:51.1048775Z ^[[1m^[[33mwarn^[[39m^[[22m - https://tailwindcss.com/docs/content-configuration#pattern-recommendations
Public + security smoke (production build)	Production build	2026-07-13T22:32:21.4809752Z  ÔÜá Compiled with warnings
Public + security smoke (production build)	Production build	2026-07-13T22:32:21.4837651Z 
Public + security smoke (production build)	Production build	2026-07-13T22:32:21.4838269Z    Linting and checking validity of types ...
Public + security smoke (production build)	Production build	2026-07-13T22:32:21.4858512Z ./node_modules/.pnpm/@supabase+supabase-js@2.108.1/node_modules/@supabase/supabase-js/dist/index.mjs
Public + security smoke (production build)	Production build	2026-07-13T22:32:21.4878159Z A Node.js API is used (process.version at line: 27) which is not supported in the Edge Runtime.
Public + security smoke (production build)	Production build	2026-07-13T22:32:21.4907792Z Learn more: https://nextjs.org/docs/api-reference/edge-runtime
Public + security smoke (production build)	Production build	2026-07-13T22:32:21.4927433Z 
Public + security smoke (production build)	Production build	2026-07-13T22:32:21.4957642Z Import trace for requested module:
Public + security smoke (production build)	Production build	2026-07-13T22:32:21.4958574Z ./node_modules/.pnpm/@supabase+supabase-js@2.108.1/node_modules/@supabase/supabase-js/dist/index.mjs
Public + security smoke (production build)	Production build	2026-07-13T22:32:21.4988204Z ./node_modules/.pnpm/@supabase+ssr@0.5.2_@supabase+supabase-js@2.108.1/node_modules/@supabase/ssr/dist/module/createBrowserClient.js
Public + security smoke (production build)	Production build	2026-07-13T22:32:21.4989645Z ./node_modules/.pnpm/@supabase+ssr@0.5.2_@supabase+supabase-js@2.108.1/node_modules/@supabase/ssr/dist/module/index.js
Public + security smoke (production build)	Production build	2026-07-13T22:32:21.5047328Z 
Public + security smoke (production build)	Production build	2026-07-13T22:33:20.8084265Z 
Public + security smoke (production build)	Production build	2026-07-13T22:33:20.8085039Z ./src/components/fi/TenantConfigurationPanel.tsx
Public + security smoke (production build)	Production build	2026-07-13T22:33:20.8097776Z 202:5  Warning: React Hook useMemo has an unnecessary dependency: 'brandingRevisionKey'. Either exclude it or remove the dependency array.  react-hooks/exhaustive-deps
Public + security smoke (production build)	Production build	2026-07-13T22:33:20.8118213Z 
Public + security smoke (production build)	Production build	2026-07-13T22:33:20.8118870Z ./src/components/fi-os/FiOsModuleNav.tsx
Public + security smoke (production build)	Production build	2026-07-13T22:33:20.8123052Z 206:6  Warning: React Hook useEffect has a missing dependency: 'activeGroupId'. Either include it or remove the dependency array. If 'setExpandedGroups' needs the current value of 'activeGroupId', you can also switch to useReducer instead of useState and read 'activeGroupId' in the reducer.  react-hooks/exhaustive-deps
Public + security smoke (production build)	Production build	2026-07-13T22:33:20.8125211Z 
Public + security smoke (production build)	Production build	2026-07-13T22:33:20.8126278Z info  - Need to disable some ESLint rules? Learn more here: https://nextjs.org/docs/basic-features/eslint#disabling-rules
Public + security smoke (production build)	Production build	2026-07-13T22:34:01.4060291Z    Collecting page data ...
Public + security smoke (production build)	Production build	2026-07-13T22:34:03.0806412Z  ÔÜá Using edge runtime on a page currently disables static generation for that page
Public + security smoke (production build)	Production build	2026-07-13T22:34:09.5408409Z    Generating static pages (0/86) ...
Public + security smoke (production build)	Production build	2026-07-13T22:34:23.7461565Z    Generating static pages (21/86) 
Public + security smoke (production build)	Production build	2026-07-13T22:34:26.9206177Z    Generating static pages (42/86) 
Public + security smoke (production build)	Production build	2026-07-13T22:34:29.8763719Z    Generating static pages (64/86) 
Public + security smoke (production build)	Production build	2026-07-13T22:34:31.4716714Z  Ô£ô Generating static pages (86/86)
Public + security smoke (production build)	Production build	2026-07-13T22:34:31.5125708Z    Finalizing page optimization ...
Public + security smoke (production build)	Production build	2026-07-13T22:34:31.5126617Z    Collecting build traces ...
Public + security smoke (production build)	Production build	2026-07-13T22:34:31.5226399Z 
Public + security smoke (production build)	Production build	2026-07-13T22:34:31.5488964Z Route (app)                                                                                         Size     First Load JS
Public + security smoke (production build)	Production build	2026-07-13T22:34:31.5490489Z Ôöî Ôùï /                                                                                               11.9 kB         158 kB
Public + security smoke (production build)	Production build	2026-07-13T22:34:31.5491675Z Ôö£ Ôùï /_not-found                                                                                     878 B          89.4 kB
Public + security smoke (production build)	Production build	2026-07-13T22:34:31.5492873Z Ôö£ ãÆ /[indexnowKeyFile]                                                                              0 B                0 B
Public + security smoke (production build)	Production build	2026-07-13T22:34:31.5493772Z Ôö£ Ôùï /about                                                                                          880 B           147 kB
Public + security smoke (production build)	Production build	2026-07-13T22:34:31.5494469Z Ôö£ Ôùï /academy                                                                                        8.88 kB         155 kB
Public + security smoke (production build)	Production build	2026-07-13T22:34:31.5495229Z Ôö£ Ôùï /admin/platform/tenants                                                                         239 B          88.7 kB
Public + security smoke (production build)	Production build	2026-07-13T22:34:31.5496024Z Ôö£ Ôùï /ai-hair-transplant-analysis                                                                    880 B           147 kB
Public + security smoke (production build)	Production build	2026-07-13T22:34:31.5496815Z Ôö£ ãÆ /api/cron/fi-imaging-ai-analysis                                                                0 B                0 B
Public + security smoke (production build)	Production build	2026-07-13T22:34:31.5497872Z Ôö£ ãÆ /api/cron/fi-payments/reminders                                                                 0 B                0 B
Public + security smoke (production build)	Production build	2026-07-13T22:34:31.5498673Z Ôö£ ãÆ /api/cron/fi-photo-protocol-alerts                                                              0 B                0 B
Public + security smoke (production build)	Production build	2026-07-13T22:34:31.5499436Z Ôö£ ãÆ /api/cron/fi-reminder-jobs                                                                      0 B                0 B
Public + security smoke (production build)	Production build	2026-07-13T22:34:31.5500198Z Ôö£ ãÆ /api/cron/financial-os/automation                                                               0 B                0 B
Public + security smoke (production build)	Production build	2026-07-13T22:34:31.5501016Z Ôö£ ãÆ /api/cron/financial-os/clearance-snapshots                                                      0 B                0 B
Public + security smoke (production build)	Production build	2026-07-13T22:34:31.5501800Z Ôö£ ãÆ /api/cron/financial-os/expense-ocr                                                              0 B                0 B
Public + security smoke (production build)	Production build	2026-07-13T22:34:31.5502603Z Ôö£ ãÆ /api/cron/financial-os/pathway-task-escalation                                                  0 B                0 B
Public + security smoke (production build)	Production build	2026-07-13T22:34:31.5503388Z Ôö£ ãÆ /api/cron/google-calendar/sync                                                                  0 B                0 B
Public + security smoke (production build)	Production build	2026-07-13T22:34:31.5504152Z Ôö£ ãÆ /api/cron/iiohr-hr-perth-staff-sync                                                             0 B                0 B
Public + security smoke (production build)	Production build	2026-07-13T22:34:31.5504943Z Ôö£ ãÆ /api/cron/leadflow/process-hubspot-events                                                       0 B                0 B
Public + security smoke (production build)	Production build	2026-07-13T22:34:31.5506067Z Ôö£ ãÆ /api/cron/platform-events/process                                                               0 B                0 B
Public + security smoke (production build)	Production build	2026-07-13T22:34:31.5506858Z Ôö£ ãÆ /api/cron/reports/scheduled-runs                                                                0 B                0 B
Public + security smoke (production build)	Production build	2026-07-13T22:34:31.5507789Z Ôö£ ãÆ /api/cron/seo-indexnow                                                                          0 B                0 B
Public + security smoke (production build)	Production build	2026-07-13T22:34:31.5508544Z Ôö£ ãÆ /api/cron/workforce-compliance-audit                                                            0 B                0 B
Public + security smoke (production build)	Production build	2026-07-13T22:34:31.5509357Z Ôö£ ãÆ /api/cron/workforce-time-clock-auto-close                                                       0 B                0 B
Public + security smoke (production build)	Production build	2026-07-13T22:34:31.5510140Z Ôö£ ãÆ /api/fi-os/impersonation/start                                                                  0 B                0 B
Public + security smoke (production build)	Production build	2026-07-13T22:34:31.5510884Z Ôö£ ãÆ /api/fi-os/impersonation/stop                                                                   0 B                0 B
Public + security smoke (production build)	Production build	2026-07-13T22:34:31.5511646Z Ôö£ ãÆ /api/fi-payments/stripe/webhook                                                                 0 B                0 B
Public + security smoke (production build)	Production build	2026-07-13T22:34:31.5512624Z Ôö£ ãÆ /api/fi-staff-pin/login                                                                         0 B                0 B
Public + security smoke (production build)	Production build	2026-07-13T22:34:31.5513357Z Ôö£ ãÆ /api/fi-staff-pin/logout                                                                        0 B                0 B
Public + security smoke (production build)	Production build	2026-07-13T22:34:31.5514090Z Ôö£ ãÆ /api/fi/audit/approve                                                                           0 B                0 B
Public + security smoke (production build)	Production build	2026-07-13T22:34:31.5514810Z Ôö£ ãÆ /api/fi/audit/dashboard                                                                         0 B                0 B
Public + security smoke (production build)	Production build	2026-07-13T22:34:31.5518286Z Ôö£ ãÆ /api/fi/audit/queue                                                                             0 B                0 B
Public + security smoke (production build)	Production build	2026-07-13T22:34:31.5519521Z Ôö£ ãÆ /api/fi/audit/reject                                                                            0 B                0 B
Public + security smoke (production build)	Production build	2026-07-13T22:34:31.5520264Z Ôö£ ãÆ /api/fi/cases                                                                                   0 B                0 B
Public + security smoke (production build)	Production build	2026-07-13T22:34:31.5520963Z Ôö£ ãÆ /api/fi/copy-check                                                                              0 B                0 B
Public + security smoke (production build)	Production build	2026-07-13T22:34:31.5521658Z Ôö£ ãÆ /api/fi/events                                                                                  0 B                0 B
Public + security smoke (production build)	Production build	2026-07-13T22:34:31.5522334Z Ôö£ ãÆ /api/fi/partners                                                                                0 B                0 B
Public + security smoke (production build)	Production build	2026-07-13T22:34:31.5523059Z Ôö£ ãÆ /api/fi/patient-twin/[patientId]                                                                0 B                0 B
Public + security smoke (production build)	Production build	2026-07-13T22:34:31.5523762Z Ôö£ ãÆ /api/fi/report                                                                                  0 B                0 B
Public + security smoke (production build)	Production build	2026-07-13T22:34:31.5524437Z Ôö£ ãÆ /api/fi/run-model                                                                               0 B                0 B
Public + security smoke (production build)	Production build	2026-07-13T22:34:31.5525165Z Ôö£ ãÆ /api/fi/submit                                                                                  0 B                0 B
Public + security smoke (production build)	Production build	2026-07-13T22:34:31.5525868Z Ôö£ ãÆ /api/fi/uploads                                                                                 0 B                0 B
Public + security smoke (production build)	Production build	2026-07-13T22:34:31.5526600Z Ôö£ ãÆ /api/google-calendar/oauth/callback                                                             0 B                0 B
Public + security smoke (production build)	Production build	2026-07-13T22:34:31.5527612Z Ôö£ ãÆ /api/google/calendar/webhook                                                                    0 B                0 B
Public + security smoke (production build)	Production build	2026-07-13T22:34:31.5528586Z Ôö£ ãÆ /api/health/iiohr-hr-staff-sync                                                                 0 B                0 B
Public + security smoke (production build)	Production build	2026-07-13T22:34:31.5529381Z Ôö£ ãÆ /api/ingest/[tenantId]/partners                                                                 0 B                0 B
Public + security smoke (production build)	Production build	2026-07-13T22:34:31.5530404Z Ôö£ ãÆ /api/integrations/iiohr/competency-export                                                       0 B                0 B
Public + security smoke (production build)	Production build	2026-07-13T22:34:31.5531243Z Ôö£ ãÆ /api/integrations/pathology-email/inbound                                                       0 B                0 B
Public + security smoke (production build)	Production build	2026-07-13T22:34:31.5532085Z Ôö£ ãÆ /api/internal/hairaudit/image-classify                                                          0 B                0 B
Public + security smoke (production build)	Production build	2026-07-13T22:34:31.5532878Z Ôö£ ãÆ /api/internal/imaging/classify                                                                  0 B                0 B
Public + security smoke (production build)	Production build	2026-07-13T22:34:31.5533677Z Ôö£ ãÆ /api/internal/leadflow/process-hubspot-events                                                   0 B                0 B
Public + security smoke (production build)	Production build	2026-07-13T22:34:31.5534483Z Ôö£ ãÆ /api/nexus/iiohr/provision                                                                      0 B                0 B
Public + security smoke (production build)	Production build	2026-07-13T22:34:31.5535233Z Ôö£ ãÆ /api/nexus/iiohr/rollback                                                                       0 B                0 B
Public + security smoke (production build)	Production build	2026-07-13T22:34:31.5535969Z Ôö£ ãÆ /api/nexus/iiohr/state                                                                          0 B                0 B
Public + security smoke (production build)	Production build	2026-07-13T22:34:31.5536823Z Ôö£ ãÆ /api/patient/[tenantId]/images                                                                  0 B                0 B
Public + security smoke (production build)	Production build	2026-07-13T22:34:31.5537844Z Ôö£ ãÆ /api/public/booking-arrival                                                                     0 B                0 B
Public + security smoke (production build)	Production build	2026-07-13T22:34:31.5538563Z Ôö£ ãÆ /api/tenants                                                                                    0 B                0 B
Public + security smoke (production build)	Production build	2026-07-13T22:34:31.5539286Z Ôö£ ãÆ /api/tenants/[tenantId]/appointments                                                            0 B                0 B
Public + security smoke (production build)	Production build	2026-07-13T22:34:31.5540096Z Ôö£ ãÆ /api/tenants/[tenantId]/appointments/[appointmentId]                                            0 B                0 B
Public + security smoke (production build)	Production build	2026-07-13T22:34:31.5540890Z Ôö£ ãÆ /api/tenants/[tenantId]/bookings                                                                0 B                0 B
Public + security smoke (production build)	Production build	2026-07-13T22:34:31.5541672Z Ôö£ ãÆ /api/tenants/[tenantId]/bookings/[bookingId]                                                    0 B                0 B
Public + security smoke (production build)	Production build	2026-07-13T22:34:31.5542472Z Ôö£ ãÆ /api/tenants/[tenantId]/bookings/[bookingId]/cancel                                             0 B                0 B
Public + security smoke (production build)	Production build	2026-07-13T22:34:31.5543294Z Ôö£ ãÆ /api/tenants/[tenantId]/bookings/[bookingId]/complete                                           0 B                0 B
Public + security smoke (production build)	Production build	2026-07-13T22:34:31.5544115Z Ôö£ ãÆ /api/tenants/[tenantId]/calendar/appointments                                                   0 B                0 B
Public + security smoke (production build)	Production build	2026-07-13T22:34:31.5544876Z Ôö£ ãÆ /api/tenants/[tenantId]/cases                                                                   0 B                0 B
Public + security smoke (production build)	Production build	2026-07-13T22:34:31.5545609Z Ôö£ ãÆ /api/tenants/[tenantId]/cases/[caseId]                                                          0 B                0 B
Public + security smoke (production build)	Production build	2026-07-13T22:34:31.5546389Z Ôö£ ãÆ /api/tenants/[tenantId]/cases/[caseId]/run-model                                                0 B                0 B
Public + security smoke (production build)	Production build	2026-07-13T22:34:31.5547405Z Ôö£ ãÆ /api/tenants/[tenantId]/cases/[caseId]/submit                                                   0 B                0 B
Public + security smoke (production build)	Production build	2026-07-13T22:34:31.5548195Z Ôö£ ãÆ /api/tenants/[tenantId]/cases/[caseId]/uploads                                                  0 B                0 B
Public + security smoke (production build)	Production build	2026-07-13T22:34:31.5548993Z Ôö£ ãÆ /api/tenants/[tenantId]/clinic-os/global-search                                                 0 B                0 B
Public + security smoke (production build)	Production build	2026-07-13T22:34:31.5549847Z Ôö£ ãÆ /api/tenants/[tenantId]/consultations/search-links                                              0 B                0 B
Public + security smoke (production build)	Production build	2026-07-13T22:34:31.5550637Z Ôö£ ãÆ /api/tenants/[tenantId]/crm/leads                                                               0 B                0 B
Public + security smoke (production build)	Production build	2026-07-13T22:34:31.5551390Z Ôö£ ãÆ /api/tenants/[tenantId]/crm/leads/[leadId]                                                      0 B                0 B
Public + security smoke (production build)	Production build	2026-07-13T22:34:31.5552347Z Ôö£ ãÆ /api/tenants/[tenantId]/crm/leads/[leadId]/activity                                             0 B                0 B
Public + security smoke (production build)	Production build	2026-07-13T22:34:31.5553227Z Ôö£ ãÆ /api/tenants/[tenantId]/crm/leads/[leadId]/communications                                       0 B                0 B
Public + security smoke (production build)	Production build	2026-07-13T22:34:31.5554120Z Ôö£ ãÆ /api/tenants/[tenantId]/crm/leads/[leadId]/communications/[communicationId]                     0 B                0 B
Public + security smoke (production build)	Production build	2026-07-13T22:34:31.5555059Z Ôö£ ãÆ /api/tenants/[tenantId]/crm/leads/[leadId]/communications/[communicationId]/archive             0 B                0 B
Public + security smoke (production build)	Production build	2026-07-13T22:34:31.5555938Z Ôö£ ãÆ /api/tenants/[tenantId]/crm/leads/[leadId]/convert                                              0 B                0 B
Public + security smoke (production build)	Production build	2026-07-13T22:34:31.5556772Z Ôö£ ãÆ /api/tenants/[tenantId]/crm/leads/[leadId]/messages/preview                                     0 B                0 B
Public + security smoke (production build)	Production build	2026-07-13T22:34:31.5557706Z Ôö£ ãÆ /api/tenants/[tenantId]/crm/leads/[leadId]/notes                                                0 B                0 B
Public + security smoke (production build)	Production build	2026-07-13T22:34:31.5558523Z Ôö£ ãÆ /api/tenants/[tenantId]/crm/leads/[leadId]/notes/[noteId]                                       0 B                0 B
Public + security smoke (production build)	Production build	2026-07-13T22:34:31.5559530Z Ôö£ ãÆ /api/tenants/[tenantId]/crm/leads/[leadId]/notes/[noteId]/archive                               0 B                0 B
Public + security smoke (production build)	Production build	2026-07-13T22:34:31.5560382Z Ôö£ ãÆ /api/tenants/[tenantId]/crm/leads/[leadId]/previews                                             0 B                0 B
Public + security smoke (production build)	Production build	2026-07-13T22:34:31.5561194Z Ôö£ ãÆ /api/tenants/[tenantId]/crm/leads/[leadId]/stage                                                0 B                0 B
Public + security smoke (production build)	Production build	2026-07-13T22:34:31.5561984Z Ôö£ ãÆ /api/tenants/[tenantId]/crm/leads/[leadId]/tasks                                                0 B                0 B
Public + security smoke (production build)	Production build	2026-07-13T22:34:31.5562794Z Ôö£ ãÆ /api/tenants/[tenantId]/crm/leads/[leadId]/tasks/[taskId]                                       0 B                0 B
Public + security smoke (production build)	Production build	2026-07-13T22:34:31.5563605Z Ôö£ ãÆ /api/tenants/[tenantId]/crm/pipeline-stages                                                     0 B                0 B
Public + security smoke (production build)	Production build	2026-07-13T22:34:31.5564404Z Ôö£ ãÆ /api/tenants/[tenantId]/financial-os                                                            0 B                0 B
Public + security smoke (production build)	Production build	2026-07-13T22:34:31.5565201Z Ôö£ ãÆ /api/tenants/[tenantId]/financial-os/expense-links                                              0 B                0 B
Public + security smoke (production build)	Production build	2026-07-13T22:34:31.5566029Z Ôö£ ãÆ /api/tenants/[tenantId]/foundation-integrity                                                    0 B                0 B
Public + security smoke (production build)	Production build	2026-07-13T22:34:31.5566866Z Ôö£ ãÆ /api/tenants/[tenantId]/integrations/generic-email/ingest                                       0 B                0 B
Public + security smoke (production build)	Production build	2026-07-13T22:34:31.5567863Z Ôö£ ãÆ /api/tenants/[tenantId]/integrations/google-calendar/oauth/start                                0 B                0 B
Public + security smoke (production build)	Production build	2026-07-13T22:34:31.5568783Z Ôö£ ãÆ /api/tenants/[tenantId]/integrations/google-calendar/validate                                   0 B                0 B
Public + security smoke (production build)	Production build	2026-07-13T22:34:31.5569673Z Ôö£ ãÆ /api/tenants/[tenantId]/integrations/hubspot/contact                                            0 B                0 B
Public + security smoke (production build)	Production build	2026-07-13T22:34:31.5570525Z Ôö£ ãÆ /api/tenants/[tenantId]/integrations/hubspot/deal                                               0 B                0 B
Public + security smoke (production build)	Production build	2026-07-13T22:34:31.5571371Z Ôö£ ãÆ /api/tenants/[tenantId]/integrations/hubspot/email-event                                        0 B                0 B
Public + security smoke (production build)	Production build	2026-07-13T22:34:31.5572227Z Ôö£ ãÆ /api/tenants/[tenantId]/integrations/hubspot/webhook                                            0 B                0 B
Public + security smoke (production build)	Production build	2026-07-13T22:34:31.5573161Z Ôö£ ãÆ /api/tenants/[tenantId]/integrations/iiohr-hr/staff-sync                                        0 B                0 B
Public + security smoke (production build)	Production build	2026-07-13T22:34:31.5574047Z Ôö£ ãÆ /api/tenants/[tenantId]/integrations/timely/appointment                                         0 B                0 B
Public + security smoke (production build)	Production build	2026-07-13T22:34:31.5574909Z Ôö£ ãÆ /api/tenants/[tenantId]/integrations/timely/discovery                                           0 B                0 B
Public + security smoke (production build)	Production build	2026-07-13T22:34:31.5575907Z Ôö£ ãÆ /api/tenants/[tenantId]/integrations/timely/patient                                             0 B                0 B
Public + security smoke (production build)	Production build	2026-07-13T22:34:31.5576771Z Ôö£ ãÆ /api/tenants/[tenantId]/pathology-email-routes                                                  0 B                0 B
Public + security smoke (production build)	Production build	2026-07-13T22:34:31.5577841Z Ôö£ ãÆ /api/tenants/[tenantId]/pathology-email-routes/[routeId]                                        0 B                0 B
Public + security smoke (production build)	Production build	2026-07-13T22:34:31.5578730Z Ôö£ ãÆ /api/tenants/[tenantId]/pathology-extraction-jobs/[jobId]/dismiss                               0 B                0 B
Public + security smoke (production build)	Production build	2026-07-13T22:34:31.5579617Z Ôö£ ãÆ /api/tenants/[tenantId]/pathology-extraction-jobs/[jobId]/retry                                 0 B                0 B
Public + security smoke (production build)	Production build	2026-07-13T22:34:31.5580458Z Ôö£ ãÆ /api/tenants/[tenantId]/pathology-inbox                                                         0 B                0 B
Public + security smoke (production build)	Production build	2026-07-13T22:34:31.5581318Z Ôö£ ãÆ /api/tenants/[tenantId]/pathology-inbox/[documentId]/create-draft                               0 B                0 B
Public + security smoke (production build)	Production build	2026-07-13T22:34:31.5582213Z Ôö£ ãÆ /api/tenants/[tenantId]/pathology-inbox/[documentId]/extract                                    0 B                0 B
Public + security smoke (production build)	Production build	2026-07-13T22:34:31.5583225Z Ôö£ ãÆ /api/tenants/[tenantId]/pathology-inbox/[documentId]/match                                      0 B                0 B
Public + security smoke (production build)	Production build	2026-07-13T22:34:31.5584100Z Ôö£ ãÆ /api/tenants/[tenantId]/pathology-inbox/[documentId]/promote                                    0 B                0 B
Public + security smoke (production build)	Production build	2026-07-13T22:34:31.5584963Z Ôö£ ãÆ /api/tenants/[tenantId]/patient-directory/[patientId]                                           0 B                0 B
Public + security smoke (production build)	Production build	2026-07-13T22:34:31.5585840Z Ôö£ ãÆ /api/tenants/[tenantId]/patient-directory/[patientId]/clinical-details                          0 B                0 B
Public + security smoke (production build)	Production build	2026-07-13T22:34:31.5586727Z Ôö£ ãÆ /api/tenants/[tenantId]/patient-directory/[patientId]/images                                    0 B                0 B
Public + security smoke (production build)	Production build	2026-07-13T22:34:31.5587858Z Ôö£ ãÆ /api/tenants/[tenantId]/patient-directory/[patientId]/images/[imageId]                          0 B                0 B
Public + security smoke (production build)	Production build	2026-07-13T22:34:31.5588845Z Ôö£ ãÆ /api/tenants/[tenantId]/patient-directory/[patientId]/images/[imageId]/archive                  0 B                0 B
Public + security smoke (production build)	Production build	2026-07-13T22:34:31.5589709Z Ôö£ ãÆ /api/tenants/[tenantId]/patients/[patientId]                                                    0 B                0 B
Public + security smoke (production build)	Production build	2026-07-13T22:34:31.5590543Z Ôö£ ãÆ /api/tenants/[tenantId]/patients/[patientId]/clinical-details                                   0 B                0 B
Public + security smoke (production build)	Production build	2026-07-13T22:34:31.5591393Z Ôö£ ãÆ /api/tenants/[tenantId]/patients/[patientId]/documents                                          0 B                0 B
Public + security smoke (production build)	Production build	2026-07-13T22:34:31.5592224Z Ôö£ ãÆ /api/tenants/[tenantId]/patients/[patientId]/images                                             0 B                0 B
Public + security smoke (production build)	Production build	2026-07-13T22:34:31.5593054Z Ôö£ ãÆ /api/tenants/[tenantId]/patients/[patientId]/images/[imageId]                                   0 B                0 B
Public + security smoke (production build)	Production build	2026-07-13T22:34:31.5593931Z Ôö£ ãÆ /api/tenants/[tenantId]/patients/[patientId]/images/[imageId]/archive                           0 B                0 B
Public + security smoke (production build)	Production build	2026-07-13T22:34:31.5594844Z Ôö£ ãÆ /api/tenants/[tenantId]/patients/[patientId]/imaging/handout/pdf                                0 B                0 B
Public + security smoke (production build)	Production build	2026-07-13T22:34:31.5595740Z Ôö£ ãÆ /api/tenants/[tenantId]/patients/[patientId]/imaging/visual-summary/pdf                         0 B                0 B
Public + security smoke (production build)	Production build	2026-07-13T22:34:31.5596656Z Ôö£ ãÆ /api/tenants/[tenantId]/patients/[patientId]/imaging/visual-summary/share                       0 B                0 B
Public + security smoke (production build)	Production build	2026-07-13T22:34:31.5597679Z Ôö£ ãÆ /api/tenants/[tenantId]/patients/[patientId]/pathology-requests                                 0 B                0 B
Public + security smoke (production build)	Production build	2026-07-13T22:34:31.5598593Z Ôö£ ãÆ /api/tenants/[tenantId]/patients/[patientId]/pathology-requests/[requestId]                     0 B                0 B
Public + security smoke (production build)	Production build	2026-07-13T22:34:31.5599538Z Ôö£ ãÆ /api/tenants/[tenantId]/patients/[patientId]/pathology-requests/[requestId]/cancel              0 B                0 B
Public + security smoke (production build)	Production build	2026-07-13T22:34:31.5600650Z Ôö£ ãÆ /api/tenants/[tenantId]/patients/[patientId]/pathology-requests/[requestId]/pdf                 0 B                0 B
Public + security smoke (production build)	Production build	2026-07-13T22:34:31.5601712Z Ôö£ ãÆ /api/tenants/[tenantId]/patients/[patientId]/pathology-requests/[requestId]/send-to-patient     0 B                0 B
Public + security smoke (production build)	Production build	2026-07-13T22:34:31.5602622Z Ôö£ ãÆ /api/tenants/[tenantId]/patients/[patientId]/pathology-results                                  0 B                0 B
Public + security smoke (production build)	Production build	2026-07-13T22:34:31.5603514Z Ôö£ ãÆ /api/tenants/[tenantId]/patients/[patientId]/pathology-results/[resultId]                       0 B                0 B
Public + security smoke (production build)	Production build	2026-07-13T22:34:31.5604429Z Ôö£ ãÆ /api/tenants/[tenantId]/patients/[patientId]/pathology-results/[resultId]/ai-interpretation     0 B                0 B
Public + security smoke (production build)	Production build	2026-07-13T22:34:31.5605377Z Ôö£ ãÆ /api/tenants/[tenantId]/patients/[patientId]/prescriptions/[prescriptionId]/pharmacy-order-pdf  0 B                0 B
Public + security smoke (production build)	Production build	2026-07-13T22:34:31.5606299Z Ôö£ ãÆ /api/tenants/[tenantId]/patients/[patientId]/vie/capture/accept                                 0 B                0 B
Public + security smoke (production build)	Production build	2026-07-13T22:34:31.5607308Z Ôö£ ãÆ /api/tenants/[tenantId]/patients/[patientId]/vie/capture/reference                              0 B                0 B
Public + security smoke (production build)	Production build	2026-07-13T22:34:31.5608195Z Ôö£ ãÆ /api/tenants/[tenantId]/patients/[patientId]/vie/capture/retake                                 0 B                0 B
Public + security smoke (production build)	Production build	2026-07-13T22:34:31.5609073Z Ôö£ ãÆ /api/tenants/[tenantId]/patients/[patientId]/voice-notes/process                                0 B                0 B
Public + security smoke (production build)	Production build	2026-07-13T22:34:31.5609902Z Ôö£ ãÆ /api/tenants/[tenantId]/procedure-day                                                           0 B                0 B
Public + security smoke (production build)	Production build	2026-07-13T22:34:31.5610685Z Ôö£ ãÆ /api/tenants/[tenantId]/reception-board                                                         0 B                0 B
Public + security smoke (production build)	Production build	2026-07-13T22:34:31.5611456Z Ôö£ ãÆ /api/tenants/[tenantId]/reception-os                                                            0 B                0 B
Public + security smoke (production build)	Production build	2026-07-13T22:34:31.5612234Z Ôö£ ãÆ /api/tenants/[tenantId]/reception-os/export                                                     0 B                0 B
Public + security smoke (production build)	Production build	2026-07-13T22:34:31.5613038Z Ôö£ ãÆ /api/tenants/[tenantId]/reception-tasks                                                         0 B                0 B
Public + security smoke (production build)	Production build	2026-07-13T22:34:31.5613784Z Ôö£ ãÆ /api/tenants/[tenantId]/seed                                                                    0 B                0 B
Public + security smoke (production build)	Production build	2026-07-13T22:34:31.5614506Z Ôö£ ãÆ /api/tenants/[tenantId]/staff                                                                   0 B                0 B
Public + security smoke (production build)	Production build	2026-07-13T22:34:31.5615261Z Ôö£ ãÆ /api/tenants/[tenantId]/staff-uat/telemetry                                                     0 B                0 B
Public + security smoke (production build)	Production build	2026-07-13T22:34:31.5616045Z Ôö£ ãÆ /api/tenants/[tenantId]/staff/[staffId]                                                         0 B                0 B
Public + security smoke (production build)	Production build	2026-07-13T22:34:31.5616801Z Ôö£ ãÆ /api/tenants/[tenantId]/surgery-os                                                              0 B                0 B
Public + security smoke (production build)	Production build	2026-07-13T22:34:31.5617772Z Ôö£ ãÆ /api/tenants/[tenantId]/tick-jobs                                                               0 B                0 B
Public + security smoke (production build)	Production build	2026-07-13T22:34:31.5618552Z Ôö£ ãÆ /api/tenants/[tenantId]/today-signal/revision                                                   0 B                0 B
Public + security smoke (production build)	Production build	2026-07-13T22:34:31.5619380Z Ôö£ ãÆ /api/tenants/[tenantId]/workforce-os/payroll-export                                             0 B                0 B
Public + security smoke (production build)	Production build	2026-07-13T22:34:31.5620143Z Ôö£ Ôùï /apple-icon.png                                                                                 0 B                0 B
Public + security smoke (production build)	Production build	2026-07-13T22:34:31.5620819Z Ôö£ Ôùï /arrival                                                                                        1.14 kB        89.6 kB
Public + security smoke (production build)	Production build	2026-07-13T22:34:31.5621502Z Ôö£ Ôùï /audit-network                                                                                  9.38 kB         156 kB
Public + security smoke (production build)	Production build	2026-07-13T22:34:31.5622187Z Ôö£ Ôùï /clinic-owners                                                                                  9.75 kB         156 kB
Public + security smoke (production build)	Production build	2026-07-13T22:34:31.5622998Z Ôö£ Ôùï /contact                                                                                        880 B           147 kB
Public + security smoke (production build)	Production build	2026-07-13T22:34:31.5623778Z Ôö£ ãÆ /crm_operator                                                                                   239 B          88.7 kB
Public + security smoke (production build)	Production build	2026-07-13T22:34:31.5624465Z Ôö£ Ôùï /dashboard-demo                                                                                 880 B           147 kB
Public + security smoke (production build)	Production build	2026-07-13T22:34:31.5625197Z Ôö£ ãÆ /dashboard/calendar                                                                             249 B           347 kB
Public + security smoke (production build)	Production build	2026-07-13T22:34:31.5625868Z Ôö£ Ôùï /demo                                                                                           732 B           147 kB
Public + security smoke (production build)	Production build	2026-07-13T22:34:31.5626526Z Ôö£ Ôùï /design-system                                                                                  9.11 kB         115 kB
Public + security smoke (production build)	Production build	2026-07-13T22:34:31.5627439Z Ôö£ Ôùï /enterprise                                                                                     9.53 kB         156 kB
Public + security smoke (production build)	Production build	2026-07-13T22:34:31.5628155Z Ôö£ ãÆ /fi_clinic_admin                                                                                239 B          88.7 kB
Public + security smoke (production build)	Production build	2026-07-13T22:34:31.5628856Z Ôö£ ãÆ /fi-admin                                                                                       4.54 kB         110 kB
Public + security smoke (production build)	Production build	2026-07-13T22:34:31.5629533Z Ôö£ ãÆ /fi-admin/[tenantId]                                                                            10.3 kB         245 kB
Public + security smoke (production build)	Production build	2026-07-13T22:34:31.5630259Z Ôö£ ãÆ /fi-admin/[tenantId]/analytics                                                                  262 B          97.5 kB
Public + security smoke (production build)	Production build	2026-07-13T22:34:31.5631019Z Ôö£ ãÆ /fi-admin/[tenantId]/appointments                                                               10.4 kB         183 kB
Public + security smoke (production build)	Production build	2026-07-13T22:34:31.5631830Z Ôö£ ãÆ /fi-admin/[tenantId]/appointments/[appointmentId]                                               11 kB           194 kB
Public + security smoke (production build)	Production build	2026-07-13T22:34:31.5632639Z Ôö£ ãÆ /fi-admin/[tenantId]/audit                                                                      149 B           116 kB
Public + security smoke (production build)	Production build	2026-07-13T22:34:31.5633388Z Ôö£ ãÆ /fi-admin/[tenantId]/audit/[reportId]                                                           2.54 kB        99.8 kB
Public + security smoke (production build)	Production build	2026-07-13T22:34:31.5634140Z Ôö£ ãÆ /fi-admin/[tenantId]/bookings                                                                   7.17 kB         130 kB
Public + security smoke (production build)	Production build	2026-07-13T22:34:31.5634878Z Ôö£ ãÆ /fi-admin/[tenantId]/bookings/new                                                               259 B          97.5 kB
Public + security smoke (production build)	Production build	2026-07-13T22:34:31.5635611Z Ôö£ ãÆ /fi-admin/[tenantId]/calendar                                                                   4.69 kB         351 kB
Public + security smoke (production build)	Production build	2026-07-13T22:34:31.5636360Z Ôö£ ãÆ /fi-admin/[tenantId]/calendar/testing                                                           8.88 kB         115 kB
Public + security smoke (production build)	Production build	2026-07-13T22:34:31.5637202Z Ôö£ ãÆ /fi-admin/[tenantId]/cases                                                                      581 B          97.8 kB
Public + security smoke (production build)	Production build	2026-07-13T22:34:31.5637944Z Ôö£ ãÆ /fi-admin/[tenantId]/cases/[caseId]                                                             27.7 kB         236 kB
Public + security smoke (production build)	Production build	2026-07-13T22:34:31.5638712Z Ôö£ ãÆ /fi-admin/[tenantId]/cases/[caseId]/summary                                                     428 B          97.7 kB
Public + security smoke (production build)	Production build	2026-07-13T22:34:31.5639469Z Ôö£ ãÆ /fi-admin/[tenantId]/cases/new                                                                  3.48 kB         101 kB
Public + security smoke (production build)	Production build	2026-07-13T22:34:31.5640212Z Ôö£ ãÆ /fi-admin/[tenantId]/configuration                                                              19.8 kB         143 kB
Public + security smoke (production build)	Production build	2026-07-13T22:34:31.5641012Z Ôö£ ãÆ /fi-admin/[tenantId]/configuration/pathology-email                                              4.03 kB         110 kB
Public + security smoke (production build)	Production build	2026-07-13T22:34:31.5641839Z Ôö£ ãÆ /fi-admin/[tenantId]/consultation-conversion                                                    240 B          88.7 kB
Public + security smoke (production build)	Production build	2026-07-13T22:34:31.5642632Z Ôö£ ãÆ /fi-admin/[tenantId]/consultations                                                              262 B          97.5 kB
Public + security smoke (production build)	Production build	2026-07-13T22:34:31.5643584Z Ôö£ ãÆ /fi-admin/[tenantId]/consultations/[consultationId]                                             9.31 kB         152 kB
Public + security smoke (production build)	Production build	2026-07-13T22:34:31.5644620Z Ôö£ ãÆ /fi-admin/[tenantId]/consultations/[consultationId]/forms                                       154 B           153 kB
Public + security smoke (production build)	Production build	2026-07-13T22:34:31.5645513Z Ôö£ ãÆ /fi-admin/[tenantId]/consultations/[consultationId]/forms/female-hair-loss                      154 B           153 kB
Public + security smoke (production build)	Production build	2026-07-13T22:34:31.5646420Z Ôö£ ãÆ /fi-admin/[tenantId]/consultations/[consultationId]/forms/follow-up                             154 B           153 kB
Public + security smoke (production build)	Production build	2026-07-13T22:34:31.5647446Z Ôö£ ãÆ /fi-admin/[tenantId]/consultations/[consultationId]/forms/hair-loss-treatment                   154 B           153 kB
Public + security smoke (production build)	Production build	2026-07-13T22:34:31.5648391Z Ôö£ ãÆ /fi-admin/[tenantId]/consultations/[consultationId]/forms/pathology                             154 B           153 kB
Public + security smoke (production build)	Production build	2026-07-13T22:34:31.5649296Z Ôö£ ãÆ /fi-admin/[tenantId]/consultations/[consultationId]/forms/repair                                154 B           153 kB
Public + security smoke (production build)	Production build	2026-07-13T22:34:31.5650145Z Ôö£ ãÆ /fi-admin/[tenantId]/consultations/new                                                          5.49 kB         124 kB
Public + security smoke (production build)	Production build	2026-07-13T22:34:31.5650884Z Ôö£ ãÆ /fi-admin/[tenantId]/crm                                                                        26.2 kB         242 kB
Public + security smoke (production build)	Production build	2026-07-13T22:34:31.5651610Z Ôö£ ãÆ /fi-admin/[tenantId]/crm/leads/[leadId]                                                         18.3 kB         199 kB
Public + security smoke (production build)	Production build	2026-07-13T22:34:31.5652362Z Ôö£ ãÆ /fi-admin/[tenantId]/directory                                                                  6.05 kB         112 kB
Public + security smoke (production build)	Production build	2026-07-13T22:34:31.5653085Z Ôö£ ãÆ /fi-admin/[tenantId]/doctor                                                                     262 B          97.5 kB
Public + security smoke (production build)	Production build	2026-07-13T22:34:31.5653815Z Ôö£ ãÆ /fi-admin/[tenantId]/financial                                                                  239 B          88.7 kB
Public + security smoke (production build)	Production build	2026-07-13T22:34:31.5654588Z Ôö£ ãÆ /fi-admin/[tenantId]/financial-os                                                               154 B           125 kB
Public + security smoke (production build)	Production build	2026-07-13T22:34:31.5655406Z Ôö£ ãÆ /fi-admin/[tenantId]/financial-os/accounts-receivable                                           3.19 kB         115 kB
Public + security smoke (production build)	Production build	2026-07-13T22:34:31.5656230Z Ôö£ ãÆ /fi-admin/[tenantId]/financial-os/cost-models                                                   3 kB            113 kB
Public + security smoke (production build)	Production build	2026-07-13T22:34:31.5657025Z Ôö£ ãÆ /fi-admin/[tenantId]/financial-os/executive                                                     3.21 kB         114 kB
Public + security smoke (production build)	Production build	2026-07-13T22:34:31.5658044Z Ôö£ ãÆ /fi-admin/[tenantId]/financial/dashboard                                                        1.41 kB         112 kB
Public + security smoke (production build)	Production build	2026-07-13T22:34:31.5658848Z Ôö£ ãÆ /fi-admin/[tenantId]/financial/deposit-rules                                                    239 B          88.7 kB
Public + security smoke (production build)	Production build	2026-07-13T22:34:31.5659645Z Ôö£ ãÆ /fi-admin/[tenantId]/financial/expenses                                                         10.3 kB         121 kB
Public + security smoke (production build)	Production build	2026-07-13T22:34:31.5660471Z Ôö£ ãÆ /fi-admin/[tenantId]/financial/expenses/imports/[importId]                                      3.56 kB         114 kB
Public + security smoke (production build)	Production build	2026-07-13T22:34:31.5661341Z Ôö£ ãÆ /fi-admin/[tenantId]/financial/finance-applications                                             4.28 kB         106 kB
Public + security smoke (production build)	Production build	2026-07-13T22:34:31.5662189Z Ôö£ ãÆ /fi-admin/[tenantId]/financial/installments                                                     1.41 kB         103 kB
Public + security smoke (production build)	Production build	2026-07-13T22:34:31.5663037Z Ôö£ ãÆ /fi-admin/[tenantId]/financial/international-transfers                                          5.36 kB         107 kB
Public + security smoke (production build)	Production build	2026-07-13T22:34:31.5663864Z Ôö£ ãÆ /fi-admin/[tenantId]/financial/invoices                                                         1.01 kB        98.2 kB
Public + security smoke (production build)	Production build	2026-07-13T22:34:31.5664652Z Ôö£ ãÆ /fi-admin/[tenantId]/financial/pathway-inbox                                                    4.68 kB         115 kB
Public + security smoke (production build)	Production build	2026-07-13T22:34:31.5665467Z Ôö£ ãÆ /fi-admin/[tenantId]/financial/payment-pathways                                                 3.35 kB         105 kB
Public + security smoke (production build)	Production build	2026-07-13T22:34:31.5666470Z Ôö£ ãÆ /fi-admin/[tenantId]/financial/payment-requests                                                 262 B          97.5 kB
Public + security smoke (production build)	Production build	2026-07-13T22:34:31.5667663Z Ôö£ ãÆ /fi-admin/[tenantId]/financial/payments                                                         239 B          88.7 kB
Public + security smoke (production build)	Production build	2026-07-13T22:34:31.5668457Z Ôö£ ãÆ /fi-admin/[tenantId]/financial/providers                                                        2.58 kB         104 kB
Public + security smoke (production build)	Production build	2026-07-13T22:34:31.5669252Z Ôö£ ãÆ /fi-admin/[tenantId]/financial/super-release                                                    4.61 kB         106 kB
Public + security smoke (production build)	Production build	2026-07-13T22:34:31.5670055Z Ôö£ ãÆ /fi-admin/[tenantId]/foundation-integrity                                                       7.1 kB          113 kB
Public + security smoke (production build)	Production build	2026-07-13T22:34:31.5670833Z Ôö£ ãÆ /fi-admin/[tenantId]/front-desk                                                                 13.9 kB         144 kB
Public + security smoke (production build)	Production build	2026-07-13T22:34:31.5671593Z Ôö£ ãÆ /fi-admin/[tenantId]/front-desk/clinic-flow                                                     240 B          88.7 kB
Public + security smoke (production build)	Production build	2026-07-13T22:34:31.5672410Z Ôö£ ãÆ /fi-admin/[tenantId]/front-desk/reception-board                                                 241 B          88.7 kB
Public + security smoke (production build)	Production build	2026-07-13T22:34:31.5673208Z Ôö£ ãÆ /fi-admin/[tenantId]/front-desk/tomorrow                                                        264 B           113 kB
Public + security smoke (production build)	Production build	2026-07-13T22:34:31.5673992Z Ôö£ ãÆ /fi-admin/[tenantId]/global-command-centre                                                      5.35 kB         111 kB
Public + security smoke (production build)	Production build	2026-07-13T22:34:31.5674813Z Ôö£ ãÆ /fi-admin/[tenantId]/global-command-centre/presentation                                         6.25 kB         112 kB
Public + security smoke (production build)	Production build	2026-07-13T22:34:31.5675597Z Ôö£ ãÆ /fi-admin/[tenantId]/hr-os                                                                      1.01 kB         107 kB
Public + security smoke (production build)	Production build	2026-07-13T22:34:31.5676344Z Ôö£ ãÆ /fi-admin/[tenantId]/hr-os/certifications                                                       1.67 kB         112 kB
Public + security smoke (production build)	Production build	2026-07-13T22:34:31.5677219Z Ôö£ ãÆ /fi-admin/[tenantId]/hr-os/compliance                                                           1.39 kB         112 kB
Public + security smoke (production build)	Production build	2026-07-13T22:34:31.5677991Z Ôö£ ãÆ /fi-admin/[tenantId]/hr-os/credentials                                                          1.65 kB         112 kB
Public + security smoke (production build)	Production build	2026-07-13T22:34:31.5678750Z Ôö£ ãÆ /fi-admin/[tenantId]/hr-os/duplicates                                                           1.89 kB         112 kB
Public + security smoke (production build)	Production build	2026-07-13T22:34:31.5679516Z Ôö£ ãÆ /fi-admin/[tenantId]/hr-os/offboarding                                                          2.5 kB          113 kB
Public + security smoke (production build)	Production build	2026-07-13T22:34:31.5680275Z Ôö£ ãÆ /fi-admin/[tenantId]/hr-os/onboarding                                                           162 B           130 kB
Public + security smoke (production build)	Production build	2026-07-13T22:34:31.5681017Z Ôö£ ãÆ /fi-admin/[tenantId]/hr-os/roster                                                               241 B          88.7 kB
Public + security smoke (production build)	Production build	2026-07-13T22:34:31.5681798Z Ôö£ ãÆ /fi-admin/[tenantId]/hr-os/staff-reconciliation                                                 6.14 kB         112 kB
Public + security smoke (production build)	Production build	2026-07-13T22:34:31.5682593Z Ôö£ ãÆ /fi-admin/[tenantId]/hr-os/sync-health                                                          155 B           118 kB
Public + security smoke (production build)	Production build	2026-07-13T22:34:31.5683357Z Ôö£ ãÆ /fi-admin/[tenantId]/hr/staff-import                                                            10.2 kB         116 kB
Public + security smoke (production build)	Production build	2026-07-13T22:34:31.5684130Z Ôö£ ãÆ /fi-admin/[tenantId]/hr/staff-import/payroll                                                    6.14 kB         112 kB
Public + security smoke (production build)	Production build	2026-07-13T22:34:31.5684921Z Ôö£ ãÆ /fi-admin/[tenantId]/hr/staff-readiness                                                         5.33 kB         122 kB
Public + security smoke (production build)	Production build	2026-07-13T22:34:31.5685675Z Ôö£ ãÆ /fi-admin/[tenantId]/hr/sync-health                                                             155 B           118 kB
Public + security smoke (production build)	Production build	2026-07-13T22:34:31.5686426Z Ôö£ ãÆ /fi-admin/[tenantId]/imaging/ai-jobs                                                            3.81 kB         101 kB
Public + security smoke (production build)	Production build	2026-07-13T22:34:31.5687290Z Ôö£ ãÆ /fi-admin/[tenantId]/imaging/review                                                             6.39 kB         110 kB
Public + security smoke (production build)	Production build	2026-07-13T22:34:31.5688244Z Ôö£ ãÆ /fi-admin/[tenantId]/intelligence/d6-bake                                                       5.67 kB         111 kB
Public + security smoke (production build)	Production build	2026-07-13T22:34:31.5689175Z Ôö£ ãÆ /fi-admin/[tenantId]/intelligence/navigation-audit                                              4.62 kB         110 kB
Public + security smoke (production build)	Production build	2026-07-13T22:34:31.5690012Z Ôö£ ãÆ /fi-admin/[tenantId]/intelligence/presence                                                      3.98 kB         110 kB
Public + security smoke (production build)	Production build	2026-07-13T22:34:31.5690843Z Ôö£ ãÆ /fi-admin/[tenantId]/intelligence/signal-learning                                               4.29 kB         110 kB
Public + security smoke (production build)	Production build	2026-07-13T22:34:31.5691622Z Ôö£ ãÆ /fi-admin/[tenantId]/leadflow                                                                   241 B          88.7 kB
Public + security smoke (production build)	Production build	2026-07-13T22:34:31.5692382Z Ôö£ ãÆ /fi-admin/[tenantId]/medication-reorders                                                        1.79 kB        90.3 kB
Public + security smoke (production build)	Production build	2026-07-13T22:34:31.5693171Z Ôö£ ãÆ /fi-admin/[tenantId]/module-unavailable                                                         2.53 kB        99.8 kB
Public + security smoke (production build)	Production build	2026-07-13T22:34:31.5693994Z Ôö£ ãÆ /fi-admin/[tenantId]/onboarding-os/import-review                                                2.83 kB         100 kB
Public + security smoke (production build)	Production build	2026-07-13T22:34:31.5694804Z Ôö£ ãÆ /fi-admin/[tenantId]/onboarding/invite/[token]                                                  8.08 kB         119 kB
Public + security smoke (production build)	Production build	2026-07-13T22:34:31.5695577Z Ôö£ ãÆ /fi-admin/[tenantId]/operations                                                                 239 B          88.7 kB
Public + security smoke (production build)	Production build	2026-07-13T22:34:31.5696336Z Ôö£ ãÆ /fi-admin/[tenantId]/pathology/inbox                                                            6.6 kB          112 kB
Public + security smoke (production build)	Production build	2026-07-13T22:34:31.5697207Z Ôö£ ãÆ /fi-admin/[tenantId]/patients                                                                   6.04 kB         205 kB
Public + security smoke (production build)	Production build	2026-07-13T22:34:31.5697968Z Ôö£ ãÆ /fi-admin/[tenantId]/patients/[patientId]                                                       26.6 kB         229 kB
Public + security smoke (production build)	Production build	2026-07-13T22:34:31.5698789Z Ôö£ ãÆ /fi-admin/[tenantId]/patients/[patientId]/blood-request                                         3.32 kB         101 kB
Public + security smoke (production build)	Production build	2026-07-13T22:34:31.5699664Z Ôö£ ãÆ /fi-admin/[tenantId]/patients/[patientId]/blood-request/[requestId]                             2.87 kB         100 kB
Public + security smoke (production build)	Production build	2026-07-13T22:34:31.5700541Z Ôö£ ãÆ /fi-admin/[tenantId]/patients/[patientId]/blood-results/[resultId]                              6.61 kB         104 kB
Public + security smoke (production build)	Production build	2026-07-13T22:34:31.5701408Z Ôö£ ãÆ /fi-admin/[tenantId]/patients/[patientId]/blood-results/new                                     3.25 kB         100 kB
Public + security smoke (production build)	Production build	2026-07-13T22:34:31.5702235Z Ôö£ ãÆ /fi-admin/[tenantId]/patients/[patientId]/imaging                                               19.3 kB         139 kB
Public + security smoke (production build)	Production build	2026-07-13T22:34:31.5703049Z Ôö£ ãÆ /fi-admin/[tenantId]/patients/[patientId]/timeline                                              262 B          97.5 kB
Public + security smoke (production build)	Production build	2026-07-13T22:34:31.5703856Z Ôö£ ãÆ /fi-admin/[tenantId]/patients/[patientId]/twin                                                  16 kB           133 kB
Public + security smoke (production build)	Production build	2026-07-13T22:34:31.5704633Z Ôö£ ãÆ /fi-admin/[tenantId]/patients/new                                                               3.75 kB         110 kB
Public + security smoke (production build)	Production build	2026-07-13T22:34:31.5705402Z Ôö£ ãÆ /fi-admin/[tenantId]/patients/returning                                                         8.86 kB         128 kB
Public + security smoke (production build)	Production build	2026-07-13T22:34:31.5706154Z Ôö£ ãÆ /fi-admin/[tenantId]/payments                                                                   1.02 kB        98.2 kB
Public + security smoke (production build)	Production build	2026-07-13T22:34:31.5706896Z Ôö£ ãÆ /fi-admin/[tenantId]/prescriptions                                                              262 B          97.5 kB
Public + security smoke (production build)	Production build	2026-07-13T22:34:31.5707796Z Ôö£ ãÆ /fi-admin/[tenantId]/prescriptions/[prescriptionId]                                             194 B           123 kB
Public + security smoke (production build)	Production build	2026-07-13T22:34:31.5708609Z Ôö£ ãÆ /fi-admin/[tenantId]/prescriptions/new                                                          1.61 kB         125 kB
Public + security smoke (production build)	Production build	2026-07-13T22:34:31.5709374Z Ôö£ ãÆ /fi-admin/[tenantId]/procedure-day                                                              154 B           128 kB
Public + security smoke (production build)	Production build	2026-07-13T22:34:31.5710394Z Ôö£ ãÆ /fi-admin/[tenantId]/reception                                                                  239 B          88.7 kB
Public + security smoke (production build)	Production build	2026-07-13T22:34:31.5711146Z Ôö£ ãÆ /fi-admin/[tenantId]/reception-board                                                            239 B          88.7 kB
Public + security smoke (production build)	Production build	2026-07-13T22:34:31.5711911Z Ôö£ ãÆ /fi-admin/[tenantId]/reception-os                                                               26.3 kB         152 kB
Public + security smoke (production build)	Production build	2026-07-13T22:34:31.5712653Z Ôö£ ãÆ /fi-admin/[tenantId]/reports                                                                    262 B          97.5 kB
Public + security smoke (production build)	Production build	2026-07-13T22:34:31.5713386Z Ôö£ ãÆ /fi-admin/[tenantId]/reports/admin                                                              262 B          97.5 kB
Public + security smoke (production build)	Production build	2026-07-13T22:34:31.5714152Z Ôö£ ãÆ /fi-admin/[tenantId]/reports/analytics                                                          262 B          97.5 kB
Public + security smoke (production build)	Production build	2026-07-13T22:34:31.5714923Z Ôö£ ãÆ /fi-admin/[tenantId]/reports/library                                                            6.29 kB         117 kB
Public + security smoke (production build)	Production build	2026-07-13T22:34:31.5715711Z Ôö£ ãÆ /fi-admin/[tenantId]/reports/performance                                                        154 B           125 kB
Public + security smoke (production build)	Production build	2026-07-13T22:34:31.5716483Z Ôö£ ãÆ /fi-admin/[tenantId]/reports/quality                                                            148 B           116 kB
Public + security smoke (production build)	Production build	2026-07-13T22:34:31.5717362Z Ôö£ ãÆ /fi-admin/[tenantId]/reports/surgery                                                            149 B           111 kB
Public + security smoke (production build)	Production build	2026-07-13T22:34:31.5718099Z Ôö£ ãÆ /fi-admin/[tenantId]/rooms                                                                      4.58 kB         114 kB
Public + security smoke (production build)	Production build	2026-07-13T22:34:31.5718820Z Ôö£ ãÆ /fi-admin/[tenantId]/services                                                                   7.53 kB         117 kB
Public + security smoke (production build)	Production build	2026-07-13T22:34:31.5719575Z Ôö£ ãÆ /fi-admin/[tenantId]/settings/admin-users                                                       3.25 kB         100 kB
Public + security smoke (production build)	Production build	2026-07-13T22:34:31.5720363Z Ôö£ ãÆ /fi-admin/[tenantId]/settings/calendar                                                          2.13 kB        99.4 kB
Public + security smoke (production build)	Production build	2026-07-13T22:34:31.5721151Z Ôö£ ãÆ /fi-admin/[tenantId]/settings/clinic-setup                                                      7.42 kB         124 kB
Public + security smoke (production build)	Production build	2026-07-13T22:34:31.5721960Z Ôö£ ãÆ /fi-admin/[tenantId]/settings/hairaudit-discovery                                               2.23 kB        99.5 kB
Public + security smoke (production build)	Production build	2026-07-13T22:34:31.5722780Z Ôö£ ãÆ /fi-admin/[tenantId]/settings/imports/hubspot                                                   4.66 kB         110 kB
Public + security smoke (production build)	Production build	2026-07-13T22:34:31.5723589Z Ôö£ ãÆ /fi-admin/[tenantId]/settings/integrations                                                      16.7 kB         163 kB
Public + security smoke (production build)	Production build	2026-07-13T22:34:31.5724398Z Ôö£ ãÆ /fi-admin/[tenantId]/settings/integrations/timely                                               261 B          97.5 kB
Public + security smoke (production build)	Production build	2026-07-13T22:34:31.5725289Z Ôö£ ãÆ /fi-admin/[tenantId]/settings/integrations/timely/discovery                                     1.39 kB        98.6 kB
Public + security smoke (production build)	Production build	2026-07-13T22:34:31.5726123Z Ôö£ ãÆ /fi-admin/[tenantId]/settings/payments                                                          262 B          97.5 kB
Public + security smoke (production build)	Production build	2026-07-13T22:34:31.5726903Z Ôö£ ãÆ /fi-admin/[tenantId]/settings/reminders                                                         241 B          88.7 kB
Public + security smoke (production build)	Production build	2026-07-13T22:34:31.5727794Z Ôö£ ãÆ /fi-admin/[tenantId]/settings/staff-access                                                      7.35 kB         105 kB
Public + security smoke (production build)	Production build	2026-07-13T22:34:31.5728597Z Ôö£ ãÆ /fi-admin/[tenantId]/settings/tax-localisation                                                  3.55 kB         101 kB
Public + security smoke (production build)	Production build	2026-07-13T22:34:31.5729399Z Ôö£ ãÆ /fi-admin/[tenantId]/settings/templates                                                         7.33 kB         117 kB
Public + security smoke (production build)	Production build	2026-07-13T22:34:31.5730142Z Ôö£ ãÆ /fi-admin/[tenantId]/staff                                                                      169 B           151 kB
Public + security smoke (production build)	Production build	2026-07-13T22:34:31.5730881Z Ôö£ ãÆ /fi-admin/[tenantId]/staff-pin-login                                                            6.43 kB         109 kB
Public + security smoke (production build)	Production build	2026-07-13T22:34:31.5731973Z Ôö£ ãÆ /fi-admin/[tenantId]/staff-time-clock                                                           4.2 kB          101 kB
Public + security smoke (production build)	Production build	2026-07-13T22:34:31.5732746Z Ôö£ ãÆ /fi-admin/[tenantId]/staff/[staffId]/twin                                                       9.36 kB         125 kB
Public + security smoke (production build)	Production build	2026-07-13T22:34:31.5733522Z Ôö£ ãÆ /fi-admin/[tenantId]/staff/import/iiohr-hr                                                      239 B          88.7 kB
Public + security smoke (production build)	Production build	2026-07-13T22:34:31.5734295Z Ôö£ ãÆ /fi-admin/[tenantId]/staff/link-users                                                           3.3 kB          101 kB
Public + security smoke (production build)	Production build	2026-07-13T22:34:31.5735047Z Ôö£ ãÆ /fi-admin/[tenantId]/staff/me/hr                                                                262 B          97.5 kB
Public + security smoke (production build)	Production build	2026-07-13T22:34:31.5735790Z Ôö£ ãÆ /fi-admin/[tenantId]/staff/role-review                                                          5.2 kB          121 kB
Public + security smoke (production build)	Production build	2026-07-13T22:34:31.5736533Z Ôö£ ãÆ /fi-admin/[tenantId]/surgery                                                                    188 B           185 kB
Public + security smoke (production build)	Production build	2026-07-13T22:34:31.5737392Z Ôö£ ãÆ /fi-admin/[tenantId]/surgery-booking                                                            3.32 kB         121 kB
Public + security smoke (production build)	Production build	2026-07-13T22:34:31.5738157Z Ôö£ ãÆ /fi-admin/[tenantId]/surgery-os                                                                 186 B           185 kB
Public + security smoke (production build)	Production build	2026-07-13T22:34:31.5738933Z Ôö£ ãÆ /fi-admin/[tenantId]/surgery-os/graft-counting                                                  10.8 kB         146 kB
Public + security smoke (production build)	Production build	2026-07-13T22:34:31.5739743Z Ôö£ ãÆ /fi-admin/[tenantId]/surgery-os/intelligence                                                    149 B           111 kB
Public + security smoke (production build)	Production build	2026-07-13T22:34:31.5740537Z Ôö£ ãÆ /fi-admin/[tenantId]/surgery-readiness                                                          6.46 kB         123 kB
Public + security smoke (production build)	Production build	2026-07-13T22:34:31.5741304Z Ôö£ ãÆ /fi-admin/[tenantId]/surgery/cases                                                              581 B          97.8 kB
Public + security smoke (production build)	Production build	2026-07-13T22:34:31.5742093Z Ôö£ ãÆ /fi-admin/[tenantId]/surgery/procedure-day                                                      154 B           128 kB
Public + security smoke (production build)	Production build	2026-07-13T22:34:31.5742874Z Ôö£ ãÆ /fi-admin/[tenantId]/surgery/review                                                             149 B           111 kB
Public + security smoke (production build)	Production build	2026-07-13T22:34:31.5743635Z Ôö£ ãÆ /fi-admin/[tenantId]/system-status                                                              262 B          97.5 kB
Public + security smoke (production build)	Production build	2026-07-13T22:34:31.5744365Z Ôö£ ãÆ /fi-admin/[tenantId]/team                                                                       148 B           119 kB
Public + security smoke (production build)	Production build	2026-07-13T22:34:31.5745101Z Ôö£ ãÆ /fi-admin/[tenantId]/team/compliance                                                            1.39 kB         112 kB
Public + security smoke (production build)	Production build	2026-07-13T22:34:31.5745850Z Ôö£ ãÆ /fi-admin/[tenantId]/team/identity                                                              214 B           128 kB
Public + security smoke (production build)	Production build	2026-07-13T22:34:31.5746608Z Ôö£ ãÆ /fi-admin/[tenantId]/team/onboarding                                                            162 B           130 kB
Public + security smoke (production build)	Production build	2026-07-13T22:34:31.5747454Z Ôö£ ãÆ /fi-admin/[tenantId]/team/roster                                                                163 B           145 kB
Public + security smoke (production build)	Production build	2026-07-13T22:34:31.5748199Z Ôö£ ãÆ /fi-admin/[tenantId]/team/staff                                                                 169 B           151 kB
Public + security smoke (production build)	Production build	2026-07-13T22:34:31.5748942Z Ôö£ ãÆ /fi-admin/[tenantId]/team/training                                                              1.68 kB         112 kB
Public + security smoke (production build)	Production build	2026-07-13T22:34:31.5749685Z Ôö£ ãÆ /fi-admin/[tenantId]/tomorrow                                                                   239 B          88.7 kB
Public + security smoke (production build)	Production build	2026-07-13T22:34:31.5750424Z Ôö£ ãÆ /fi-admin/[tenantId]/workforce-os                                                               148 B           119 kB
Public + security smoke (production build)	Production build	2026-07-13T22:34:31.5751193Z Ôö£ ãÆ /fi-admin/[tenantId]/workforce-os/directory                                                     4.22 kB         110 kB
Public + security smoke (production build)	Production build	2026-07-13T22:34:31.5752015Z Ôö£ ãÆ /fi-admin/[tenantId]/workforce-os/hr-reconciliation                                             7.07 kB         113 kB
Public + security smoke (production build)	Production build	2026-07-13T22:34:31.5753103Z Ôö£ ãÆ /fi-admin/[tenantId]/workforce-os/hr-task-map                                                   2.42 kB         124 kB
Public + security smoke (production build)	Production build	2026-07-13T22:34:31.5753918Z Ôö£ ãÆ /fi-admin/[tenantId]/workforce-os/payroll                                                       10.4 kB         116 kB
Public + security smoke (production build)	Production build	2026-07-13T22:34:31.5754715Z Ôö£ ãÆ /fi-admin/[tenantId]/workforce-os/planning                                                      6.25 kB         112 kB
Public + security smoke (production build)	Production build	2026-07-13T22:34:31.5755541Z Ôö£ ãÆ /fi-admin/[tenantId]/workforce-os/procedure-staffing                                            5.8 kB          112 kB
Public + security smoke (production build)	Production build	2026-07-13T22:34:31.5756375Z Ôö£ ãÆ /fi-admin/[tenantId]/workforce-os/recruitment                                                   7.23 kB         113 kB
Public + security smoke (production build)	Production build	2026-07-13T22:34:31.5757269Z Ôö£ ãÆ /fi-admin/[tenantId]/workforce-os/roster                                                        163 B           145 kB
Public + security smoke (production build)	Production build	2026-07-13T22:34:31.5758094Z Ôö£ ãÆ /fi-admin/[tenantId]/workforce-os/roster/standard-hours                                         213 B           134 kB
Public + security smoke (production build)	Production build	2026-07-13T22:34:31.5758995Z Ôö£ ãÆ /fi-admin/[tenantId]/workforce-os/roster/standard-hours/[staffId]                               214 B           134 kB
Public + security smoke (production build)	Production build	2026-07-13T22:34:31.5759835Z Ôö£ ãÆ /fi-admin/[tenantId]/workforce-os/shift-cost                                                    4.24 kB         110 kB
Public + security smoke (production build)	Production build	2026-07-13T22:34:31.5760659Z Ôö£ ãÆ /fi-admin/[tenantId]/workforce-os/staff-access                                                  201 B           128 kB
Public + security smoke (production build)	Production build	2026-07-13T22:34:31.5761508Z Ôö£ ãÆ /fi-admin/[tenantId]/workforce-os/staff-access/accept/[token]                                   8.29 kB         119 kB
Public + security smoke (production build)	Production build	2026-07-13T22:34:31.5762394Z Ôö£ ãÆ /fi-admin/[tenantId]/workforce-os/staff-access/pin-setup/[setupToken]                           4.87 kB         111 kB
Public + security smoke (production build)	Production build	2026-07-13T22:34:31.5763268Z Ôö£ ãÆ /fi-admin/[tenantId]/workforce-os/staff-identity-audit                                          3.36 kB         109 kB
Public + security smoke (production build)	Production build	2026-07-13T22:34:31.5764104Z Ôö£ ãÆ /fi-admin/[tenantId]/workforce-os/staff/[staffId]                                               12.6 kB         137 kB
Public + security smoke (production build)	Production build	2026-07-13T22:34:31.5764928Z Ôö£ ãÆ /fi-admin/ihrg-global/global-command-centre                                                     241 B          88.7 kB
Public + security smoke (production build)	Production build	2026-07-13T22:34:31.5765777Z Ôö£ ãÆ /fi-admin/ihrg-global/global-command-centre/presentation                                        239 B          88.7 kB
Public + security smoke (production build)	Production build	2026-07-13T22:34:31.5766602Z Ôö£ ãÆ /fi-admin/platform/deployments                                                                  262 B          97.5 kB
Public + security smoke (production build)	Production build	2026-07-13T22:34:31.5767448Z Ôö£ ãÆ /fi-admin/platform/onboarding                                                                   262 B          97.5 kB
Public + security smoke (production build)	Production build	2026-07-13T22:34:31.5768233Z Ôö£ ãÆ /fi-admin/platform/onboarding/[sessionId]                                                       3.36 kB         117 kB
Public + security smoke (production build)	Production build	2026-07-13T22:34:31.5769015Z Ôö£ ãÆ /fi-admin/platform/onboarding/new                                                               2.64 kB         104 kB
Public + security smoke (production build)	Production build	2026-07-13T22:34:31.5769883Z Ôö£ ãÆ /fi-admin/system                                                                                262 B          97.5 kB
Public + security smoke (production build)	Production build	2026-07-13T22:34:31.5770600Z Ôö£ ãÆ /fi-admin/system/academy                                                                        262 B          97.5 kB
Public + security smoke (production build)	Production build	2026-07-13T22:34:31.5771322Z Ôö£ ãÆ /fi-admin/system/audit-logs                                                                     262 B          97.5 kB
Public + security smoke (production build)	Production build	2026-07-13T22:34:31.5772040Z Ôö£ ãÆ /fi-admin/system/clinics                                                                        262 B          97.5 kB
Public + security smoke (production build)	Production build	2026-07-13T22:34:31.5772753Z Ôö£ ãÆ /fi-admin/system/doctors                                                                        262 B          97.5 kB
Public + security smoke (production build)	Production build	2026-07-13T22:34:31.5773492Z Ôö£ ãÆ /fi-admin/system/integrations                                                                   241 B          88.7 kB
Public + security smoke (production build)	Production build	2026-07-13T22:34:31.5774268Z Ôö£ ãÆ /fi-admin/system/intelligence-event-logs                                                        239 B          88.7 kB
Public + security smoke (production build)	Production build	2026-07-13T22:34:31.5775222Z Ôö£ ãÆ /fi-admin/system/intelligence-event-logs/replay                                                 262 B          97.5 kB
Public + security smoke (production build)	Production build	2026-07-13T22:34:31.5776038Z Ôö£ ãÆ /fi-admin/system/medication-catalogue                                                           262 B          97.5 kB
Public + security smoke (production build)	Production build	2026-07-13T22:34:31.5776814Z Ôö£ ãÆ /fi-admin/system/permissions                                                                    241 B          88.7 kB
Public + security smoke (production build)	Production build	2026-07-13T22:34:31.5777655Z Ôö£ ãÆ /fi-admin/system/services                                                                       262 B          97.5 kB
Public + security smoke (production build)	Production build	2026-07-13T22:34:31.5778372Z Ôö£ ãÆ /fi-admin/system/staff                                                                          262 B          97.5 kB
Public + security smoke (production build)	Production build	2026-07-13T22:34:31.5779111Z Ôö£ ãÆ /fi-admin/system/system-settings                                                                241 B          88.7 kB
Public + security smoke (production build)	Production build	2026-07-13T22:34:31.5779861Z Ôö£ ãÆ /fi-admin/system/tenants                                                                        3.8 kB          101 kB
Public + security smoke (production build)	Production build	2026-07-13T22:34:31.5780576Z Ôö£ ãÆ /fi-admin/system/users                                                                          2.92 kB        91.4 kB
Public + security smoke (production build)	Production build	2026-07-13T22:34:31.5781253Z Ôö£ ãÆ /fi-login                                                                                       239 B          88.7 kB
Public + security smoke (production build)	Production build	2026-07-13T22:34:31.5781979Z Ôö£ Ôùï /follicle-intelligence/auth/confirm                                                             3.25 kB         165 kB
Public + security smoke (production build)	Production build	2026-07-13T22:34:31.5782773Z Ôö£ Ôùï /follicle-intelligence/forgot-password                                                          1.44 kB        98.7 kB
Public + security smoke (production build)	Production build	2026-07-13T22:34:31.5783549Z Ôö£ ãÆ /follicle-intelligence/login                                                                    3.6 kB          165 kB
Public + security smoke (production build)	Production build	2026-07-13T22:34:31.5784353Z Ôö£ ãÆ /follicle-intelligence/settings/imports/hubspot                                                 239 B          88.7 kB
Public + security smoke (production build)	Production build	2026-07-13T22:34:31.5785194Z Ôö£ Ôùï /follicle-intelligence/update-password                                                          3.67 kB         165 kB
Public + security smoke (production build)	Production build	2026-07-13T22:34:31.5785963Z Ôö£ Ôùï /future-verticals                                                                               880 B           147 kB
Public + security smoke (production build)	Production build	2026-07-13T22:34:31.5786656Z Ôö£ ãÆ /hair-audit/admin                                                                               262 B          97.5 kB
Public + security smoke (production build)	Production build	2026-07-13T22:34:31.5787475Z Ôö£ Ôùï /hair-intelligence                                                                              880 B           147 kB
Public + security smoke (production build)	Production build	2026-07-13T22:34:31.5788184Z Ôö£ Ôùï /icon.png                                                                                       0 B                0 B
Public + security smoke (production build)	Production build	2026-07-13T22:34:31.5788855Z Ôö£ Ôùï /integration                                                                                    880 B           147 kB
Public + security smoke (production build)	Production build	2026-07-13T22:34:31.5789535Z Ôö£ Ôùï /intelligence                                                                                   10.4 kB         157 kB
Public + security smoke (production build)	Production build	2026-07-13T22:34:31.5790374Z Ôö£ Ôùï /investors                                                                                      10.1 kB         156 kB
Public + security smoke (production build)	Production build	2026-07-13T22:34:31.5791051Z Ôö£ Ôùï /licensing                                                                                      880 B           147 kB
Public + security smoke (production build)	Production build	2026-07-13T22:34:31.5791717Z Ôö£ Ôùï /methodology                                                                                    880 B           147 kB
Public + security smoke (production build)	Production build	2026-07-13T22:34:31.5792390Z Ôö£ Ôùï /modules                                                                                        2.46 kB         149 kB
Public + security smoke (production build)	Production build	2026-07-13T22:34:31.5793073Z Ôö£ ãÆ /opengraph-image                                                                                0 B                0 B
Public + security smoke (production build)	Production build	2026-07-13T22:34:31.5793756Z Ôö£ Ôùï /partners                                                                                       9.29 kB         156 kB
Public + security smoke (production build)	Production build	2026-07-13T22:34:31.5794428Z Ôö£ Ôùï /patient-twin                                                                                   734 B           147 kB
Public + security smoke (production build)	Production build	2026-07-13T22:34:31.5795261Z Ôö£ ãÆ /patient/[tenantId]                                                                             239 B          88.7 kB
Public + security smoke (production build)	Production build	2026-07-13T22:34:31.5795979Z Ôö£ ãÆ /patient/[tenantId]/imaging                                                                     2.14 kB         104 kB
Public + security smoke (production build)	Production build	2026-07-13T22:34:31.5796719Z Ôö£ ãÆ /patient/[tenantId]/medications                                                                 3.21 kB         100 kB
Public + security smoke (production build)	Production build	2026-07-13T22:34:31.5797566Z Ôö£ ãÆ /patient/[tenantId]/sign-in                                                                     1.73 kB          99 kB
Public + security smoke (production build)	Production build	2026-07-13T22:34:31.5798316Z Ôö£ ãÆ /patient/[tenantId]/visual-summary                                                              1.13 kB         106 kB
Public + security smoke (production build)	Production build	2026-07-13T22:34:31.5799084Z Ôö£ ãÆ /patient/[tenantId]/visual-summary/pdf                                                          0 B                0 B
Public + security smoke (production build)	Production build	2026-07-13T22:34:31.5799888Z Ôö£ ãÆ /patient/[tenantId]/visual-summary/shared/pdf                                                   0 B                0 B
Public + security smoke (production build)	Production build	2026-07-13T22:34:31.5800680Z Ôö£ ãÆ /pay/[paymentRequestToken]                                                                      1.34 kB        98.6 kB
Public + security smoke (production build)	Production build	2026-07-13T22:34:31.5801382Z Ôö£ Ôùï /platform                                                                                       11.2 kB         158 kB
Public + security smoke (production build)	Production build	2026-07-13T22:34:31.5802073Z Ôö£ Ôùï /platform/analytics-os                                                                          732 B           147 kB
Public + security smoke (production build)	Production build	2026-07-13T22:34:31.5802780Z Ôö£ Ôùï /platform/clinic-os                                                                             732 B           147 kB
Public + security smoke (production build)	Production build	2026-07-13T22:34:31.5803493Z Ôö£ Ôùï /platform/ecosystem                                                                             11.8 kB         158 kB
Public + security smoke (production build)	Production build	2026-07-13T22:34:31.5804215Z Ôö£ Ôùï /platform/imaging-os                                                                            732 B           147 kB
Public + security smoke (production build)	Production build	2026-07-13T22:34:31.5804929Z Ôö£ Ôùï /platform/leadflow                                                                              732 B           147 kB
Public + security smoke (production build)	Production build	2026-07-13T22:34:31.5805639Z Ôö£ Ôùï /platform/patient-os                                                                            732 B           147 kB
Public + security smoke (production build)	Production build	2026-07-13T22:34:31.5806344Z Ôö£ Ôùï /platform/progress                                                                              6.72 kB         166 kB
Public + security smoke (production build)	Production build	2026-07-13T22:34:31.5807044Z Ôö£ Ôùï /platform/surgery-os                                                                            732 B           147 kB
Public + security smoke (production build)	Production build	2026-07-13T22:34:31.5807873Z Ôö£ Ôùï /pricing                                                                                        880 B           147 kB
Public + security smoke (production build)	Production build	2026-07-13T22:34:31.5808562Z Ôö£ Ôùï /research                                                                                       9.91 kB         156 kB
Public + security smoke (production build)	Production build	2026-07-13T22:34:31.5809223Z Ôö£ Ôùï /robots.txt                                                                                     0 B                0 B
Public + security smoke (production build)	Production build	2026-07-13T22:34:31.5810084Z Ôö£ Ôùï /security                                                                                       880 B           147 kB
Public + security smoke (production build)	Production build	2026-07-13T22:34:31.5810747Z Ôö£ Ôùï /sitemap.xml                                                                                    0 B                0 B
Public + security smoke (production build)	Production build	2026-07-13T22:34:31.5811415Z Ôö£ Ôùï /solutions                                                                                      880 B           147 kB
Public + security smoke (production build)	Production build	2026-07-13T22:34:31.5812073Z Ôö£ Ôùï /surgeons                                                                                       9.34 kB         156 kB
Public + security smoke (production build)	Production build	2026-07-13T22:34:31.5812733Z Ôö£ Ôùï /technology                                                                                     4.01 kB         150 kB
Public + security smoke (production build)	Production build	2026-07-13T22:34:31.5813457Z Ôö£ Ôùï /the-future-of-hair-restoration                                                                 9.39 kB         156 kB
Public + security smoke (production build)	Production build	2026-07-13T22:34:31.5814203Z Ôö£ Ôùï /twitter-image.png                                                                              0 B                0 B
Public + security smoke (production build)	Production build	2026-07-13T22:34:31.5815006Z Ôö£ Ôùï /use-cases                                                                                      880 B           147 kB
Public + security smoke (production build)	Production build	2026-07-13T22:34:31.5815665Z Ôö£ Ôùï /vision                                                                                         844 B           152 kB
Public + security smoke (production build)	Production build	2026-07-13T22:34:31.5816329Z Ôö£ Ôùï /white-label                                                                                    880 B           147 kB
Public + security smoke (production build)	Production build	2026-07-13T22:34:31.5817046Z Ôöö Ôùï /why-follicle-intelligence                                                                      8.96 kB         155 kB
Public + security smoke (production build)	Production build	2026-07-13T22:34:31.5817814Z + First Load JS shared by all                                                                       88.5 kB
Public + security smoke (production build)	Production build	2026-07-13T22:34:31.5818524Z   Ôö£ chunks/3095-ed6981acb69013c7.js                                                                 31.9 kB
Public + security smoke (production build)	Production build	2026-07-13T22:34:31.5819230Z   Ôö£ chunks/fbc43724-e8c9c5e32dabbff4.js                                                             53.6 kB
Public + security smoke (production build)	Production build	2026-07-13T22:34:31.5819888Z   Ôöö other shared chunks (total)                                                                     2.93 kB
Public + security smoke (production build)	Production build	2026-07-13T22:34:31.5820183Z 
Public + security smoke (production build)	Production build	2026-07-13T22:34:31.5820191Z 
Public + security smoke (production build)	Production build	2026-07-13T22:34:31.5820553Z ãÆ Middleware                                                                                        82.6 kB
Public + security smoke (production build)	Production build	2026-07-13T22:34:31.5820826Z 
Public + security smoke (production build)	Production build	2026-07-13T22:34:31.5821036Z Ôùï  (Static)   prerendered as static content
Public + security smoke (production build)	Production build	2026-07-13T22:34:31.5821425Z ãÆ  (Dynamic)  server-rendered on demand
Public + security smoke (production build)	Production build	2026-07-13T22:34:31.5821615Z 
Public + security smoke (production build)	E2E smoke (build + start + Playwright)	´╗┐2026-07-13T22:34:31.9354469Z ##[group]Run node scripts/run-e2e-smoke-production.mjs --skip-build --port=3000
Public + security smoke (production build)	E2E smoke (build + start + Playwright)	2026-07-13T22:34:31.9355079Z ^[[36;1mnode scripts/run-e2e-smoke-production.mjs --skip-build --port=3000^[[0m
Public + security smoke (production build)	E2E smoke (build + start + Playwright)	2026-07-13T22:34:31.9389565Z shell: /usr/bin/bash -e {0}
Public + security smoke (production build)	E2E smoke (build + start + Playwright)	2026-07-13T22:34:31.9389829Z env:
Public + security smoke (production build)	E2E smoke (build + start + Playwright)	2026-07-13T22:34:31.9390034Z   SKIP_ENV_VALIDATION: 1
Public + security smoke (production build)	E2E smoke (build + start + Playwright)	2026-07-13T22:34:31.9390310Z   FI_E2E_BASE_URL: http://127.0.0.1:3000
Public + security smoke (production build)	E2E smoke (build + start + Playwright)	2026-07-13T22:34:31.9390710Z   NEXT_PUBLIC_SUPABASE_URL: https://ci-placeholder.supabase.co
Public + security smoke (production build)	E2E smoke (build + start + Playwright)	2026-07-13T22:34:31.9391427Z   NEXT_PUBLIC_SUPABASE_ANON_KEY: ***
Public + security smoke (production build)	E2E smoke (build + start + Playwright)	2026-07-13T22:34:31.9391973Z   SUPABASE_SERVICE_ROLE_KEY: ***
Public + security smoke (production build)	E2E smoke (build + start + Playwright)	2026-07-13T22:34:31.9392284Z   PNPM_HOME: /home/runner/setup-pnpm/node_modules/.bin
Public + security smoke (production build)	E2E smoke (build + start + Playwright)	2026-07-13T22:34:31.9392600Z   NODE_ENV: production
Public + security smoke (production build)	E2E smoke (build + start + Playwright)	2026-07-13T22:34:31.9392819Z ##[endgroup]
Public + security smoke (production build)	E2E smoke (build + start + Playwright)	2026-07-13T22:34:31.9863913Z ÔåÆ Starting production server at http://127.0.0.1:3000 ÔÇª
Public + security smoke (production build)	E2E smoke (build + start + Playwright)	2026-07-13T22:34:32.1780571Z   Ôû▓ Next.js 14.2.35
Public + security smoke (production build)	E2E smoke (build + start + Playwright)	2026-07-13T22:34:32.1783113Z   - Local:        http://localhost:3000
Public + security smoke (production build)	E2E smoke (build + start + Playwright)	2026-07-13T22:34:32.1783644Z 
Public + security smoke (production build)	E2E smoke (build + start + Playwright)	2026-07-13T22:34:32.1784301Z  Ô£ô Starting...
Public + security smoke (production build)	E2E smoke (build + start + Playwright)	2026-07-13T22:34:32.3603852Z  Ô£ô Ready in 330ms
Public + security smoke (production build)	E2E smoke (build + start + Playwright)	2026-07-13T22:34:32.7183448Z ÔåÆ Server ready. Running Playwright smoke + security suiteÔÇª
Public + security smoke (production build)	E2E smoke (build + start + Playwright)	2026-07-13T22:34:34.3402517Z TAP version 13
Public + security smoke (production build)	E2E smoke (build + start + Playwright)	2026-07-13T22:34:34.3412005Z # Subtest: hasDemoCredentials
Public + security smoke (production build)	E2E smoke (build + start + Playwright)	2026-07-13T22:34:34.3413906Z     # Subtest: returns false when any credential is unset
Public + security smoke (production build)	E2E smoke (build + start + Playwright)	2026-07-13T22:34:34.3421180Z     ok 1 - returns false when any credential is unset
Public + security smoke (production build)	E2E smoke (build + start + Playwright)	2026-07-13T22:34:34.3422001Z       ---
Public + security smoke (production build)	E2E smoke (build + start + Playwright)	2026-07-13T22:34:34.3422306Z       duration_ms: 1.078307
Public + security smoke (production build)	E2E smoke (build + start + Playwright)	2026-07-13T22:34:34.3422645Z       ...
Public + security smoke (production build)	E2E smoke (build + start + Playwright)	2026-07-13T22:34:34.3424987Z     # Subtest: returns false when email/password/tenant are whitespace-only
Public + security smoke (production build)	E2E smoke (build + start + Playwright)	2026-07-13T22:34:34.3426043Z     ok 2 - returns false when email/password/tenant are whitespace-only
Public + security smoke (production build)	E2E smoke (build + start + Playwright)	2026-07-13T22:34:34.3426611Z       ---
Public + security smoke (production build)	E2E smoke (build + start + Playwright)	2026-07-13T22:34:34.3426905Z       duration_ms: 0.387381
Public + security smoke (production build)	E2E smoke (build + start + Playwright)	2026-07-13T22:34:34.3427448Z       ...
Public + security smoke (production build)	E2E smoke (build + start + Playwright)	2026-07-13T22:34:34.3429875Z     # Subtest: returns true when email, password, and tenant are non-empty
Public + security smoke (production build)	E2E smoke (build + start + Playwright)	2026-07-13T22:34:34.3431308Z     ok 3 - returns true when email, password, and tenant are non-empty
Public + security smoke (production build)	E2E smoke (build + start + Playwright)	2026-07-13T22:34:34.3432683Z       ---
Public + security smoke (production build)	E2E smoke (build + start + Playwright)	2026-07-13T22:34:34.3432898Z       duration_ms: 0.309937
Public + security smoke (production build)	E2E smoke (build + start + Playwright)	2026-07-13T22:34:34.3433491Z       ...
Public + security smoke (production build)	E2E smoke (build + start + Playwright)	2026-07-13T22:34:34.3434355Z     1..3
Public + security smoke (production build)	E2E smoke (build + start + Playwright)	2026-07-13T22:34:34.3437770Z ok 1 - hasDemoCredentials
Public + security smoke (production build)	E2E smoke (build + start + Playwright)	2026-07-13T22:34:34.3438560Z   ---
Public + security smoke (production build)	E2E smoke (build + start + Playwright)	2026-07-13T22:34:34.3438856Z   duration_ms: 2.707755
Public + security smoke (production build)	E2E smoke (build + start + Playwright)	2026-07-13T22:34:34.3439566Z   type: 'suite'
Public + security smoke (production build)	E2E smoke (build + start + Playwright)	2026-07-13T22:34:34.3439864Z   ...
Public + security smoke (production build)	E2E smoke (build + start + Playwright)	2026-07-13T22:34:34.6406039Z 
Public + security smoke (production build)	E2E smoke (build + start + Playwright)	2026-07-13T22:34:34.6406718Z Running 210 tests using 2 workers
Public + security smoke (production build)	E2E smoke (build + start + Playwright)	2026-07-13T22:34:34.6406987Z 
Public + security smoke (production build)	E2E smoke (build + start + Playwright)	2026-07-13T22:34:36.0329281Z   Ô£ô    2 [chromium] ÔÇ║ e2e/fi-operational-day.spec.ts:43:7 ÔÇ║ FI operational day ÔÇö security @smoke ÔÇ║ reception-board API rejects unauthenticated access (202ms)
Public + security smoke (production build)	E2E smoke (build + start + Playwright)	2026-07-13T22:34:36.0920301Z   Ô£ô    3 [chromium] ÔÇ║ e2e/fi-ux-d6-realtime-signals.spec.ts:55:7 ÔÇ║ FI-UX-REBUILD D6 Today signal revision @smoke ÔÇ║ revision API rejects unauthenticated access (21ms)
Public + security smoke (production build)	E2E smoke (build + start + Playwright)	2026-07-13T22:34:36.1403137Z   Ô£ô    4 [chromium] ÔÇ║ e2e/fi-ux-d6-realtime-signals.spec.ts:61:7 ÔÇ║ FI-UX-REBUILD D6 Today signal revision @smoke ÔÇ║ public booking-arrival rejects invalid token (22ms)
Public + security smoke (production build)	E2E smoke (build + start + Playwright)	2026-07-13T22:34:36.1631123Z   -    5 [chromium] ÔÇ║ e2e/fi-ux-nav-collapse.spec.ts:37:7 ÔÇ║ FI-UX-REBUILD D2 navigation collapse @smoke ÔÇ║ minimal rail replaces legacy sidebar on desktop
Public + security smoke (production build)	E2E smoke (build + start + Playwright)	2026-07-13T22:34:36.1735148Z   -    6 [chromium] ÔÇ║ e2e/fi-ux-nav-collapse.spec.ts:55:7 ÔÇ║ FI-UX-REBUILD D2 navigation collapse @smoke ÔÇ║ More opens legacy module navigation with RBAC-filtered items
Public + security smoke (production build)	E2E smoke (build + start + Playwright)	2026-07-13T22:34:36.1822734Z   -    7 [chromium] ÔÇ║ e2e/fi-ux-nav-collapse.spec.ts:73:7 ÔÇ║ FI-UX-REBUILD D2 navigation collapse @smoke ÔÇ║ calendar route still renders full page with minimal rail
Public + security smoke (production build)	E2E smoke (build + start + Playwright)	2026-07-13T22:34:36.2031941Z   -    8 [chromium] ÔÇ║ e2e/fi-ux-nav-collapse.spec.ts:83:7 ÔÇ║ FI-UX-REBUILD D2 navigation collapse @smoke ÔÇ║ mobile shows bottom bar instead of hamburger
Public + security smoke (production build)	E2E smoke (build + start + Playwright)	2026-07-13T22:34:36.2166452Z   -    9 [chromium] ÔÇ║ e2e/fi-ux-nav-collapse.spec.ts:93:7 ÔÇ║ FI-UX-REBUILD D2 navigation collapse @smoke ÔÇ║ top bar uses New label in collapsed shell mode
Public + security smoke (production build)	E2E smoke (build + start + Playwright)	2026-07-13T22:34:36.2371052Z   -   10 [chromium] ÔÇ║ e2e/fi-ux-today-surface.spec.ts:43:7 ÔÇ║ FI-UX-REBUILD-1D Today surface @smoke ÔÇ║ home renders Today surface, not the legacy Clinic Command Center
Public + security smoke (production build)	E2E smoke (build + start + Playwright)	2026-07-13T22:34:36.2455870Z   -   11 [chromium] ÔÇ║ e2e/fi-ux-today-surface.spec.ts:52:7 ÔÇ║ FI-UX-REBUILD-1D Today surface @smoke ÔÇ║ Right now / Up next / Coming up sections all render
Public + security smoke (production build)	E2E smoke (build + start + Playwright)	2026-07-13T22:34:36.2652875Z   -   12 [chromium] ÔÇ║ e2e/fi-ux-today-surface.spec.ts:60:7 ÔÇ║ FI-UX-REBUILD-1D Today surface @smoke ÔÇ║ Coming up section is collapsed by default
Public + security smoke (production build)	E2E smoke (build + start + Playwright)	2026-07-13T22:34:36.2745678Z   -   13 [chromium] ÔÇ║ e2e/fi-ux-today-surface.spec.ts:69:7 ÔÇ║ FI-UX-REBUILD-1D Today surface @smoke ÔÇ║ no KPI cards or module tiles on the Today surface
Public + security smoke (production build)	E2E smoke (build + start + Playwright)	2026-07-13T22:34:36.2970205Z   -   14 [chromium] ÔÇ║ e2e/fi-ux-workspace-shell-validation.spec.ts:305:7 ÔÇ║ FI-UX-REBUILD D1B Calendar guard @smoke ÔÇ║ Calendar route unchanged ÔÇö full page, no workspace on load
Public + security smoke (production build)	E2E smoke (build + start + Playwright)	2026-07-13T22:34:36.2972577Z   -   15 [chromium] ÔÇ║ e2e/fi-ux-workspace-shell.spec.ts:28:7 ÔÇ║ FI-UX-REBUILD D1 Workspace shell @smoke ÔÇ║ opens patient workspace from shallow URL without route change
Public + security smoke (production build)	E2E smoke (build + start + Playwright)	2026-07-13T22:34:38.4253810Z   Ô£ô    1 [chromium] ÔÇ║ e2e/fi-operational-day.spec.ts:23:7 ÔÇ║ FI operational day ÔÇö security @smoke ÔÇ║ reception board requires authentication (751ms)
Public + security smoke (production build)	E2E smoke (build + start + Playwright)	2026-07-13T22:34:38.5036872Z   Ô£ô   16 [chromium] ÔÇ║ e2e/journeys/accessibility-smoke.spec.ts:16:7 ÔÇ║ accessibility smoke @smoke @a11y ÔÇ║ login form is keyboard reachable and submittable (822ms)
Public + security smoke (production build)	E2E smoke (build + start + Playwright)	2026-07-13T22:34:38.9788626Z   Ô£ÿ   17 [chromium] ÔÇ║ e2e/fi-operational-day.spec.ts:35:7 ÔÇ║ FI operational day ÔÇö security @smoke ÔÇ║ procedure day route hidden or denied when flag off (513ms)
Public + security smoke (production build)	E2E smoke (build + start + Playwright)	2026-07-13T22:34:39.0748966Z   Ô£ô   18 [chromium] ÔÇ║ e2e/journeys/accessibility-smoke.spec.ts:36:7 ÔÇ║ accessibility smoke @smoke @a11y ÔÇ║ login page has a single primary heading (536ms)
Public + security smoke (production build)	E2E smoke (build + start + Playwright)	2026-07-13T22:34:41.4260267Z   Ô£ô   19 [chromium] ÔÇ║ e2e/journeys/navigation-routing.spec.ts:16:7 ÔÇ║ marketing navigation @smoke ÔÇ║ homepage ÔåÆ pricing ÔåÆ platform routes load (2.3s)
Public + security smoke (production build)	E2E smoke (build + start + Playwright)	2026-07-13T22:34:42.1569567Z   Ô£ô   20 [chromium] ÔÇ║ e2e/journeys/accessibility-smoke.spec.ts:42:7 ÔÇ║ accessibility smoke @smoke @a11y ÔÇ║ invalid payment page has accessible unavailable message (1.1s)
Public + security smoke (production build)	E2E smoke (build + start + Playwright)	2026-07-13T22:34:42.2389429Z   Ô£ô   21 [chromium] ÔÇ║ e2e/journeys/navigation-routing.spec.ts:29:7 ÔÇ║ marketing navigation @smoke ÔÇ║ unknown admin route redirects unauthenticated users away (772ms)
Public + security smoke (production build)	E2E smoke (build + start + Playwright)	2026-07-13T22:34:43.4159321Z   Ô£ô   23 [chromium] ÔÇ║ e2e/journeys/performance-smoke.spec.ts:25:7 ÔÇ║ performance smoke @smoke ÔÇ║ pricing page loads within budget (1.1s)
Public + security smoke (production build)	E2E smoke (build + start + Playwright)	2026-07-13T22:34:43.4793533Z   Ô£ô   22 [chromium] ÔÇ║ e2e/journeys/performance-smoke.spec.ts:17:7 ÔÇ║ performance smoke @smoke ÔÇ║ homepage loads within budget (1.3s)
Public + security smoke (production build)	E2E smoke (build + start + Playwright)	2026-07-13T22:34:44.1201894Z   Ô£ô   25 [chromium] ÔÇ║ e2e/journeys/performance-smoke.spec.ts:21:7 ÔÇ║ performance smoke @smoke ÔÇ║ login page loads within budget (599ms)
Public + security smoke (production build)	E2E smoke (build + start + Playwright)	2026-07-13T22:34:44.7431793Z   Ô£ô   24 [chromium] ÔÇ║ e2e/journeys/public-surfaces.spec.ts:19:7 ÔÇ║ public surfaces @smoke ÔÇ║ marketing homepage loads with primary value proposition (1.3s)
Public + security smoke (production build)	E2E smoke (build + start + Playwright)	2026-07-13T22:34:44.8422234Z   Ô£ô   26 [chromium] ÔÇ║ e2e/journeys/public-surfaces.spec.ts:31:7 ÔÇ║ public surfaces @smoke ÔÇ║ fi-login redirect lands on OS login (672ms)
Public + security smoke (production build)	E2E smoke (build + start + Playwright)	2026-07-13T22:34:45.3158700Z   Ô£ô   27 [chromium] ÔÇ║ e2e/journeys/public-surfaces.spec.ts:25:7 ÔÇ║ public surfaces @smoke ÔÇ║ staff login surface is reachable and interactive (554ms)
Public + security smoke (production build)	E2E smoke (build + start + Playwright)	2026-07-13T22:34:45.6826241Z   Ô£ô   28 [chromium] ÔÇ║ e2e/journeys/public-surfaces.spec.ts:37:7 ÔÇ║ public surfaces @smoke ÔÇ║ invalid payment link shows unavailable state (no crash) (811ms)
Public + security smoke (production build)	E2E smoke (build + start + Playwright)	2026-07-13T22:34:45.8144552Z   Ô£ÿ   30 [chromium] ÔÇ║ e2e/security/unauthenticated-access.spec.ts:63:7 ÔÇ║ unauthenticated access ÔÇö fails closed @security ÔÇ║ protected tenant patients API fails closed without a session (56ms)
Public + security smoke (production build)	E2E smoke (build + start + Playwright)	2026-07-13T22:34:45.9390821Z   Ô£ô   29 [chromium] ÔÇ║ e2e/security/unauthenticated-access.spec.ts:25:7 ÔÇ║ unauthenticated access ÔÇö fails closed @security ÔÇ║ platform admin shell (/fi-admin/system) is not reachable without a session (581ms)
Public + security smoke (production build)	E2E smoke (build + start + Playwright)	2026-07-13T22:34:46.3669003Z   Ô£ô   31 [chromium] ÔÇ║ e2e/security/unauthenticated-access.spec.ts:32:7 ÔÇ║ unauthenticated access ÔÇö fails closed @security ÔÇ║ tenant clinic dashboard is not reachable without a session (412ms)
Public + security smoke (production build)	E2E smoke (build + start + Playwright)	2026-07-13T22:34:46.3960719Z   Ô£ô   32 [chromium] ÔÇ║ e2e/security/unauthenticated-access.spec.ts:39:7 ÔÇ║ unauthenticated access ÔÇö fails closed @security ÔÇ║ protected tenant API route (cases list) fails closed without a session (15ms)
Public + security smoke (production build)	E2E smoke (build + start + Playwright)	2026-07-13T22:34:46.8245248Z   Ô£ô   33 [chromium] ÔÇ║ e2e/security/unauthenticated-access.spec.ts:56:7 ÔÇ║ unauthenticated access ÔÇö fails closed @security ÔÇ║ public login route still loads (418ms)
Public + security smoke (production build)	E2E smoke (build + start + Playwright)	2026-07-13T22:34:47.2186077Z   Ô£ÿ   34 [chromium] ÔÇ║ e2e/security/unauthenticated-access.spec.ts:78:7 ÔÇ║ unauthenticated access ÔÇö fails closed @security ÔÇ║ cron reminder route rejects unauthenticated calls (40ms)
Public + security smoke (production build)	E2E smoke (build + start + Playwright)	2026-07-13T22:35:26.6659998Z   Ô£ô   35 [edge] ÔÇ║ e2e/fi-operational-day.spec.ts:23:7 ÔÇ║ FI operational day ÔÇö security @smoke ÔÇ║ reception board requires authentication (14.9s)
Public + security smoke (production build)	E2E smoke (build + start + Playwright)	2026-07-13T22:35:27.7020774Z   Ô£ÿ   37 [edge] ÔÇ║ e2e/fi-operational-day.spec.ts:35:7 ÔÇ║ FI operational day ÔÇö security @smoke ÔÇ║ procedure day route hidden or denied when flag off (653ms)
Public + security smoke (production build)	E2E smoke (build + start + Playwright)	2026-07-13T22:35:28.8030595Z   Ô£ô   38 [edge] ÔÇ║ e2e/fi-operational-day.spec.ts:43:7 ÔÇ║ FI operational day ÔÇö security @smoke ÔÇ║ reception-board API rejects unauthenticated access (30ms)
Public + security smoke (production build)	E2E smoke (build + start + Playwright)	2026-07-13T22:35:28.8660862Z   Ô£ô   39 [edge] ÔÇ║ e2e/fi-ux-d6-realtime-signals.spec.ts:55:7 ÔÇ║ FI-UX-REBUILD D6 Today signal revision @smoke ÔÇ║ revision API rejects unauthenticated access (17ms)
Public + security smoke (production build)	E2E smoke (build + start + Playwright)	2026-07-13T22:35:28.9086440Z   Ô£ô   40 [edge] ÔÇ║ e2e/fi-ux-d6-realtime-signals.spec.ts:61:7 ÔÇ║ FI-UX-REBUILD D6 Today signal revision @smoke ÔÇ║ public booking-arrival rejects invalid token (17ms)
Public + security smoke (production build)	E2E smoke (build + start + Playwright)	2026-07-13T22:35:28.9313115Z   -   41 [edge] ÔÇ║ e2e/fi-ux-nav-collapse.spec.ts:37:7 ÔÇ║ FI-UX-REBUILD D2 navigation collapse @smoke ÔÇ║ minimal rail replaces legacy sidebar on desktop
Public + security smoke (production build)	E2E smoke (build + start + Playwright)	2026-07-13T22:35:28.9425932Z   -   42 [edge] ÔÇ║ e2e/fi-ux-nav-collapse.spec.ts:55:7 ÔÇ║ FI-UX-REBUILD D2 navigation collapse @smoke ÔÇ║ More opens legacy module navigation with RBAC-filtered items
Public + security smoke (production build)	E2E smoke (build + start + Playwright)	2026-07-13T22:35:28.9528085Z   -   43 [edge] ÔÇ║ e2e/fi-ux-nav-collapse.spec.ts:73:7 ÔÇ║ FI-UX-REBUILD D2 navigation collapse @smoke ÔÇ║ calendar route still renders full page with minimal rail
Public + security smoke (production build)	E2E smoke (build + start + Playwright)	2026-07-13T22:35:28.9736459Z   -   44 [edge] ÔÇ║ e2e/fi-ux-nav-collapse.spec.ts:83:7 ÔÇ║ FI-UX-REBUILD D2 navigation collapse @smoke ÔÇ║ mobile shows bottom bar instead of hamburger
Public + security smoke (production build)	E2E smoke (build + start + Playwright)	2026-07-13T22:35:28.9879199Z   -   45 [edge] ÔÇ║ e2e/fi-ux-nav-collapse.spec.ts:93:7 ÔÇ║ FI-UX-REBUILD D2 navigation collapse @smoke ÔÇ║ top bar uses New label in collapsed shell mode
Public + security smoke (production build)	E2E smoke (build + start + Playwright)	2026-07-13T22:35:29.0084229Z   -   46 [edge] ÔÇ║ e2e/fi-ux-today-surface.spec.ts:43:7 ÔÇ║ FI-UX-REBUILD-1D Today surface @smoke ÔÇ║ home renders Today surface, not the legacy Clinic Command Center
Public + security smoke (production build)	E2E smoke (build + start + Playwright)	2026-07-13T22:35:29.0167973Z   -   47 [edge] ÔÇ║ e2e/fi-ux-today-surface.spec.ts:52:7 ÔÇ║ FI-UX-REBUILD-1D Today surface @smoke ÔÇ║ Right now / Up next / Coming up sections all render
Public + security smoke (production build)	E2E smoke (build + start + Playwright)	2026-07-13T22:35:29.0382054Z   -   48 [edge] ÔÇ║ e2e/fi-ux-today-surface.spec.ts:60:7 ÔÇ║ FI-UX-REBUILD-1D Today surface @smoke ÔÇ║ Coming up section is collapsed by default
Public + security smoke (production build)	E2E smoke (build + start + Playwright)	2026-07-13T22:35:29.0471833Z   -   49 [edge] ÔÇ║ e2e/fi-ux-today-surface.spec.ts:69:7 ÔÇ║ FI-UX-REBUILD-1D Today surface @smoke ÔÇ║ no KPI cards or module tiles on the Today surface
Public + security smoke (production build)	E2E smoke (build + start + Playwright)	2026-07-13T22:35:29.0700321Z   -   50 [edge] ÔÇ║ e2e/fi-ux-workspace-shell-validation.spec.ts:305:7 ÔÇ║ FI-UX-REBUILD D1B Calendar guard @smoke ÔÇ║ Calendar route unchanged ÔÇö full page, no workspace on load
Public + security smoke (production build)	E2E smoke (build + start + Playwright)	2026-07-13T22:35:29.0702219Z   -   51 [edge] ÔÇ║ e2e/fi-ux-workspace-shell.spec.ts:28:7 ÔÇ║ FI-UX-REBUILD D1 Workspace shell @smoke ÔÇ║ opens patient workspace from shallow URL without route change
Public + security smoke (production build)	E2E smoke (build + start + Playwright)	2026-07-13T22:35:30.1412475Z   Ô£ô   52 [edge] ÔÇ║ e2e/journeys/accessibility-smoke.spec.ts:16:7 ÔÇ║ accessibility smoke @smoke @a11y ÔÇ║ login form is keyboard reachable and submittable (777ms)
Public + security smoke (production build)	E2E smoke (build + start + Playwright)	2026-07-13T22:35:30.6235694Z   Ô£ô   53 [edge] ÔÇ║ e2e/journeys/accessibility-smoke.spec.ts:36:7 ÔÇ║ accessibility smoke @smoke @a11y ÔÇ║ login page has a single primary heading (462ms)
Public + security smoke (production build)	E2E smoke (build + start + Playwright)	2026-07-13T22:35:31.4079581Z   Ô£ô   54 [edge] ÔÇ║ e2e/journeys/accessibility-smoke.spec.ts:42:7 ÔÇ║ accessibility smoke @smoke @a11y ÔÇ║ invalid payment page has accessible unavailable message (756ms)
Public + security smoke (production build)	E2E smoke (build + start + Playwright)	2026-07-13T22:35:33.4730023Z   Ô£ô   55 [edge] ÔÇ║ e2e/journeys/navigation-routing.spec.ts:16:7 ÔÇ║ marketing navigation @smoke ÔÇ║ homepage ÔåÆ pricing ÔåÆ platform routes load (2.0s)
Public + security smoke (production build)	E2E smoke (build + start + Playwright)	2026-07-13T22:35:33.9809736Z   Ô£ô   56 [edge] ÔÇ║ e2e/journeys/navigation-routing.spec.ts:29:7 ÔÇ║ marketing navigation @smoke ÔÇ║ unknown admin route redirects unauthenticated users away (466ms)
Public + security smoke (production build)	E2E smoke (build + start + Playwright)	2026-07-13T22:35:34.9336311Z   Ô£ô   57 [edge] ÔÇ║ e2e/journeys/performance-smoke.spec.ts:17:7 ÔÇ║ performance smoke @smoke ÔÇ║ homepage loads within budget (921ms)
Public + security smoke (production build)	E2E smoke (build + start + Playwright)	2026-07-13T22:35:35.3955606Z   Ô£ô   58 [edge] ÔÇ║ e2e/journeys/performance-smoke.spec.ts:21:7 ÔÇ║ performance smoke @smoke ÔÇ║ login page loads within budget (446ms)
Public + security smoke (production build)	E2E smoke (build + start + Playwright)	2026-07-13T22:35:36.1458293Z   Ô£ô   59 [edge] ÔÇ║ e2e/journeys/performance-smoke.spec.ts:25:7 ÔÇ║ performance smoke @smoke ÔÇ║ pricing page loads within budget (721ms)
Public + security smoke (production build)	E2E smoke (build + start + Playwright)	2026-07-13T22:35:37.1369735Z   Ô£ô   60 [edge] ÔÇ║ e2e/journeys/public-surfaces.spec.ts:19:7 ÔÇ║ public surfaces @smoke ÔÇ║ marketing homepage loads with primary value proposition (959ms)
Public + security smoke (production build)	E2E smoke (build + start + Playwright)	2026-07-13T22:35:37.6418269Z   Ô£ô   61 [edge] ÔÇ║ e2e/journeys/public-surfaces.spec.ts:25:7 ÔÇ║ public surfaces @smoke ÔÇ║ staff login surface is reachable and interactive (491ms)
Public + security smoke (production build)	E2E smoke (build + start + Playwright)	2026-07-13T22:35:38.1503734Z   Ô£ô   62 [edge] ÔÇ║ e2e/journeys/public-surfaces.spec.ts:31:7 ÔÇ║ public surfaces @smoke ÔÇ║ fi-login redirect lands on OS login (484ms)
Public + security smoke (production build)	E2E smoke (build + start + Playwright)	2026-07-13T22:35:38.8746505Z   Ô£ô   63 [edge] ÔÇ║ e2e/journeys/public-surfaces.spec.ts:37:7 ÔÇ║ public surfaces @smoke ÔÇ║ invalid payment link shows unavailable state (no crash) (712ms)
Public + security smoke (production build)	E2E smoke (build + start + Playwright)	2026-07-13T22:35:39.3456143Z   Ô£ô   64 [edge] ÔÇ║ e2e/security/unauthenticated-access.spec.ts:25:7 ÔÇ║ unauthenticated access ÔÇö fails closed @security ÔÇ║ platform admin shell (/fi-admin/system) is not reachable without a session (441ms)
Public + security smoke (production build)	E2E smoke (build + start + Playwright)	2026-07-13T22:35:39.8029965Z   Ô£ô   65 [edge] ÔÇ║ e2e/security/unauthenticated-access.spec.ts:32:7 ÔÇ║ unauthenticated access ÔÇö fails closed @security ÔÇ║ tenant clinic dashboard is not reachable without a session (443ms)
Public + security smoke (production build)	E2E smoke (build + start + Playwright)	2026-07-13T22:35:39.8269626Z   Ô£ô   66 [edge] ÔÇ║ e2e/security/unauthenticated-access.spec.ts:39:7 ÔÇ║ unauthenticated access ÔÇö fails closed @security ÔÇ║ protected tenant API route (cases list) fails closed without a session (14ms)
Public + security smoke (production build)	E2E smoke (build + start + Playwright)	2026-07-13T22:35:40.3464614Z   Ô£ô   67 [edge] ÔÇ║ e2e/security/unauthenticated-access.spec.ts:56:7 ÔÇ║ unauthenticated access ÔÇö fails closed @security ÔÇ║ public login route still loads (505ms)
Public + security smoke (production build)	E2E smoke (build + start + Playwright)	2026-07-13T22:35:40.5110958Z   Ô£ÿ   68 [edge] ÔÇ║ e2e/security/unauthenticated-access.spec.ts:63:7 ÔÇ║ unauthenticated access ÔÇö fails closed @security ÔÇ║ protected tenant patients API fails closed without a session (29ms)
Public + security smoke (production build)	E2E smoke (build + start + Playwright)	2026-07-13T22:35:41.6417362Z   Ô£ÿ   69 [edge] ÔÇ║ e2e/security/unauthenticated-access.spec.ts:78:7 ÔÇ║ unauthenticated access ÔÇö fails closed @security ÔÇ║ cron reminder route rejects unauthenticated calls (31ms)
Public + security smoke (production build)	E2E smoke (build + start + Playwright)	2026-07-13T22:35:43.8236745Z   Ô£ô   36 [chromium] ÔÇ║ e2e/security/unauthenticated-access.spec.ts:92:7 ÔÇ║ unauthenticated access ÔÇö fails closed @security ÔÇ║ patient portal medications page is public but does not expose tenant APIs (55.3s)
Public + security smoke (production build)	E2E smoke (build + start + Playwright)	2026-07-13T22:35:46.6834130Z   Ô£ô   71 [firefox] ÔÇ║ e2e/fi-operational-day.spec.ts:23:7 ÔÇ║ FI operational day ÔÇö security @smoke ÔÇ║ reception board requires authentication (1.2s)
Public + security smoke (production build)	E2E smoke (build + start + Playwright)	2026-07-13T22:35:47.8225849Z   Ô£ÿ   72 [firefox] ÔÇ║ e2e/fi-operational-day.spec.ts:35:7 ÔÇ║ FI operational day ÔÇö security @smoke ÔÇ║ procedure day route hidden or denied when flag off (572ms)
Public + security smoke (production build)	E2E smoke (build + start + Playwright)	2026-07-13T22:35:48.9182368Z   Ô£ô   73 [firefox] ÔÇ║ e2e/fi-operational-day.spec.ts:43:7 ÔÇ║ FI operational day ÔÇö security @smoke ÔÇ║ reception-board API rejects unauthenticated access (31ms)
Public + security smoke (production build)	E2E smoke (build + start + Playwright)	2026-07-13T22:35:48.9648317Z   Ô£ô   74 [firefox] ÔÇ║ e2e/fi-ux-d6-realtime-signals.spec.ts:55:7 ÔÇ║ FI-UX-REBUILD D6 Today signal revision @smoke ÔÇ║ revision API rejects unauthenticated access (11ms)
Public + security smoke (production build)	E2E smoke (build + start + Playwright)	2026-07-13T22:35:49.0013312Z   Ô£ô   75 [firefox] ÔÇ║ e2e/fi-ux-d6-realtime-signals.spec.ts:61:7 ÔÇ║ FI-UX-REBUILD D6 Today signal revision @smoke ÔÇ║ public booking-arrival rejects invalid token (11ms)
Public + security smoke (production build)	E2E smoke (build + start + Playwright)	2026-07-13T22:35:49.0230271Z   -   76 [firefox] ÔÇ║ e2e/fi-ux-nav-collapse.spec.ts:37:7 ÔÇ║ FI-UX-REBUILD D2 navigation collapse @smoke ÔÇ║ minimal rail replaces legacy sidebar on desktop
Public + security smoke (production build)	E2E smoke (build + start + Playwright)	2026-07-13T22:35:49.0325227Z   -   77 [firefox] ÔÇ║ e2e/fi-ux-nav-collapse.spec.ts:55:7 ÔÇ║ FI-UX-REBUILD D2 navigation collapse @smoke ÔÇ║ More opens legacy module navigation with RBAC-filtered items
Public + security smoke (production build)	E2E smoke (build + start + Playwright)	2026-07-13T22:35:49.0408882Z   -   78 [firefox] ÔÇ║ e2e/fi-ux-nav-collapse.spec.ts:73:7 ÔÇ║ FI-UX-REBUILD D2 navigation collapse @smoke ÔÇ║ calendar route still renders full page with minimal rail
Public + security smoke (production build)	E2E smoke (build + start + Playwright)	2026-07-13T22:35:49.0588520Z   -   79 [firefox] ÔÇ║ e2e/fi-ux-nav-collapse.spec.ts:83:7 ÔÇ║ FI-UX-REBUILD D2 navigation collapse @smoke ÔÇ║ mobile shows bottom bar instead of hamburger
Public + security smoke (production build)	E2E smoke (build + start + Playwright)	2026-07-13T22:35:49.0697570Z   -   80 [firefox] ÔÇ║ e2e/fi-ux-nav-collapse.spec.ts:93:7 ÔÇ║ FI-UX-REBUILD D2 navigation collapse @smoke ÔÇ║ top bar uses New label in collapsed shell mode
Public + security smoke (production build)	E2E smoke (build + start + Playwright)	2026-07-13T22:35:49.0906739Z   -   81 [firefox] ÔÇ║ e2e/fi-ux-today-surface.spec.ts:43:7 ÔÇ║ FI-UX-REBUILD-1D Today surface @smoke ÔÇ║ home renders Today surface, not the legacy Clinic Command Center
Public + security smoke (production build)	E2E smoke (build + start + Playwright)	2026-07-13T22:35:49.0994486Z   -   82 [firefox] ÔÇ║ e2e/fi-ux-today-surface.spec.ts:52:7 ÔÇ║ FI-UX-REBUILD-1D Today surface @smoke ÔÇ║ Right now / Up next / Coming up sections all render
Public + security smoke (production build)	E2E smoke (build + start + Playwright)	2026-07-13T22:35:49.1183200Z   -   83 [firefox] ÔÇ║ e2e/fi-ux-today-surface.spec.ts:60:7 ÔÇ║ FI-UX-REBUILD-1D Today surface @smoke ÔÇ║ Coming up section is collapsed by default
Public + security smoke (production build)	E2E smoke (build + start + Playwright)	2026-07-13T22:35:49.1267515Z   -   84 [firefox] ÔÇ║ e2e/fi-ux-today-surface.spec.ts:69:7 ÔÇ║ FI-UX-REBUILD-1D Today surface @smoke ÔÇ║ no KPI cards or module tiles on the Today surface
Public + security smoke (production build)	E2E smoke (build + start + Playwright)	2026-07-13T22:35:49.1481324Z   -   85 [firefox] ÔÇ║ e2e/fi-ux-workspace-shell-validation.spec.ts:305:7 ÔÇ║ FI-UX-REBUILD D1B Calendar guard @smoke ÔÇ║ Calendar route unchanged ÔÇö full page, no workspace on load
Public + security smoke (production build)	E2E smoke (build + start + Playwright)	2026-07-13T22:35:49.1483474Z   -   86 [firefox] ÔÇ║ e2e/fi-ux-workspace-shell.spec.ts:28:7 ÔÇ║ FI-UX-REBUILD D1 Workspace shell @smoke ÔÇ║ opens patient workspace from shallow URL without route change
Public + security smoke (production build)	E2E smoke (build + start + Playwright)	2026-07-13T22:35:50.9361966Z   Ô£ô   87 [firefox] ÔÇ║ e2e/journeys/accessibility-smoke.spec.ts:16:7 ÔÇ║ accessibility smoke @smoke @a11y ÔÇ║ login form is keyboard reachable and submittable (1.4s)
Public + security smoke (production build)	E2E smoke (build + start + Playwright)	2026-07-13T22:35:51.4675642Z   Ô£ô   88 [firefox] ÔÇ║ e2e/journeys/accessibility-smoke.spec.ts:36:7 ÔÇ║ accessibility smoke @smoke @a11y ÔÇ║ login page has a single primary heading (516ms)
Public + security smoke (production build)	E2E smoke (build + start + Playwright)	2026-07-13T22:35:52.0281470Z   Ô£ô   89 [firefox] ÔÇ║ e2e/journeys/accessibility-smoke.spec.ts:42:7 ÔÇ║ accessibility smoke @smoke @a11y ÔÇ║ invalid payment page has accessible unavailable message (523ms)
Public + security smoke (production build)	E2E smoke (build + start + Playwright)	2026-07-13T22:35:53.1154113Z   Ô£ô   90 [firefox] ÔÇ║ e2e/journeys/navigation-routing.spec.ts:16:7 ÔÇ║ marketing navigation @smoke ÔÇ║ homepage ÔåÆ pricing ÔåÆ platform routes load (1.0s)
Public + security smoke (production build)	E2E smoke (build + start + Playwright)	2026-07-13T22:35:53.6353756Z   Ô£ô   91 [firefox] ÔÇ║ e2e/journeys/navigation-routing.spec.ts:29:7 ÔÇ║ marketing navigation @smoke ÔÇ║ unknown admin route redirects unauthenticated users away (473ms)
Public + security smoke (production build)	E2E smoke (build + start + Playwright)	2026-07-13T22:35:54.2999868Z   Ô£ô   92 [firefox] ÔÇ║ e2e/journeys/performance-smoke.spec.ts:17:7 ÔÇ║ performance smoke @smoke ÔÇ║ homepage loads within budget (633ms)
Public + security smoke (production build)	E2E smoke (build + start + Playwright)	2026-07-13T22:35:54.7790600Z   Ô£ô   93 [firefox] ÔÇ║ e2e/journeys/performance-smoke.spec.ts:21:7 ÔÇ║ performance smoke @smoke ÔÇ║ login page loads within budget (465ms)
Public + security smoke (production build)	E2E smoke (build + start + Playwright)	2026-07-13T22:35:55.3739419Z   Ô£ô   94 [firefox] ÔÇ║ e2e/journeys/performance-smoke.spec.ts:25:7 ÔÇ║ performance smoke @smoke ÔÇ║ pricing page loads within budget (564ms)
Public + security smoke (production build)	E2E smoke (build + start + Playwright)	2026-07-13T22:35:56.0291421Z   Ô£ô   95 [firefox] ÔÇ║ e2e/journeys/public-surfaces.spec.ts:19:7 ÔÇ║ public surfaces @smoke ÔÇ║ marketing homepage loads with primary value proposition (621ms)
Public + security smoke (production build)	E2E smoke (build + start + Playwright)	2026-07-13T22:35:56.5792616Z   Ô£ô   96 [firefox] ÔÇ║ e2e/journeys/public-surfaces.spec.ts:25:7 ÔÇ║ public surfaces @smoke ÔÇ║ staff login surface is reachable and interactive (537ms)
Public + security smoke (production build)	E2E smoke (build + start + Playwright)	2026-07-13T22:35:57.2271971Z   Ô£ô   97 [firefox] ÔÇ║ e2e/journeys/public-surfaces.spec.ts:31:7 ÔÇ║ public surfaces @smoke ÔÇ║ fi-login redirect lands on OS login (617ms)
Public + security smoke (production build)	E2E smoke (build + start + Playwright)	2026-07-13T22:35:57.9254261Z   Ô£ô   98 [firefox] ÔÇ║ e2e/journeys/public-surfaces.spec.ts:37:7 ÔÇ║ public surfaces @smoke ÔÇ║ invalid payment link shows unavailable state (no crash) (685ms)
Public + security smoke (production build)	E2E smoke (build + start + Playwright)	2026-07-13T22:35:58.4040327Z   Ô£ô   99 [firefox] ÔÇ║ e2e/security/unauthenticated-access.spec.ts:25:7 ÔÇ║ unauthenticated access ÔÇö fails closed @security ÔÇ║ platform admin shell (/fi-admin/system) is not reachable without a session (450ms)
Public + security smoke (production build)	E2E smoke (build + start + Playwright)	2026-07-13T22:35:58.8477704Z   Ô£ô  100 [firefox] ÔÇ║ e2e/security/unauthenticated-access.spec.ts:32:7 ÔÇ║ unauthenticated access ÔÇö fails closed @security ÔÇ║ tenant clinic dashboard is not reachable without a session (429ms)
Public + security smoke (production build)	E2E smoke (build + start + Playwright)	2026-07-13T22:35:58.8693549Z   Ô£ô  101 [firefox] ÔÇ║ e2e/security/unauthenticated-access.spec.ts:39:7 ÔÇ║ unauthenticated access ÔÇö fails closed @security ÔÇ║ protected tenant API route (cases list) fails closed without a session (14ms)
Public + security smoke (production build)	E2E smoke (build + start + Playwright)	2026-07-13T22:35:59.3462886Z   Ô£ô  102 [firefox] ÔÇ║ e2e/security/unauthenticated-access.spec.ts:56:7 ÔÇ║ unauthenticated access ÔÇö fails closed @security ÔÇ║ public login route still loads (454ms)
Public + security smoke (production build)	E2E smoke (build + start + Playwright)	2026-07-13T22:36:00.0392345Z   Ô£ÿ  103 [firefox] ÔÇ║ e2e/security/unauthenticated-access.spec.ts:63:7 ÔÇ║ unauthenticated access ÔÇö fails closed @security ÔÇ║ protected tenant patients API fails closed without a session (31ms)
Public + security smoke (production build)	E2E smoke (build + start + Playwright)	2026-07-13T22:36:01.1242213Z   Ô£ÿ  104 [firefox] ÔÇ║ e2e/security/unauthenticated-access.spec.ts:78:7 ÔÇ║ unauthenticated access ÔÇö fails closed @security ÔÇ║ cron reminder route rejects unauthenticated calls (32ms)
Public + security smoke (production build)	E2E smoke (build + start + Playwright)	2026-07-13T22:36:38.6120560Z   Ô£ô   70 [edge] ÔÇ║ e2e/security/unauthenticated-access.spec.ts:92:7 ÔÇ║ unauthenticated access ÔÇö fails closed @security ÔÇ║ patient portal medications page is public but does not expose tenant APIs (55.6s)
Public + security smoke (production build)	E2E smoke (build + start + Playwright)	2026-07-13T22:36:48.3641758Z   Ô£ô  106 [webkit] ÔÇ║ e2e/fi-operational-day.spec.ts:23:7 ÔÇ║ FI operational day ÔÇö security @smoke ÔÇ║ reception board requires authentication (7.8s)
Public + security smoke (production build)	E2E smoke (build + start + Playwright)	2026-07-13T22:36:50.0979846Z   Ô£ÿ  107 [webkit] ÔÇ║ e2e/fi-operational-day.spec.ts:35:7 ÔÇ║ FI operational day ÔÇö security @smoke ÔÇ║ procedure day route hidden or denied when flag off (842ms)
Public + security smoke (production build)	E2E smoke (build + start + Playwright)	2026-07-13T22:36:51.1808104Z   Ô£ô  108 [webkit] ÔÇ║ e2e/fi-operational-day.spec.ts:43:7 ÔÇ║ FI operational day ÔÇö security @smoke ÔÇ║ reception-board API rejects unauthenticated access (29ms)
Public + security smoke (production build)	E2E smoke (build + start + Playwright)	2026-07-13T22:36:51.2328164Z   Ô£ô  109 [webkit] ÔÇ║ e2e/fi-ux-d6-realtime-signals.spec.ts:55:7 ÔÇ║ FI-UX-REBUILD D6 Today signal revision @smoke ÔÇ║ revision API rejects unauthenticated access (11ms)
Public + security smoke (production build)	E2E smoke (build + start + Playwright)	2026-07-13T22:36:51.2711925Z   Ô£ô  110 [webkit] ÔÇ║ e2e/fi-ux-d6-realtime-signals.spec.ts:61:7 ÔÇ║ FI-UX-REBUILD D6 Today signal revision @smoke ÔÇ║ public booking-arrival rejects invalid token (12ms)
Public + security smoke (production build)	E2E smoke (build + start + Playwright)	2026-07-13T22:36:51.2936119Z   -  111 [webkit] ÔÇ║ e2e/fi-ux-nav-collapse.spec.ts:37:7 ÔÇ║ FI-UX-REBUILD D2 navigation collapse @smoke ÔÇ║ minimal rail replaces legacy sidebar on desktop
Public + security smoke (production build)	E2E smoke (build + start + Playwright)	2026-07-13T22:36:51.3030291Z   -  112 [webkit] ÔÇ║ e2e/fi-ux-nav-collapse.spec.ts:55:7 ÔÇ║ FI-UX-REBUILD D2 navigation collapse @smoke ÔÇ║ More opens legacy module navigation with RBAC-filtered items
Public + security smoke (production build)	E2E smoke (build + start + Playwright)	2026-07-13T22:36:51.3114658Z   -  113 [webkit] ÔÇ║ e2e/fi-ux-nav-collapse.spec.ts:73:7 ÔÇ║ FI-UX-REBUILD D2 navigation collapse @smoke ÔÇ║ calendar route still renders full page with minimal rail
Public + security smoke (production build)	E2E smoke (build + start + Playwright)	2026-07-13T22:36:51.3306014Z   -  114 [webkit] ÔÇ║ e2e/fi-ux-nav-collapse.spec.ts:83:7 ÔÇ║ FI-UX-REBUILD D2 navigation collapse @smoke ÔÇ║ mobile shows bottom bar instead of hamburger
Public + security smoke (production build)	E2E smoke (build + start + Playwright)	2026-07-13T22:36:51.3464329Z   -  115 [webkit] ÔÇ║ e2e/fi-ux-nav-collapse.spec.ts:93:7 ÔÇ║ FI-UX-REBUILD D2 navigation collapse @smoke ÔÇ║ top bar uses New label in collapsed shell mode
Public + security smoke (production build)	E2E smoke (build + start + Playwright)	2026-07-13T22:36:51.3674417Z   -  116 [webkit] ÔÇ║ e2e/fi-ux-today-surface.spec.ts:43:7 ÔÇ║ FI-UX-REBUILD-1D Today surface @smoke ÔÇ║ home renders Today surface, not the legacy Clinic Command Center
Public + security smoke (production build)	E2E smoke (build + start + Playwright)	2026-07-13T22:36:51.3758208Z   -  117 [webkit] ÔÇ║ e2e/fi-ux-today-surface.spec.ts:52:7 ÔÇ║ FI-UX-REBUILD-1D Today surface @smoke ÔÇ║ Right now / Up next / Coming up sections all render
Public + security smoke (production build)	E2E smoke (build + start + Playwright)	2026-07-13T22:36:51.3950621Z   -  118 [webkit] ÔÇ║ e2e/fi-ux-today-surface.spec.ts:60:7 ÔÇ║ FI-UX-REBUILD-1D Today surface @smoke ÔÇ║ Coming up section is collapsed by default
Public + security smoke (production build)	E2E smoke (build + start + Playwright)	2026-07-13T22:36:51.4039410Z   -  119 [webkit] ÔÇ║ e2e/fi-ux-today-surface.spec.ts:69:7 ÔÇ║ FI-UX-REBUILD-1D Today surface @smoke ÔÇ║ no KPI cards or module tiles on the Today surface
Public + security smoke (production build)	E2E smoke (build + start + Playwright)	2026-07-13T22:36:51.4248570Z   -  120 [webkit] ÔÇ║ e2e/fi-ux-workspace-shell-validation.spec.ts:305:7 ÔÇ║ FI-UX-REBUILD D1B Calendar guard @smoke ÔÇ║ Calendar route unchanged ÔÇö full page, no workspace on load
Public + security smoke (production build)	E2E smoke (build + start + Playwright)	2026-07-13T22:36:51.4250833Z   -  121 [webkit] ÔÇ║ e2e/fi-ux-workspace-shell.spec.ts:28:7 ÔÇ║ FI-UX-REBUILD D1 Workspace shell @smoke ÔÇ║ opens patient workspace from shallow URL without route change
Public + security smoke (production build)	E2E smoke (build + start + Playwright)	2026-07-13T22:36:52.4218287Z   Ô£ô  122 [webkit] ÔÇ║ e2e/journeys/accessibility-smoke.spec.ts:16:7 ÔÇ║ accessibility smoke @smoke @a11y ÔÇ║ login form is keyboard reachable and submittable (900ms)
Public + security smoke (production build)	E2E smoke (build + start + Playwright)	2026-07-13T22:36:53.3975434Z   Ô£ô  123 [webkit] ÔÇ║ e2e/journeys/accessibility-smoke.spec.ts:36:7 ÔÇ║ accessibility smoke @smoke @a11y ÔÇ║ login page has a single primary heading (960ms)
Public + security smoke (production build)	E2E smoke (build + start + Playwright)	2026-07-13T22:36:54.2124854Z   Ô£ô  124 [webkit] ÔÇ║ e2e/journeys/accessibility-smoke.spec.ts:42:7 ÔÇ║ accessibility smoke @smoke @a11y ÔÇ║ invalid payment page has accessible unavailable message (785ms)
Public + security smoke (production build)	E2E smoke (build + start + Playwright)	2026-07-13T22:36:55.9541198Z   Ô£ô  125 [webkit] ÔÇ║ e2e/journeys/navigation-routing.spec.ts:16:7 ÔÇ║ marketing navigation @smoke ÔÇ║ homepage ÔåÆ pricing ÔåÆ platform routes load (1.7s)
Public + security smoke (production build)	E2E smoke (build + start + Playwright)	2026-07-13T22:36:56.9932127Z   Ô£ô  126 [webkit] ÔÇ║ e2e/journeys/navigation-routing.spec.ts:29:7 ÔÇ║ marketing navigation @smoke ÔÇ║ unknown admin route redirects unauthenticated users away (994ms)
Public + security smoke (production build)	E2E smoke (build + start + Playwright)	2026-07-13T22:36:58.1898365Z   Ô£ô  127 [webkit] ÔÇ║ e2e/journeys/performance-smoke.spec.ts:17:7 ÔÇ║ performance smoke @smoke ÔÇ║ homepage loads within budget (1.2s)
Public + security smoke (production build)	E2E smoke (build + start + Playwright)	2026-07-13T22:36:58.6018743Z   Ô£ô  105 [firefox] ÔÇ║ e2e/security/unauthenticated-access.spec.ts:92:7 ÔÇ║ unauthenticated access ÔÇö fails closed @security ÔÇ║ patient portal medications page is public but does not expose tenant APIs (56.0s)
Public + security smoke (production build)	E2E smoke (build + start + Playwright)	2026-07-13T22:36:59.4823093Z   Ô£ô  128 [webkit] ÔÇ║ e2e/journeys/performance-smoke.spec.ts:21:7 ÔÇ║ performance smoke @smoke ÔÇ║ login page loads within budget (1.3s)
Public + security smoke (production build)	E2E smoke (build + start + Playwright)	2026-07-13T22:37:00.7553649Z   Ô£ô  129 [webkit] ÔÇ║ e2e/journeys/public-surfaces.spec.ts:19:7 ÔÇ║ public surfaces @smoke ÔÇ║ marketing homepage loads with primary value proposition (1.2s)
Public + security smoke (production build)	E2E smoke (build + start + Playwright)	2026-07-13T22:37:02.0789306Z   Ô£ô  131 [webkit] ÔÇ║ e2e/journeys/public-surfaces.spec.ts:25:7 ÔÇ║ public surfaces @smoke ÔÇ║ staff login surface is reachable and interactive (1.3s)
Public + security smoke (production build)	E2E smoke (build + start + Playwright)	2026-07-13T22:37:02.2869431Z   Ô£ô  130 [webkit] ÔÇ║ e2e/journeys/performance-smoke.spec.ts:25:7 ÔÇ║ performance smoke @smoke ÔÇ║ pricing page loads within budget (1.3s)
Public + security smoke (production build)	E2E smoke (build + start + Playwright)	2026-07-13T22:37:03.8636539Z   Ô£ô  133 [webkit] ÔÇ║ e2e/security/unauthenticated-access.spec.ts:25:7 ÔÇ║ unauthenticated access ÔÇö fails closed @security ÔÇ║ platform admin shell (/fi-admin/system) is not reachable without a session (1.5s)
Public + security smoke (production build)	E2E smoke (build + start + Playwright)	2026-07-13T22:37:04.2141505Z   Ô£ô  132 [webkit] ÔÇ║ e2e/journeys/public-surfaces.spec.ts:31:7 ÔÇ║ public surfaces @smoke ÔÇ║ fi-login redirect lands on OS login (2.1s)
Public + security smoke (production build)	E2E smoke (build + start + Playwright)	2026-07-13T22:37:05.5559625Z   Ô£ô  134 [webkit] ÔÇ║ e2e/security/unauthenticated-access.spec.ts:32:7 ÔÇ║ unauthenticated access ÔÇö fails closed @security ÔÇ║ tenant clinic dashboard is not reachable without a session (1.7s)
Public + security smoke (production build)	E2E smoke (build + start + Playwright)	2026-07-13T22:37:05.6006036Z   Ô£ô  136 [webkit] ÔÇ║ e2e/security/unauthenticated-access.spec.ts:39:7 ÔÇ║ unauthenticated access ÔÇö fails closed @security ÔÇ║ protected tenant API route (cases list) fails closed without a session (32ms)
Public + security smoke (production build)	E2E smoke (build + start + Playwright)	2026-07-13T22:37:05.8879470Z   Ô£ô  135 [webkit] ÔÇ║ e2e/journeys/public-surfaces.spec.ts:37:7 ÔÇ║ public surfaces @smoke ÔÇ║ invalid payment link shows unavailable state (no crash) (1.7s)
Public + security smoke (production build)	E2E smoke (build + start + Playwright)	2026-07-13T22:37:05.9969840Z   Ô£ÿ  138 [webkit] ÔÇ║ e2e/security/unauthenticated-access.spec.ts:63:7 ÔÇ║ unauthenticated access ÔÇö fails closed @security ÔÇ║ protected tenant patients API fails closed without a session (42ms)
Public + security smoke (production build)	E2E smoke (build + start + Playwright)	2026-07-13T22:37:06.7446465Z   Ô£ô  137 [webkit] ÔÇ║ e2e/security/unauthenticated-access.spec.ts:56:7 ÔÇ║ unauthenticated access ÔÇö fails closed @security ÔÇ║ public login route still loads (1.1s)
Public + security smoke (production build)	E2E smoke (build + start + Playwright)	2026-07-13T22:37:07.4120486Z   Ô£ÿ  139 [webkit] ÔÇ║ e2e/security/unauthenticated-access.spec.ts:78:7 ÔÇ║ unauthenticated access ÔÇö fails closed @security ÔÇ║ cron reminder route rejects unauthenticated calls (32ms)
Public + security smoke (production build)	E2E smoke (build + start + Playwright)	2026-07-13T22:37:09.0857348Z   Ô£ô  140 [mobile-chrome] ÔÇ║ e2e/fi-operational-day.spec.ts:23:7 ÔÇ║ FI operational day ÔÇö security @smoke ÔÇ║ reception board requires authentication (865ms)
Public + security smoke (production build)	E2E smoke (build + start + Playwright)	2026-07-13T22:37:09.7605088Z   Ô£ÿ  142 [mobile-chrome] ÔÇ║ e2e/fi-operational-day.spec.ts:35:7 ÔÇ║ FI operational day ÔÇö security @smoke ÔÇ║ procedure day route hidden or denied when flag off (635ms)
Public + security smoke (production build)	E2E smoke (build + start + Playwright)	2026-07-13T22:37:10.8200767Z   Ô£ô  143 [mobile-chrome] ÔÇ║ e2e/fi-operational-day.spec.ts:43:7 ÔÇ║ FI operational day ÔÇö security @smoke ÔÇ║ reception-board API rejects unauthenticated access (27ms)
Public + security smoke (production build)	E2E smoke (build + start + Playwright)	2026-07-13T22:37:10.8735815Z   Ô£ô  144 [mobile-chrome] ÔÇ║ e2e/fi-ux-d6-realtime-signals.spec.ts:55:7 ÔÇ║ FI-UX-REBUILD D6 Today signal revision @smoke ÔÇ║ revision API rejects unauthenticated access (11ms)
Public + security smoke (production build)	E2E smoke (build + start + Playwright)	2026-07-13T22:37:10.9072366Z   Ô£ô  145 [mobile-chrome] ÔÇ║ e2e/fi-ux-d6-realtime-signals.spec.ts:61:7 ÔÇ║ FI-UX-REBUILD D6 Today signal revision @smoke ÔÇ║ public booking-arrival rejects invalid token (12ms)
Public + security smoke (production build)	E2E smoke (build + start + Playwright)	2026-07-13T22:37:10.9276980Z   -  146 [mobile-chrome] ÔÇ║ e2e/fi-ux-nav-collapse.spec.ts:37:7 ÔÇ║ FI-UX-REBUILD D2 navigation collapse @smoke ÔÇ║ minimal rail replaces legacy sidebar on desktop
Public + security smoke (production build)	E2E smoke (build + start + Playwright)	2026-07-13T22:37:10.9366332Z   -  147 [mobile-chrome] ÔÇ║ e2e/fi-ux-nav-collapse.spec.ts:55:7 ÔÇ║ FI-UX-REBUILD D2 navigation collapse @smoke ÔÇ║ More opens legacy module navigation with RBAC-filtered items
Public + security smoke (production build)	E2E smoke (build + start + Playwright)	2026-07-13T22:37:10.9452800Z   -  148 [mobile-chrome] ÔÇ║ e2e/fi-ux-nav-collapse.spec.ts:73:7 ÔÇ║ FI-UX-REBUILD D2 navigation collapse @smoke ÔÇ║ calendar route still renders full page with minimal rail
Public + security smoke (production build)	E2E smoke (build + start + Playwright)	2026-07-13T22:37:10.9635368Z   -  149 [mobile-chrome] ÔÇ║ e2e/fi-ux-nav-collapse.spec.ts:83:7 ÔÇ║ FI-UX-REBUILD D2 navigation collapse @smoke ÔÇ║ mobile shows bottom bar instead of hamburger
Public + security smoke (production build)	E2E smoke (build + start + Playwright)	2026-07-13T22:37:10.9729691Z   -  150 [mobile-chrome] ÔÇ║ e2e/fi-ux-nav-collapse.spec.ts:93:7 ÔÇ║ FI-UX-REBUILD D2 navigation collapse @smoke ÔÇ║ top bar uses New label in collapsed shell mode
Public + security smoke (production build)	E2E smoke (build + start + Playwright)	2026-07-13T22:37:10.9933543Z   -  151 [mobile-chrome] ÔÇ║ e2e/fi-ux-today-surface.spec.ts:43:7 ÔÇ║ FI-UX-REBUILD-1D Today surface @smoke ÔÇ║ home renders Today surface, not the legacy Clinic Command Center
Public + security smoke (production build)	E2E smoke (build + start + Playwright)	2026-07-13T22:37:11.0019992Z   -  152 [mobile-chrome] ÔÇ║ e2e/fi-ux-today-surface.spec.ts:52:7 ÔÇ║ FI-UX-REBUILD-1D Today surface @smoke ÔÇ║ Right now / Up next / Coming up sections all render
Public + security smoke (production build)	E2E smoke (build + start + Playwright)	2026-07-13T22:37:11.0246102Z   -  153 [mobile-chrome] ÔÇ║ e2e/fi-ux-today-surface.spec.ts:60:7 ÔÇ║ FI-UX-REBUILD-1D Today surface @smoke ÔÇ║ Coming up section is collapsed by default
Public + security smoke (production build)	E2E smoke (build + start + Playwright)	2026-07-13T22:37:11.0332460Z   -  154 [mobile-chrome] ÔÇ║ e2e/fi-ux-today-surface.spec.ts:69:7 ÔÇ║ FI-UX-REBUILD-1D Today surface @smoke ÔÇ║ no KPI cards or module tiles on the Today surface
Public + security smoke (production build)	E2E smoke (build + start + Playwright)	2026-07-13T22:37:11.0581942Z   -  155 [mobile-chrome] ÔÇ║ e2e/fi-ux-workspace-shell-validation.spec.ts:305:7 ÔÇ║ FI-UX-REBUILD D1B Calendar guard @smoke ÔÇ║ Calendar route unchanged ÔÇö full page, no workspace on load
Public + security smoke (production build)	E2E smoke (build + start + Playwright)	2026-07-13T22:37:11.0583973Z   -  156 [mobile-chrome] ÔÇ║ e2e/fi-ux-workspace-shell.spec.ts:28:7 ÔÇ║ FI-UX-REBUILD D1 Workspace shell @smoke ÔÇ║ opens patient workspace from shallow URL without route change
Public + security smoke (production build)	E2E smoke (build + start + Playwright)	2026-07-13T22:37:11.9805098Z   Ô£ô  157 [mobile-chrome] ÔÇ║ e2e/journeys/accessibility-smoke.spec.ts:16:7 ÔÇ║ accessibility smoke @smoke @a11y ÔÇ║ login form is keyboard reachable and submittable (749ms)
Public + security smoke (production build)	E2E smoke (build + start + Playwright)	2026-07-13T22:37:12.7090518Z   Ô£ô  158 [mobile-chrome] ÔÇ║ e2e/journeys/accessibility-smoke.spec.ts:36:7 ÔÇ║ accessibility smoke @smoke @a11y ÔÇ║ login page has a single primary heading (713ms)
Public + security smoke (production build)	E2E smoke (build + start + Playwright)	2026-07-13T22:37:13.7369661Z   Ô£ô  159 [mobile-chrome] ÔÇ║ e2e/journeys/accessibility-smoke.spec.ts:42:7 ÔÇ║ accessibility smoke @smoke @a11y ÔÇ║ invalid payment page has accessible unavailable message (1.0s)
Public + security smoke (production build)	E2E smoke (build + start + Playwright)	2026-07-13T22:37:15.9274678Z   Ô£ô  160 [mobile-chrome] ÔÇ║ e2e/journeys/navigation-routing.spec.ts:16:7 ÔÇ║ marketing navigation @smoke ÔÇ║ homepage ÔåÆ pricing ÔåÆ platform routes load (2.2s)
Public + security smoke (production build)	E2E smoke (build + start + Playwright)	2026-07-13T22:37:16.6316386Z   Ô£ô  161 [mobile-chrome] ÔÇ║ e2e/journeys/navigation-routing.spec.ts:29:7 ÔÇ║ marketing navigation @smoke ÔÇ║ unknown admin route redirects unauthenticated users away (672ms)
Public + security smoke (production build)	E2E smoke (build + start + Playwright)	2026-07-13T22:37:18.0239108Z   Ô£ô  162 [mobile-chrome] ÔÇ║ e2e/journeys/performance-smoke.spec.ts:17:7 ÔÇ║ performance smoke @smoke ÔÇ║ homepage loads within budget (1.4s)
Public + security smoke (production build)	E2E smoke (build + start + Playwright)	2026-07-13T22:37:18.6929555Z   Ô£ô  163 [mobile-chrome] ÔÇ║ e2e/journeys/performance-smoke.spec.ts:21:7 ÔÇ║ performance smoke @smoke ÔÇ║ login page loads within budget (652ms)
Public + security smoke (production build)	E2E smoke (build + start + Playwright)	2026-07-13T22:37:20.0932130Z   Ô£ô  164 [mobile-chrome] ÔÇ║ e2e/journeys/performance-smoke.spec.ts:25:7 ÔÇ║ performance smoke @smoke ÔÇ║ pricing page loads within budget (1.4s)
Public + security smoke (production build)	E2E smoke (build + start + Playwright)	2026-07-13T22:37:21.4739675Z   Ô£ô  165 [mobile-chrome] ÔÇ║ e2e/journeys/public-surfaces.spec.ts:19:7 ÔÇ║ public surfaces @smoke ÔÇ║ marketing homepage loads with primary value proposition (1.3s)
Public + security smoke (production build)	E2E smoke (build + start + Playwright)	2026-07-13T22:37:22.1750729Z   Ô£ô  166 [mobile-chrome] ÔÇ║ e2e/journeys/public-surfaces.spec.ts:25:7 ÔÇ║ public surfaces @smoke ÔÇ║ staff login surface is reachable and interactive (686ms)
Public + security smoke (production build)	E2E smoke (build + start + Playwright)	2026-07-13T22:37:22.9061588Z   Ô£ô  167 [mobile-chrome] ÔÇ║ e2e/journeys/public-surfaces.spec.ts:31:7 ÔÇ║ public surfaces @smoke ÔÇ║ fi-login redirect lands on OS login (704ms)
Public + security smoke (production build)	E2E smoke (build + start + Playwright)	2026-07-13T22:37:23.9796373Z   Ô£ô  168 [mobile-chrome] ÔÇ║ e2e/journeys/public-surfaces.spec.ts:37:7 ÔÇ║ public surfaces @smoke ÔÇ║ invalid payment link shows unavailable state (no crash) (1.1s)
Public + security smoke (production build)	E2E smoke (build + start + Playwright)	2026-07-13T22:37:24.7183063Z   Ô£ô  169 [mobile-chrome] ÔÇ║ e2e/security/unauthenticated-access.spec.ts:25:7 ÔÇ║ unauthenticated access ÔÇö fails closed @security ÔÇ║ platform admin shell (/fi-admin/system) is not reachable without a session (713ms)
Public + security smoke (production build)	E2E smoke (build + start + Playwright)	2026-07-13T22:37:25.4133569Z   Ô£ô  170 [mobile-chrome] ÔÇ║ e2e/security/unauthenticated-access.spec.ts:32:7 ÔÇ║ unauthenticated access ÔÇö fails closed @security ÔÇ║ tenant clinic dashboard is not reachable without a session (680ms)
Public + security smoke (production build)	E2E smoke (build + start + Playwright)	2026-07-13T22:37:25.4359423Z   Ô£ô  171 [mobile-chrome] ÔÇ║ e2e/security/unauthenticated-access.spec.ts:39:7 ÔÇ║ unauthenticated access ÔÇö fails closed @security ÔÇ║ protected tenant API route (cases list) fails closed without a session (14ms)
Public + security smoke (production build)	E2E smoke (build + start + Playwright)	2026-07-13T22:37:26.1565008Z   Ô£ô  172 [mobile-chrome] ÔÇ║ e2e/security/unauthenticated-access.spec.ts:56:7 ÔÇ║ unauthenticated access ÔÇö fails closed @security ÔÇ║ public login route still loads (707ms)
Public + security smoke (production build)	E2E smoke (build + start + Playwright)	2026-07-13T22:37:26.2265210Z   Ô£ÿ  173 [mobile-chrome] ÔÇ║ e2e/security/unauthenticated-access.spec.ts:63:7 ÔÇ║ unauthenticated access ÔÇö fails closed @security ÔÇ║ protected tenant patients API fails closed without a session (27ms)
Public + security smoke (production build)	E2E smoke (build + start + Playwright)	2026-07-13T22:37:27.3411230Z   Ô£ÿ  174 [mobile-chrome] ÔÇ║ e2e/security/unauthenticated-access.spec.ts:78:7 ÔÇ║ unauthenticated access ÔÇö fails closed @security ÔÇ║ cron reminder route rejects unauthenticated calls (29ms)
Public + security smoke (production build)	E2E smoke (build + start + Playwright)	2026-07-13T22:38:04.1704085Z   Ô£ô  141 [webkit] ÔÇ║ e2e/security/unauthenticated-access.spec.ts:92:7 ÔÇ║ unauthenticated access ÔÇö fails closed @security ÔÇ║ patient portal medications page is public but does not expose tenant APIs (55.4s)
Public + security smoke (production build)	E2E smoke (build + start + Playwright)	2026-07-13T22:38:06.1434605Z   Ô£ô  176 [mobile-safari] ÔÇ║ e2e/fi-operational-day.spec.ts:23:7 ÔÇ║ FI operational day ÔÇö security @smoke ÔÇ║ reception board requires authentication (755ms)
Public + security smoke (production build)	E2E smoke (build + start + Playwright)	2026-07-13T22:38:06.8952317Z   Ô£ÿ  177 [mobile-safari] ÔÇ║ e2e/fi-operational-day.spec.ts:35:7 ÔÇ║ FI operational day ÔÇö security @smoke ÔÇ║ procedure day route hidden or denied when flag off (589ms)
Public + security smoke (production build)	E2E smoke (build + start + Playwright)	2026-07-13T22:38:07.9628625Z   Ô£ô  178 [mobile-safari] ÔÇ║ e2e/fi-operational-day.spec.ts:43:7 ÔÇ║ FI operational day ÔÇö security @smoke ÔÇ║ reception-board API rejects unauthenticated access (27ms)
Public + security smoke (production build)	E2E smoke (build + start + Playwright)	2026-07-13T22:38:08.0093043Z   Ô£ô  179 [mobile-safari] ÔÇ║ e2e/fi-ux-d6-realtime-signals.spec.ts:55:7 ÔÇ║ FI-UX-REBUILD D6 Today signal revision @smoke ÔÇ║ revision API rejects unauthenticated access (11ms)
Public + security smoke (production build)	E2E smoke (build + start + Playwright)	2026-07-13T22:38:08.0477827Z   Ô£ô  180 [mobile-safari] ÔÇ║ e2e/fi-ux-d6-realtime-signals.spec.ts:61:7 ÔÇ║ FI-UX-REBUILD D6 Today signal revision @smoke ÔÇ║ public booking-arrival rejects invalid token (12ms)
Public + security smoke (production build)	E2E smoke (build + start + Playwright)	2026-07-13T22:38:08.0686636Z   -  181 [mobile-safari] ÔÇ║ e2e/fi-ux-nav-collapse.spec.ts:37:7 ÔÇ║ FI-UX-REBUILD D2 navigation collapse @smoke ÔÇ║ minimal rail replaces legacy sidebar on desktop
Public + security smoke (production build)	E2E smoke (build + start + Playwright)	2026-07-13T22:38:08.0778484Z   -  182 [mobile-safari] ÔÇ║ e2e/fi-ux-nav-collapse.spec.ts:55:7 ÔÇ║ FI-UX-REBUILD D2 navigation collapse @smoke ÔÇ║ More opens legacy module navigation with RBAC-filtered items
Public + security smoke (production build)	E2E smoke (build + start + Playwright)	2026-07-13T22:38:08.0860135Z   -  183 [mobile-safari] ÔÇ║ e2e/fi-ux-nav-collapse.spec.ts:73:7 ÔÇ║ FI-UX-REBUILD D2 navigation collapse @smoke ÔÇ║ calendar route still renders full page with minimal rail
Public + security smoke (production build)	E2E smoke (build + start + Playwright)	2026-07-13T22:38:08.1036349Z   -  184 [mobile-safari] ÔÇ║ e2e/fi-ux-nav-collapse.spec.ts:83:7 ÔÇ║ FI-UX-REBUILD D2 navigation collapse @smoke ÔÇ║ mobile shows bottom bar instead of hamburger
Public + security smoke (production build)	E2E smoke (build + start + Playwright)	2026-07-13T22:38:08.1130049Z   -  185 [mobile-safari] ÔÇ║ e2e/fi-ux-nav-collapse.spec.ts:93:7 ÔÇ║ FI-UX-REBUILD D2 navigation collapse @smoke ÔÇ║ top bar uses New label in collapsed shell mode
Public + security smoke (production build)	E2E smoke (build + start + Playwright)	2026-07-13T22:38:08.1331933Z   -  186 [mobile-safari] ÔÇ║ e2e/fi-ux-today-surface.spec.ts:43:7 ÔÇ║ FI-UX-REBUILD-1D Today surface @smoke ÔÇ║ home renders Today surface, not the legacy Clinic Command Center
Public + security smoke (production build)	E2E smoke (build + start + Playwright)	2026-07-13T22:38:08.1415665Z   -  187 [mobile-safari] ÔÇ║ e2e/fi-ux-today-surface.spec.ts:52:7 ÔÇ║ FI-UX-REBUILD-1D Today surface @smoke ÔÇ║ Right now / Up next / Coming up sections all render
Public + security smoke (production build)	E2E smoke (build + start + Playwright)	2026-07-13T22:38:08.1600657Z   -  188 [mobile-safari] ÔÇ║ e2e/fi-ux-today-surface.spec.ts:60:7 ÔÇ║ FI-UX-REBUILD-1D Today surface @smoke ÔÇ║ Coming up section is collapsed by default
Public + security smoke (production build)	E2E smoke (build + start + Playwright)	2026-07-13T22:38:08.1683755Z   -  189 [mobile-safari] ÔÇ║ e2e/fi-ux-today-surface.spec.ts:69:7 ÔÇ║ FI-UX-REBUILD-1D Today surface @smoke ÔÇ║ no KPI cards or module tiles on the Today surface
Public + security smoke (production build)	E2E smoke (build + start + Playwright)	2026-07-13T22:38:08.1886937Z   -  190 [mobile-safari] ÔÇ║ e2e/fi-ux-workspace-shell-validation.spec.ts:305:7 ÔÇ║ FI-UX-REBUILD D1B Calendar guard @smoke ÔÇ║ Calendar route unchanged ÔÇö full page, no workspace on load
Public + security smoke (production build)	E2E smoke (build + start + Playwright)	2026-07-13T22:38:08.1890097Z   -  191 [mobile-safari] ÔÇ║ e2e/fi-ux-workspace-shell.spec.ts:28:7 ÔÇ║ FI-UX-REBUILD D1 Workspace shell @smoke ÔÇ║ opens patient workspace from shallow URL without route change
Public + security smoke (production build)	E2E smoke (build + start + Playwright)	2026-07-13T22:38:09.2172671Z   Ô£ô  192 [mobile-safari] ÔÇ║ e2e/journeys/accessibility-smoke.spec.ts:16:7 ÔÇ║ accessibility smoke @smoke @a11y ÔÇ║ login form is keyboard reachable and submittable (923ms)
Public + security smoke (production build)	E2E smoke (build + start + Playwright)	2026-07-13T22:38:10.0366879Z   Ô£ô  193 [mobile-safari] ÔÇ║ e2e/journeys/accessibility-smoke.spec.ts:36:7 ÔÇ║ accessibility smoke @smoke @a11y ÔÇ║ login page has a single primary heading (802ms)
Public + security smoke (production build)	E2E smoke (build + start + Playwright)	2026-07-13T22:38:10.7781504Z   Ô£ô  194 [mobile-safari] ÔÇ║ e2e/journeys/accessibility-smoke.spec.ts:42:7 ÔÇ║ accessibility smoke @smoke @a11y ÔÇ║ invalid payment page has accessible unavailable message (695ms)
Public + security smoke (production build)	E2E smoke (build + start + Playwright)	2026-07-13T22:38:12.1548981Z   Ô£ô  195 [mobile-safari] ÔÇ║ e2e/journeys/navigation-routing.spec.ts:16:7 ÔÇ║ marketing navigation @smoke ÔÇ║ homepage ÔåÆ pricing ÔåÆ platform routes load (1.3s)
Public + security smoke (production build)	E2E smoke (build + start + Playwright)	2026-07-13T22:38:12.9170807Z   Ô£ô  196 [mobile-safari] ÔÇ║ e2e/journeys/navigation-routing.spec.ts:29:7 ÔÇ║ marketing navigation @smoke ÔÇ║ unknown admin route redirects unauthenticated users away (729ms)
Public + security smoke (production build)	E2E smoke (build + start + Playwright)	2026-07-13T22:38:13.7096426Z   Ô£ô  197 [mobile-safari] ÔÇ║ e2e/journeys/performance-smoke.spec.ts:17:7 ÔÇ║ performance smoke @smoke ÔÇ║ homepage loads within budget (751ms)
Public + security smoke (production build)	E2E smoke (build + start + Playwright)	2026-07-13T22:38:14.4661740Z   Ô£ô  198 [mobile-safari] ÔÇ║ e2e/journeys/performance-smoke.spec.ts:21:7 ÔÇ║ performance smoke @smoke ÔÇ║ login page loads within budget (735ms)
Public + security smoke (production build)	E2E smoke (build + start + Playwright)	2026-07-13T22:38:15.1194071Z   Ô£ô  199 [mobile-safari] ÔÇ║ e2e/journeys/performance-smoke.spec.ts:25:7 ÔÇ║ performance smoke @smoke ÔÇ║ pricing page loads within budget (630ms)
Public + security smoke (production build)	E2E smoke (build + start + Playwright)	2026-07-13T22:38:16.0405989Z   Ô£ô  200 [mobile-safari] ÔÇ║ e2e/journeys/public-surfaces.spec.ts:19:7 ÔÇ║ public surfaces @smoke ÔÇ║ marketing homepage loads with primary value proposition (883ms)
Public + security smoke (production build)	E2E smoke (build + start + Playwright)	2026-07-13T22:38:16.8689242Z   Ô£ô  201 [mobile-safari] ÔÇ║ e2e/journeys/public-surfaces.spec.ts:25:7 ÔÇ║ public surfaces @smoke ÔÇ║ staff login surface is reachable and interactive (807ms)
Public + security smoke (production build)	E2E smoke (build + start + Playwright)	2026-07-13T22:38:17.7670106Z   Ô£ô  202 [mobile-safari] ÔÇ║ e2e/journeys/public-surfaces.spec.ts:31:7 ÔÇ║ public surfaces @smoke ÔÇ║ fi-login redirect lands on OS login (854ms)
Public + security smoke (production build)	E2E smoke (build + start + Playwright)	2026-07-13T22:38:18.5420287Z   Ô£ô  203 [mobile-safari] ÔÇ║ e2e/journeys/public-surfaces.spec.ts:37:7 ÔÇ║ public surfaces @smoke ÔÇ║ invalid payment link shows unavailable state (no crash) (763ms)
Public + security smoke (production build)	E2E smoke (build + start + Playwright)	2026-07-13T22:38:19.3155657Z   Ô£ô  204 [mobile-safari] ÔÇ║ e2e/security/unauthenticated-access.spec.ts:25:7 ÔÇ║ unauthenticated access ÔÇö fails closed @security ÔÇ║ platform admin shell (/fi-admin/system) is not reachable without a session (742ms)
Public + security smoke (production build)	E2E smoke (build + start + Playwright)	2026-07-13T22:38:20.1039967Z   Ô£ô  205 [mobile-safari] ÔÇ║ e2e/security/unauthenticated-access.spec.ts:32:7 ÔÇ║ unauthenticated access ÔÇö fails closed @security ÔÇ║ tenant clinic dashboard is not reachable without a session (754ms)
Public + security smoke (production build)	E2E smoke (build + start + Playwright)	2026-07-13T22:38:20.1478202Z   Ô£ô  206 [mobile-safari] ÔÇ║ e2e/security/unauthenticated-access.spec.ts:39:7 ÔÇ║ unauthenticated access ÔÇö fails closed @security ÔÇ║ protected tenant API route (cases list) fails closed without a session (23ms)
Public + security smoke (production build)	E2E smoke (build + start + Playwright)	2026-07-13T22:38:20.9212242Z   Ô£ô  207 [mobile-safari] ÔÇ║ e2e/security/unauthenticated-access.spec.ts:56:7 ÔÇ║ unauthenticated access ÔÇö fails closed @security ÔÇ║ public login route still loads (761ms)
Public + security smoke (production build)	E2E smoke (build + start + Playwright)	2026-07-13T22:38:20.9998684Z   Ô£ÿ  208 [mobile-safari] ÔÇ║ e2e/security/unauthenticated-access.spec.ts:63:7 ÔÇ║ unauthenticated access ÔÇö fails closed @security ÔÇ║ protected tenant patients API fails closed without a session (34ms)
Public + security smoke (production build)	E2E smoke (build + start + Playwright)	2026-07-13T22:38:22.0746116Z   Ô£ÿ  209 [mobile-safari] ÔÇ║ e2e/security/unauthenticated-access.spec.ts:78:7 ÔÇ║ unauthenticated access ÔÇö fails closed @security ÔÇ║ cron reminder route rejects unauthenticated calls (28ms)
Public + security smoke (production build)	E2E smoke (build + start + Playwright)	2026-07-13T22:38:24.2823810Z   Ô£ô  175 [mobile-chrome] ÔÇ║ e2e/security/unauthenticated-access.spec.ts:92:7 ÔÇ║ unauthenticated access ÔÇö fails closed @security ÔÇ║ patient portal medications page is public but does not expose tenant APIs (55.7s)
Public + security smoke (production build)	E2E smoke (build + start + Playwright)	2026-07-13T22:39:18.6626136Z   Ô£ô  210 [mobile-safari] ÔÇ║ e2e/security/unauthenticated-access.spec.ts:92:7 ÔÇ║ unauthenticated access ÔÇö fails closed @security ÔÇ║ patient portal medications page is public but does not expose tenant APIs (55.4s)
Public + security smoke (production build)	E2E smoke (build + start + Playwright)	2026-07-13T22:39:18.7949175Z 
Public + security smoke (production build)	E2E smoke (build + start + Playwright)	2026-07-13T22:39:18.7959345Z 
Public + security smoke (production build)	E2E smoke (build + start + Playwright)	2026-07-13T22:39:18.7969249Z   1) [chromium] ÔÇ║ e2e/fi-operational-day.spec.ts:35:7 ÔÇ║ FI operational day ÔÇö security @smoke ÔÇ║ procedure day route hidden or denied when flag off 
Public + security smoke (production build)	E2E smoke (build + start + Playwright)	2026-07-13T22:39:18.7970213Z 
Public + security smoke (production build)	E2E smoke (build + start + Playwright)	2026-07-13T22:39:18.7970961Z     Error: ^[[2mexpect(^[[22m^[[31mreceived^[[39m^[[2m).^[[22mtoContain^[[2m(^[[22m^[[32mexpected^[[39m^[[2m) // indexOf^[[22m
Public + security smoke (production build)	E2E smoke (build + start + Playwright)	2026-07-13T22:39:18.7971581Z 
Public + security smoke (production build)	E2E smoke (build + start + Playwright)	2026-07-13T22:39:18.7971859Z     Expected value: ^[[32m200^[[39m
Public + security smoke (production build)	E2E smoke (build + start + Playwright)	2026-07-13T22:39:18.7972326Z     Received array: ^[[31m[404, 302, 303, 307, 401, 403]^[[39m
Public + security smoke (production build)	E2E smoke (build + start + Playwright)	2026-07-13T22:39:18.7972723Z 
Public + security smoke (production build)	E2E smoke (build + start + Playwright)	2026-07-13T22:39:18.7973224Z       38 |     const res = await page.goto(`/fi-admin/${tid}/procedure-day`, { waitUntil: "commit" });
Public + security smoke (production build)	E2E smoke (build + start + Playwright)	2026-07-13T22:39:18.7974010Z       39 |     const status = res?.status() ?? 0;
Public + security smoke (production build)	E2E smoke (build + start + Playwright)	2026-07-13T22:39:18.7974637Z     > 40 |     expect([404, 302, 303, 307, 401, 403]).toContain(status);
Public + security smoke (production build)	E2E smoke (build + start + Playwright)	2026-07-13T22:39:18.7975228Z          |                                            ^
Public + security smoke (production build)	E2E smoke (build + start + Playwright)	2026-07-13T22:39:18.7975646Z       41 |   });
Public + security smoke (production build)	E2E smoke (build + start + Playwright)	2026-07-13T22:39:18.7975940Z       42 |
Public + security smoke (production build)	E2E smoke (build + start + Playwright)	2026-07-13T22:39:18.7976600Z       43 |   test("reception-board API rejects unauthenticated access", async ({ request }) => {
Public + security smoke (production build)	E2E smoke (build + start + Playwright)	2026-07-13T22:39:18.7978305Z         at /home/runner/work/G-follicleintelligence/G-follicleintelligence/e2e/fi-operational-day.spec.ts:40:44
Public + security smoke (production build)	E2E smoke (build + start + Playwright)	2026-07-13T22:39:18.7978998Z 
Public + security smoke (production build)	E2E smoke (build + start + Playwright)	2026-07-13T22:39:18.7979515Z     attachment #1: screenshot (image/png) ÔöÇÔöÇÔöÇÔöÇÔöÇÔöÇÔöÇÔöÇÔöÇÔöÇÔöÇÔöÇÔöÇÔöÇÔöÇÔöÇÔöÇÔöÇÔöÇÔöÇÔöÇÔöÇÔöÇÔöÇÔöÇÔöÇÔöÇÔöÇÔöÇÔöÇÔöÇÔöÇÔöÇÔöÇÔöÇÔöÇÔöÇÔöÇÔöÇÔöÇÔöÇÔöÇÔöÇÔöÇÔöÇÔöÇÔöÇÔöÇÔöÇÔöÇÔöÇÔöÇÔöÇÔöÇÔöÇÔöÇÔöÇÔöÇ
Public + security smoke (production build)	E2E smoke (build + start + Playwright)	2026-07-13T22:39:18.7980757Z     test-results/fi-operational-day-FI-oper-108b9-den-or-denied-when-flag-off-chromium/test-failed-1.png
Public + security smoke (production build)	E2E smoke (build + start + Playwright)	2026-07-13T22:39:18.7982075Z     ÔöÇÔöÇÔöÇÔöÇÔöÇÔöÇÔöÇÔöÇÔöÇÔöÇÔöÇÔöÇÔöÇÔöÇÔöÇÔöÇÔöÇÔöÇÔöÇÔöÇÔöÇÔöÇÔöÇÔöÇÔöÇÔöÇÔöÇÔöÇÔöÇÔöÇÔöÇÔöÇÔöÇÔöÇÔöÇÔöÇÔöÇÔöÇÔöÇÔöÇÔöÇÔöÇÔöÇÔöÇÔöÇÔöÇÔöÇÔöÇÔöÇÔöÇÔöÇÔöÇÔöÇÔöÇÔöÇÔöÇÔöÇÔöÇÔöÇÔöÇÔöÇÔöÇÔöÇÔöÇÔöÇÔöÇÔöÇÔöÇÔöÇÔöÇÔöÇÔöÇÔöÇÔöÇÔöÇÔöÇÔöÇÔöÇÔöÇÔöÇÔöÇÔöÇÔöÇÔöÇÔöÇÔöÇÔöÇÔöÇÔöÇÔöÇÔöÇÔöÇÔöÇÔöÇÔöÇÔöÇ
Public + security smoke (production build)	E2E smoke (build + start + Playwright)	2026-07-13T22:39:18.7982524Z 
Public + security smoke (production build)	E2E smoke (build + start + Playwright)	2026-07-13T22:39:18.7983310Z     Error Context: test-results/fi-operational-day-FI-oper-108b9-den-or-denied-when-flag-off-chromium/error-context.md
Public + security smoke (production build)	E2E smoke (build + start + Playwright)	2026-07-13T22:39:18.7983819Z 
Public + security smoke (production build)	E2E smoke (build + start + Playwright)	2026-07-13T22:39:18.7984593Z   2) [chromium] ÔÇ║ e2e/security/unauthenticated-access.spec.ts:63:7 ÔÇ║ unauthenticated access ÔÇö fails closed @security ÔÇ║ protected tenant patients API fails closed without a session 
Public + security smoke (production build)	E2E smoke (build + start + Playwright)	2026-07-13T22:39:18.7985238Z 
Public + security smoke (production build)	E2E smoke (build + start + Playwright)	2026-07-13T22:39:18.7985506Z     Error: expected 401/403 (or redirect) for unauthenticated patients API, got 404
Public + security smoke (production build)	E2E smoke (build + start + Playwright)	2026-07-13T22:39:18.7985809Z 
Public + security smoke (production build)	E2E smoke (build + start + Playwright)	2026-07-13T22:39:18.7986445Z     ^[[2mexpect(^[[22m^[[31mreceived^[[39m^[[2m).^[[22mtoBe^[[2m(^[[22m^[[32mexpected^[[39m^[[2m) // Object.is equality^[[22m
Public + security smoke (production build)	E2E smoke (build + start + Playwright)	2026-07-13T22:39:18.7987034Z 
Public + security smoke (production build)	E2E smoke (build + start + Playwright)	2026-07-13T22:39:18.7987425Z     Expected: ^[[32mtrue^[[39m
Public + security smoke (production build)	E2E smoke (build + start + Playwright)	2026-07-13T22:39:18.7987726Z     Received: ^[[31mfalse^[[39m
Public + security smoke (production build)	E2E smoke (build + start + Playwright)	2026-07-13T22:39:18.7988103Z 
Public + security smoke (production build)	E2E smoke (build + start + Playwright)	2026-07-13T22:39:18.7988264Z       73 |       [401, 403, 302, 303, 307].includes(status),
Public + security smoke (production build)	E2E smoke (build + start + Playwright)	2026-07-13T22:39:18.7988847Z       74 |       `expected 401/403 (or redirect) for unauthenticated patients API, got ${status}`
Public + security smoke (production build)	E2E smoke (build + start + Playwright)	2026-07-13T22:39:18.7989321Z     > 75 |     ).toBe(true);
Public + security smoke (production build)	E2E smoke (build + start + Playwright)	2026-07-13T22:39:18.7989550Z          |       ^
Public + security smoke (production build)	E2E smoke (build + start + Playwright)	2026-07-13T22:39:18.7989759Z       76 |   });
Public + security smoke (production build)	E2E smoke (build + start + Playwright)	2026-07-13T22:39:18.7989963Z       77 |
Public + security smoke (production build)	E2E smoke (build + start + Playwright)	2026-07-13T22:39:18.7990405Z       78 |   test("cron reminder route rejects unauthenticated calls", async ({ request }) => {
Public + security smoke (production build)	E2E smoke (build + start + Playwright)	2026-07-13T22:39:18.7991686Z         at /home/runner/work/G-follicleintelligence/G-follicleintelligence/e2e/security/unauthenticated-access.spec.ts:75:7
Public + security smoke (production build)	E2E smoke (build + start + Playwright)	2026-07-13T22:39:18.7992471Z 
Public + security smoke (production build)	E2E smoke (build + start + Playwright)	2026-07-13T22:39:18.7993501Z   3) [chromium] ÔÇ║ e2e/security/unauthenticated-access.spec.ts:78:7 ÔÇ║ unauthenticated access ÔÇö fails closed @security ÔÇ║ cron reminder route rejects unauthenticated calls 
Public + security smoke (production build)	E2E smoke (build + start + Playwright)	2026-07-13T22:39:18.7994175Z 
Public + security smoke (production build)	E2E smoke (build + start + Playwright)	2026-07-13T22:39:18.7994459Z     Error: expected 401/403/500 for unauthenticated cron, got 503
Public + security smoke (production build)	E2E smoke (build + start + Playwright)	2026-07-13T22:39:18.7994896Z 
Public + security smoke (production build)	E2E smoke (build + start + Playwright)	2026-07-13T22:39:18.7995421Z     ^[[2mexpect(^[[22m^[[31mreceived^[[39m^[[2m).^[[22mtoBe^[[2m(^[[22m^[[32mexpected^[[39m^[[2m) // Object.is equality^[[22m
Public + security smoke (production build)	E2E smoke (build + start + Playwright)	2026-07-13T22:39:18.7995799Z 
Public + security smoke (production build)	E2E smoke (build + start + Playwright)	2026-07-13T22:39:18.7995938Z     Expected: ^[[32mtrue^[[39m
Public + security smoke (production build)	E2E smoke (build + start + Playwright)	2026-07-13T22:39:18.7996230Z     Received: ^[[31mfalse^[[39m
Public + security smoke (production build)	E2E smoke (build + start + Playwright)	2026-07-13T22:39:18.7996387Z 
Public + security smoke (production build)	E2E smoke (build + start + Playwright)	2026-07-13T22:39:18.7996536Z       87 |       [401, 403, 500].includes(status),
Public + security smoke (production build)	E2E smoke (build + start + Playwright)	2026-07-13T22:39:18.7996969Z       88 |       `expected 401/403/500 for unauthenticated cron, got ${status}`
Public + security smoke (production build)	E2E smoke (build + start + Playwright)	2026-07-13T22:39:18.7997814Z     > 89 |     ).toBe(true);
Public + security smoke (production build)	E2E smoke (build + start + Playwright)	2026-07-13T22:39:18.7998141Z          |       ^
Public + security smoke (production build)	E2E smoke (build + start + Playwright)	2026-07-13T22:39:18.7998430Z       90 |   });
Public + security smoke (production build)	E2E smoke (build + start + Playwright)	2026-07-13T22:39:18.7998633Z       91 |
Public + security smoke (production build)	E2E smoke (build + start + Playwright)	2026-07-13T22:39:18.7999077Z       92 |   test("patient portal medications page is public but does not expose tenant APIs", async ({
Public + security smoke (production build)	E2E smoke (build + start + Playwright)	2026-07-13T22:39:18.7999886Z         at /home/runner/work/G-follicleintelligence/G-follicleintelligence/e2e/security/unauthenticated-access.spec.ts:89:7
Public + security smoke (production build)	E2E smoke (build + start + Playwright)	2026-07-13T22:39:18.8000368Z 
Public + security smoke (production build)	E2E smoke (build + start + Playwright)	2026-07-13T22:39:18.8000974Z   4) [edge] ÔÇ║ e2e/fi-operational-day.spec.ts:35:7 ÔÇ║ FI operational day ÔÇö security @smoke ÔÇ║ procedure day route hidden or denied when flag off 
Public + security smoke (production build)	E2E smoke (build + start + Playwright)	2026-07-13T22:39:18.8001459Z 
Public + security smoke (production build)	E2E smoke (build + start + Playwright)	2026-07-13T22:39:18.8001988Z     Error: ^[[2mexpect(^[[22m^[[31mreceived^[[39m^[[2m).^[[22mtoContain^[[2m(^[[22m^[[32mexpected^[[39m^[[2m) // indexOf^[[22m
Public + security smoke (production build)	E2E smoke (build + start + Playwright)	2026-07-13T22:39:18.8002463Z 
Public + security smoke (production build)	E2E smoke (build + start + Playwright)	2026-07-13T22:39:18.8002621Z     Expected value: ^[[32m200^[[39m
Public + security smoke (production build)	E2E smoke (build + start + Playwright)	2026-07-13T22:39:18.8003027Z     Received array: ^[[31m[404, 302, 303, 307, 401, 403]^[[39m
Public + security smoke (production build)	E2E smoke (build + start + Playwright)	2026-07-13T22:39:18.8003358Z 
Public + security smoke (production build)	E2E smoke (build + start + Playwright)	2026-07-13T22:39:18.8003678Z       38 |     const res = await page.goto(`/fi-admin/${tid}/procedure-day`, { waitUntil: "commit" });
Public + security smoke (production build)	E2E smoke (build + start + Playwright)	2026-07-13T22:39:18.8004167Z       39 |     const status = res?.status() ?? 0;
Public + security smoke (production build)	E2E smoke (build + start + Playwright)	2026-07-13T22:39:18.8004560Z     > 40 |     expect([404, 302, 303, 307, 401, 403]).toContain(status);
Public + security smoke (production build)	E2E smoke (build + start + Playwright)	2026-07-13T22:39:18.8004943Z          |                                            ^
Public + security smoke (production build)	E2E smoke (build + start + Playwright)	2026-07-13T22:39:18.8005228Z       41 |   });
Public + security smoke (production build)	E2E smoke (build + start + Playwright)	2026-07-13T22:39:18.8005425Z       42 |
Public + security smoke (production build)	E2E smoke (build + start + Playwright)	2026-07-13T22:39:18.8005834Z       43 |   test("reception-board API rejects unauthenticated access", async ({ request }) => {
Public + security smoke (production build)	E2E smoke (build + start + Playwright)	2026-07-13T22:39:18.8006575Z         at /home/runner/work/G-follicleintelligence/G-follicleintelligence/e2e/fi-operational-day.spec.ts:40:44
Public + security smoke (production build)	E2E smoke (build + start + Playwright)	2026-07-13T22:39:18.8006993Z 
Public + security smoke (production build)	E2E smoke (build + start + Playwright)	2026-07-13T22:39:18.8007612Z     attachment #1: screenshot (image/png) ÔöÇÔöÇÔöÇÔöÇÔöÇÔöÇÔöÇÔöÇÔöÇÔöÇÔöÇÔöÇÔöÇÔöÇÔöÇÔöÇÔöÇÔöÇÔöÇÔöÇÔöÇÔöÇÔöÇÔöÇÔöÇÔöÇÔöÇÔöÇÔöÇÔöÇÔöÇÔöÇÔöÇÔöÇÔöÇÔöÇÔöÇÔöÇÔöÇÔöÇÔöÇÔöÇÔöÇÔöÇÔöÇÔöÇÔöÇÔöÇÔöÇÔöÇÔöÇÔöÇÔöÇÔöÇÔöÇÔöÇÔöÇÔöÇ
Public + security smoke (production build)	E2E smoke (build + start + Playwright)	2026-07-13T22:39:18.8008334Z     test-results/fi-operational-day-FI-oper-108b9-den-or-denied-when-flag-off-edge/test-failed-1.png
Public + security smoke (production build)	E2E smoke (build + start + Playwright)	2026-07-13T22:39:18.8009101Z     ÔöÇÔöÇÔöÇÔöÇÔöÇÔöÇÔöÇÔöÇÔöÇÔöÇÔöÇÔöÇÔöÇÔöÇÔöÇÔöÇÔöÇÔöÇÔöÇÔöÇÔöÇÔöÇÔöÇÔöÇÔöÇÔöÇÔöÇÔöÇÔöÇÔöÇÔöÇÔöÇÔöÇÔöÇÔöÇÔöÇÔöÇÔöÇÔöÇÔöÇÔöÇÔöÇÔöÇÔöÇÔöÇÔöÇÔöÇÔöÇÔöÇÔöÇÔöÇÔöÇÔöÇÔöÇÔöÇÔöÇÔöÇÔöÇÔöÇÔöÇÔöÇÔöÇÔöÇÔöÇÔöÇÔöÇÔöÇÔöÇÔöÇÔöÇÔöÇÔöÇÔöÇÔöÇÔöÇÔöÇÔöÇÔöÇÔöÇÔöÇÔöÇÔöÇÔöÇÔöÇÔöÇÔöÇÔöÇÔöÇÔöÇÔöÇÔöÇÔöÇÔöÇÔöÇÔöÇÔöÇ
Public + security smoke (production build)	E2E smoke (build + start + Playwright)	2026-07-13T22:39:18.8009371Z 
Public + security smoke (production build)	E2E smoke (build + start + Playwright)	2026-07-13T22:39:18.8009808Z     Error Context: test-results/fi-operational-day-FI-oper-108b9-den-or-denied-when-flag-off-edge/error-context.md
Public + security smoke (production build)	E2E smoke (build + start + Playwright)	2026-07-13T22:39:18.8010259Z 
Public + security smoke (production build)	E2E smoke (build + start + Playwright)	2026-07-13T22:39:18.8011221Z   5) [edge] ÔÇ║ e2e/security/unauthenticated-access.spec.ts:63:7 ÔÇ║ unauthenticated access ÔÇö fails closed @security ÔÇ║ protected tenant patients API fails closed without a session 
Public + security smoke (production build)	E2E smoke (build + start + Playwright)	2026-07-13T22:39:18.8011832Z 
Public + security smoke (production build)	E2E smoke (build + start + Playwright)	2026-07-13T22:39:18.8012098Z     Error: expected 401/403 (or redirect) for unauthenticated patients API, got 404
Public + security smoke (production build)	E2E smoke (build + start + Playwright)	2026-07-13T22:39:18.8012399Z 
Public + security smoke (production build)	E2E smoke (build + start + Playwright)	2026-07-13T22:39:18.8012823Z     ^[[2mexpect(^[[22m^[[31mreceived^[[39m^[[2m).^[[22mtoBe^[[2m(^[[22m^[[32mexpected^[[39m^[[2m) // Object.is equality^[[22m
Public + security smoke (production build)	E2E smoke (build + start + Playwright)	2026-07-13T22:39:18.8013196Z 
Public + security smoke (production build)	E2E smoke (build + start + Playwright)	2026-07-13T22:39:18.8013334Z     Expected: ^[[32mtrue^[[39m
Public + security smoke (production build)	E2E smoke (build + start + Playwright)	2026-07-13T22:39:18.8013634Z     Received: ^[[31mfalse^[[39m
Public + security smoke (production build)	E2E smoke (build + start + Playwright)	2026-07-13T22:39:18.8013793Z 
Public + security smoke (production build)	E2E smoke (build + start + Playwright)	2026-07-13T22:39:18.8013948Z       73 |       [401, 403, 302, 303, 307].includes(status),
Public + security smoke (production build)	E2E smoke (build + start + Playwright)	2026-07-13T22:39:18.8014452Z       74 |       `expected 401/403 (or redirect) for unauthenticated patients API, got ${status}`
Public + security smoke (production build)	E2E smoke (build + start + Playwright)	2026-07-13T22:39:18.8014871Z     > 75 |     ).toBe(true);
Public + security smoke (production build)	E2E smoke (build + start + Playwright)	2026-07-13T22:39:18.8015097Z          |       ^
Public + security smoke (production build)	E2E smoke (build + start + Playwright)	2026-07-13T22:39:18.8015315Z       76 |   });
Public + security smoke (production build)	E2E smoke (build + start + Playwright)	2026-07-13T22:39:18.8015511Z       77 |
Public + security smoke (production build)	E2E smoke (build + start + Playwright)	2026-07-13T22:39:18.8015910Z       78 |   test("cron reminder route rejects unauthenticated calls", async ({ request }) => {
Public + security smoke (production build)	E2E smoke (build + start + Playwright)	2026-07-13T22:39:18.8016786Z         at /home/runner/work/G-follicleintelligence/G-follicleintelligence/e2e/security/unauthenticated-access.spec.ts:75:7
Public + security smoke (production build)	E2E smoke (build + start + Playwright)	2026-07-13T22:39:18.8017468Z 
Public + security smoke (production build)	E2E smoke (build + start + Playwright)	2026-07-13T22:39:18.8018244Z   6) [edge] ÔÇ║ e2e/security/unauthenticated-access.spec.ts:78:7 ÔÇ║ unauthenticated access ÔÇö fails closed @security ÔÇ║ cron reminder route rejects unauthenticated calls 
Public + security smoke (production build)	E2E smoke (build + start + Playwright)	2026-07-13T22:39:18.8019017Z 
Public + security smoke (production build)	E2E smoke (build + start + Playwright)	2026-07-13T22:39:18.8019227Z     Error: expected 401/403/500 for unauthenticated cron, got 503
Public + security smoke (production build)	E2E smoke (build + start + Playwright)	2026-07-13T22:39:18.8019482Z 
Public + security smoke (production build)	E2E smoke (build + start + Playwright)	2026-07-13T22:39:18.8019911Z     ^[[2mexpect(^[[22m^[[31mreceived^[[39m^[[2m).^[[22mtoBe^[[2m(^[[22m^[[32mexpected^[[39m^[[2m) // Object.is equality^[[22m
Public + security smoke (production build)	E2E smoke (build + start + Playwright)	2026-07-13T22:39:18.8020287Z 
Public + security smoke (production build)	E2E smoke (build + start + Playwright)	2026-07-13T22:39:18.8020444Z     Expected: ^[[32mtrue^[[39m
Public + security smoke (production build)	E2E smoke (build + start + Playwright)	2026-07-13T22:39:18.8020728Z     Received: ^[[31mfalse^[[39m
Public + security smoke (production build)	E2E smoke (build + start + Playwright)	2026-07-13T22:39:18.8020892Z 
Public + security smoke (production build)	E2E smoke (build + start + Playwright)	2026-07-13T22:39:18.8021053Z       87 |       [401, 403, 500].includes(status),
Public + security smoke (production build)	E2E smoke (build + start + Playwright)	2026-07-13T22:39:18.8021509Z       88 |       `expected 401/403/500 for unauthenticated cron, got ${status}`
Public + security smoke (production build)	E2E smoke (build + start + Playwright)	2026-07-13T22:39:18.8021892Z     > 89 |     ).toBe(true);
Public + security smoke (production build)	E2E smoke (build + start + Playwright)	2026-07-13T22:39:18.8022140Z          |       ^
Public + security smoke (production build)	E2E smoke (build + start + Playwright)	2026-07-13T22:39:18.8022341Z       90 |   });
Public + security smoke (production build)	E2E smoke (build + start + Playwright)	2026-07-13T22:39:18.8022559Z       91 |
Public + security smoke (production build)	E2E smoke (build + start + Playwright)	2026-07-13T22:39:18.8023022Z       92 |   test("patient portal medications page is public but does not expose tenant APIs", async ({
Public + security smoke (production build)	E2E smoke (build + start + Playwright)	2026-07-13T22:39:18.8023870Z         at /home/runner/work/G-follicleintelligence/G-follicleintelligence/e2e/security/unauthenticated-access.spec.ts:89:7
Public + security smoke (production build)	E2E smoke (build + start + Playwright)	2026-07-13T22:39:18.8024387Z 
Public + security smoke (production build)	E2E smoke (build + start + Playwright)	2026-07-13T22:39:18.8025002Z   7) [firefox] ÔÇ║ e2e/fi-operational-day.spec.ts:35:7 ÔÇ║ FI operational day ÔÇö security @smoke ÔÇ║ procedure day route hidden or denied when flag off 
Public + security smoke (production build)	E2E smoke (build + start + Playwright)	2026-07-13T22:39:18.8025570Z 
Public + security smoke (production build)	E2E smoke (build + start + Playwright)	2026-07-13T22:39:18.8026053Z     Error: ^[[2mexpect(^[[22m^[[31mreceived^[[39m^[[2m).^[[22mtoContain^[[2m(^[[22m^[[32mexpected^[[39m^[[2m) // indexOf^[[22m
Public + security smoke (production build)	E2E smoke (build + start + Playwright)	2026-07-13T22:39:18.8026629Z 
Public + security smoke (production build)	E2E smoke (build + start + Playwright)	2026-07-13T22:39:18.8026801Z     Expected value: ^[[32m200^[[39m
Public + security smoke (production build)	E2E smoke (build + start + Playwright)	2026-07-13T22:39:18.8027452Z     Received array: ^[[31m[404, 302, 303, 307, 401, 403]^[[39m
Public + security smoke (production build)	E2E smoke (build + start + Playwright)	2026-07-13T22:39:18.8027706Z 
Public + security smoke (production build)	E2E smoke (build + start + Playwright)	2026-07-13T22:39:18.8028040Z       38 |     const res = await page.goto(`/fi-admin/${tid}/procedure-day`, { waitUntil: "commit" });
Public + security smoke (production build)	E2E smoke (build + start + Playwright)	2026-07-13T22:39:18.8028553Z       39 |     const status = res?.status() ?? 0;
Public + security smoke (production build)	E2E smoke (build + start + Playwright)	2026-07-13T22:39:18.8028964Z     > 40 |     expect([404, 302, 303, 307, 401, 403]).toContain(status);
Public + security smoke (production build)	E2E smoke (build + start + Playwright)	2026-07-13T22:39:18.8029372Z          |                                            ^
Public + security smoke (production build)	E2E smoke (build + start + Playwright)	2026-07-13T22:39:18.8029675Z       41 |   });
Public + security smoke (production build)	E2E smoke (build + start + Playwright)	2026-07-13T22:39:18.8029899Z       42 |
Public + security smoke (production build)	E2E smoke (build + start + Playwright)	2026-07-13T22:39:18.8030337Z       43 |   test("reception-board API rejects unauthenticated access", async ({ request }) => {
Public + security smoke (production build)	E2E smoke (build + start + Playwright)	2026-07-13T22:39:18.8031120Z         at /home/runner/work/G-follicleintelligence/G-follicleintelligence/e2e/fi-operational-day.spec.ts:40:44
Public + security smoke (production build)	E2E smoke (build + start + Playwright)	2026-07-13T22:39:18.8031574Z 
Public + security smoke (production build)	E2E smoke (build + start + Playwright)	2026-07-13T22:39:18.8032008Z     attachment #1: screenshot (image/png) ÔöÇÔöÇÔöÇÔöÇÔöÇÔöÇÔöÇÔöÇÔöÇÔöÇÔöÇÔöÇÔöÇÔöÇÔöÇÔöÇÔöÇÔöÇÔöÇÔöÇÔöÇÔöÇÔöÇÔöÇÔöÇÔöÇÔöÇÔöÇÔöÇÔöÇÔöÇÔöÇÔöÇÔöÇÔöÇÔöÇÔöÇÔöÇÔöÇÔöÇÔöÇÔöÇÔöÇÔöÇÔöÇÔöÇÔöÇÔöÇÔöÇÔöÇÔöÇÔöÇÔöÇÔöÇÔöÇÔöÇÔöÇÔöÇ
Public + security smoke (production build)	E2E smoke (build + start + Playwright)	2026-07-13T22:39:18.8032817Z     test-results/fi-operational-day-FI-oper-108b9-den-or-denied-when-flag-off-firefox/test-failed-1.png
Public + security smoke (production build)	E2E smoke (build + start + Playwright)	2026-07-13T22:39:18.8033646Z     ÔöÇÔöÇÔöÇÔöÇÔöÇÔöÇÔöÇÔöÇÔöÇÔöÇÔöÇÔöÇÔöÇÔöÇÔöÇÔöÇÔöÇÔöÇÔöÇÔöÇÔöÇÔöÇÔöÇÔöÇÔöÇÔöÇÔöÇÔöÇÔöÇÔöÇÔöÇÔöÇÔöÇÔöÇÔöÇÔöÇÔöÇÔöÇÔöÇÔöÇÔöÇÔöÇÔöÇÔöÇÔöÇÔöÇÔöÇÔöÇÔöÇÔöÇÔöÇÔöÇÔöÇÔöÇÔöÇÔöÇÔöÇÔöÇÔöÇÔöÇÔöÇÔöÇÔöÇÔöÇÔöÇÔöÇÔöÇÔöÇÔöÇÔöÇÔöÇÔöÇÔöÇÔöÇÔöÇÔöÇÔöÇÔöÇÔöÇÔöÇÔöÇÔöÇÔöÇÔöÇÔöÇÔöÇÔöÇÔöÇÔöÇÔöÇÔöÇÔöÇÔöÇÔöÇÔöÇÔöÇ
Public + security smoke (production build)	E2E smoke (build + start + Playwright)	2026-07-13T22:39:18.8033939Z 
Public + security smoke (production build)	E2E smoke (build + start + Playwright)	2026-07-13T22:39:18.8034406Z     Error Context: test-results/fi-operational-day-FI-oper-108b9-den-or-denied-when-flag-off-firefox/error-context.md
Public + security smoke (production build)	E2E smoke (build + start + Playwright)	2026-07-13T22:39:18.8034951Z 
Public + security smoke (production build)	E2E smoke (build + start + Playwright)	2026-07-13T22:39:18.8035758Z   8) [firefox] ÔÇ║ e2e/security/unauthenticated-access.spec.ts:63:7 ÔÇ║ unauthenticated access ÔÇö fails closed @security ÔÇ║ protected tenant patients API fails closed without a session 
Public + security smoke (production build)	E2E smoke (build + start + Playwright)	2026-07-13T22:39:18.8036410Z 
Public + security smoke (production build)	E2E smoke (build + start + Playwright)	2026-07-13T22:39:18.8036697Z     Error: expected 401/403 (or redirect) for unauthenticated patients API, got 404
Public + security smoke (production build)	E2E smoke (build + start + Playwright)	2026-07-13T22:39:18.8037025Z 
Public + security smoke (production build)	E2E smoke (build + start + Playwright)	2026-07-13T22:39:18.8037706Z     ^[[2mexpect(^[[22m^[[31mreceived^[[39m^[[2m).^[[22mtoBe^[[2m(^[[22m^[[32mexpected^[[39m^[[2m) // Object.is equality^[[22m
Public + security smoke (production build)	E2E smoke (build + start + Playwright)	2026-07-13T22:39:18.8038127Z 
Public + security smoke (production build)	E2E smoke (build + start + Playwright)	2026-07-13T22:39:18.8038303Z     Expected: ^[[32mtrue^[[39m
Public + security smoke (production build)	E2E smoke (build + start + Playwright)	2026-07-13T22:39:18.8038620Z     Received: ^[[31mfalse^[[39m
Public + security smoke (production build)	E2E smoke (build + start + Playwright)	2026-07-13T22:39:18.8038782Z 
Public + security smoke (production build)	E2E smoke (build + start + Playwright)	2026-07-13T22:39:18.8038947Z       73 |       [401, 403, 302, 303, 307].includes(status),
Public + security smoke (production build)	E2E smoke (build + start + Playwright)	2026-07-13T22:39:18.8039495Z       74 |       `expected 401/403 (or redirect) for unauthenticated patients API, got ${status}`
Public + security smoke (production build)	E2E smoke (build + start + Playwright)	2026-07-13T22:39:18.8039951Z     > 75 |     ).toBe(true);
Public + security smoke (production build)	E2E smoke (build + start + Playwright)	2026-07-13T22:39:18.8040377Z          |       ^
Public + security smoke (production build)	E2E smoke (build + start + Playwright)	2026-07-13T22:39:18.8040612Z       76 |   });
Public + security smoke (production build)	E2E smoke (build + start + Playwright)	2026-07-13T22:39:18.8040817Z       77 |
Public + security smoke (production build)	E2E smoke (build + start + Playwright)	2026-07-13T22:39:18.8041251Z       78 |   test("cron reminder route rejects unauthenticated calls", async ({ request }) => {
Public + security smoke (production build)	E2E smoke (build + start + Playwright)	2026-07-13T22:39:18.8042074Z         at /home/runner/work/G-follicleintelligence/G-follicleintelligence/e2e/security/unauthenticated-access.spec.ts:75:7
Public + security smoke (production build)	E2E smoke (build + start + Playwright)	2026-07-13T22:39:18.8042584Z 
Public + security smoke (production build)	E2E smoke (build + start + Playwright)	2026-07-13T22:39:18.8043340Z   9) [firefox] ÔÇ║ e2e/security/unauthenticated-access.spec.ts:78:7 ÔÇ║ unauthenticated access ÔÇö fails closed @security ÔÇ║ cron reminder route rejects unauthenticated calls 
Public + security smoke (production build)	E2E smoke (build + start + Playwright)	2026-07-13T22:39:18.8044033Z 
Public + security smoke (production build)	E2E smoke (build + start + Playwright)	2026-07-13T22:39:18.8044441Z     Error: expected 401/403/500 for unauthenticated cron, got 503
Public + security smoke (production build)	E2E smoke (build + start + Playwright)	2026-07-13T22:39:18.8044755Z 
Public + security smoke (production build)	E2E smoke (build + start + Playwright)	2026-07-13T22:39:18.8045284Z     ^[[2mexpect(^[[22m^[[31mreceived^[[39m^[[2m).^[[22mtoBe^[[2m(^[[22m^[[32mexpected^[[39m^[[2m) // Object.is equality^[[22m
Public + security smoke (production build)	E2E smoke (build + start + Playwright)	2026-07-13T22:39:18.8045707Z 
Public + security smoke (production build)	E2E smoke (build + start + Playwright)	2026-07-13T22:39:18.8046096Z     Expected: ^[[32mtrue^[[39m
Public + security smoke (production build)	E2E smoke (build + start + Playwright)	2026-07-13T22:39:18.8046557Z     Received: ^[[31mfalse^[[39m
Public + security smoke (production build)	E2E smoke (build + start + Playwright)	2026-07-13T22:39:18.8046801Z 
Public + security smoke (production build)	E2E smoke (build + start + Playwright)	2026-07-13T22:39:18.8046981Z       87 |       [401, 403, 500].includes(status),
Public + security smoke (production build)	E2E smoke (build + start + Playwright)	2026-07-13T22:39:18.8048014Z       88 |       `expected 401/403/500 for unauthenticated cron, got ${status}`
Public + security smoke (production build)	E2E smoke (build + start + Playwright)	2026-07-13T22:39:18.8048519Z     > 89 |     ).toBe(true);
Public + security smoke (production build)	E2E smoke (build + start + Playwright)	2026-07-13T22:39:18.8061157Z          |       ^
Public + security smoke (production build)	E2E smoke (build + start + Playwright)	2026-07-13T22:39:18.8061484Z       90 |   });
Public + security smoke (production build)	E2E smoke (build + start + Playwright)	2026-07-13T22:39:18.8061838Z       91 |
Public + security smoke (production build)	E2E smoke (build + start + Playwright)	2026-07-13T22:39:18.8062785Z       92 |   test("patient portal medications page is public but does not expose tenant APIs", async ({
Public + security smoke (production build)	E2E smoke (build + start + Playwright)	2026-07-13T22:39:18.8064035Z         at /home/runner/work/G-follicleintelligence/G-follicleintelligence/e2e/security/unauthenticated-access.spec.ts:89:7
Public + security smoke (production build)	E2E smoke (build + start + Playwright)	2026-07-13T22:39:18.8064758Z 
Public + security smoke (production build)	E2E smoke (build + start + Playwright)	2026-07-13T22:39:18.8065737Z   10) [webkit] ÔÇ║ e2e/fi-operational-day.spec.ts:35:7 ÔÇ║ FI operational day ÔÇö security @smoke ÔÇ║ procedure day route hidden or denied when flag off 
Public + security smoke (production build)	E2E smoke (build + start + Playwright)	2026-07-13T22:39:18.8066409Z 
Public + security smoke (production build)	E2E smoke (build + start + Playwright)	2026-07-13T22:39:18.8067286Z     Error: ^[[2mexpect(^[[22m^[[31mreceived^[[39m^[[2m).^[[22mtoContain^[[2m(^[[22m^[[32mexpected^[[39m^[[2m) // indexOf^[[22m
Public + security smoke (production build)	E2E smoke (build + start + Playwright)	2026-07-13T22:39:18.8067992Z 
Public + security smoke (production build)	E2E smoke (build + start + Playwright)	2026-07-13T22:39:18.8068254Z     Expected value: ^[[32m200^[[39m
Public + security smoke (production build)	E2E smoke (build + start + Playwright)	2026-07-13T22:39:18.8068878Z     Received array: ^[[31m[404, 302, 303, 307, 401, 403]^[[39m
Public + security smoke (production build)	E2E smoke (build + start + Playwright)	2026-07-13T22:39:18.8069233Z 
Public + security smoke (production build)	E2E smoke (build + start + Playwright)	2026-07-13T22:39:18.8069783Z       38 |     const res = await page.goto(`/fi-admin/${tid}/procedure-day`, { waitUntil: "commit" });
Public + security smoke (production build)	E2E smoke (build + start + Playwright)	2026-07-13T22:39:18.8070371Z       39 |     const status = res?.status() ?? 0;
Public + security smoke (production build)	E2E smoke (build + start + Playwright)	2026-07-13T22:39:18.8070772Z     > 40 |     expect([404, 302, 303, 307, 401, 403]).toContain(status);
Public + security smoke (production build)	E2E smoke (build + start + Playwright)	2026-07-13T22:39:18.8071179Z          |                                            ^
Public + security smoke (production build)	E2E smoke (build + start + Playwright)	2026-07-13T22:39:18.8071458Z       41 |   });
Public + security smoke (production build)	E2E smoke (build + start + Playwright)	2026-07-13T22:39:18.8071660Z       42 |
Public + security smoke (production build)	E2E smoke (build + start + Playwright)	2026-07-13T22:39:18.8072075Z       43 |   test("reception-board API rejects unauthenticated access", async ({ request }) => {
Public + security smoke (production build)	E2E smoke (build + start + Playwright)	2026-07-13T22:39:18.8072815Z         at /home/runner/work/G-follicleintelligence/G-follicleintelligence/e2e/fi-operational-day.spec.ts:40:44
Public + security smoke (production build)	E2E smoke (build + start + Playwright)	2026-07-13T22:39:18.8073247Z 
Public + security smoke (production build)	E2E smoke (build + start + Playwright)	2026-07-13T22:39:18.8073681Z     attachment #1: screenshot (image/png) ÔöÇÔöÇÔöÇÔöÇÔöÇÔöÇÔöÇÔöÇÔöÇÔöÇÔöÇÔöÇÔöÇÔöÇÔöÇÔöÇÔöÇÔöÇÔöÇÔöÇÔöÇÔöÇÔöÇÔöÇÔöÇÔöÇÔöÇÔöÇÔöÇÔöÇÔöÇÔöÇÔöÇÔöÇÔöÇÔöÇÔöÇÔöÇÔöÇÔöÇÔöÇÔöÇÔöÇÔöÇÔöÇÔöÇÔöÇÔöÇÔöÇÔöÇÔöÇÔöÇÔöÇÔöÇÔöÇÔöÇÔöÇÔöÇ
Public + security smoke (production build)	E2E smoke (build + start + Playwright)	2026-07-13T22:39:18.8074413Z     test-results/fi-operational-day-FI-oper-108b9-den-or-denied-when-flag-off-webkit/test-failed-1.png
Public + security smoke (production build)	E2E smoke (build + start + Playwright)	2026-07-13T22:39:18.8075183Z     ÔöÇÔöÇÔöÇÔöÇÔöÇÔöÇÔöÇÔöÇÔöÇÔöÇÔöÇÔöÇÔöÇÔöÇÔöÇÔöÇÔöÇÔöÇÔöÇÔöÇÔöÇÔöÇÔöÇÔöÇÔöÇÔöÇÔöÇÔöÇÔöÇÔöÇÔöÇÔöÇÔöÇÔöÇÔöÇÔöÇÔöÇÔöÇÔöÇÔöÇÔöÇÔöÇÔöÇÔöÇÔöÇÔöÇÔöÇÔöÇÔöÇÔöÇÔöÇÔöÇÔöÇÔöÇÔöÇÔöÇÔöÇÔöÇÔöÇÔöÇÔöÇÔöÇÔöÇÔöÇÔöÇÔöÇÔöÇÔöÇÔöÇÔöÇÔöÇÔöÇÔöÇÔöÇÔöÇÔöÇÔöÇÔöÇÔöÇÔöÇÔöÇÔöÇÔöÇÔöÇÔöÇÔöÇÔöÇÔöÇÔöÇÔöÇÔöÇÔöÇÔöÇÔöÇÔöÇÔöÇ
Public + security smoke (production build)	E2E smoke (build + start + Playwright)	2026-07-13T22:39:18.8075463Z 
Public + security smoke (production build)	E2E smoke (build + start + Playwright)	2026-07-13T22:39:18.8075921Z     Error Context: test-results/fi-operational-day-FI-oper-108b9-den-or-denied-when-flag-off-webkit/error-context.md
Public + security smoke (production build)	E2E smoke (build + start + Playwright)	2026-07-13T22:39:18.8076384Z 
Public + security smoke (production build)	E2E smoke (build + start + Playwright)	2026-07-13T22:39:18.8077343Z   11) [webkit] ÔÇ║ e2e/security/unauthenticated-access.spec.ts:63:7 ÔÇ║ unauthenticated access ÔÇö fails closed @security ÔÇ║ protected tenant patients API fails closed without a session 
Public + security smoke (production build)	E2E smoke (build + start + Playwright)	2026-07-13T22:39:18.8077993Z 
Public + security smoke (production build)	E2E smoke (build + start + Playwright)	2026-07-13T22:39:18.8078264Z     Error: expected 401/403 (or redirect) for unauthenticated patients API, got 404
Public + security smoke (production build)	E2E smoke (build + start + Playwright)	2026-07-13T22:39:18.8078808Z 
Public + security smoke (production build)	E2E smoke (build + start + Playwright)	2026-07-13T22:39:18.8079242Z     ^[[2mexpect(^[[22m^[[31mreceived^[[39m^[[2m).^[[22mtoBe^[[2m(^[[22m^[[32mexpected^[[39m^[[2m) // Object.is equality^[[22m
Public + security smoke (production build)	E2E smoke (build + start + Playwright)	2026-07-13T22:39:18.8079608Z 
Public + security smoke (production build)	E2E smoke (build + start + Playwright)	2026-07-13T22:39:18.8079750Z     Expected: ^[[32mtrue^[[39m
Public + security smoke (production build)	E2E smoke (build + start + Playwright)	2026-07-13T22:39:18.8080050Z     Received: ^[[31mfalse^[[39m
Public + security smoke (production build)	E2E smoke (build + start + Playwright)	2026-07-13T22:39:18.8080206Z 
Public + security smoke (production build)	E2E smoke (build + start + Playwright)	2026-07-13T22:39:18.8080364Z       73 |       [401, 403, 302, 303, 307].includes(status),
Public + security smoke (production build)	E2E smoke (build + start + Playwright)	2026-07-13T22:39:18.8080870Z       74 |       `expected 401/403 (or redirect) for unauthenticated patients API, got ${status}`
Public + security smoke (production build)	E2E smoke (build + start + Playwright)	2026-07-13T22:39:18.8081280Z     > 75 |     ).toBe(true);
Public + security smoke (production build)	E2E smoke (build + start + Playwright)	2026-07-13T22:39:18.8081522Z          |       ^
Public + security smoke (production build)	E2E smoke (build + start + Playwright)	2026-07-13T22:39:18.8081725Z       76 |   });
Public + security smoke (production build)	E2E smoke (build + start + Playwright)	2026-07-13T22:39:18.8081920Z       77 |
Public + security smoke (production build)	E2E smoke (build + start + Playwright)	2026-07-13T22:39:18.8082325Z       78 |   test("cron reminder route rejects unauthenticated calls", async ({ request }) => {
Public + security smoke (production build)	E2E smoke (build + start + Playwright)	2026-07-13T22:39:18.8083096Z         at /home/runner/work/G-follicleintelligence/G-follicleintelligence/e2e/security/unauthenticated-access.spec.ts:75:7
Public + security smoke (production build)	E2E smoke (build + start + Playwright)	2026-07-13T22:39:18.8083569Z 
Public + security smoke (production build)	E2E smoke (build + start + Playwright)	2026-07-13T22:39:18.8084270Z   12) [webkit] ÔÇ║ e2e/security/unauthenticated-access.spec.ts:78:7 ÔÇ║ unauthenticated access ÔÇö fails closed @security ÔÇ║ cron reminder route rejects unauthenticated calls 
Public + security smoke (production build)	E2E smoke (build + start + Playwright)	2026-07-13T22:39:18.8084842Z 
Public + security smoke (production build)	E2E smoke (build + start + Playwright)	2026-07-13T22:39:18.8085048Z     Error: expected 401/403/500 for unauthenticated cron, got 503
Public + security smoke (production build)	E2E smoke (build + start + Playwright)	2026-07-13T22:39:18.8085301Z 
Public + security smoke (production build)	E2E smoke (build + start + Playwright)	2026-07-13T22:39:18.8085716Z     ^[[2mexpect(^[[22m^[[31mreceived^[[39m^[[2m).^[[22mtoBe^[[2m(^[[22m^[[32mexpected^[[39m^[[2m) // Object.is equality^[[22m
Public + security smoke (production build)	E2E smoke (build + start + Playwright)	2026-07-13T22:39:18.8086223Z 
Public + security smoke (production build)	E2E smoke (build + start + Playwright)	2026-07-13T22:39:18.8086363Z     Expected: ^[[32mtrue^[[39m
Public + security smoke (production build)	E2E smoke (build + start + Playwright)	2026-07-13T22:39:18.8086649Z     Received: ^[[31mfalse^[[39m
Public + security smoke (production build)	E2E smoke (build + start + Playwright)	2026-07-13T22:39:18.8086807Z 
Public + security smoke (production build)	E2E smoke (build + start + Playwright)	2026-07-13T22:39:18.8086942Z       87 |       [401, 403, 500].includes(status),
Public + security smoke (production build)	E2E smoke (build + start + Playwright)	2026-07-13T22:39:18.8087544Z       88 |       `expected 401/403/500 for unauthenticated cron, got ${status}`
Public + security smoke (production build)	E2E smoke (build + start + Playwright)	2026-07-13T22:39:18.8087907Z     > 89 |     ).toBe(true);
Public + security smoke (production build)	E2E smoke (build + start + Playwright)	2026-07-13T22:39:18.8088130Z          |       ^
Public + security smoke (production build)	E2E smoke (build + start + Playwright)	2026-07-13T22:39:18.8088340Z       90 |   });
Public + security smoke (production build)	E2E smoke (build + start + Playwright)	2026-07-13T22:39:18.8088533Z       91 |
Public + security smoke (production build)	E2E smoke (build + start + Playwright)	2026-07-13T22:39:18.8088969Z       92 |   test("patient portal medications page is public but does not expose tenant APIs", async ({
Public + security smoke (production build)	E2E smoke (build + start + Playwright)	2026-07-13T22:39:18.8089760Z         at /home/runner/work/G-follicleintelligence/G-follicleintelligence/e2e/security/unauthenticated-access.spec.ts:89:7
Public + security smoke (production build)	E2E smoke (build + start + Playwright)	2026-07-13T22:39:18.8090213Z 
Public + security smoke (production build)	E2E smoke (build + start + Playwright)	2026-07-13T22:39:18.8090833Z   13) [mobile-chrome] ÔÇ║ e2e/fi-operational-day.spec.ts:35:7 ÔÇ║ FI operational day ÔÇö security @smoke ÔÇ║ procedure day route hidden or denied when flag off 
Public + security smoke (production build)	E2E smoke (build + start + Playwright)	2026-07-13T22:39:18.8091352Z 
Public + security smoke (production build)	E2E smoke (build + start + Playwright)	2026-07-13T22:39:18.8091789Z     Error: ^[[2mexpect(^[[22m^[[31mreceived^[[39m^[[2m).^[[22mtoContain^[[2m(^[[22m^[[32mexpected^[[39m^[[2m) // indexOf^[[22m
Public + security smoke (production build)	E2E smoke (build + start + Playwright)	2026-07-13T22:39:18.8092153Z 
Public + security smoke (production build)	E2E smoke (build + start + Playwright)	2026-07-13T22:39:18.8092316Z     Expected value: ^[[32m200^[[39m
Public + security smoke (production build)	E2E smoke (build + start + Playwright)	2026-07-13T22:39:18.8092699Z     Received array: ^[[31m[404, 302, 303, 307, 401, 403]^[[39m
Public + security smoke (production build)	E2E smoke (build + start + Playwright)	2026-07-13T22:39:18.8092958Z 
Public + security smoke (production build)	E2E smoke (build + start + Playwright)	2026-07-13T22:39:18.8093272Z       38 |     const res = await page.goto(`/fi-admin/${tid}/procedure-day`, { waitUntil: "commit" });
Public + security smoke (production build)	E2E smoke (build + start + Playwright)	2026-07-13T22:39:18.8093756Z       39 |     const status = res?.status() ?? 0;
Public + security smoke (production build)	E2E smoke (build + start + Playwright)	2026-07-13T22:39:18.8094140Z     > 40 |     expect([404, 302, 303, 307, 401, 403]).toContain(status);
Public + security smoke (production build)	E2E smoke (build + start + Playwright)	2026-07-13T22:39:18.8094509Z          |                                            ^
Public + security smoke (production build)	E2E smoke (build + start + Playwright)	2026-07-13T22:39:18.8094787Z       41 |   });
Public + security smoke (production build)	E2E smoke (build + start + Playwright)	2026-07-13T22:39:18.8094978Z       42 |
Public + security smoke (production build)	E2E smoke (build + start + Playwright)	2026-07-13T22:39:18.8095376Z       43 |   test("reception-board API rejects unauthenticated access", async ({ request }) => {
Public + security smoke (production build)	E2E smoke (build + start + Playwright)	2026-07-13T22:39:18.8096099Z         at /home/runner/work/G-follicleintelligence/G-follicleintelligence/e2e/fi-operational-day.spec.ts:40:44
Public + security smoke (production build)	E2E smoke (build + start + Playwright)	2026-07-13T22:39:18.8096522Z 
Public + security smoke (production build)	E2E smoke (build + start + Playwright)	2026-07-13T22:39:18.8096942Z     attachment #1: screenshot (image/png) ÔöÇÔöÇÔöÇÔöÇÔöÇÔöÇÔöÇÔöÇÔöÇÔöÇÔöÇÔöÇÔöÇÔöÇÔöÇÔöÇÔöÇÔöÇÔöÇÔöÇÔöÇÔöÇÔöÇÔöÇÔöÇÔöÇÔöÇÔöÇÔöÇÔöÇÔöÇÔöÇÔöÇÔöÇÔöÇÔöÇÔöÇÔöÇÔöÇÔöÇÔöÇÔöÇÔöÇÔöÇÔöÇÔöÇÔöÇÔöÇÔöÇÔöÇÔöÇÔöÇÔöÇÔöÇÔöÇÔöÇÔöÇÔöÇ
Public + security smoke (production build)	E2E smoke (build + start + Playwright)	2026-07-13T22:39:18.8097864Z     test-results/fi-operational-day-FI-oper-108b9-den-or-denied-when-flag-off-mobile-chrome/test-failed-1.png
Public + security smoke (production build)	E2E smoke (build + start + Playwright)	2026-07-13T22:39:18.8098671Z     ÔöÇÔöÇÔöÇÔöÇÔöÇÔöÇÔöÇÔöÇÔöÇÔöÇÔöÇÔöÇÔöÇÔöÇÔöÇÔöÇÔöÇÔöÇÔöÇÔöÇÔöÇÔöÇÔöÇÔöÇÔöÇÔöÇÔöÇÔöÇÔöÇÔöÇÔöÇÔöÇÔöÇÔöÇÔöÇÔöÇÔöÇÔöÇÔöÇÔöÇÔöÇÔöÇÔöÇÔöÇÔöÇÔöÇÔöÇÔöÇÔöÇÔöÇÔöÇÔöÇÔöÇÔöÇÔöÇÔöÇÔöÇÔöÇÔöÇÔöÇÔöÇÔöÇÔöÇÔöÇÔöÇÔöÇÔöÇÔöÇÔöÇÔöÇÔöÇÔöÇÔöÇÔöÇÔöÇÔöÇÔöÇÔöÇÔöÇÔöÇÔöÇÔöÇÔöÇÔöÇÔöÇÔöÇÔöÇÔöÇÔöÇÔöÇÔöÇÔöÇÔöÇÔöÇÔöÇÔöÇ
Public + security smoke (production build)	E2E smoke (build + start + Playwright)	2026-07-13T22:39:18.8099099Z 
Public + security smoke (production build)	E2E smoke (build + start + Playwright)	2026-07-13T22:39:18.8099566Z     Error Context: test-results/fi-operational-day-FI-oper-108b9-den-or-denied-when-flag-off-mobile-chrome/error-context.md
Public + security smoke (production build)	E2E smoke (build + start + Playwright)	2026-07-13T22:39:18.8100071Z 
Public + security smoke (production build)	E2E smoke (build + start + Playwright)	2026-07-13T22:39:18.8100861Z   14) [mobile-chrome] ÔÇ║ e2e/security/unauthenticated-access.spec.ts:63:7 ÔÇ║ unauthenticated access ÔÇö fails closed @security ÔÇ║ protected tenant patients API fails closed without a session 
Public + security smoke (production build)	E2E smoke (build + start + Playwright)	2026-07-13T22:39:18.8101674Z 
Public + security smoke (production build)	E2E smoke (build + start + Playwright)	2026-07-13T22:39:18.8101929Z     Error: expected 401/403 (or redirect) for unauthenticated patients API, got 404
Public + security smoke (production build)	E2E smoke (build + start + Playwright)	2026-07-13T22:39:18.8102235Z 
Public + security smoke (production build)	E2E smoke (build + start + Playwright)	2026-07-13T22:39:18.8102664Z     ^[[2mexpect(^[[22m^[[31mreceived^[[39m^[[2m).^[[22mtoBe^[[2m(^[[22m^[[32mexpected^[[39m^[[2m) // Object.is equality^[[22m
Public + security smoke (production build)	E2E smoke (build + start + Playwright)	2026-07-13T22:39:18.8103020Z 
Public + security smoke (production build)	E2E smoke (build + start + Playwright)	2026-07-13T22:39:18.8103157Z     Expected: ^[[32mtrue^[[39m
Public + security smoke (production build)	E2E smoke (build + start + Playwright)	2026-07-13T22:39:18.8103432Z     Received: ^[[31mfalse^[[39m
Public + security smoke (production build)	E2E smoke (build + start + Playwright)	2026-07-13T22:39:18.8103588Z 
Public + security smoke (production build)	E2E smoke (build + start + Playwright)	2026-07-13T22:39:18.8103749Z       73 |       [401, 403, 302, 303, 307].includes(status),
Public + security smoke (production build)	E2E smoke (build + start + Playwright)	2026-07-13T22:39:18.8104233Z       74 |       `expected 401/403 (or redirect) for unauthenticated patients API, got ${status}`
Public + security smoke (production build)	E2E smoke (build + start + Playwright)	2026-07-13T22:39:18.8104635Z     > 75 |     ).toBe(true);
Public + security smoke (production build)	E2E smoke (build + start + Playwright)	2026-07-13T22:39:18.8104856Z          |       ^
Public + security smoke (production build)	E2E smoke (build + start + Playwright)	2026-07-13T22:39:18.8105053Z       76 |   });
Public + security smoke (production build)	E2E smoke (build + start + Playwright)	2026-07-13T22:39:18.8105250Z       77 |
Public + security smoke (production build)	E2E smoke (build + start + Playwright)	2026-07-13T22:39:18.8105654Z       78 |   test("cron reminder route rejects unauthenticated calls", async ({ request }) => {
Public + security smoke (production build)	E2E smoke (build + start + Playwright)	2026-07-13T22:39:18.8106428Z         at /home/runner/work/G-follicleintelligence/G-follicleintelligence/e2e/security/unauthenticated-access.spec.ts:75:7
Public + security smoke (production build)	E2E smoke (build + start + Playwright)	2026-07-13T22:39:18.8106883Z 
Public + security smoke (production build)	E2E smoke (build + start + Playwright)	2026-07-13T22:39:18.8107796Z   15) [mobile-chrome] ÔÇ║ e2e/security/unauthenticated-access.spec.ts:78:7 ÔÇ║ unauthenticated access ÔÇö fails closed @security ÔÇ║ cron reminder route rejects unauthenticated calls 
Public + security smoke (production build)	E2E smoke (build + start + Playwright)	2026-07-13T22:39:18.8108419Z 
Public + security smoke (production build)	E2E smoke (build + start + Playwright)	2026-07-13T22:39:18.8108626Z     Error: expected 401/403/500 for unauthenticated cron, got 503
Public + security smoke (production build)	E2E smoke (build + start + Playwright)	2026-07-13T22:39:18.8108878Z 
Public + security smoke (production build)	E2E smoke (build + start + Playwright)	2026-07-13T22:39:18.8109297Z     ^[[2mexpect(^[[22m^[[31mreceived^[[39m^[[2m).^[[22mtoBe^[[2m(^[[22m^[[32mexpected^[[39m^[[2m) // Object.is equality^[[22m
Public + security smoke (production build)	E2E smoke (build + start + Playwright)	2026-07-13T22:39:18.8109654Z 
Public + security smoke (production build)	E2E smoke (build + start + Playwright)	2026-07-13T22:39:18.8109782Z     Expected: ^[[32mtrue^[[39m
Public + security smoke (production build)	E2E smoke (build + start + Playwright)	2026-07-13T22:39:18.8110054Z     Received: ^[[31mfalse^[[39m
Public + security smoke (production build)	E2E smoke (build + start + Playwright)	2026-07-13T22:39:18.8110200Z 
Public + security smoke (production build)	E2E smoke (build + start + Playwright)	2026-07-13T22:39:18.8110337Z       87 |       [401, 403, 500].includes(status),
Public + security smoke (production build)	E2E smoke (build + start + Playwright)	2026-07-13T22:39:18.8110754Z       88 |       `expected 401/403/500 for unauthenticated cron, got ${status}`
Public + security smoke (production build)	E2E smoke (build + start + Playwright)	2026-07-13T22:39:18.8111106Z     > 89 |     ).toBe(true);
Public + security smoke (production build)	E2E smoke (build + start + Playwright)	2026-07-13T22:39:18.8111334Z          |       ^
Public + security smoke (production build)	E2E smoke (build + start + Playwright)	2026-07-13T22:39:18.8111526Z       90 |   });
Public + security smoke (production build)	E2E smoke (build + start + Playwright)	2026-07-13T22:39:18.8111717Z       91 |
Public + security smoke (production build)	E2E smoke (build + start + Playwright)	2026-07-13T22:39:18.8112138Z       92 |   test("patient portal medications page is public but does not expose tenant APIs", async ({
Public + security smoke (production build)	E2E smoke (build + start + Playwright)	2026-07-13T22:39:18.8112922Z         at /home/runner/work/G-follicleintelligence/G-follicleintelligence/e2e/security/unauthenticated-access.spec.ts:89:7
Public + security smoke (production build)	E2E smoke (build + start + Playwright)	2026-07-13T22:39:18.8113546Z 
Public + security smoke (production build)	E2E smoke (build + start + Playwright)	2026-07-13T22:39:18.8114165Z   16) [mobile-safari] ÔÇ║ e2e/fi-operational-day.spec.ts:35:7 ÔÇ║ FI operational day ÔÇö security @smoke ÔÇ║ procedure day route hidden or denied when flag off 
Public + security smoke (production build)	E2E smoke (build + start + Playwright)	2026-07-13T22:39:18.8114675Z 
Public + security smoke (production build)	E2E smoke (build + start + Playwright)	2026-07-13T22:39:18.8115104Z     Error: ^[[2mexpect(^[[22m^[[31mreceived^[[39m^[[2m).^[[22mtoContain^[[2m(^[[22m^[[32mexpected^[[39m^[[2m) // indexOf^[[22m
Public + security smoke (production build)	E2E smoke (build + start + Playwright)	2026-07-13T22:39:18.8115475Z 
Public + security smoke (production build)	E2E smoke (build + start + Playwright)	2026-07-13T22:39:18.8115636Z     Expected value: ^[[32m200^[[39m
Public + security smoke (production build)	E2E smoke (build + start + Playwright)	2026-07-13T22:39:18.8116037Z     Received array: ^[[31m[404, 302, 303, 307, 401, 403]^[[39m
Public + security smoke (production build)	E2E smoke (build + start + Playwright)	2026-07-13T22:39:18.8116259Z 
Public + security smoke (production build)	E2E smoke (build + start + Playwright)	2026-07-13T22:39:18.8116569Z       38 |     const res = await page.goto(`/fi-admin/${tid}/procedure-day`, { waitUntil: "commit" });
Public + security smoke (production build)	E2E smoke (build + start + Playwright)	2026-07-13T22:39:18.8117046Z       39 |     const status = res?.status() ?? 0;
Public + security smoke (production build)	E2E smoke (build + start + Playwright)	2026-07-13T22:39:18.8117651Z     > 40 |     expect([404, 302, 303, 307, 401, 403]).toContain(status);
Public + security smoke (production build)	E2E smoke (build + start + Playwright)	2026-07-13T22:39:18.8118031Z          |                                            ^
Public + security smoke (production build)	E2E smoke (build + start + Playwright)	2026-07-13T22:39:18.8118315Z       41 |   });
Public + security smoke (production build)	E2E smoke (build + start + Playwright)	2026-07-13T22:39:18.8118511Z       42 |
Public + security smoke (production build)	E2E smoke (build + start + Playwright)	2026-07-13T22:39:18.8118916Z       43 |   test("reception-board API rejects unauthenticated access", async ({ request }) => {
Public + security smoke (production build)	E2E smoke (build + start + Playwright)	2026-07-13T22:39:18.8119641Z         at /home/runner/work/G-follicleintelligence/G-follicleintelligence/e2e/fi-operational-day.spec.ts:40:44
Public + security smoke (production build)	E2E smoke (build + start + Playwright)	2026-07-13T22:39:18.8120054Z 
Public + security smoke (production build)	E2E smoke (build + start + Playwright)	2026-07-13T22:39:18.8120466Z     attachment #1: screenshot (image/png) ÔöÇÔöÇÔöÇÔöÇÔöÇÔöÇÔöÇÔöÇÔöÇÔöÇÔöÇÔöÇÔöÇÔöÇÔöÇÔöÇÔöÇÔöÇÔöÇÔöÇÔöÇÔöÇÔöÇÔöÇÔöÇÔöÇÔöÇÔöÇÔöÇÔöÇÔöÇÔöÇÔöÇÔöÇÔöÇÔöÇÔöÇÔöÇÔöÇÔöÇÔöÇÔöÇÔöÇÔöÇÔöÇÔöÇÔöÇÔöÇÔöÇÔöÇÔöÇÔöÇÔöÇÔöÇÔöÇÔöÇÔöÇÔöÇ
Public + security smoke (production build)	E2E smoke (build + start + Playwright)	2026-07-13T22:39:18.8121391Z     test-results/fi-operational-day-FI-oper-108b9-den-or-denied-when-flag-off-mobile-safari/test-failed-1.png
Public + security smoke (production build)	E2E smoke (build + start + Playwright)	2026-07-13T22:39:18.8122226Z     ÔöÇÔöÇÔöÇÔöÇÔöÇÔöÇÔöÇÔöÇÔöÇÔöÇÔöÇÔöÇÔöÇÔöÇÔöÇÔöÇÔöÇÔöÇÔöÇÔöÇÔöÇÔöÇÔöÇÔöÇÔöÇÔöÇÔöÇÔöÇÔöÇÔöÇÔöÇÔöÇÔöÇÔöÇÔöÇÔöÇÔöÇÔöÇÔöÇÔöÇÔöÇÔöÇÔöÇÔöÇÔöÇÔöÇÔöÇÔöÇÔöÇÔöÇÔöÇÔöÇÔöÇÔöÇÔöÇÔöÇÔöÇÔöÇÔöÇÔöÇÔöÇÔöÇÔöÇÔöÇÔöÇÔöÇÔöÇÔöÇÔöÇÔöÇÔöÇÔöÇÔöÇÔöÇÔöÇÔöÇÔöÇÔöÇÔöÇÔöÇÔöÇÔöÇÔöÇÔöÇÔöÇÔöÇÔöÇÔöÇÔöÇÔöÇÔöÇÔöÇÔöÇÔöÇÔöÇÔöÇ
Public + security smoke (production build)	E2E smoke (build + start + Playwright)	2026-07-13T22:39:18.8122500Z 
Public + security smoke (production build)	E2E smoke (build + start + Playwright)	2026-07-13T22:39:18.8122981Z     Error Context: test-results/fi-operational-day-FI-oper-108b9-den-or-denied-when-flag-off-mobile-safari/error-context.md
Public + security smoke (production build)	E2E smoke (build + start + Playwright)	2026-07-13T22:39:18.8123473Z 
Public + security smoke (production build)	E2E smoke (build + start + Playwright)	2026-07-13T22:39:18.8124260Z   17) [mobile-safari] ÔÇ║ e2e/security/unauthenticated-access.spec.ts:63:7 ÔÇ║ unauthenticated access ÔÇö fails closed @security ÔÇ║ protected tenant patients API fails closed without a session 
Public + security smoke (production build)	E2E smoke (build + start + Playwright)	2026-07-13T22:39:18.8124926Z 
Public + security smoke (production build)	E2E smoke (build + start + Playwright)	2026-07-13T22:39:18.8125193Z     Error: expected 401/403 (or redirect) for unauthenticated patients API, got 404
Public + security smoke (production build)	E2E smoke (build + start + Playwright)	2026-07-13T22:39:18.8125497Z 
Public + security smoke (production build)	E2E smoke (build + start + Playwright)	2026-07-13T22:39:18.8125928Z     ^[[2mexpect(^[[22m^[[31mreceived^[[39m^[[2m).^[[22mtoBe^[[2m(^[[22m^[[32mexpected^[[39m^[[2m) // Object.is equality^[[22m
Public + security smoke (production build)	E2E smoke (build + start + Playwright)	2026-07-13T22:39:18.8126309Z 
Public + security smoke (production build)	E2E smoke (build + start + Playwright)	2026-07-13T22:39:18.8126441Z     Expected: ^[[32mtrue^[[39m
Public + security smoke (production build)	E2E smoke (build + start + Playwright)	2026-07-13T22:39:18.8126734Z     Received: ^[[31mfalse^[[39m
Public + security smoke (production build)	E2E smoke (build + start + Playwright)	2026-07-13T22:39:18.8126888Z 
Public + security smoke (production build)	E2E smoke (build + start + Playwright)	2026-07-13T22:39:18.8127045Z       73 |       [401, 403, 302, 303, 307].includes(status),
Public + security smoke (production build)	E2E smoke (build + start + Playwright)	2026-07-13T22:39:18.8127704Z       74 |       `expected 401/403 (or redirect) for unauthenticated patients API, got ${status}`
Public + security smoke (production build)	E2E smoke (build + start + Playwright)	2026-07-13T22:39:18.8128116Z     > 75 |     ).toBe(true);
Public + security smoke (production build)	E2E smoke (build + start + Playwright)	2026-07-13T22:39:18.8128344Z          |       ^
Public + security smoke (production build)	E2E smoke (build + start + Playwright)	2026-07-13T22:39:18.8128550Z       76 |   });
Public + security smoke (production build)	E2E smoke (build + start + Playwright)	2026-07-13T22:39:18.8128793Z       77 |
Public + security smoke (production build)	E2E smoke (build + start + Playwright)	2026-07-13T22:39:18.8129190Z       78 |   test("cron reminder route rejects unauthenticated calls", async ({ request }) => {
Public + security smoke (production build)	E2E smoke (build + start + Playwright)	2026-07-13T22:39:18.8129960Z         at /home/runner/work/G-follicleintelligence/G-follicleintelligence/e2e/security/unauthenticated-access.spec.ts:75:7
Public + security smoke (production build)	E2E smoke (build + start + Playwright)	2026-07-13T22:39:18.8130417Z 
Public + security smoke (production build)	E2E smoke (build + start + Playwright)	2026-07-13T22:39:18.8131165Z   18) [mobile-safari] ÔÇ║ e2e/security/unauthenticated-access.spec.ts:78:7 ÔÇ║ unauthenticated access ÔÇö fails closed @security ÔÇ║ cron reminder route rejects unauthenticated calls 
Public + security smoke (production build)	E2E smoke (build + start + Playwright)	2026-07-13T22:39:18.8131784Z 
Public + security smoke (production build)	E2E smoke (build + start + Playwright)	2026-07-13T22:39:18.8131985Z     Error: expected 401/403/500 for unauthenticated cron, got 503
Public + security smoke (production build)	E2E smoke (build + start + Playwright)	2026-07-13T22:39:18.8132233Z 
Public + security smoke (production build)	E2E smoke (build + start + Playwright)	2026-07-13T22:39:18.8132656Z     ^[[2mexpect(^[[22m^[[31mreceived^[[39m^[[2m).^[[22mtoBe^[[2m(^[[22m^[[32mexpected^[[39m^[[2m) // Object.is equality^[[22m
Public + security smoke (production build)	E2E smoke (build + start + Playwright)	2026-07-13T22:39:18.8133011Z 
Public + security smoke (production build)	E2E smoke (build + start + Playwright)	2026-07-13T22:39:18.8133142Z     Expected: ^[[32mtrue^[[39m
Public + security smoke (production build)	E2E smoke (build + start + Playwright)	2026-07-13T22:39:18.8133413Z     Received: ^[[31mfalse^[[39m
Public + security smoke (production build)	E2E smoke (build + start + Playwright)	2026-07-13T22:39:18.8133568Z 
Public + security smoke (production build)	E2E smoke (build + start + Playwright)	2026-07-13T22:39:18.8133842Z       87 |       [401, 403, 500].includes(status),
Public + security smoke (production build)	E2E smoke (build + start + Playwright)	2026-07-13T22:39:18.8134264Z       88 |       `expected 401/403/500 for unauthenticated cron, got ${status}`
Public + security smoke (production build)	E2E smoke (build + start + Playwright)	2026-07-13T22:39:18.8134617Z     > 89 |     ).toBe(true);
Public + security smoke (production build)	E2E smoke (build + start + Playwright)	2026-07-13T22:39:18.8134837Z          |       ^
Public + security smoke (production build)	E2E smoke (build + start + Playwright)	2026-07-13T22:39:18.8135030Z       90 |   });
Public + security smoke (production build)	E2E smoke (build + start + Playwright)	2026-07-13T22:39:18.8135225Z       91 |
Public + security smoke (production build)	E2E smoke (build + start + Playwright)	2026-07-13T22:39:18.8135648Z       92 |   test("patient portal medications page is public but does not expose tenant APIs", async ({
Public + security smoke (production build)	E2E smoke (build + start + Playwright)	2026-07-13T22:39:18.8136442Z         at /home/runner/work/G-follicleintelligence/G-follicleintelligence/e2e/security/unauthenticated-access.spec.ts:89:7
Public + security smoke (production build)	E2E smoke (build + start + Playwright)	2026-07-13T22:39:18.8136899Z 
Public + security smoke (production build)	E2E smoke (build + start + Playwright)	2026-07-13T22:39:18.8136982Z   18 failed
Public + security smoke (production build)	E2E smoke (build + start + Playwright)	2026-07-13T22:39:18.8137851Z     [chromium] ÔÇ║ e2e/fi-operational-day.spec.ts:35:7 ÔÇ║ FI operational day ÔÇö security @smoke ÔÇ║ procedure day route hidden or denied when flag off 
Public + security smoke (production build)	E2E smoke (build + start + Playwright)	2026-07-13T22:39:18.8139087Z     [chromium] ÔÇ║ e2e/security/unauthenticated-access.spec.ts:63:7 ÔÇ║ unauthenticated access ÔÇö fails closed @security ÔÇ║ protected tenant patients API fails closed without a session 
Public + security smoke (production build)	E2E smoke (build + start + Playwright)	2026-07-13T22:39:18.8140401Z     [chromium] ÔÇ║ e2e/security/unauthenticated-access.spec.ts:78:7 ÔÇ║ unauthenticated access ÔÇö fails closed @security ÔÇ║ cron reminder route rejects unauthenticated calls 
Public + security smoke (production build)	E2E smoke (build + start + Playwright)	2026-07-13T22:39:18.8141518Z     [edge] ÔÇ║ e2e/fi-operational-day.spec.ts:35:7 ÔÇ║ FI operational day ÔÇö security @smoke ÔÇ║ procedure day route hidden or denied when flag off 
Public + security smoke (production build)	E2E smoke (build + start + Playwright)	2026-07-13T22:39:18.8142840Z     [edge] ÔÇ║ e2e/security/unauthenticated-access.spec.ts:63:7 ÔÇ║ unauthenticated access ÔÇö fails closed @security ÔÇ║ protected tenant patients API fails closed without a session 
Public + security smoke (production build)	E2E smoke (build + start + Playwright)	2026-07-13T22:39:18.8144092Z     [edge] ÔÇ║ e2e/security/unauthenticated-access.spec.ts:78:7 ÔÇ║ unauthenticated access ÔÇö fails closed @security ÔÇ║ cron reminder route rejects unauthenticated calls 
Public + security smoke (production build)	E2E smoke (build + start + Playwright)	2026-07-13T22:39:18.8145203Z     [firefox] ÔÇ║ e2e/fi-operational-day.spec.ts:35:7 ÔÇ║ FI operational day ÔÇö security @smoke ÔÇ║ procedure day route hidden or denied when flag off 
Public + security smoke (production build)	E2E smoke (build + start + Playwright)	2026-07-13T22:39:18.8146401Z     [firefox] ÔÇ║ e2e/security/unauthenticated-access.spec.ts:63:7 ÔÇ║ unauthenticated access ÔÇö fails closed @security ÔÇ║ protected tenant patients API fails closed without a session 
Public + security smoke (production build)	E2E smoke (build + start + Playwright)	2026-07-13T22:39:18.8147833Z     [firefox] ÔÇ║ e2e/security/unauthenticated-access.spec.ts:78:7 ÔÇ║ unauthenticated access ÔÇö fails closed @security ÔÇ║ cron reminder route rejects unauthenticated calls 
Public + security smoke (production build)	E2E smoke (build + start + Playwright)	2026-07-13T22:39:18.8148987Z     [webkit] ÔÇ║ e2e/fi-operational-day.spec.ts:35:7 ÔÇ║ FI operational day ÔÇö security @smoke ÔÇ║ procedure day route hidden or denied when flag off 
Public + security smoke (production build)	E2E smoke (build + start + Playwright)	2026-07-13T22:39:18.8150169Z     [webkit] ÔÇ║ e2e/security/unauthenticated-access.spec.ts:63:7 ÔÇ║ unauthenticated access ÔÇö fails closed @security ÔÇ║ protected tenant patients API fails closed without a session 
Public + security smoke (production build)	E2E smoke (build + start + Playwright)	2026-07-13T22:39:18.8151425Z     [webkit] ÔÇ║ e2e/security/unauthenticated-access.spec.ts:78:7 ÔÇ║ unauthenticated access ÔÇö fails closed @security ÔÇ║ cron reminder route rejects unauthenticated calls 
Public + security smoke (production build)	E2E smoke (build + start + Playwright)	2026-07-13T22:39:18.8152588Z     [mobile-chrome] ÔÇ║ e2e/fi-operational-day.spec.ts:35:7 ÔÇ║ FI operational day ÔÇö security @smoke ÔÇ║ procedure day route hidden or denied when flag off 
Public + security smoke (production build)	E2E smoke (build + start + Playwright)	2026-07-13T22:39:18.8153853Z     [mobile-chrome] ÔÇ║ e2e/security/unauthenticated-access.spec.ts:63:7 ÔÇ║ unauthenticated access ÔÇö fails closed @security ÔÇ║ protected tenant patients API fails closed without a session 
Public + security smoke (production build)	E2E smoke (build + start + Playwright)	2026-07-13T22:39:18.8155201Z     [mobile-chrome] ÔÇ║ e2e/security/unauthenticated-access.spec.ts:78:7 ÔÇ║ unauthenticated access ÔÇö fails closed @security ÔÇ║ cron reminder route rejects unauthenticated calls 
Public + security smoke (production build)	E2E smoke (build + start + Playwright)	2026-07-13T22:39:18.8156389Z     [mobile-safari] ÔÇ║ e2e/fi-operational-day.spec.ts:35:7 ÔÇ║ FI operational day ÔÇö security @smoke ÔÇ║ procedure day route hidden or denied when flag off 
Public + security smoke (production build)	E2E smoke (build + start + Playwright)	2026-07-13T22:39:18.8158372Z     [mobile-safari] ÔÇ║ e2e/security/unauthenticated-access.spec.ts:63:7 ÔÇ║ unauthenticated access ÔÇö fails closed @security ÔÇ║ protected tenant patients API fails closed without a session 
Public + security smoke (production build)	E2E smoke (build + start + Playwright)	2026-07-13T22:39:18.8160567Z     [mobile-safari] ÔÇ║ e2e/security/unauthenticated-access.spec.ts:78:7 ÔÇ║ unauthenticated access ÔÇö fails closed @security ÔÇ║ cron reminder route rejects unauthenticated calls 
Public + security smoke (production build)	E2E smoke (build + start + Playwright)	2026-07-13T22:39:18.8161949Z   66 skipped
Public + security smoke (production build)	E2E smoke (build + start + Playwright)	2026-07-13T22:39:18.8162271Z   126 passed (4.7m)
Public + security smoke (production build)	E2E smoke (build + start + Playwright)	2026-07-13T22:39:23.8203481Z ##[error]Process completed with exit code 1.
Public + security smoke (production build)	Post Setup pnpm	´╗┐2026-07-13T22:39:23.8293042Z Node 20 is being deprecated. This workflow is running with Node 24 by default. If you need to temporarily use Node 20, you can set the ACTIONS_ALLOW_USE_UNSECURE_NODE_VERSION=true environment variable. For more information see: https://github.blog/changelog/2025-09-19-deprecation-of-node-20-on-github-actions-runners/
Public + security smoke (production build)	Post Setup pnpm	2026-07-13T22:39:23.8294267Z Post job cleanup.
Public + security smoke (production build)	Post Setup pnpm	2026-07-13T22:39:23.9819476Z Pruning is unnecessary.
Public + security smoke (production build)	Post Checkout	´╗┐2026-07-13T22:39:23.9972258Z Node 20 is being deprecated. This workflow is running with Node 24 by default. If you need to temporarily use Node 20, you can set the ACTIONS_ALLOW_USE_UNSECURE_NODE_VERSION=true environment variable. For more information see: https://github.blog/changelog/2025-09-19-deprecation-of-node-20-on-github-actions-runners/
Public + security smoke (production build)	Post Checkout	2026-07-13T22:39:23.9973444Z Post job cleanup.
Public + security smoke (production build)	Post Checkout	2026-07-13T22:39:24.0829210Z [command]/usr/bin/git version
Public + security smoke (production build)	Post Checkout	2026-07-13T22:39:24.0867528Z git version 2.54.0
Public + security smoke (production build)	Post Checkout	2026-07-13T22:39:24.0904640Z Temporarily overriding HOME='/home/runner/work/_temp/68550b8e-2b12-40bc-8989-d3dc696c7437' before making global git config changes
Public + security smoke (production build)	Post Checkout	2026-07-13T22:39:24.0906455Z Adding repository directory to the temporary git global config as a safe directory
Public + security smoke (production build)	Post Checkout	2026-07-13T22:39:24.0911301Z [command]/usr/bin/git config --global --add safe.directory /home/runner/work/G-follicleintelligence/G-follicleintelligence
Public + security smoke (production build)	Post Checkout	2026-07-13T22:39:24.0952936Z [command]/usr/bin/git config --local --name-only --get-regexp core\.sshCommand
Public + security smoke (production build)	Post Checkout	2026-07-13T22:39:24.0989583Z [command]/usr/bin/git submodule foreach --recursive sh -c "git config --local --name-only --get-regexp 'core\.sshCommand' && git config --local --unset-all 'core.sshCommand' || :"
Public + security smoke (production build)	Post Checkout	2026-07-13T22:39:24.1247007Z [command]/usr/bin/git config --local --name-only --get-regexp http\.https\:\/\/github\.com\/\.extraheader
Public + security smoke (production build)	Post Checkout	2026-07-13T22:39:24.1279238Z http.https://github.com/.extraheader
Public + security smoke (production build)	Post Checkout	2026-07-13T22:39:24.1293150Z [command]/usr/bin/git config --local --unset-all http.https://github.com/.extraheader
Public + security smoke (production build)	Post Checkout	2026-07-13T22:39:24.1334128Z [command]/usr/bin/git submodule foreach --recursive sh -c "git config --local --name-only --get-regexp 'http\.https\:\/\/github\.com\/\.extraheader' && git config --local --unset-all 'http.https://github.com/.extraheader' || :"
Public + security smoke (production build)	Post Checkout	2026-07-13T22:39:24.1603608Z [command]/usr/bin/git config --local --name-only --get-regexp ^includeIf\.gitdir:
Public + security smoke (production build)	Post Checkout	2026-07-13T22:39:24.1641094Z [command]/usr/bin/git submodule foreach --recursive git config --local --show-origin --name-only --get-regexp remote.origin.url
Public + security smoke (production build)	Complete job	´╗┐2026-07-13T22:39:24.2109821Z Cleaning up orphan processes
Public + security smoke (production build)	Complete job	2026-07-13T22:39:24.2428010Z Terminate orphan process: pid (5734) (next-server (v14.2.35))
Public + security smoke (production build)	Complete job	2026-07-13T22:39:24.2476143Z ##[warning]Node.js 20 is deprecated. The following actions target Node.js 20 but are being forced to run on Node.js 24: actions/checkout@v4, actions/setup-node@v4, pnpm/action-setup@v4. For more information see: https://github.blog/changelog/2025-09-19-deprecation-of-node-20-on-github-actions-runners/
Trust trio (authenticated gate)	Set up job	´╗┐2026-07-13T22:29:01.3294053Z Current runner version: '2.335.1'
Trust trio (authenticated gate)	Set up job	2026-07-13T22:29:01.3320122Z ##[group]Runner Image Provisioner
Trust trio (authenticated gate)	Set up job	2026-07-13T22:29:01.3321204Z Hosted Compute Agent
Trust trio (authenticated gate)	Set up job	2026-07-13T22:29:01.3321890Z Version: 20260624.560
Trust trio (authenticated gate)	Set up job	2026-07-13T22:29:01.3322666Z Commit: 925d229a51159bc391ae97e54a2dd1fe20af789d
Trust trio (authenticated gate)	Set up job	2026-07-13T22:29:01.3323450Z Build Date: 2026-06-24T18:26:47Z
Trust trio (authenticated gate)	Set up job	2026-07-13T22:29:01.3324209Z Worker ID: {833cefc1-b000-4c39-8229-7bc9d358422d}
Trust trio (authenticated gate)	Set up job	2026-07-13T22:29:01.3325055Z Azure Region: westus
Trust trio (authenticated gate)	Set up job	2026-07-13T22:29:01.3326009Z ##[endgroup]
Trust trio (authenticated gate)	Set up job	2026-07-13T22:29:01.3327967Z ##[group]Operating System
Trust trio (authenticated gate)	Set up job	2026-07-13T22:29:01.3328732Z Ubuntu
Trust trio (authenticated gate)	Set up job	2026-07-13T22:29:01.3329376Z 24.04.4
Trust trio (authenticated gate)	Set up job	2026-07-13T22:29:01.3329971Z LTS
Trust trio (authenticated gate)	Set up job	2026-07-13T22:29:01.3330599Z ##[endgroup]
Trust trio (authenticated gate)	Set up job	2026-07-13T22:29:01.3331276Z ##[group]Runner Image
Trust trio (authenticated gate)	Set up job	2026-07-13T22:29:01.3331914Z Image: ubuntu-24.04
Trust trio (authenticated gate)	Set up job	2026-07-13T22:29:01.3332638Z Version: 20260705.232.1
Trust trio (authenticated gate)	Set up job	2026-07-13T22:29:01.3333770Z Included Software: https://github.com/actions/runner-images/blob/ubuntu24/20260705.232/images/ubuntu/Ubuntu2404-Readme.md
Trust trio (authenticated gate)	Set up job	2026-07-13T22:29:01.3335903Z Image Release: https://github.com/actions/runner-images/releases/tag/ubuntu24%2F20260705.232
Trust trio (authenticated gate)	Set up job	2026-07-13T22:29:01.3337438Z ##[endgroup]
Trust trio (authenticated gate)	Set up job	2026-07-13T22:29:01.3338825Z ##[group]GITHUB_TOKEN Permissions
Trust trio (authenticated gate)	Set up job	2026-07-13T22:29:01.3341204Z Contents: read
Trust trio (authenticated gate)	Set up job	2026-07-13T22:29:01.3341898Z Metadata: read
Trust trio (authenticated gate)	Set up job	2026-07-13T22:29:01.3342683Z Packages: read
Trust trio (authenticated gate)	Set up job	2026-07-13T22:29:01.3343352Z ##[endgroup]
Trust trio (authenticated gate)	Set up job	2026-07-13T22:29:01.3345956Z Secret source: Actions
Trust trio (authenticated gate)	Set up job	2026-07-13T22:29:01.3346985Z Prepare workflow directory
Trust trio (authenticated gate)	Set up job	2026-07-13T22:29:01.3972632Z Prepare all required actions
Trust trio (authenticated gate)	Set up job	2026-07-13T22:29:01.4011065Z Getting action download info
Trust trio (authenticated gate)	Set up job	2026-07-13T22:29:01.7371987Z Download action repository 'actions/checkout@v4' (SHA:34e114876b0b11c390a56381ad16ebd13914f8d5)
Trust trio (authenticated gate)	Set up job	2026-07-13T22:29:01.8169775Z Download action repository 'pnpm/action-setup@v4' (SHA:b906affcce14559ad1aafd4ab0e942779e9f58b1)
Trust trio (authenticated gate)	Set up job	2026-07-13T22:29:02.3265426Z Download action repository 'actions/setup-node@v4' (SHA:49933ea5288caeca8642d1e84afbd3f7d6820020)
Trust trio (authenticated gate)	Set up job	2026-07-13T22:29:02.5644464Z Complete job name: Trust trio (authenticated gate)
Trust trio (authenticated gate)	Checkout	´╗┐2026-07-13T22:29:02.6376325Z Node 20 is being deprecated. This workflow is running with Node 24 by default. If you need to temporarily use Node 20, you can set the ACTIONS_ALLOW_USE_UNSECURE_NODE_VERSION=true environment variable. For more information see: https://github.blog/changelog/2025-09-19-deprecation-of-node-20-on-github-actions-runners/
Trust trio (authenticated gate)	Checkout	2026-07-13T22:29:02.6385803Z ##[group]Run actions/checkout@v4
Trust trio (authenticated gate)	Checkout	2026-07-13T22:29:02.6386630Z with:
Trust trio (authenticated gate)	Checkout	2026-07-13T22:29:02.6387175Z   repository: Hairaudit-v2/G-follicleintelligence
Trust trio (authenticated gate)	Checkout	2026-07-13T22:29:02.6391212Z   token: ***
Trust trio (authenticated gate)	Checkout	2026-07-13T22:29:02.6391668Z   ssh-strict: true
Trust trio (authenticated gate)	Checkout	2026-07-13T22:29:02.6392123Z   ssh-user: git
Trust trio (authenticated gate)	Checkout	2026-07-13T22:29:02.6392597Z   persist-credentials: true
Trust trio (authenticated gate)	Checkout	2026-07-13T22:29:02.6393094Z   clean: true
Trust trio (authenticated gate)	Checkout	2026-07-13T22:29:02.6393562Z   sparse-checkout-cone-mode: true
Trust trio (authenticated gate)	Checkout	2026-07-13T22:29:02.6394093Z   fetch-depth: 1
Trust trio (authenticated gate)	Checkout	2026-07-13T22:29:02.6394537Z   fetch-tags: false
Trust trio (authenticated gate)	Checkout	2026-07-13T22:29:02.6395003Z   show-progress: true
Trust trio (authenticated gate)	Checkout	2026-07-13T22:29:02.6395698Z   lfs: false
Trust trio (authenticated gate)	Checkout	2026-07-13T22:29:02.6396129Z   submodules: false
Trust trio (authenticated gate)	Checkout	2026-07-13T22:29:02.6396661Z   set-safe-directory: true
Trust trio (authenticated gate)	Checkout	2026-07-13T22:29:02.6397421Z env:
Trust trio (authenticated gate)	Checkout	2026-07-13T22:29:02.6397889Z   SKIP_ENV_VALIDATION: 1
Trust trio (authenticated gate)	Checkout	2026-07-13T22:29:02.6398476Z   FI_E2E_BASE_URL: https://follicleintelligence.ai
Trust trio (authenticated gate)	Checkout	2026-07-13T22:29:02.6399262Z   FI_E2E_TENANT_ID: ***
Trust trio (authenticated gate)	Checkout	2026-07-13T22:29:02.6399840Z   FI_E2E_DEMO_ADMIN_EMAIL: ***
Trust trio (authenticated gate)	Checkout	2026-07-13T22:29:02.6400405Z   FI_E2E_DEMO_ADMIN_PASSWORD: ***
Trust trio (authenticated gate)	Checkout	2026-07-13T22:29:02.6400950Z   FI_E2E_OTHER_TENANT_ID: 
Trust trio (authenticated gate)	Checkout	2026-07-13T22:29:02.6401526Z   FI_E2E_LEAD_ID: ***
Trust trio (authenticated gate)	Checkout	2026-07-13T22:29:02.6402105Z   FI_E2E_PATIENT_ID: ***
Trust trio (authenticated gate)	Checkout	2026-07-13T22:29:02.6402612Z   FI_E2E_BROWSERS: chromium
Trust trio (authenticated gate)	Checkout	2026-07-13T22:29:02.6403132Z   NEXT_PUBLIC_SUPABASE_URL: 
Trust trio (authenticated gate)	Checkout	2026-07-13T22:29:02.6403673Z   NEXT_PUBLIC_SUPABASE_ANON_KEY: 
Trust trio (authenticated gate)	Checkout	2026-07-13T22:29:02.6404242Z   SUPABASE_SERVICE_ROLE_KEY: 
Trust trio (authenticated gate)	Checkout	2026-07-13T22:29:02.6404745Z ##[endgroup]
Trust trio (authenticated gate)	Checkout	2026-07-13T22:29:02.7385052Z Syncing repository: Hairaudit-v2/G-follicleintelligence
Trust trio (authenticated gate)	Checkout	2026-07-13T22:29:02.7387978Z ##[group]Getting Git version info
Trust trio (authenticated gate)	Checkout	2026-07-13T22:29:02.7389111Z Working directory is '/home/runner/work/G-follicleintelligence/G-follicleintelligence'
Trust trio (authenticated gate)	Checkout	2026-07-13T22:29:02.7390490Z [command]/usr/bin/git version
Trust trio (authenticated gate)	Checkout	2026-07-13T22:29:02.7445656Z git version 2.54.0
Trust trio (authenticated gate)	Checkout	2026-07-13T22:29:02.7500082Z ##[endgroup]
Trust trio (authenticated gate)	Checkout	2026-07-13T22:29:02.7517481Z Temporarily overriding HOME='/home/runner/work/_temp/1cf22835-32bc-411d-b881-fcf6eee970cc' before making global git config changes
Trust trio (authenticated gate)	Checkout	2026-07-13T22:29:02.7519998Z Adding repository directory to the temporary git global config as a safe directory
Trust trio (authenticated gate)	Checkout	2026-07-13T22:29:02.7524913Z [command]/usr/bin/git config --global --add safe.directory /home/runner/work/G-follicleintelligence/G-follicleintelligence
Trust trio (authenticated gate)	Checkout	2026-07-13T22:29:02.7574727Z Deleting the contents of '/home/runner/work/G-follicleintelligence/G-follicleintelligence'
Trust trio (authenticated gate)	Checkout	2026-07-13T22:29:02.7579035Z ##[group]Initializing the repository
Trust trio (authenticated gate)	Checkout	2026-07-13T22:29:02.7583266Z [command]/usr/bin/git init /home/runner/work/G-follicleintelligence/G-follicleintelligence
Trust trio (authenticated gate)	Checkout	2026-07-13T22:29:02.7685360Z hint: Using 'master' as the name for the initial branch. This default branch name
Trust trio (authenticated gate)	Checkout	2026-07-13T22:29:02.7686785Z hint: will change to "main" in Git 3.0. To configure the initial branch name
Trust trio (authenticated gate)	Checkout	2026-07-13T22:29:02.7687942Z hint: to use in all of your new repositories, which will suppress this warning,
Trust trio (authenticated gate)	Checkout	2026-07-13T22:29:02.7688898Z hint: call:
Trust trio (authenticated gate)	Checkout	2026-07-13T22:29:02.7689843Z hint:
Trust trio (authenticated gate)	Checkout	2026-07-13T22:29:02.7690920Z hint: 	git config --global init.defaultBranch <name>
Trust trio (authenticated gate)	Checkout	2026-07-13T22:29:02.7692247Z hint:
Trust trio (authenticated gate)	Checkout	2026-07-13T22:29:02.7693715Z hint: Names commonly chosen instead of 'master' are 'main', 'trunk' and
Trust trio (authenticated gate)	Checkout	2026-07-13T22:29:02.7695943Z hint: 'development'. The just-created branch can be renamed via this command:
Trust trio (authenticated gate)	Checkout	2026-07-13T22:29:02.7697459Z hint:
Trust trio (authenticated gate)	Checkout	2026-07-13T22:29:02.7698444Z hint: 	git branch -m <name>
Trust trio (authenticated gate)	Checkout	2026-07-13T22:29:02.7699431Z hint:
Trust trio (authenticated gate)	Checkout	2026-07-13T22:29:02.7700703Z hint: Disable this message with "git config set advice.defaultBranchName false"
Trust trio (authenticated gate)	Checkout	2026-07-13T22:29:02.7703435Z Initialized empty Git repository in /home/runner/work/G-follicleintelligence/G-follicleintelligence/.git/
Trust trio (authenticated gate)	Checkout	2026-07-13T22:29:02.7708902Z [command]/usr/bin/git remote add origin https://github.com/Hairaudit-v2/G-follicleintelligence
Trust trio (authenticated gate)	Checkout	2026-07-13T22:29:02.7751566Z ##[endgroup]
Trust trio (authenticated gate)	Checkout	2026-07-13T22:29:02.7752996Z ##[group]Disabling automatic garbage collection
Trust trio (authenticated gate)	Checkout	2026-07-13T22:29:02.7756201Z [command]/usr/bin/git config --local gc.auto 0
Trust trio (authenticated gate)	Checkout	2026-07-13T22:29:02.7787021Z ##[endgroup]
Trust trio (authenticated gate)	Checkout	2026-07-13T22:29:02.7788487Z ##[group]Setting up auth
Trust trio (authenticated gate)	Checkout	2026-07-13T22:29:02.7794581Z [command]/usr/bin/git config --local --name-only --get-regexp core\.sshCommand
Trust trio (authenticated gate)	Checkout	2026-07-13T22:29:02.7829548Z [command]/usr/bin/git submodule foreach --recursive sh -c "git config --local --name-only --get-regexp 'core\.sshCommand' && git config --local --unset-all 'core.sshCommand' || :"
Trust trio (authenticated gate)	Checkout	2026-07-13T22:29:02.8153200Z [command]/usr/bin/git config --local --name-only --get-regexp http\.https\:\/\/github\.com\/\.extraheader
Trust trio (authenticated gate)	Checkout	2026-07-13T22:29:02.8188448Z [command]/usr/bin/git submodule foreach --recursive sh -c "git config --local --name-only --get-regexp 'http\.https\:\/\/github\.com\/\.extraheader' && git config --local --unset-all 'http.https://github.com/.extraheader' || :"
Trust trio (authenticated gate)	Checkout	2026-07-13T22:29:02.8416981Z [command]/usr/bin/git config --local --name-only --get-regexp ^includeIf\.gitdir:
Trust trio (authenticated gate)	Checkout	2026-07-13T22:29:02.8450656Z [command]/usr/bin/git submodule foreach --recursive git config --local --show-origin --name-only --get-regexp remote.origin.url
Trust trio (authenticated gate)	Checkout	2026-07-13T22:29:02.8680324Z [command]/usr/bin/git config --local http.https://github.com/.extraheader AUTHORIZATION: basic ***
Trust trio (authenticated gate)	Checkout	2026-07-13T22:29:02.8717340Z ##[endgroup]
Trust trio (authenticated gate)	Checkout	2026-07-13T22:29:02.8719598Z ##[group]Fetching the repository
Trust trio (authenticated gate)	Checkout	2026-07-13T22:29:02.8728331Z [command]/usr/bin/git -c protocol.version=2 fetch --no-tags --prune --no-recurse-submodules --depth=1 origin +5204ba697c26a9264dd063d44e464ea80d05fe29:refs/remotes/origin/main
Trust trio (authenticated gate)	Checkout	2026-07-13T22:29:05.0814750Z From https://github.com/Hairaudit-v2/G-follicleintelligence
Trust trio (authenticated gate)	Checkout	2026-07-13T22:29:05.0818820Z  * [new ref]         5204ba697c26a9264dd063d44e464ea80d05fe29 -> origin/main
Trust trio (authenticated gate)	Checkout	2026-07-13T22:29:05.0854499Z ##[endgroup]
Trust trio (authenticated gate)	Checkout	2026-07-13T22:29:05.0856934Z ##[group]Determining the checkout info
Trust trio (authenticated gate)	Checkout	2026-07-13T22:29:05.0859244Z ##[endgroup]
Trust trio (authenticated gate)	Checkout	2026-07-13T22:29:05.0863607Z [command]/usr/bin/git sparse-checkout disable
Trust trio (authenticated gate)	Checkout	2026-07-13T22:29:05.0909189Z [command]/usr/bin/git config --local --unset-all extensions.worktreeConfig
Trust trio (authenticated gate)	Checkout	2026-07-13T22:29:05.0937937Z ##[group]Checking out the ref
Trust trio (authenticated gate)	Checkout	2026-07-13T22:29:05.0941213Z [command]/usr/bin/git checkout --progress --force -B main refs/remotes/origin/main
Trust trio (authenticated gate)	Checkout	2026-07-13T22:29:05.4449971Z Switched to a new branch 'main'
Trust trio (authenticated gate)	Checkout	2026-07-13T22:29:05.4451098Z branch 'main' set up to track 'origin/main'.
Trust trio (authenticated gate)	Checkout	2026-07-13T22:29:05.4467817Z ##[endgroup]
Trust trio (authenticated gate)	Checkout	2026-07-13T22:29:05.4521813Z [command]/usr/bin/git log -1 --format=%H
Trust trio (authenticated gate)	Checkout	2026-07-13T22:29:05.4546120Z 5204ba697c26a9264dd063d44e464ea80d05fe29
Trust trio (authenticated gate)	Setup pnpm	´╗┐2026-07-13T22:29:05.4767663Z Node 20 is being deprecated. This workflow is running with Node 24 by default. If you need to temporarily use Node 20, you can set the ACTIONS_ALLOW_USE_UNSECURE_NODE_VERSION=true environment variable. For more information see: https://github.blog/changelog/2025-09-19-deprecation-of-node-20-on-github-actions-runners/
Trust trio (authenticated gate)	Setup pnpm	2026-07-13T22:29:05.4832641Z ##[group]Run pnpm/action-setup@v4
Trust trio (authenticated gate)	Setup pnpm	2026-07-13T22:29:05.4832989Z with:
Trust trio (authenticated gate)	Setup pnpm	2026-07-13T22:29:05.4833219Z   run_install: false
Trust trio (authenticated gate)	Setup pnpm	2026-07-13T22:29:05.4833491Z   dest: ~/setup-pnpm
Trust trio (authenticated gate)	Setup pnpm	2026-07-13T22:29:05.4833789Z   cache: false
Trust trio (authenticated gate)	Setup pnpm	2026-07-13T22:29:05.4834069Z   cache_dependency_path: pnpm-lock.yaml
Trust trio (authenticated gate)	Setup pnpm	2026-07-13T22:29:05.4834416Z   package_json_file: package.json
Trust trio (authenticated gate)	Setup pnpm	2026-07-13T22:29:05.4834686Z   standalone: false
Trust trio (authenticated gate)	Setup pnpm	2026-07-13T22:29:05.4834896Z env:
Trust trio (authenticated gate)	Setup pnpm	2026-07-13T22:29:05.4835325Z   SKIP_ENV_VALIDATION: 1
Trust trio (authenticated gate)	Setup pnpm	2026-07-13T22:29:05.4835807Z   FI_E2E_BASE_URL: https://follicleintelligence.ai
Trust trio (authenticated gate)	Setup pnpm	2026-07-13T22:29:05.4837158Z   FI_E2E_TENANT_ID: ***
Trust trio (authenticated gate)	Setup pnpm	2026-07-13T22:29:05.4837528Z   FI_E2E_DEMO_ADMIN_EMAIL: ***
Trust trio (authenticated gate)	Setup pnpm	2026-07-13T22:29:05.4837931Z   FI_E2E_DEMO_ADMIN_PASSWORD: ***
Trust trio (authenticated gate)	Setup pnpm	2026-07-13T22:29:05.4838296Z   FI_E2E_OTHER_TENANT_ID: 
Trust trio (authenticated gate)	Setup pnpm	2026-07-13T22:29:05.4838638Z   FI_E2E_LEAD_ID: ***
Trust trio (authenticated gate)	Setup pnpm	2026-07-13T22:29:05.4838916Z   FI_E2E_PATIENT_ID: ***
Trust trio (authenticated gate)	Setup pnpm	2026-07-13T22:29:05.4839162Z   FI_E2E_BROWSERS: chromium
Trust trio (authenticated gate)	Setup pnpm	2026-07-13T22:29:05.4839409Z   NEXT_PUBLIC_SUPABASE_URL: 
Trust trio (authenticated gate)	Setup pnpm	2026-07-13T22:29:05.4839663Z   NEXT_PUBLIC_SUPABASE_ANON_KEY: 
Trust trio (authenticated gate)	Setup pnpm	2026-07-13T22:29:05.4839926Z   SUPABASE_SERVICE_ROLE_KEY: 
Trust trio (authenticated gate)	Setup pnpm	2026-07-13T22:29:05.4840172Z ##[endgroup]
Trust trio (authenticated gate)	Setup pnpm	2026-07-13T22:29:05.6297669Z ##[group]Running self-installer...
Trust trio (authenticated gate)	Setup pnpm	2026-07-13T22:29:06.0232651Z (node:2312) [DEP0169] DeprecationWarning: `url.parse()` behavior is not standardized and prone to errors that have security implications. Use the WHATWG URL API instead. CVEs are not issued for `url.parse()` vulnerabilities.
Trust trio (authenticated gate)	Setup pnpm	2026-07-13T22:29:06.0234788Z (Use `node --trace-deprecation ...` to show where the warning was created)
Trust trio (authenticated gate)	Setup pnpm	2026-07-13T22:29:06.1581292Z Progress: resolved 1, reused 0, downloaded 0, added 0
Trust trio (authenticated gate)	Setup pnpm	2026-07-13T22:29:06.1717221Z Packages: +1
Trust trio (authenticated gate)	Setup pnpm	2026-07-13T22:29:06.1718143Z +
Trust trio (authenticated gate)	Setup pnpm	2026-07-13T22:29:06.6249115Z Progress: resolved 1, reused 0, downloaded 1, added 1, done
Trust trio (authenticated gate)	Setup pnpm	2026-07-13T22:29:06.6570283Z 
Trust trio (authenticated gate)	Setup pnpm	2026-07-13T22:29:06.6570844Z dependencies:
Trust trio (authenticated gate)	Setup pnpm	2026-07-13T22:29:06.6571331Z + pnpm 10.30.3 (11.13.0 is available)
Trust trio (authenticated gate)	Setup pnpm	2026-07-13T22:29:06.6571728Z 
Trust trio (authenticated gate)	Setup pnpm	2026-07-13T22:29:06.6600693Z Done in 866ms
Trust trio (authenticated gate)	Setup pnpm	2026-07-13T22:29:06.6780376Z ##[endgroup]
Trust trio (authenticated gate)	Setup pnpm	2026-07-13T22:29:06.6781065Z Installation Completed!
Trust trio (authenticated gate)	Setup Node.js	´╗┐2026-07-13T22:29:06.6964145Z Node 20 is being deprecated. This workflow is running with Node 24 by default. If you need to temporarily use Node 20, you can set the ACTIONS_ALLOW_USE_UNSECURE_NODE_VERSION=true environment variable. For more information see: https://github.blog/changelog/2025-09-19-deprecation-of-node-20-on-github-actions-runners/
Trust trio (authenticated gate)	Setup Node.js	2026-07-13T22:29:06.6965694Z ##[group]Run actions/setup-node@v4
Trust trio (authenticated gate)	Setup Node.js	2026-07-13T22:29:06.6965960Z with:
Trust trio (authenticated gate)	Setup Node.js	2026-07-13T22:29:06.6966168Z   node-version: 20
Trust trio (authenticated gate)	Setup Node.js	2026-07-13T22:29:06.6966382Z   cache: pnpm
Trust trio (authenticated gate)	Setup Node.js	2026-07-13T22:29:06.6966584Z   always-auth: false
Trust trio (authenticated gate)	Setup Node.js	2026-07-13T22:29:06.6966816Z   check-latest: false
Trust trio (authenticated gate)	Setup Node.js	2026-07-13T22:29:06.6969388Z   token: ***
Trust trio (authenticated gate)	Setup Node.js	2026-07-13T22:29:06.6969787Z env:
Trust trio (authenticated gate)	Setup Node.js	2026-07-13T22:29:06.6969986Z   SKIP_ENV_VALIDATION: 1
Trust trio (authenticated gate)	Setup Node.js	2026-07-13T22:29:06.6970278Z   FI_E2E_BASE_URL: https://follicleintelligence.ai
Trust trio (authenticated gate)	Setup Node.js	2026-07-13T22:29:06.6970681Z   FI_E2E_TENANT_ID: ***
Trust trio (authenticated gate)	Setup Node.js	2026-07-13T22:29:06.6970972Z   FI_E2E_DEMO_ADMIN_EMAIL: ***
Trust trio (authenticated gate)	Setup Node.js	2026-07-13T22:29:06.6971294Z   FI_E2E_DEMO_ADMIN_PASSWORD: ***
Trust trio (authenticated gate)	Setup Node.js	2026-07-13T22:29:06.6971591Z   FI_E2E_OTHER_TENANT_ID: 
Trust trio (authenticated gate)	Setup Node.js	2026-07-13T22:29:06.6971880Z   FI_E2E_LEAD_ID: ***
Trust trio (authenticated gate)	Setup Node.js	2026-07-13T22:29:06.6972168Z   FI_E2E_PATIENT_ID: ***
Trust trio (authenticated gate)	Setup Node.js	2026-07-13T22:29:06.6972403Z   FI_E2E_BROWSERS: chromium
Trust trio (authenticated gate)	Setup Node.js	2026-07-13T22:29:06.6972661Z   NEXT_PUBLIC_SUPABASE_URL: 
Trust trio (authenticated gate)	Setup Node.js	2026-07-13T22:29:06.6972918Z   NEXT_PUBLIC_SUPABASE_ANON_KEY: 
Trust trio (authenticated gate)	Setup Node.js	2026-07-13T22:29:06.6973181Z   SUPABASE_SERVICE_ROLE_KEY: 
Trust trio (authenticated gate)	Setup Node.js	2026-07-13T22:29:06.6973497Z   PNPM_HOME: /home/runner/setup-pnpm/node_modules/.bin
Trust trio (authenticated gate)	Setup Node.js	2026-07-13T22:29:06.6973820Z ##[endgroup]
Trust trio (authenticated gate)	Setup Node.js	2026-07-13T22:29:06.8420586Z Attempting to download 20...
Trust trio (authenticated gate)	Setup Node.js	2026-07-13T22:29:06.8528593Z (node:2326) [DEP0040] DeprecationWarning: The `punycode` module is deprecated. Please use a userland alternative instead.
Trust trio (authenticated gate)	Setup Node.js	2026-07-13T22:29:06.8529707Z (Use `node --trace-deprecation ...` to show where the warning was created)
Trust trio (authenticated gate)	Setup Node.js	2026-07-13T22:29:07.5085788Z Acquiring 20.20.2 - x64 from https://github.com/actions/node-versions/releases/download/20.20.2-23521894959/node-20.20.2-linux-x64.tar.gz
Trust trio (authenticated gate)	Setup Node.js	2026-07-13T22:29:08.2225759Z Extracting ...
Trust trio (authenticated gate)	Setup Node.js	2026-07-13T22:29:08.2350831Z [command]/usr/bin/tar xz --strip 1 --warning=no-unknown-keyword --overwrite -C /home/runner/work/_temp/6ea89408-d23c-4065-9477-37fc738c52bb -f /home/runner/work/_temp/a627cfe8-0428-4857-b96b-7a436eb96482
Trust trio (authenticated gate)	Setup Node.js	2026-07-13T22:29:09.2567777Z Adding to the cache ...
Trust trio (authenticated gate)	Setup Node.js	2026-07-13T22:29:11.1595511Z ##[group]Environment details
Trust trio (authenticated gate)	Setup Node.js	2026-07-13T22:29:11.3938594Z node: v20.20.2
Trust trio (authenticated gate)	Setup Node.js	2026-07-13T22:29:11.3939050Z npm: 10.8.2
Trust trio (authenticated gate)	Setup Node.js	2026-07-13T22:29:11.3939368Z yarn: 1.22.22
Trust trio (authenticated gate)	Setup Node.js	2026-07-13T22:29:11.3939960Z ##[endgroup]
Trust trio (authenticated gate)	Setup Node.js	2026-07-13T22:29:11.3961533Z [command]/home/runner/setup-pnpm/node_modules/.bin/pnpm store path --silent
Trust trio (authenticated gate)	Setup Node.js	2026-07-13T22:29:11.7490297Z /home/runner/setup-pnpm/node_modules/.bin/store/v10
Trust trio (authenticated gate)	Setup Node.js	2026-07-13T22:29:12.0668214Z Cache hit for: node-cache-Linux-x64-pnpm-cbb2ead7dcc68cdef5d56d848521fe3064c97c3e1a783bf41a5a04c311f69156
Trust trio (authenticated gate)	Setup Node.js	2026-07-13T22:29:12.0781975Z (node:2326) [DEP0169] DeprecationWarning: `url.parse()` behavior is not standardized and prone to errors that have security implications. Use the WHATWG URL API instead. CVEs are not issued for `url.parse()` vulnerabilities.
Trust trio (authenticated gate)	Setup Node.js	2026-07-13T22:29:13.3735867Z Received 0 of 164130769 (0.0%), 0.0 MBs/sec
Trust trio (authenticated gate)	Setup Node.js	2026-07-13T22:29:14.3736266Z Received 109051904 of 164130769 (66.4%), 52.0 MBs/sec
Trust trio (authenticated gate)	Setup Node.js	2026-07-13T22:29:14.8566245Z Received 164130769 of 164130769 (100.0%), 63.0 MBs/sec
Trust trio (authenticated gate)	Setup Node.js	2026-07-13T22:29:14.8567179Z Cache Size: ~157 MB (164130769 B)
Trust trio (authenticated gate)	Setup Node.js	2026-07-13T22:29:14.8600012Z [command]/usr/bin/tar -xf /home/runner/work/_temp/6f712e36-b1b8-4e60-ab96-228a61b4dbc6/cache.tzst -P -C /home/runner/work/G-follicleintelligence/G-follicleintelligence --use-compress-program unzstd
Trust trio (authenticated gate)	Setup Node.js	2026-07-13T22:29:16.8106660Z Cache restored successfully
Trust trio (authenticated gate)	Setup Node.js	2026-07-13T22:29:16.8186458Z Cache restored from key: node-cache-Linux-x64-pnpm-cbb2ead7dcc68cdef5d56d848521fe3064c97c3e1a783bf41a5a04c311f69156
Trust trio (authenticated gate)	Install dependencies	´╗┐2026-07-13T22:29:16.8384777Z ##[group]Run pnpm install --frozen-lockfile
Trust trio (authenticated gate)	Install dependencies	2026-07-13T22:29:16.8385929Z ^[[36;1mpnpm install --frozen-lockfile^[[0m
Trust trio (authenticated gate)	Install dependencies	2026-07-13T22:29:16.8540378Z shell: /usr/bin/bash -e {0}
Trust trio (authenticated gate)	Install dependencies	2026-07-13T22:29:16.8540717Z env:
Trust trio (authenticated gate)	Install dependencies	2026-07-13T22:29:16.8540970Z   SKIP_ENV_VALIDATION: 1
Trust trio (authenticated gate)	Install dependencies	2026-07-13T22:29:16.8541340Z   FI_E2E_BASE_URL: https://follicleintelligence.ai
Trust trio (authenticated gate)	Install dependencies	2026-07-13T22:29:16.8542032Z   FI_E2E_TENANT_ID: ***
Trust trio (authenticated gate)	Install dependencies	2026-07-13T22:29:16.8542373Z   FI_E2E_DEMO_ADMIN_EMAIL: ***
Trust trio (authenticated gate)	Install dependencies	2026-07-13T22:29:16.8542701Z   FI_E2E_DEMO_ADMIN_PASSWORD: ***
Trust trio (authenticated gate)	Install dependencies	2026-07-13T22:29:16.8542997Z   FI_E2E_OTHER_TENANT_ID: 
Trust trio (authenticated gate)	Install dependencies	2026-07-13T22:29:16.8543321Z   FI_E2E_LEAD_ID: ***
Trust trio (authenticated gate)	Install dependencies	2026-07-13T22:29:16.8543634Z   FI_E2E_PATIENT_ID: ***
Trust trio (authenticated gate)	Install dependencies	2026-07-13T22:29:16.8543904Z   FI_E2E_BROWSERS: chromium
Trust trio (authenticated gate)	Install dependencies	2026-07-13T22:29:16.8544185Z   NEXT_PUBLIC_SUPABASE_URL: 
Trust trio (authenticated gate)	Install dependencies	2026-07-13T22:29:16.8544482Z   NEXT_PUBLIC_SUPABASE_ANON_KEY: 
Trust trio (authenticated gate)	Install dependencies	2026-07-13T22:29:16.8544998Z   SUPABASE_SERVICE_ROLE_KEY: 
Trust trio (authenticated gate)	Install dependencies	2026-07-13T22:29:16.8545731Z   PNPM_HOME: /home/runner/setup-pnpm/node_modules/.bin
Trust trio (authenticated gate)	Install dependencies	2026-07-13T22:29:16.8546160Z ##[endgroup]
Trust trio (authenticated gate)	Install dependencies	2026-07-13T22:29:17.2500711Z Scope: all 3 workspace projects
Trust trio (authenticated gate)	Install dependencies	2026-07-13T22:29:17.3275602Z Lockfile is up to date, resolution step is skipped
Trust trio (authenticated gate)	Install dependencies	2026-07-13T22:29:17.4053982Z Progress: resolved 1, reused 0, downloaded 0, added 0
Trust trio (authenticated gate)	Install dependencies	2026-07-13T22:29:17.5307528Z Packages: +789
Trust trio (authenticated gate)	Install dependencies	2026-07-13T22:29:17.5308333Z ++++++++++++++++++++++++++++++++++++++++++++++++++++++++++++++++++++++++++++++++
Trust trio (authenticated gate)	Install dependencies	2026-07-13T22:29:18.4077998Z Progress: resolved 789, reused 789, downloaded 0, added 307
Trust trio (authenticated gate)	Install dependencies	2026-07-13T22:29:18.7675361Z Progress: resolved 789, reused 789, downloaded 0, added 789, done
Trust trio (authenticated gate)	Install dependencies	2026-07-13T22:29:19.2154614Z 
Trust trio (authenticated gate)	Install dependencies	2026-07-13T22:29:19.2155409Z dependencies:
Trust trio (authenticated gate)	Install dependencies	2026-07-13T22:29:19.2156035Z + @dnd-kit/core 6.3.1
Trust trio (authenticated gate)	Install dependencies	2026-07-13T22:29:19.2156459Z + @dnd-kit/utilities 3.2.2
Trust trio (authenticated gate)	Install dependencies	2026-07-13T22:29:19.2157133Z + @follicle/intelligence-core 0.0.0 <- packages/intelligence-core
Trust trio (authenticated gate)	Install dependencies	2026-07-13T22:29:19.2158145Z + @hairlongevity/medical-intelligence-core 0.1.0 <- packages/medical-intelligence-core
Trust trio (authenticated gate)	Install dependencies	2026-07-13T22:29:19.2159004Z + @radix-ui/react-dropdown-menu 2.1.17
Trust trio (authenticated gate)	Install dependencies	2026-07-13T22:29:19.2159482Z + @radix-ui/react-slot 1.2.5
Trust trio (authenticated gate)	Install dependencies	2026-07-13T22:29:19.2159874Z + @supabase/ssr 0.5.2
Trust trio (authenticated gate)	Install dependencies	2026-07-13T22:29:19.2160292Z + @supabase/supabase-js 2.108.1
Trust trio (authenticated gate)	Install dependencies	2026-07-13T22:29:19.2160703Z + @vercel/analytics 2.0.1
Trust trio (authenticated gate)	Install dependencies	2026-07-13T22:29:19.2161128Z + @vercel/speed-insights 1.3.1
Trust trio (authenticated gate)	Install dependencies	2026-07-13T22:29:19.2161707Z + class-variance-authority 0.7.1
Trust trio (authenticated gate)	Install dependencies	2026-07-13T22:29:19.2162269Z + clsx 2.1.1
Trust trio (authenticated gate)	Install dependencies	2026-07-13T22:29:19.2162688Z + framer-motion 12.40.0
Trust trio (authenticated gate)	Install dependencies	2026-07-13T22:29:19.2163071Z + lucide-react 0.575.0
Trust trio (authenticated gate)	Install dependencies	2026-07-13T22:29:19.2163400Z + next 14.2.35
Trust trio (authenticated gate)	Install dependencies	2026-07-13T22:29:19.2163723Z + pdf-lib 1.17.1
Trust trio (authenticated gate)	Install dependencies	2026-07-13T22:29:19.2164035Z + react 18.3.1
Trust trio (authenticated gate)	Install dependencies	2026-07-13T22:29:19.2164348Z + react-dom 18.3.1
Trust trio (authenticated gate)	Install dependencies	2026-07-13T22:29:19.2164742Z + server-only 0.0.1
Trust trio (authenticated gate)	Install dependencies	2026-07-13T22:29:19.2165081Z + sharp 0.34.5
Trust trio (authenticated gate)	Install dependencies	2026-07-13T22:29:19.2165795Z + stripe 17.7.0
Trust trio (authenticated gate)	Install dependencies	2026-07-13T22:29:19.2166268Z + tailwind-merge 3.6.0
Trust trio (authenticated gate)	Install dependencies	2026-07-13T22:29:19.2166752Z + tailwindcss-animate 1.0.7
Trust trio (authenticated gate)	Install dependencies	2026-07-13T22:29:19.2167309Z + ws 8.21.0
Trust trio (authenticated gate)	Install dependencies	2026-07-13T22:29:19.2167848Z + zod 3.25.76
Trust trio (authenticated gate)	Install dependencies	2026-07-13T22:29:19.2168318Z + zustand 5.0.14
Trust trio (authenticated gate)	Install dependencies	2026-07-13T22:29:19.2168592Z 
Trust trio (authenticated gate)	Install dependencies	2026-07-13T22:29:19.2168820Z devDependencies:
Trust trio (authenticated gate)	Install dependencies	2026-07-13T22:29:19.2169462Z + @next/bundle-analyzer 14.2.35
Trust trio (authenticated gate)	Install dependencies	2026-07-13T22:29:19.2170098Z + @playwright/test 1.58.2
Trust trio (authenticated gate)	Install dependencies	2026-07-13T22:29:19.2170555Z + @types/node 20.19.43
Trust trio (authenticated gate)	Install dependencies	2026-07-13T22:29:19.2170978Z + @types/qrcode 1.5.6
Trust trio (authenticated gate)	Install dependencies	2026-07-13T22:29:19.2171436Z + @types/react 18.3.31
Trust trio (authenticated gate)	Install dependencies	2026-07-13T22:29:19.2171883Z + @types/react-dom 18.3.7
Trust trio (authenticated gate)	Install dependencies	2026-07-13T22:29:19.2172357Z + @types/ws 8.18.1
Trust trio (authenticated gate)	Install dependencies	2026-07-13T22:29:19.2172799Z + cross-env 7.0.3
Trust trio (authenticated gate)	Install dependencies	2026-07-13T22:29:19.2173201Z + eslint 8.57.1
Trust trio (authenticated gate)	Install dependencies	2026-07-13T22:29:19.2173662Z + eslint-config-next 14.2.35
Trust trio (authenticated gate)	Install dependencies	2026-07-13T22:29:19.2174253Z + eslint-config-prettier 10.1.8
Trust trio (authenticated gate)	Install dependencies	2026-07-13T22:29:19.2174811Z + linkinator 7.6.1
Trust trio (authenticated gate)	Install dependencies	2026-07-13T22:29:19.2175556Z + pg 8.21.0
Trust trio (authenticated gate)	Install dependencies	2026-07-13T22:29:19.2175983Z + postcss 8.5.15
Trust trio (authenticated gate)	Install dependencies	2026-07-13T22:29:19.2176445Z + prettier 3.8.4
Trust trio (authenticated gate)	Install dependencies	2026-07-13T22:29:19.2176899Z + qrcode 1.5.4
Trust trio (authenticated gate)	Install dependencies	2026-07-13T22:29:19.2177371Z + tailwindcss 3.4.19
Trust trio (authenticated gate)	Install dependencies	2026-07-13T22:29:19.2177880Z + ts-prune 0.10.3
Trust trio (authenticated gate)	Install dependencies	2026-07-13T22:29:19.2178851Z + tsx 4.22.4
Trust trio (authenticated gate)	Install dependencies	2026-07-13T22:29:19.2179281Z + typescript 5.9.3
Trust trio (authenticated gate)	Install dependencies	2026-07-13T22:29:19.2179699Z + vercel 55.0.0
Trust trio (authenticated gate)	Install dependencies	2026-07-13T22:29:19.2180083Z + xlsx 0.18.5
Trust trio (authenticated gate)	Install dependencies	2026-07-13T22:29:19.2180306Z 
Trust trio (authenticated gate)	Install dependencies	2026-07-13T22:29:19.2389337Z Ôò¡ Warning ÔöÇÔöÇÔöÇÔöÇÔöÇÔöÇÔöÇÔöÇÔöÇÔöÇÔöÇÔöÇÔöÇÔöÇÔöÇÔöÇÔöÇÔöÇÔöÇÔöÇÔöÇÔöÇÔöÇÔöÇÔöÇÔöÇÔöÇÔöÇÔöÇÔöÇÔöÇÔöÇÔöÇÔöÇÔöÇÔöÇÔöÇÔöÇÔöÇÔöÇÔöÇÔöÇÔöÇÔöÇÔöÇÔöÇÔöÇÔöÇÔöÇÔöÇÔöÇÔöÇÔöÇÔöÇÔöÇÔöÇÔöÇÔöÇÔöÇÔöÇÔöÇÔöÇÔöÇÔöÇÔöÇÔöÇÔöÇÔöÇÔöÇÔò«
Trust trio (authenticated gate)	Install dependencies	2026-07-13T22:29:19.2390231Z Ôöé                                                                              Ôöé
Trust trio (authenticated gate)	Install dependencies	2026-07-13T22:29:19.2391053Z Ôöé   Ignored build scripts: esbuild@0.27.0, esbuild@0.28.1, sharp@0.34.5,       Ôöé
Trust trio (authenticated gate)	Install dependencies	2026-07-13T22:29:19.2391868Z Ôöé   unrs-resolver@1.12.2.                                                      Ôöé
Trust trio (authenticated gate)	Install dependencies	2026-07-13T22:29:19.2392702Z Ôöé   Run "pnpm approve-builds" to pick which dependencies should be allowed     Ôöé
Trust trio (authenticated gate)	Install dependencies	2026-07-13T22:29:19.2393508Z Ôöé   to run scripts.                                                            Ôöé
Trust trio (authenticated gate)	Install dependencies	2026-07-13T22:29:19.2394505Z Ôöé                                                                              Ôöé
Trust trio (authenticated gate)	Install dependencies	2026-07-13T22:29:19.2395504Z Ôò░ÔöÇÔöÇÔöÇÔöÇÔöÇÔöÇÔöÇÔöÇÔöÇÔöÇÔöÇÔöÇÔöÇÔöÇÔöÇÔöÇÔöÇÔöÇÔöÇÔöÇÔöÇÔöÇÔöÇÔöÇÔöÇÔöÇÔöÇÔöÇÔöÇÔöÇÔöÇÔöÇÔöÇÔöÇÔöÇÔöÇÔöÇÔöÇÔöÇÔöÇÔöÇÔöÇÔöÇÔöÇÔöÇÔöÇÔöÇÔöÇÔöÇÔöÇÔöÇÔöÇÔöÇÔöÇÔöÇÔöÇÔöÇÔöÇÔöÇÔöÇÔöÇÔöÇÔöÇÔöÇÔöÇÔöÇÔöÇÔöÇÔöÇÔöÇÔöÇÔöÇÔöÇÔöÇÔöÇÔöÇÔöÇÔöÇÔò»
Trust trio (authenticated gate)	Install dependencies	2026-07-13T22:29:19.2543447Z Done in 2.3s using pnpm v10.30.3
Trust trio (authenticated gate)	Install Playwright Chromium	´╗┐2026-07-13T22:29:19.2714939Z ##[group]Run npx playwright install --with-deps chromium
Trust trio (authenticated gate)	Install Playwright Chromium	2026-07-13T22:29:19.2715748Z ^[[36;1mnpx playwright install --with-deps chromium^[[0m
Trust trio (authenticated gate)	Install Playwright Chromium	2026-07-13T22:29:19.2747815Z shell: /usr/bin/bash -e {0}
Trust trio (authenticated gate)	Install Playwright Chromium	2026-07-13T22:29:19.2748100Z env:
Trust trio (authenticated gate)	Install Playwright Chromium	2026-07-13T22:29:19.2748319Z   SKIP_ENV_VALIDATION: 1
Trust trio (authenticated gate)	Install Playwright Chromium	2026-07-13T22:29:19.2748640Z   FI_E2E_BASE_URL: https://follicleintelligence.ai
Trust trio (authenticated gate)	Install Playwright Chromium	2026-07-13T22:29:19.2749188Z   FI_E2E_TENANT_ID: ***
Trust trio (authenticated gate)	Install Playwright Chromium	2026-07-13T22:29:19.2749522Z   FI_E2E_DEMO_ADMIN_EMAIL: ***
Trust trio (authenticated gate)	Install Playwright Chromium	2026-07-13T22:29:19.2749808Z   FI_E2E_DEMO_ADMIN_PASSWORD: ***
Trust trio (authenticated gate)	Install Playwright Chromium	2026-07-13T22:29:19.2750087Z   FI_E2E_OTHER_TENANT_ID: 
Trust trio (authenticated gate)	Install Playwright Chromium	2026-07-13T22:29:19.2750387Z   FI_E2E_LEAD_ID: ***
Trust trio (authenticated gate)	Install Playwright Chromium	2026-07-13T22:29:19.2750674Z   FI_E2E_PATIENT_ID: ***
Trust trio (authenticated gate)	Install Playwright Chromium	2026-07-13T22:29:19.2750950Z   FI_E2E_BROWSERS: chromium
Trust trio (authenticated gate)	Install Playwright Chromium	2026-07-13T22:29:19.2751214Z   NEXT_PUBLIC_SUPABASE_URL: 
Trust trio (authenticated gate)	Install Playwright Chromium	2026-07-13T22:29:19.2751480Z   NEXT_PUBLIC_SUPABASE_ANON_KEY: 
Trust trio (authenticated gate)	Install Playwright Chromium	2026-07-13T22:29:19.2751762Z   SUPABASE_SERVICE_ROLE_KEY: 
Trust trio (authenticated gate)	Install Playwright Chromium	2026-07-13T22:29:19.2752075Z   PNPM_HOME: /home/runner/setup-pnpm/node_modules/.bin
Trust trio (authenticated gate)	Install Playwright Chromium	2026-07-13T22:29:19.2752437Z ##[endgroup]
Trust trio (authenticated gate)	Install Playwright Chromium	2026-07-13T22:29:20.2499731Z Installing dependencies...
Trust trio (authenticated gate)	Install Playwright Chromium	2026-07-13T22:29:20.2667881Z Switching to root user to install dependencies...
Trust trio (authenticated gate)	Install Playwright Chromium	2026-07-13T22:29:20.4077198Z Get:1 file:/etc/apt/apt-mirrors.txt Mirrorlist [144 B]
Trust trio (authenticated gate)	Install Playwright Chromium	2026-07-13T22:29:20.4327123Z Get:6 https://packages.microsoft.com/repos/azure-cli noble InRelease [3564 B]
Trust trio (authenticated gate)	Install Playwright Chromium	2026-07-13T22:29:20.4666656Z Hit:2 http://azure.archive.ubuntu.com/ubuntu noble InRelease
Trust trio (authenticated gate)	Install Playwright Chromium	2026-07-13T22:29:20.4667885Z Get:7 https://packages.microsoft.com/ubuntu/24.04/prod noble InRelease [3600 B]
Trust trio (authenticated gate)	Install Playwright Chromium	2026-07-13T22:29:20.4720789Z Get:3 http://azure.archive.ubuntu.com/ubuntu noble-updates InRelease [126 kB]
Trust trio (authenticated gate)	Install Playwright Chromium	2026-07-13T22:29:20.4790731Z Get:4 http://azure.archive.ubuntu.com/ubuntu noble-backports InRelease [126 kB]
Trust trio (authenticated gate)	Install Playwright Chromium	2026-07-13T22:29:20.4861735Z Get:5 http://azure.archive.ubuntu.com/ubuntu noble-security InRelease [126 kB]
Trust trio (authenticated gate)	Install Playwright Chromium	2026-07-13T22:29:20.5126086Z Get:8 https://dl.google.com/linux/chrome-stable/deb stable InRelease [1825 B]
Trust trio (authenticated gate)	Install Playwright Chromium	2026-07-13T22:29:20.5750049Z Get:9 https://packages.microsoft.com/repos/azure-cli noble/main amd64 Packages [2314 B]
Trust trio (authenticated gate)	Install Playwright Chromium	2026-07-13T22:29:20.6983243Z Get:10 https://packages.microsoft.com/ubuntu/24.04/prod noble/main amd64 Packages [214 kB]
Trust trio (authenticated gate)	Install Playwright Chromium	2026-07-13T22:29:20.7057042Z Get:11 https://packages.microsoft.com/ubuntu/24.04/prod noble/main arm64 Packages [181 kB]
Trust trio (authenticated gate)	Install Playwright Chromium	2026-07-13T22:29:20.7059024Z Get:12 https://packages.microsoft.com/ubuntu/24.04/prod noble/main armhf Packages [11.6 kB]
Trust trio (authenticated gate)	Install Playwright Chromium	2026-07-13T22:29:20.7530198Z Get:13 http://azure.archive.ubuntu.com/ubuntu noble-updates/main amd64 Packages [1092 kB]
Trust trio (authenticated gate)	Install Playwright Chromium	2026-07-13T22:29:20.7592171Z Get:14 http://azure.archive.ubuntu.com/ubuntu noble-updates/main Translation-en [270 kB]
Trust trio (authenticated gate)	Install Playwright Chromium	2026-07-13T22:29:20.7617438Z Get:15 http://azure.archive.ubuntu.com/ubuntu noble-updates/main amd64 Components [180 kB]
Trust trio (authenticated gate)	Install Playwright Chromium	2026-07-13T22:29:20.7630530Z Get:16 http://azure.archive.ubuntu.com/ubuntu noble-updates/universe amd64 Packages [1660 kB]
Trust trio (authenticated gate)	Install Playwright Chromium	2026-07-13T22:29:20.7725881Z Get:17 http://azure.archive.ubuntu.com/ubuntu noble-updates/universe Translation-en [327 kB]
Trust trio (authenticated gate)	Install Playwright Chromium	2026-07-13T22:29:20.7758108Z Get:18 http://azure.archive.ubuntu.com/ubuntu noble-updates/universe amd64 Components [388 kB]
Trust trio (authenticated gate)	Install Playwright Chromium	2026-07-13T22:29:20.7778341Z Get:19 http://azure.archive.ubuntu.com/ubuntu noble-updates/restricted amd64 Packages [1225 kB]
Trust trio (authenticated gate)	Install Playwright Chromium	2026-07-13T22:29:20.7848843Z Get:20 http://azure.archive.ubuntu.com/ubuntu noble-updates/restricted Translation-en [276 kB]
Trust trio (authenticated gate)	Install Playwright Chromium	2026-07-13T22:29:20.7873738Z Get:21 http://azure.archive.ubuntu.com/ubuntu noble-updates/multiverse amd64 Components [940 B]
Trust trio (authenticated gate)	Install Playwright Chromium	2026-07-13T22:29:20.8123159Z Get:22 http://azure.archive.ubuntu.com/ubuntu noble-backports/main amd64 Components [5776 B]
Trust trio (authenticated gate)	Install Playwright Chromium	2026-07-13T22:29:20.8557248Z Get:23 http://azure.archive.ubuntu.com/ubuntu noble-backports/universe amd64 Components [10.5 kB]
Trust trio (authenticated gate)	Install Playwright Chromium	2026-07-13T22:29:20.8640890Z Get:24 http://azure.archive.ubuntu.com/ubuntu noble-security/main amd64 Packages [832 kB]
Trust trio (authenticated gate)	Install Playwright Chromium	2026-07-13T22:29:20.8689841Z Get:25 http://azure.archive.ubuntu.com/ubuntu noble-security/main Translation-en [188 kB]
Trust trio (authenticated gate)	Install Playwright Chromium	2026-07-13T22:29:20.8707590Z Get:26 http://azure.archive.ubuntu.com/ubuntu noble-security/main amd64 Components [45.0 kB]
Trust trio (authenticated gate)	Install Playwright Chromium	2026-07-13T22:29:20.8726106Z Get:27 http://azure.archive.ubuntu.com/ubuntu noble-security/main amd64 c-n-f Metadata [11.9 kB]
Trust trio (authenticated gate)	Install Playwright Chromium	2026-07-13T22:29:20.8727567Z Get:28 http://azure.archive.ubuntu.com/ubuntu noble-security/universe amd64 Packages [1175 kB]
Trust trio (authenticated gate)	Install Playwright Chromium	2026-07-13T22:29:20.8807058Z Get:29 http://azure.archive.ubuntu.com/ubuntu noble-security/universe Translation-en [231 kB]
Trust trio (authenticated gate)	Install Playwright Chromium	2026-07-13T22:29:20.8809839Z Get:30 http://azure.archive.ubuntu.com/ubuntu noble-security/universe amd64 Components [76.3 kB]
Trust trio (authenticated gate)	Install Playwright Chromium	2026-07-13T22:29:20.8823912Z Get:31 http://azure.archive.ubuntu.com/ubuntu noble-security/universe amd64 c-n-f Metadata [24.2 kB]
Trust trio (authenticated gate)	Install Playwright Chromium	2026-07-13T22:29:20.9669631Z Get:32 https://dl.google.com/linux/chrome-stable/deb stable/main amd64 Packages [1217 B]
Trust trio (authenticated gate)	Install Playwright Chromium	2026-07-13T22:29:28.7852576Z Fetched 8817 kB in 1s (7386 kB/s)
Trust trio (authenticated gate)	Install Playwright Chromium	2026-07-13T22:29:29.4899852Z Reading package lists...
Trust trio (authenticated gate)	Install Playwright Chromium	2026-07-13T22:29:29.5134581Z Reading package lists...
Trust trio (authenticated gate)	Install Playwright Chromium	2026-07-13T22:29:29.6862815Z Building dependency tree...
Trust trio (authenticated gate)	Install Playwright Chromium	2026-07-13T22:29:29.6870238Z Reading state information...
Trust trio (authenticated gate)	Install Playwright Chromium	2026-07-13T22:29:29.8458117Z libasound2t64 is already the newest version (1.2.11-1ubuntu0.2).
Trust trio (authenticated gate)	Install Playwright Chromium	2026-07-13T22:29:29.8459068Z libasound2t64 set to manually installed.
Trust trio (authenticated gate)	Install Playwright Chromium	2026-07-13T22:29:29.8460066Z libatk-bridge2.0-0t64 is already the newest version (2.52.0-1build1).
Trust trio (authenticated gate)	Install Playwright Chromium	2026-07-13T22:29:29.8461020Z libatk-bridge2.0-0t64 set to manually installed.
Trust trio (authenticated gate)	Install Playwright Chromium	2026-07-13T22:29:29.8461953Z libatk1.0-0t64 is already the newest version (2.52.0-1build1).
Trust trio (authenticated gate)	Install Playwright Chromium	2026-07-13T22:29:29.8462695Z libatk1.0-0t64 set to manually installed.
Trust trio (authenticated gate)	Install Playwright Chromium	2026-07-13T22:29:29.8463492Z libatspi2.0-0t64 is already the newest version (2.52.0-1build1).
Trust trio (authenticated gate)	Install Playwright Chromium	2026-07-13T22:29:29.8464246Z libatspi2.0-0t64 set to manually installed.
Trust trio (authenticated gate)	Install Playwright Chromium	2026-07-13T22:29:29.8464953Z libcairo2 is already the newest version (1.18.0-3build1).
Trust trio (authenticated gate)	Install Playwright Chromium	2026-07-13T22:29:29.8465909Z libcairo2 set to manually installed.
Trust trio (authenticated gate)	Install Playwright Chromium	2026-07-13T22:29:29.8466509Z libcups2t64 is already the newest version (2.4.7-1.2ubuntu7.14).
Trust trio (authenticated gate)	Install Playwright Chromium	2026-07-13T22:29:29.8467011Z libcups2t64 set to manually installed.
Trust trio (authenticated gate)	Install Playwright Chromium	2026-07-13T22:29:29.8467473Z libdbus-1-3 is already the newest version (1.14.10-4ubuntu4.1).
Trust trio (authenticated gate)	Install Playwright Chromium	2026-07-13T22:29:29.8468160Z libdbus-1-3 set to manually installed.
Trust trio (authenticated gate)	Install Playwright Chromium	2026-07-13T22:29:29.8468766Z libdrm2 is already the newest version (2.4.125-1ubuntu0.1~24.04.2).
Trust trio (authenticated gate)	Install Playwright Chromium	2026-07-13T22:29:29.8469205Z libdrm2 set to manually installed.
Trust trio (authenticated gate)	Install Playwright Chromium	2026-07-13T22:29:29.8469643Z libgbm1 is already the newest version (25.2.8-0ubuntu0.24.04.2).
Trust trio (authenticated gate)	Install Playwright Chromium	2026-07-13T22:29:29.8470254Z libgbm1 set to manually installed.
Trust trio (authenticated gate)	Install Playwright Chromium	2026-07-13T22:29:29.8470798Z libglib2.0-0t64 is already the newest version (2.80.0-6ubuntu3.8).
Trust trio (authenticated gate)	Install Playwright Chromium	2026-07-13T22:29:29.8471242Z libglib2.0-0t64 set to manually installed.
Trust trio (authenticated gate)	Install Playwright Chromium	2026-07-13T22:29:29.8471687Z libnspr4 is already the newest version (2:4.35-1.1build1).
Trust trio (authenticated gate)	Install Playwright Chromium	2026-07-13T22:29:29.8472084Z libnspr4 set to manually installed.
Trust trio (authenticated gate)	Install Playwright Chromium	2026-07-13T22:29:29.8472489Z libnss3 is already the newest version (2:3.98-1ubuntu0.2).
Trust trio (authenticated gate)	Install Playwright Chromium	2026-07-13T22:29:29.8472870Z libnss3 set to manually installed.
Trust trio (authenticated gate)	Install Playwright Chromium	2026-07-13T22:29:29.8473306Z libpango-1.0-0 is already the newest version (1.52.1+ds-1build1).
Trust trio (authenticated gate)	Install Playwright Chromium	2026-07-13T22:29:29.8473752Z libpango-1.0-0 set to manually installed.
Trust trio (authenticated gate)	Install Playwright Chromium	2026-07-13T22:29:29.8474178Z libx11-6 is already the newest version (2:1.8.7-1build1).
Trust trio (authenticated gate)	Install Playwright Chromium	2026-07-13T22:29:29.8474575Z libx11-6 set to manually installed.
Trust trio (authenticated gate)	Install Playwright Chromium	2026-07-13T22:29:29.8474953Z libxcb1 is already the newest version (1.15-1ubuntu2).
Trust trio (authenticated gate)	Install Playwright Chromium	2026-07-13T22:29:29.8475636Z libxcb1 set to manually installed.
Trust trio (authenticated gate)	Install Playwright Chromium	2026-07-13T22:29:29.8476071Z libxcomposite1 is already the newest version (1:0.4.5-1build3).
Trust trio (authenticated gate)	Install Playwright Chromium	2026-07-13T22:29:29.8476509Z libxcomposite1 set to manually installed.
Trust trio (authenticated gate)	Install Playwright Chromium	2026-07-13T22:29:29.8476945Z libxdamage1 is already the newest version (1:1.1.6-1build1).
Trust trio (authenticated gate)	Install Playwright Chromium	2026-07-13T22:29:29.8477762Z libxdamage1 set to manually installed.
Trust trio (authenticated gate)	Install Playwright Chromium	2026-07-13T22:29:29.8478174Z libxext6 is already the newest version (2:1.3.4-1build2).
Trust trio (authenticated gate)	Install Playwright Chromium	2026-07-13T22:29:29.8478557Z libxext6 set to manually installed.
Trust trio (authenticated gate)	Install Playwright Chromium	2026-07-13T22:29:29.8478964Z libxfixes3 is already the newest version (1:6.0.0-2build1).
Trust trio (authenticated gate)	Install Playwright Chromium	2026-07-13T22:29:29.8479546Z libxfixes3 set to manually installed.
Trust trio (authenticated gate)	Install Playwright Chromium	2026-07-13T22:29:29.8479962Z libxkbcommon0 is already the newest version (1.6.0-1build1).
Trust trio (authenticated gate)	Install Playwright Chromium	2026-07-13T22:29:29.8480369Z libxkbcommon0 set to manually installed.
Trust trio (authenticated gate)	Install Playwright Chromium	2026-07-13T22:29:29.8480793Z libxrandr2 is already the newest version (2:1.5.2-2build1).
Trust trio (authenticated gate)	Install Playwright Chromium	2026-07-13T22:29:29.8481193Z libxrandr2 set to manually installed.
Trust trio (authenticated gate)	Install Playwright Chromium	2026-07-13T22:29:29.8481600Z xvfb is already the newest version (2:21.1.12-1ubuntu1.6).
Trust trio (authenticated gate)	Install Playwright Chromium	2026-07-13T22:29:29.8482160Z fonts-noto-color-emoji is already the newest version (2.047-0ubuntu0.24.04.1).
Trust trio (authenticated gate)	Install Playwright Chromium	2026-07-13T22:29:29.8482741Z libfontconfig1 is already the newest version (2.15.0-1.1ubuntu2).
Trust trio (authenticated gate)	Install Playwright Chromium	2026-07-13T22:29:29.8483185Z libfontconfig1 set to manually installed.
Trust trio (authenticated gate)	Install Playwright Chromium	2026-07-13T22:29:29.8483640Z libfreetype6 is already the newest version (2.13.2+dfsg-1ubuntu0.1).
Trust trio (authenticated gate)	Install Playwright Chromium	2026-07-13T22:29:29.8484083Z libfreetype6 set to manually installed.
Trust trio (authenticated gate)	Install Playwright Chromium	2026-07-13T22:29:29.8484511Z fonts-liberation is already the newest version (1:2.1.5-3).
Trust trio (authenticated gate)	Install Playwright Chromium	2026-07-13T22:29:29.8484937Z fonts-liberation set to manually installed.
Trust trio (authenticated gate)	Install Playwright Chromium	2026-07-13T22:29:29.8485631Z The following additional packages will be installed:
Trust trio (authenticated gate)	Install Playwright Chromium	2026-07-13T22:29:29.8486022Z   xfonts-encodings xfonts-utils
Trust trio (authenticated gate)	Install Playwright Chromium	2026-07-13T22:29:29.8486343Z Recommended packages:
Trust trio (authenticated gate)	Install Playwright Chromium	2026-07-13T22:29:29.8486643Z   fonts-ipafont-mincho fonts-tlwg-loma
Trust trio (authenticated gate)	Install Playwright Chromium	2026-07-13T22:29:29.8822685Z The following NEW packages will be installed:
Trust trio (authenticated gate)	Install Playwright Chromium	2026-07-13T22:29:29.8823848Z   fonts-freefont-ttf fonts-ipafont-gothic fonts-tlwg-loma-otf fonts-unifont
Trust trio (authenticated gate)	Install Playwright Chromium	2026-07-13T22:29:29.8831989Z   fonts-wqy-zenhei xfonts-cyrillic xfonts-encodings xfonts-scalable
Trust trio (authenticated gate)	Install Playwright Chromium	2026-07-13T22:29:29.8832687Z   xfonts-utils
Trust trio (authenticated gate)	Install Playwright Chromium	2026-07-13T22:29:29.9014097Z 0 upgraded, 9 newly installed, 0 to remove and 44 not upgraded.
Trust trio (authenticated gate)	Install Playwright Chromium	2026-07-13T22:29:29.9014714Z Need to get 21.1 MB of archives.
Trust trio (authenticated gate)	Install Playwright Chromium	2026-07-13T22:29:29.9015570Z After this operation, 79.5 MB of additional disk space will be used.
Trust trio (authenticated gate)	Install Playwright Chromium	2026-07-13T22:29:29.9016271Z Get:1 file:/etc/apt/apt-mirrors.txt Mirrorlist [144 B]
Trust trio (authenticated gate)	Install Playwright Chromium	2026-07-13T22:29:29.9998307Z Get:2 http://azure.archive.ubuntu.com/ubuntu noble/universe amd64 fonts-ipafont-gothic all 00303-21ubuntu1 [3513 kB]
Trust trio (authenticated gate)	Install Playwright Chromium	2026-07-13T22:29:30.5007379Z Get:3 http://azure.archive.ubuntu.com/ubuntu noble/main amd64 fonts-freefont-ttf all 20211204+svn4273-2 [5641 kB]
Trust trio (authenticated gate)	Install Playwright Chromium	2026-07-13T22:29:31.0478185Z Get:4 http://azure.archive.ubuntu.com/ubuntu noble/universe amd64 fonts-tlwg-loma-otf all 1:0.7.3-1 [107 kB]
Trust trio (authenticated gate)	Install Playwright Chromium	2026-07-13T22:29:31.1429164Z Get:5 http://azure.archive.ubuntu.com/ubuntu noble/universe amd64 fonts-unifont all 1:15.1.01-1build1 [2993 kB]
Trust trio (authenticated gate)	Install Playwright Chromium	2026-07-13T22:29:31.2321036Z Get:6 http://azure.archive.ubuntu.com/ubuntu noble/universe amd64 fonts-wqy-zenhei all 0.9.45-8 [7472 kB]
Trust trio (authenticated gate)	Install Playwright Chromium	2026-07-13T22:29:31.3652364Z Get:7 http://azure.archive.ubuntu.com/ubuntu noble/main amd64 xfonts-encodings all 1:1.0.5-0ubuntu2 [578 kB]
Trust trio (authenticated gate)	Install Playwright Chromium	2026-07-13T22:29:31.4423513Z Get:8 http://azure.archive.ubuntu.com/ubuntu noble/main amd64 xfonts-utils amd64 1:7.7+6build3 [94.4 kB]
Trust trio (authenticated gate)	Install Playwright Chromium	2026-07-13T22:29:31.5453515Z Get:9 http://azure.archive.ubuntu.com/ubuntu noble/universe amd64 xfonts-cyrillic all 1:1.0.5+nmu1 [384 kB]
Trust trio (authenticated gate)	Install Playwright Chromium	2026-07-13T22:29:31.6401766Z Get:10 http://azure.archive.ubuntu.com/ubuntu noble/main amd64 xfonts-scalable all 1:1.0.3-1.3 [304 kB]
Trust trio (authenticated gate)	Install Playwright Chromium	2026-07-13T22:29:31.9244305Z Fetched 21.1 MB in 2s (12.0 MB/s)
Trust trio (authenticated gate)	Install Playwright Chromium	2026-07-13T22:29:31.9621529Z Selecting previously unselected package fonts-ipafont-gothic.
Trust trio (authenticated gate)	Install Playwright Chromium	2026-07-13T22:29:32.0427896Z (Reading database ... 
Trust trio (authenticated gate)	Install Playwright Chromium	2026-07-13T22:29:32.0428591Z (Reading database ... 5%
Trust trio (authenticated gate)	Install Playwright Chromium	2026-07-13T22:29:32.0429174Z (Reading database ... 10%
Trust trio (authenticated gate)	Install Playwright Chromium	2026-07-13T22:29:32.0429745Z (Reading database ... 15%
Trust trio (authenticated gate)	Install Playwright Chromium	2026-07-13T22:29:32.0430304Z (Reading database ... 20%
Trust trio (authenticated gate)	Install Playwright Chromium	2026-07-13T22:29:32.0430927Z (Reading database ... 25%
Trust trio (authenticated gate)	Install Playwright Chromium	2026-07-13T22:29:32.0431791Z (Reading database ... 30%
Trust trio (authenticated gate)	Install Playwright Chromium	2026-07-13T22:29:32.0432311Z (Reading database ... 35%
Trust trio (authenticated gate)	Install Playwright Chromium	2026-07-13T22:29:32.0432653Z (Reading database ... 40%
Trust trio (authenticated gate)	Install Playwright Chromium	2026-07-13T22:29:32.0432990Z (Reading database ... 45%
Trust trio (authenticated gate)	Install Playwright Chromium	2026-07-13T22:29:32.0433324Z (Reading database ... 50%
Trust trio (authenticated gate)	Install Playwright Chromium	2026-07-13T22:29:32.0750482Z (Reading database ... 55%
Trust trio (authenticated gate)	Install Playwright Chromium	2026-07-13T22:29:32.5158778Z (Reading database ... 60%
Trust trio (authenticated gate)	Install Playwright Chromium	2026-07-13T22:29:32.8290093Z (Reading database ... 65%
Trust trio (authenticated gate)	Install Playwright Chromium	2026-07-13T22:29:33.1219528Z (Reading database ... 70%
Trust trio (authenticated gate)	Install Playwright Chromium	2026-07-13T22:29:33.2757077Z (Reading database ... 75%
Trust trio (authenticated gate)	Install Playwright Chromium	2026-07-13T22:29:33.7282563Z (Reading database ... 80%
Trust trio (authenticated gate)	Install Playwright Chromium	2026-07-13T22:29:34.4546328Z (Reading database ... 85%
Trust trio (authenticated gate)	Install Playwright Chromium	2026-07-13T22:29:35.2045067Z (Reading database ... 90%
Trust trio (authenticated gate)	Install Playwright Chromium	2026-07-13T22:29:36.1137294Z (Reading database ... 95%
Trust trio (authenticated gate)	Install Playwright Chromium	2026-07-13T22:29:36.1138113Z (Reading database ... 100%
Trust trio (authenticated gate)	Install Playwright Chromium	2026-07-13T22:29:36.1139250Z (Reading database ... 202701 files and directories currently installed.)
Trust trio (authenticated gate)	Install Playwright Chromium	2026-07-13T22:29:36.1182161Z Preparing to unpack .../0-fonts-ipafont-gothic_00303-21ubuntu1_all.deb ...
Trust trio (authenticated gate)	Install Playwright Chromium	2026-07-13T22:29:36.1283213Z Unpacking fonts-ipafont-gothic (00303-21ubuntu1) ...
Trust trio (authenticated gate)	Install Playwright Chromium	2026-07-13T22:29:36.3546553Z Selecting previously unselected package fonts-freefont-ttf.
Trust trio (authenticated gate)	Install Playwright Chromium	2026-07-13T22:29:36.3669923Z Preparing to unpack .../1-fonts-freefont-ttf_20211204+svn4273-2_all.deb ...
Trust trio (authenticated gate)	Install Playwright Chromium	2026-07-13T22:29:36.3680191Z Unpacking fonts-freefont-ttf (20211204+svn4273-2) ...
Trust trio (authenticated gate)	Install Playwright Chromium	2026-07-13T22:29:36.4573367Z Selecting previously unselected package fonts-tlwg-loma-otf.
Trust trio (authenticated gate)	Install Playwright Chromium	2026-07-13T22:29:36.4699305Z Preparing to unpack .../2-fonts-tlwg-loma-otf_1%3a0.7.3-1_all.deb ...
Trust trio (authenticated gate)	Install Playwright Chromium	2026-07-13T22:29:36.4709789Z Unpacking fonts-tlwg-loma-otf (1:0.7.3-1) ...
Trust trio (authenticated gate)	Install Playwright Chromium	2026-07-13T22:29:36.4976275Z Selecting previously unselected package fonts-unifont.
Trust trio (authenticated gate)	Install Playwright Chromium	2026-07-13T22:29:36.5102963Z Preparing to unpack .../3-fonts-unifont_1%3a15.1.01-1build1_all.deb ...
Trust trio (authenticated gate)	Install Playwright Chromium	2026-07-13T22:29:36.5112337Z Unpacking fonts-unifont (1:15.1.01-1build1) ...
Trust trio (authenticated gate)	Install Playwright Chromium	2026-07-13T22:29:36.6327806Z Selecting previously unselected package fonts-wqy-zenhei.
Trust trio (authenticated gate)	Install Playwright Chromium	2026-07-13T22:29:36.6459288Z Preparing to unpack .../4-fonts-wqy-zenhei_0.9.45-8_all.deb ...
Trust trio (authenticated gate)	Install Playwright Chromium	2026-07-13T22:29:36.6619330Z Unpacking fonts-wqy-zenhei (0.9.45-8) ...
Trust trio (authenticated gate)	Install Playwright Chromium	2026-07-13T22:29:37.1274005Z Selecting previously unselected package xfonts-encodings.
Trust trio (authenticated gate)	Install Playwright Chromium	2026-07-13T22:29:37.1403542Z Preparing to unpack .../5-xfonts-encodings_1%3a1.0.5-0ubuntu2_all.deb ...
Trust trio (authenticated gate)	Install Playwright Chromium	2026-07-13T22:29:37.1414345Z Unpacking xfonts-encodings (1:1.0.5-0ubuntu2) ...
Trust trio (authenticated gate)	Install Playwright Chromium	2026-07-13T22:29:37.1724137Z Selecting previously unselected package xfonts-utils.
Trust trio (authenticated gate)	Install Playwright Chromium	2026-07-13T22:29:37.1873225Z Preparing to unpack .../6-xfonts-utils_1%3a7.7+6build3_amd64.deb ...
Trust trio (authenticated gate)	Install Playwright Chromium	2026-07-13T22:29:37.1884772Z Unpacking xfonts-utils (1:7.7+6build3) ...
Trust trio (authenticated gate)	Install Playwright Chromium	2026-07-13T22:29:37.2948580Z Selecting previously unselected package xfonts-cyrillic.
Trust trio (authenticated gate)	Install Playwright Chromium	2026-07-13T22:29:37.3072695Z Preparing to unpack .../7-xfonts-cyrillic_1%3a1.0.5+nmu1_all.deb ...
Trust trio (authenticated gate)	Install Playwright Chromium	2026-07-13T22:29:37.3083504Z Unpacking xfonts-cyrillic (1:1.0.5+nmu1) ...
Trust trio (authenticated gate)	Install Playwright Chromium	2026-07-13T22:29:37.3443201Z Selecting previously unselected package xfonts-scalable.
Trust trio (authenticated gate)	Install Playwright Chromium	2026-07-13T22:29:37.3568747Z Preparing to unpack .../8-xfonts-scalable_1%3a1.0.3-1.3_all.deb ...
Trust trio (authenticated gate)	Install Playwright Chromium	2026-07-13T22:29:37.3577376Z Unpacking xfonts-scalable (1:1.0.3-1.3) ...
Trust trio (authenticated gate)	Install Playwright Chromium	2026-07-13T22:29:37.3992586Z Setting up fonts-wqy-zenhei (0.9.45-8) ...
Trust trio (authenticated gate)	Install Playwright Chromium	2026-07-13T22:29:37.4118684Z Setting up fonts-freefont-ttf (20211204+svn4273-2) ...
Trust trio (authenticated gate)	Install Playwright Chromium	2026-07-13T22:29:37.4153652Z Setting up fonts-tlwg-loma-otf (1:0.7.3-1) ...
Trust trio (authenticated gate)	Install Playwright Chromium	2026-07-13T22:29:37.4176356Z Setting up xfonts-encodings (1:1.0.5-0ubuntu2) ...
Trust trio (authenticated gate)	Install Playwright Chromium	2026-07-13T22:29:37.4200193Z Setting up fonts-ipafont-gothic (00303-21ubuntu1) ...
Trust trio (authenticated gate)	Install Playwright Chromium	2026-07-13T22:29:37.4270062Z update-alternatives: using /usr/share/fonts/opentype/ipafont-gothic/ipag.ttf to provide /usr/share/fonts/truetype/fonts-japanese-gothic.ttf (fonts-japanese-gothic.ttf) in auto mode
Trust trio (authenticated gate)	Install Playwright Chromium	2026-07-13T22:29:37.4340276Z Setting up fonts-unifont (1:15.1.01-1build1) ...
Trust trio (authenticated gate)	Install Playwright Chromium	2026-07-13T22:29:37.4362966Z Setting up xfonts-utils (1:7.7+6build3) ...
Trust trio (authenticated gate)	Install Playwright Chromium	2026-07-13T22:29:37.4409875Z Setting up xfonts-cyrillic (1:1.0.5+nmu1) ...
Trust trio (authenticated gate)	Install Playwright Chromium	2026-07-13T22:29:37.4770924Z Setting up xfonts-scalable (1:1.0.3-1.3) ...
Trust trio (authenticated gate)	Install Playwright Chromium	2026-07-13T22:29:37.5054519Z Processing triggers for man-db (2.12.0-4build2) ...
Trust trio (authenticated gate)	Install Playwright Chromium	2026-07-13T22:29:37.5075969Z Not building database; man-db/auto-update is not 'true'.
Trust trio (authenticated gate)	Install Playwright Chromium	2026-07-13T22:29:37.5090167Z Processing triggers for fontconfig (2.15.0-1.1ubuntu2) ...
Trust trio (authenticated gate)	Install Playwright Chromium	2026-07-13T22:29:38.7050162Z 
Trust trio (authenticated gate)	Install Playwright Chromium	2026-07-13T22:29:38.7050989Z Running kernel seems to be up-to-date.
Trust trio (authenticated gate)	Install Playwright Chromium	2026-07-13T22:29:38.7051794Z 
Trust trio (authenticated gate)	Install Playwright Chromium	2026-07-13T22:29:38.7052079Z No services need to be restarted.
Trust trio (authenticated gate)	Install Playwright Chromium	2026-07-13T22:29:38.7052403Z 
Trust trio (authenticated gate)	Install Playwright Chromium	2026-07-13T22:29:38.7052675Z No containers need to be restarted.
Trust trio (authenticated gate)	Install Playwright Chromium	2026-07-13T22:29:38.7052997Z 
Trust trio (authenticated gate)	Install Playwright Chromium	2026-07-13T22:29:38.7053319Z No user sessions are running outdated binaries.
Trust trio (authenticated gate)	Install Playwright Chromium	2026-07-13T22:29:38.7053725Z 
Trust trio (authenticated gate)	Install Playwright Chromium	2026-07-13T22:29:38.7054227Z No VM guests are running outdated hypervisor (qemu) binaries on this host.
Trust trio (authenticated gate)	Install Playwright Chromium	2026-07-13T22:29:39.6044575Z Downloading Chrome for Testing 145.0.7632.6 (playwright chromium v1208) from https://cdn.playwright.dev/builds/cft/145.0.7632.6/linux64/chrome-linux64.zip
Trust trio (authenticated gate)	Install Playwright Chromium	2026-07-13T22:29:39.8493123Z |                                                                                |   0% of 167.3 MiB
Trust trio (authenticated gate)	Install Playwright Chromium	2026-07-13T22:29:40.1189296Z |ÔûáÔûáÔûáÔûáÔûáÔûáÔûáÔûá                                                                        |  10% of 167.3 MiB
Trust trio (authenticated gate)	Install Playwright Chromium	2026-07-13T22:29:40.2845283Z |ÔûáÔûáÔûáÔûáÔûáÔûáÔûáÔûáÔûáÔûáÔûáÔûáÔûáÔûáÔûáÔûá                                                                |  20% of 167.3 MiB
Trust trio (authenticated gate)	Install Playwright Chromium	2026-07-13T22:29:40.4591616Z |ÔûáÔûáÔûáÔûáÔûáÔûáÔûáÔûáÔûáÔûáÔûáÔûáÔûáÔûáÔûáÔûáÔûáÔûáÔûáÔûáÔûáÔûáÔûáÔûá                                                        |  30% of 167.3 MiB
Trust trio (authenticated gate)	Install Playwright Chromium	2026-07-13T22:29:40.6664525Z |ÔûáÔûáÔûáÔûáÔûáÔûáÔûáÔûáÔûáÔûáÔûáÔûáÔûáÔûáÔûáÔûáÔûáÔûáÔûáÔûáÔûáÔûáÔûáÔûáÔûáÔûáÔûáÔûáÔûáÔûáÔûáÔûá                                                |  40% of 167.3 MiB
Trust trio (authenticated gate)	Install Playwright Chromium	2026-07-13T22:29:40.8441615Z |ÔûáÔûáÔûáÔûáÔûáÔûáÔûáÔûáÔûáÔûáÔûáÔûáÔûáÔûáÔûáÔûáÔûáÔûáÔûáÔûáÔûáÔûáÔûáÔûáÔûáÔûáÔûáÔûáÔûáÔûáÔûáÔûáÔûáÔûáÔûáÔûáÔûáÔûáÔûáÔûá                                        |  50% of 167.3 MiB
Trust trio (authenticated gate)	Install Playwright Chromium	2026-07-13T22:29:41.0378016Z |ÔûáÔûáÔûáÔûáÔûáÔûáÔûáÔûáÔûáÔûáÔûáÔûáÔûáÔûáÔûáÔûáÔûáÔûáÔûáÔûáÔûáÔûáÔûáÔûáÔûáÔûáÔûáÔûáÔûáÔûáÔûáÔûáÔûáÔûáÔûáÔûáÔûáÔûáÔûáÔûáÔûáÔûáÔûáÔûáÔûáÔûáÔûáÔûá                                |  60% of 167.3 MiB
Trust trio (authenticated gate)	Install Playwright Chromium	2026-07-13T22:29:41.2483660Z |ÔûáÔûáÔûáÔûáÔûáÔûáÔûáÔûáÔûáÔûáÔûáÔûáÔûáÔûáÔûáÔûáÔûáÔûáÔûáÔûáÔûáÔûáÔûáÔûáÔûáÔûáÔûáÔûáÔûáÔûáÔûáÔûáÔûáÔûáÔûáÔûáÔûáÔûáÔûáÔûáÔûáÔûáÔûáÔûáÔûáÔûáÔûáÔûáÔûáÔûáÔûáÔûáÔûáÔûáÔûáÔûá                        |  70% of 167.3 MiB
Trust trio (authenticated gate)	Install Playwright Chromium	2026-07-13T22:29:41.4793270Z |ÔûáÔûáÔûáÔûáÔûáÔûáÔûáÔûáÔûáÔûáÔûáÔûáÔûáÔûáÔûáÔûáÔûáÔûáÔûáÔûáÔûáÔûáÔûáÔûáÔûáÔûáÔûáÔûáÔûáÔûáÔûáÔûáÔûáÔûáÔûáÔûáÔûáÔûáÔûáÔûáÔûáÔûáÔûáÔûáÔûáÔûáÔûáÔûáÔûáÔûáÔûáÔûáÔûáÔûáÔûáÔûáÔûáÔûáÔûáÔûáÔûáÔûáÔûáÔûá                |  80% of 167.3 MiB
Trust trio (authenticated gate)	Install Playwright Chromium	2026-07-13T22:29:41.6774491Z |ÔûáÔûáÔûáÔûáÔûáÔûáÔûáÔûáÔûáÔûáÔûáÔûáÔûáÔûáÔûáÔûáÔûáÔûáÔûáÔûáÔûáÔûáÔûáÔûáÔûáÔûáÔûáÔûáÔûáÔûáÔûáÔûáÔûáÔûáÔûáÔûáÔûáÔûáÔûáÔûáÔûáÔûáÔûáÔûáÔûáÔûáÔûáÔûáÔûáÔûáÔûáÔûáÔûáÔûáÔûáÔûáÔûáÔûáÔûáÔûáÔûáÔûáÔûáÔûáÔûáÔûáÔûáÔûáÔûáÔûáÔûáÔûá        |  90% of 167.3 MiB
Trust trio (authenticated gate)	Install Playwright Chromium	2026-07-13T22:29:41.8957077Z |ÔûáÔûáÔûáÔûáÔûáÔûáÔûáÔûáÔûáÔûáÔûáÔûáÔûáÔûáÔûáÔûáÔûáÔûáÔûáÔûáÔûáÔûáÔûáÔûáÔûáÔûáÔûáÔûáÔûáÔûáÔûáÔûáÔûáÔûáÔûáÔûáÔûáÔûáÔûáÔûáÔûáÔûáÔûáÔûáÔûáÔûáÔûáÔûáÔûáÔûáÔûáÔûáÔûáÔûáÔûáÔûáÔûáÔûáÔûáÔûáÔûáÔûáÔûáÔûáÔûáÔûáÔûáÔûáÔûáÔûáÔûáÔûáÔûáÔûáÔûáÔûáÔûáÔûáÔûáÔûá| 100% of 167.3 MiB
Trust trio (authenticated gate)	Install Playwright Chromium	2026-07-13T22:29:45.3299779Z Chrome for Testing 145.0.7632.6 (playwright chromium v1208) downloaded to /home/runner/.cache/ms-playwright/chromium-1208
Trust trio (authenticated gate)	Install Playwright Chromium	2026-07-13T22:29:45.3303818Z Downloading FFmpeg (playwright ffmpeg v1011) from https://cdn.playwright.dev/dbazure/download/playwright/builds/ffmpeg/1011/ffmpeg-linux.zip
Trust trio (authenticated gate)	Install Playwright Chromium	2026-07-13T22:29:45.4974833Z |                                                                                |   0% of 2.3 MiB
Trust trio (authenticated gate)	Install Playwright Chromium	2026-07-13T22:29:45.5028604Z |ÔûáÔûáÔûáÔûáÔûáÔûáÔûáÔûá                                                                        |  10% of 2.3 MiB
Trust trio (authenticated gate)	Install Playwright Chromium	2026-07-13T22:29:45.5062094Z |ÔûáÔûáÔûáÔûáÔûáÔûáÔûáÔûáÔûáÔûáÔûáÔûáÔûáÔûáÔûáÔûá                                                                |  20% of 2.3 MiB
Trust trio (authenticated gate)	Install Playwright Chromium	2026-07-13T22:29:45.5090192Z |ÔûáÔûáÔûáÔûáÔûáÔûáÔûáÔûáÔûáÔûáÔûáÔûáÔûáÔûáÔûáÔûáÔûáÔûáÔûáÔûáÔûáÔûáÔûáÔûá                                                        |  30% of 2.3 MiB
Trust trio (authenticated gate)	Install Playwright Chromium	2026-07-13T22:29:45.5115077Z |ÔûáÔûáÔûáÔûáÔûáÔûáÔûáÔûáÔûáÔûáÔûáÔûáÔûáÔûáÔûáÔûáÔûáÔûáÔûáÔûáÔûáÔûáÔûáÔûáÔûáÔûáÔûáÔûáÔûáÔûáÔûáÔûá                                                |  40% of 2.3 MiB
Trust trio (authenticated gate)	Install Playwright Chromium	2026-07-13T22:29:45.5143015Z |ÔûáÔûáÔûáÔûáÔûáÔûáÔûáÔûáÔûáÔûáÔûáÔûáÔûáÔûáÔûáÔûáÔûáÔûáÔûáÔûáÔûáÔûáÔûáÔûáÔûáÔûáÔûáÔûáÔûáÔûáÔûáÔûáÔûáÔûáÔûáÔûáÔûáÔûáÔûáÔûá                                        |  50% of 2.3 MiB
Trust trio (authenticated gate)	Install Playwright Chromium	2026-07-13T22:29:45.5172903Z |ÔûáÔûáÔûáÔûáÔûáÔûáÔûáÔûáÔûáÔûáÔûáÔûáÔûáÔûáÔûáÔûáÔûáÔûáÔûáÔûáÔûáÔûáÔûáÔûáÔûáÔûáÔûáÔûáÔûáÔûáÔûáÔûáÔûáÔûáÔûáÔûáÔûáÔûáÔûáÔûáÔûáÔûáÔûáÔûáÔûáÔûáÔûáÔûá                                |  60% of 2.3 MiB
Trust trio (authenticated gate)	Install Playwright Chromium	2026-07-13T22:29:45.5200431Z |ÔûáÔûáÔûáÔûáÔûáÔûáÔûáÔûáÔûáÔûáÔûáÔûáÔûáÔûáÔûáÔûáÔûáÔûáÔûáÔûáÔûáÔûáÔûáÔûáÔûáÔûáÔûáÔûáÔûáÔûáÔûáÔûáÔûáÔûáÔûáÔûáÔûáÔûáÔûáÔûáÔûáÔûáÔûáÔûáÔûáÔûáÔûáÔûáÔûáÔûáÔûáÔûáÔûáÔûáÔûáÔûá                        |  70% of 2.3 MiB
Trust trio (authenticated gate)	Install Playwright Chromium	2026-07-13T22:29:45.5226887Z |ÔûáÔûáÔûáÔûáÔûáÔûáÔûáÔûáÔûáÔûáÔûáÔûáÔûáÔûáÔûáÔûáÔûáÔûáÔûáÔûáÔûáÔûáÔûáÔûáÔûáÔûáÔûáÔûáÔûáÔûáÔûáÔûáÔûáÔûáÔûáÔûáÔûáÔûáÔûáÔûáÔûáÔûáÔûáÔûáÔûáÔûáÔûáÔûáÔûáÔûáÔûáÔûáÔûáÔûáÔûáÔûáÔûáÔûáÔûáÔûáÔûáÔûáÔûáÔûá                |  80% of 2.3 MiB
Trust trio (authenticated gate)	Install Playwright Chromium	2026-07-13T22:29:45.5258465Z |ÔûáÔûáÔûáÔûáÔûáÔûáÔûáÔûáÔûáÔûáÔûáÔûáÔûáÔûáÔûáÔûáÔûáÔûáÔûáÔûáÔûáÔûáÔûáÔûáÔûáÔûáÔûáÔûáÔûáÔûáÔûáÔûáÔûáÔûáÔûáÔûáÔûáÔûáÔûáÔûáÔûáÔûáÔûáÔûáÔûáÔûáÔûáÔûáÔûáÔûáÔûáÔûáÔûáÔûáÔûáÔûáÔûáÔûáÔûáÔûáÔûáÔûáÔûáÔûáÔûáÔûáÔûáÔûáÔûáÔûáÔûáÔûá        |  90% of 2.3 MiB
Trust trio (authenticated gate)	Install Playwright Chromium	2026-07-13T22:29:45.5283734Z |ÔûáÔûáÔûáÔûáÔûáÔûáÔûáÔûáÔûáÔûáÔûáÔûáÔûáÔûáÔûáÔûáÔûáÔûáÔûáÔûáÔûáÔûáÔûáÔûáÔûáÔûáÔûáÔûáÔûáÔûáÔûáÔûáÔûáÔûáÔûáÔûáÔûáÔûáÔûáÔûáÔûáÔûáÔûáÔûáÔûáÔûáÔûáÔûáÔûáÔûáÔûáÔûáÔûáÔûáÔûáÔûáÔûáÔûáÔûáÔûáÔûáÔûáÔûáÔûáÔûáÔûáÔûáÔûáÔûáÔûáÔûáÔûáÔûáÔûáÔûáÔûáÔûáÔûáÔûáÔûá| 100% of 2.3 MiB
Trust trio (authenticated gate)	Install Playwright Chromium	2026-07-13T22:29:45.6058833Z FFmpeg (playwright ffmpeg v1011) downloaded to /home/runner/.cache/ms-playwright/ffmpeg-1011
Trust trio (authenticated gate)	Install Playwright Chromium	2026-07-13T22:29:45.6063180Z Downloading Chrome Headless Shell 145.0.7632.6 (playwright chromium-headless-shell v1208) from https://cdn.playwright.dev/builds/cft/145.0.7632.6/linux64/chrome-headless-shell-linux64.zip
Trust trio (authenticated gate)	Install Playwright Chromium	2026-07-13T22:29:45.8333641Z |                                                                                |   0% of 110.9 MiB
Trust trio (authenticated gate)	Install Playwright Chromium	2026-07-13T22:29:46.1156657Z |ÔûáÔûáÔûáÔûáÔûáÔûáÔûáÔûá                                                                        |  10% of 110.9 MiB
Trust trio (authenticated gate)	Install Playwright Chromium	2026-07-13T22:29:46.4768713Z |ÔûáÔûáÔûáÔûáÔûáÔûáÔûáÔûáÔûáÔûáÔûáÔûáÔûáÔûáÔûáÔûá                                                                |  20% of 110.9 MiB
Trust trio (authenticated gate)	Install Playwright Chromium	2026-07-13T22:29:46.5824456Z |ÔûáÔûáÔûáÔûáÔûáÔûáÔûáÔûáÔûáÔûáÔûáÔûáÔûáÔûáÔûáÔûáÔûáÔûáÔûáÔûáÔûáÔûáÔûáÔûá                                                        |  30% of 110.9 MiB
Trust trio (authenticated gate)	Install Playwright Chromium	2026-07-13T22:29:46.7463751Z |ÔûáÔûáÔûáÔûáÔûáÔûáÔûáÔûáÔûáÔûáÔûáÔûáÔûáÔûáÔûáÔûáÔûáÔûáÔûáÔûáÔûáÔûáÔûáÔûáÔûáÔûáÔûáÔûáÔûáÔûáÔûáÔûá                                                |  40% of 110.9 MiB
Trust trio (authenticated gate)	Install Playwright Chromium	2026-07-13T22:29:46.8600547Z |ÔûáÔûáÔûáÔûáÔûáÔûáÔûáÔûáÔûáÔûáÔûáÔûáÔûáÔûáÔûáÔûáÔûáÔûáÔûáÔûáÔûáÔûáÔûáÔûáÔûáÔûáÔûáÔûáÔûáÔûáÔûáÔûáÔûáÔûáÔûáÔûáÔûáÔûáÔûáÔûá                                        |  50% of 110.9 MiB
Trust trio (authenticated gate)	Install Playwright Chromium	2026-07-13T22:29:46.9790521Z |ÔûáÔûáÔûáÔûáÔûáÔûáÔûáÔûáÔûáÔûáÔûáÔûáÔûáÔûáÔûáÔûáÔûáÔûáÔûáÔûáÔûáÔûáÔûáÔûáÔûáÔûáÔûáÔûáÔûáÔûáÔûáÔûáÔûáÔûáÔûáÔûáÔûáÔûáÔûáÔûáÔûáÔûáÔûáÔûáÔûáÔûáÔûáÔûá                                |  60% of 110.9 MiB
Trust trio (authenticated gate)	Install Playwright Chromium	2026-07-13T22:29:47.1496229Z |ÔûáÔûáÔûáÔûáÔûáÔûáÔûáÔûáÔûáÔûáÔûáÔûáÔûáÔûáÔûáÔûáÔûáÔûáÔûáÔûáÔûáÔûáÔûáÔûáÔûáÔûáÔûáÔûáÔûáÔûáÔûáÔûáÔûáÔûáÔûáÔûáÔûáÔûáÔûáÔûáÔûáÔûáÔûáÔûáÔûáÔûáÔûáÔûáÔûáÔûáÔûáÔûáÔûáÔûáÔûáÔûá                        |  70% of 110.9 MiB
Trust trio (authenticated gate)	Install Playwright Chromium	2026-07-13T22:29:47.2642557Z |ÔûáÔûáÔûáÔûáÔûáÔûáÔûáÔûáÔûáÔûáÔûáÔûáÔûáÔûáÔûáÔûáÔûáÔûáÔûáÔûáÔûáÔûáÔûáÔûáÔûáÔûáÔûáÔûáÔûáÔûáÔûáÔûáÔûáÔûáÔûáÔûáÔûáÔûáÔûáÔûáÔûáÔûáÔûáÔûáÔûáÔûáÔûáÔûáÔûáÔûáÔûáÔûáÔûáÔûáÔûáÔûáÔûáÔûáÔûáÔûáÔûáÔûáÔûáÔûá                |  80% of 110.9 MiB
Trust trio (authenticated gate)	Install Playwright Chromium	2026-07-13T22:29:47.3683783Z |ÔûáÔûáÔûáÔûáÔûáÔûáÔûáÔûáÔûáÔûáÔûáÔûáÔûáÔûáÔûáÔûáÔûáÔûáÔûáÔûáÔûáÔûáÔûáÔûáÔûáÔûáÔûáÔûáÔûáÔûáÔûáÔûáÔûáÔûáÔûáÔûáÔûáÔûáÔûáÔûáÔûáÔûáÔûáÔûáÔûáÔûáÔûáÔûáÔûáÔûáÔûáÔûáÔûáÔûáÔûáÔûáÔûáÔûáÔûáÔûáÔûáÔûáÔûáÔûáÔûáÔûáÔûáÔûáÔûáÔûáÔûáÔûá        |  90% of 110.9 MiB
Trust trio (authenticated gate)	Install Playwright Chromium	2026-07-13T22:29:47.5274283Z |ÔûáÔûáÔûáÔûáÔûáÔûáÔûáÔûáÔûáÔûáÔûáÔûáÔûáÔûáÔûáÔûáÔûáÔûáÔûáÔûáÔûáÔûáÔûáÔûáÔûáÔûáÔûáÔûáÔûáÔûáÔûáÔûáÔûáÔûáÔûáÔûáÔûáÔûáÔûáÔûáÔûáÔûáÔûáÔûáÔûáÔûáÔûáÔûáÔûáÔûáÔûáÔûáÔûáÔûáÔûáÔûáÔûáÔûáÔûáÔûáÔûáÔûáÔûáÔûáÔûáÔûáÔûáÔûáÔûáÔûáÔûáÔûáÔûáÔûáÔûáÔûáÔûáÔûáÔûáÔûá| 100% of 110.9 MiB
Trust trio (authenticated gate)	Install Playwright Chromium	2026-07-13T22:29:50.0301496Z Chrome Headless Shell 145.0.7632.6 (playwright chromium-headless-shell v1208) downloaded to /home/runner/.cache/ms-playwright/chromium_headless_shell-1208
Trust trio (authenticated gate)	Trust trio e2e against staging	´╗┐2026-07-13T22:29:50.0486437Z ##[group]Run npx playwright test e2e/fi-trust-role-landing.spec.ts e2e/fi-trust-pipeline-layout.spec.ts e2e/fi-trust-golden-patient-spine.spec.ts --project=chromium-authenticated
Trust trio (authenticated gate)	Trust trio e2e against staging	2026-07-13T22:29:50.0488037Z ^[[36;1mnpx playwright test e2e/fi-trust-role-landing.spec.ts e2e/fi-trust-pipeline-layout.spec.ts e2e/fi-trust-golden-patient-spine.spec.ts --project=chromium-authenticated^[[0m
Trust trio (authenticated gate)	Trust trio e2e against staging	2026-07-13T22:29:50.0520105Z shell: /usr/bin/bash -e {0}
Trust trio (authenticated gate)	Trust trio e2e against staging	2026-07-13T22:29:50.0520380Z env:
Trust trio (authenticated gate)	Trust trio e2e against staging	2026-07-13T22:29:50.0520586Z   SKIP_ENV_VALIDATION: 1
Trust trio (authenticated gate)	Trust trio e2e against staging	2026-07-13T22:29:50.0520900Z   FI_E2E_BASE_URL: https://follicleintelligence.ai
Trust trio (authenticated gate)	Trust trio e2e against staging	2026-07-13T22:29:50.0521348Z   FI_E2E_TENANT_ID: ***
Trust trio (authenticated gate)	Trust trio e2e against staging	2026-07-13T22:29:50.0521645Z   FI_E2E_DEMO_ADMIN_EMAIL: ***
Trust trio (authenticated gate)	Trust trio e2e against staging	2026-07-13T22:29:50.0521927Z   FI_E2E_DEMO_ADMIN_PASSWORD: ***
Trust trio (authenticated gate)	Trust trio e2e against staging	2026-07-13T22:29:50.0522197Z   FI_E2E_OTHER_TENANT_ID: 
Trust trio (authenticated gate)	Trust trio e2e against staging	2026-07-13T22:29:50.0522493Z   FI_E2E_LEAD_ID: ***
Trust trio (authenticated gate)	Trust trio e2e against staging	2026-07-13T22:29:50.0522776Z   FI_E2E_PATIENT_ID: ***
Trust trio (authenticated gate)	Trust trio e2e against staging	2026-07-13T22:29:50.0523019Z   FI_E2E_BROWSERS: chromium
Trust trio (authenticated gate)	Trust trio e2e against staging	2026-07-13T22:29:50.0523296Z   NEXT_PUBLIC_SUPABASE_URL: 
Trust trio (authenticated gate)	Trust trio e2e against staging	2026-07-13T22:29:50.0523570Z   NEXT_PUBLIC_SUPABASE_ANON_KEY: 
Trust trio (authenticated gate)	Trust trio e2e against staging	2026-07-13T22:29:50.0523834Z   SUPABASE_SERVICE_ROLE_KEY: 
Trust trio (authenticated gate)	Trust trio e2e against staging	2026-07-13T22:29:50.0524140Z   PNPM_HOME: /home/runner/setup-pnpm/node_modules/.bin
Trust trio (authenticated gate)	Trust trio e2e against staging	2026-07-13T22:29:50.0524458Z ##[endgroup]
Trust trio (authenticated gate)	Trust trio e2e against staging	2026-07-13T22:29:51.7394396Z 
Trust trio (authenticated gate)	Trust trio e2e against staging	2026-07-13T22:29:51.7395529Z Running 8 tests using 2 workers
Trust trio (authenticated gate)	Trust trio e2e against staging	2026-07-13T22:30:50.1069574Z ┬░┬À┬À┬À┬À┬À┬░┬À
Trust trio (authenticated gate)	Trust trio e2e against staging	2026-07-13T22:30:50.1073863Z   2 skipped
Trust trio (authenticated gate)	Trust trio e2e against staging	2026-07-13T22:30:50.1074344Z   6 passed (58.5s)
Trust trio (authenticated gate)	Post Setup Node.js	´╗┐2026-07-13T22:30:50.1595944Z Node 20 is being deprecated. This workflow is running with Node 24 by default. If you need to temporarily use Node 20, you can set the ACTIONS_ALLOW_USE_UNSECURE_NODE_VERSION=true environment variable. For more information see: https://github.blog/changelog/2025-09-19-deprecation-of-node-20-on-github-actions-runners/
Trust trio (authenticated gate)	Post Setup Node.js	2026-07-13T22:30:50.1597299Z Post job cleanup.
Trust trio (authenticated gate)	Post Setup Node.js	2026-07-13T22:30:50.2853994Z (node:3497) [DEP0040] DeprecationWarning: The `punycode` module is deprecated. Please use a userland alternative instead.
Trust trio (authenticated gate)	Post Setup Node.js	2026-07-13T22:30:50.2855341Z (Use `node --trace-deprecation ...` to show where the warning was created)
Trust trio (authenticated gate)	Post Setup Node.js	2026-07-13T22:30:50.2858529Z Cache hit occurred on the primary key node-cache-Linux-x64-pnpm-cbb2ead7dcc68cdef5d56d848521fe3064c97c3e1a783bf41a5a04c311f69156, not saving cache.
Trust trio (authenticated gate)	Post Setup pnpm	´╗┐2026-07-13T22:30:50.2971128Z Node 20 is being deprecated. This workflow is running with Node 24 by default. If you need to temporarily use Node 20, you can set the ACTIONS_ALLOW_USE_UNSECURE_NODE_VERSION=true environment variable. For more information see: https://github.blog/changelog/2025-09-19-deprecation-of-node-20-on-github-actions-runners/
Trust trio (authenticated gate)	Post Setup pnpm	2026-07-13T22:30:50.2972410Z Post job cleanup.
Trust trio (authenticated gate)	Post Setup pnpm	2026-07-13T22:30:50.4474357Z Pruning is unnecessary.
Trust trio (authenticated gate)	Post Checkout	´╗┐2026-07-13T22:30:50.4640279Z Node 20 is being deprecated. This workflow is running with Node 24 by default. If you need to temporarily use Node 20, you can set the ACTIONS_ALLOW_USE_UNSECURE_NODE_VERSION=true environment variable. For more information see: https://github.blog/changelog/2025-09-19-deprecation-of-node-20-on-github-actions-runners/
Trust trio (authenticated gate)	Post Checkout	2026-07-13T22:30:50.4641631Z Post job cleanup.
Trust trio (authenticated gate)	Post Checkout	2026-07-13T22:30:50.5512993Z [command]/usr/bin/git version
Trust trio (authenticated gate)	Post Checkout	2026-07-13T22:30:50.5553455Z git version 2.54.0
Trust trio (authenticated gate)	Post Checkout	2026-07-13T22:30:50.5592760Z Temporarily overriding HOME='/home/runner/work/_temp/553447d0-44f0-420b-aa9b-57e08d5e21b7' before making global git config changes
Trust trio (authenticated gate)	Post Checkout	2026-07-13T22:30:50.5594489Z Adding repository directory to the temporary git global config as a safe directory
Trust trio (authenticated gate)	Post Checkout	2026-07-13T22:30:50.5599185Z [command]/usr/bin/git config --global --add safe.directory /home/runner/work/G-follicleintelligence/G-follicleintelligence
Trust trio (authenticated gate)	Post Checkout	2026-07-13T22:30:50.5638200Z [command]/usr/bin/git config --local --name-only --get-regexp core\.sshCommand
Trust trio (authenticated gate)	Post Checkout	2026-07-13T22:30:50.5698189Z [command]/usr/bin/git submodule foreach --recursive sh -c "git config --local --name-only --get-regexp 'core\.sshCommand' && git config --local --unset-all 'core.sshCommand' || :"
Trust trio (authenticated gate)	Post Checkout	2026-07-13T22:30:50.5952151Z [command]/usr/bin/git config --local --name-only --get-regexp http\.https\:\/\/github\.com\/\.extraheader
Trust trio (authenticated gate)	Post Checkout	2026-07-13T22:30:50.5980616Z http.https://github.com/.extraheader
Trust trio (authenticated gate)	Post Checkout	2026-07-13T22:30:50.5991974Z [command]/usr/bin/git config --local --unset-all http.https://github.com/.extraheader
Trust trio (authenticated gate)	Post Checkout	2026-07-13T22:30:50.6025566Z [command]/usr/bin/git submodule foreach --recursive sh -c "git config --local --name-only --get-regexp 'http\.https\:\/\/github\.com\/\.extraheader' && git config --local --unset-all 'http.https://github.com/.extraheader' || :"
Trust trio (authenticated gate)	Post Checkout	2026-07-13T22:30:50.6259444Z [command]/usr/bin/git config --local --name-only --get-regexp ^includeIf\.gitdir:
Trust trio (authenticated gate)	Post Checkout	2026-07-13T22:30:50.6290946Z [command]/usr/bin/git submodule foreach --recursive git config --local --show-origin --name-only --get-regexp remote.origin.url
Trust trio (authenticated gate)	Complete job	´╗┐2026-07-13T22:30:50.6658861Z Cleaning up orphan processes
Trust trio (authenticated gate)	Complete job	2026-07-13T22:30:50.6968034Z ##[warning]Node.js 20 is deprecated. The following actions target Node.js 20 but are being forced to run on Node.js 24: actions/checkout@v4, actions/setup-node@v4, pnpm/action-setup@v4. For more information see: https://github.blog/changelog/2025-09-19-deprecation-of-node-20-on-github-actions-runners/
