Trust trio (authenticated gate)	Set up job	´╗┐2026-07-13T20:23:09.5038454Z Current runner version: '2.335.1'
Trust trio (authenticated gate)	Set up job	2026-07-13T20:23:09.5064552Z ##[group]Runner Image Provisioner
Trust trio (authenticated gate)	Set up job	2026-07-13T20:23:09.5065475Z Hosted Compute Agent
Trust trio (authenticated gate)	Set up job	2026-07-13T20:23:09.5066333Z Version: 20260624.560
Trust trio (authenticated gate)	Set up job	2026-07-13T20:23:09.5067047Z Commit: 925d229a51159bc391ae97e54a2dd1fe20af789d
Trust trio (authenticated gate)	Set up job	2026-07-13T20:23:09.5067879Z Build Date: 2026-06-24T18:26:47Z
Trust trio (authenticated gate)	Set up job	2026-07-13T20:23:09.5068710Z Worker ID: {55b631a1-cbe5-4a3e-ab0c-1499ab687b83}
Trust trio (authenticated gate)	Set up job	2026-07-13T20:23:09.5069502Z Azure Region: centralus
Trust trio (authenticated gate)	Set up job	2026-07-13T20:23:09.5070540Z ##[endgroup]
Trust trio (authenticated gate)	Set up job	2026-07-13T20:23:09.5072097Z ##[group]Operating System
Trust trio (authenticated gate)	Set up job	2026-07-13T20:23:09.5073261Z Ubuntu
Trust trio (authenticated gate)	Set up job	2026-07-13T20:23:09.5073853Z 24.04.4
Trust trio (authenticated gate)	Set up job	2026-07-13T20:23:09.5074500Z LTS
Trust trio (authenticated gate)	Set up job	2026-07-13T20:23:09.5075131Z ##[endgroup]
Trust trio (authenticated gate)	Set up job	2026-07-13T20:23:09.5075750Z ##[group]Runner Image
Trust trio (authenticated gate)	Set up job	2026-07-13T20:23:09.5076513Z Image: ubuntu-24.04
Trust trio (authenticated gate)	Set up job	2026-07-13T20:23:09.5077145Z Version: 20260705.232.1
Trust trio (authenticated gate)	Set up job	2026-07-13T20:23:09.5078336Z Included Software: https://github.com/actions/runner-images/blob/ubuntu24/20260705.232/images/ubuntu/Ubuntu2404-Readme.md
Trust trio (authenticated gate)	Set up job	2026-07-13T20:23:09.5080674Z Image Release: https://github.com/actions/runner-images/releases/tag/ubuntu24%2F20260705.232
Trust trio (authenticated gate)	Set up job	2026-07-13T20:23:09.5081835Z ##[endgroup]
Trust trio (authenticated gate)	Set up job	2026-07-13T20:23:09.5083205Z ##[group]GITHUB_TOKEN Permissions
Trust trio (authenticated gate)	Set up job	2026-07-13T20:23:09.5085505Z Contents: read
Trust trio (authenticated gate)	Set up job	2026-07-13T20:23:09.5086198Z Metadata: read
Trust trio (authenticated gate)	Set up job	2026-07-13T20:23:09.5086923Z Packages: read
Trust trio (authenticated gate)	Set up job	2026-07-13T20:23:09.5087594Z ##[endgroup]
Trust trio (authenticated gate)	Set up job	2026-07-13T20:23:09.5089927Z Secret source: Actions
Trust trio (authenticated gate)	Set up job	2026-07-13T20:23:09.5091668Z Prepare workflow directory
Trust trio (authenticated gate)	Set up job	2026-07-13T20:23:09.5718543Z Prepare all required actions
Trust trio (authenticated gate)	Set up job	2026-07-13T20:23:09.5771331Z Getting action download info
Trust trio (authenticated gate)	Set up job	2026-07-13T20:23:09.8065477Z Download action repository 'actions/checkout@v4' (SHA:34e114876b0b11c390a56381ad16ebd13914f8d5)
Trust trio (authenticated gate)	Set up job	2026-07-13T20:23:09.8791669Z Download action repository 'pnpm/action-setup@v4' (SHA:b906affcce14559ad1aafd4ab0e942779e9f58b1)
Trust trio (authenticated gate)	Set up job	2026-07-13T20:23:10.4252698Z Download action repository 'actions/setup-node@v4' (SHA:49933ea5288caeca8642d1e84afbd3f7d6820020)
Trust trio (authenticated gate)	Set up job	2026-07-13T20:23:10.6073093Z Complete job name: Trust trio (authenticated gate)
Trust trio (authenticated gate)	Checkout	´╗┐2026-07-13T20:23:10.6758663Z Node 20 is being deprecated. This workflow is running with Node 24 by default. If you need to temporarily use Node 20, you can set the ACTIONS_ALLOW_USE_UNSECURE_NODE_VERSION=true environment variable. For more information see: https://github.blog/changelog/2025-09-19-deprecation-of-node-20-on-github-actions-runners/
Trust trio (authenticated gate)	Checkout	2026-07-13T20:23:10.6769513Z ##[group]Run actions/checkout@v4
Trust trio (authenticated gate)	Checkout	2026-07-13T20:23:10.6770504Z with:
Trust trio (authenticated gate)	Checkout	2026-07-13T20:23:10.6771093Z   repository: Hairaudit-v2/G-follicleintelligence
Trust trio (authenticated gate)	Checkout	2026-07-13T20:23:10.6775616Z   token: ***
Trust trio (authenticated gate)	Checkout	2026-07-13T20:23:10.6776122Z   ssh-strict: true
Trust trio (authenticated gate)	Checkout	2026-07-13T20:23:10.6776648Z   ssh-user: git
Trust trio (authenticated gate)	Checkout	2026-07-13T20:23:10.6777151Z   persist-credentials: true
Trust trio (authenticated gate)	Checkout	2026-07-13T20:23:10.6777699Z   clean: true
Trust trio (authenticated gate)	Checkout	2026-07-13T20:23:10.6778219Z   sparse-checkout-cone-mode: true
Trust trio (authenticated gate)	Checkout	2026-07-13T20:23:10.6778814Z   fetch-depth: 1
Trust trio (authenticated gate)	Checkout	2026-07-13T20:23:10.6779317Z   fetch-tags: false
Trust trio (authenticated gate)	Checkout	2026-07-13T20:23:10.6779843Z   show-progress: true
Trust trio (authenticated gate)	Checkout	2026-07-13T20:23:10.6780535Z   lfs: false
Trust trio (authenticated gate)	Checkout	2026-07-13T20:23:10.6781028Z   submodules: false
Trust trio (authenticated gate)	Checkout	2026-07-13T20:23:10.6781594Z   set-safe-directory: true
Trust trio (authenticated gate)	Checkout	2026-07-13T20:23:10.6782369Z env:
Trust trio (authenticated gate)	Checkout	2026-07-13T20:23:10.6782844Z   SKIP_ENV_VALIDATION: 1
Trust trio (authenticated gate)	Checkout	2026-07-13T20:23:10.6783465Z   FI_E2E_BASE_URL: https://follicleintelligence.ai
Trust trio (authenticated gate)	Checkout	2026-07-13T20:23:10.6784290Z   FI_E2E_TENANT_ID: ***
Trust trio (authenticated gate)	Checkout	2026-07-13T20:23:10.6784916Z   FI_E2E_DEMO_ADMIN_EMAIL: ***
Trust trio (authenticated gate)	Checkout	2026-07-13T20:23:10.6785528Z   FI_E2E_DEMO_ADMIN_PASSWORD: ***
Trust trio (authenticated gate)	Checkout	2026-07-13T20:23:10.6786114Z   FI_E2E_OTHER_TENANT_ID: 
Trust trio (authenticated gate)	Checkout	2026-07-13T20:23:10.6786735Z   FI_E2E_LEAD_ID: ***
Trust trio (authenticated gate)	Checkout	2026-07-13T20:23:10.6787348Z   FI_E2E_PATIENT_ID: ***
Trust trio (authenticated gate)	Checkout	2026-07-13T20:23:10.6787886Z   FI_E2E_BROWSERS: chromium
Trust trio (authenticated gate)	Checkout	2026-07-13T20:23:10.6788457Z   NEXT_PUBLIC_SUPABASE_URL: 
Trust trio (authenticated gate)	Checkout	2026-07-13T20:23:10.6789041Z   NEXT_PUBLIC_SUPABASE_ANON_KEY: 
Trust trio (authenticated gate)	Checkout	2026-07-13T20:23:10.6789648Z   SUPABASE_SERVICE_ROLE_KEY: 
Trust trio (authenticated gate)	Checkout	2026-07-13T20:23:10.6790340Z ##[endgroup]
Trust trio (authenticated gate)	Checkout	2026-07-13T20:23:10.7788725Z Syncing repository: Hairaudit-v2/G-follicleintelligence
Trust trio (authenticated gate)	Checkout	2026-07-13T20:23:10.7791557Z ##[group]Getting Git version info
Trust trio (authenticated gate)	Checkout	2026-07-13T20:23:10.7792592Z Working directory is '/home/runner/work/G-follicleintelligence/G-follicleintelligence'
Trust trio (authenticated gate)	Checkout	2026-07-13T20:23:10.7793983Z [command]/usr/bin/git version
Trust trio (authenticated gate)	Checkout	2026-07-13T20:23:10.7856581Z git version 2.54.0
Trust trio (authenticated gate)	Checkout	2026-07-13T20:23:10.7907323Z ##[endgroup]
Trust trio (authenticated gate)	Checkout	2026-07-13T20:23:10.7921441Z Temporarily overriding HOME='/home/runner/work/_temp/2bfe12c4-2543-4923-afd6-7d8bc40a7dfa' before making global git config changes
Trust trio (authenticated gate)	Checkout	2026-07-13T20:23:10.7923494Z Adding repository directory to the temporary git global config as a safe directory
Trust trio (authenticated gate)	Checkout	2026-07-13T20:23:10.7927290Z [command]/usr/bin/git config --global --add safe.directory /home/runner/work/G-follicleintelligence/G-follicleintelligence
Trust trio (authenticated gate)	Checkout	2026-07-13T20:23:10.7977285Z Deleting the contents of '/home/runner/work/G-follicleintelligence/G-follicleintelligence'
Trust trio (authenticated gate)	Checkout	2026-07-13T20:23:10.7981063Z ##[group]Initializing the repository
Trust trio (authenticated gate)	Checkout	2026-07-13T20:23:10.7985393Z [command]/usr/bin/git init /home/runner/work/G-follicleintelligence/G-follicleintelligence
Trust trio (authenticated gate)	Checkout	2026-07-13T20:23:10.8088779Z hint: Using 'master' as the name for the initial branch. This default branch name
Trust trio (authenticated gate)	Checkout	2026-07-13T20:23:10.8089989Z hint: will change to "main" in Git 3.0. To configure the initial branch name
Trust trio (authenticated gate)	Checkout	2026-07-13T20:23:10.8091183Z hint: to use in all of your new repositories, which will suppress this warning,
Trust trio (authenticated gate)	Checkout	2026-07-13T20:23:10.8092034Z hint: call:
Trust trio (authenticated gate)	Checkout	2026-07-13T20:23:10.8092518Z hint:
Trust trio (authenticated gate)	Checkout	2026-07-13T20:23:10.8093112Z hint: 	git config --global init.defaultBranch <name>
Trust trio (authenticated gate)	Checkout	2026-07-13T20:23:10.8093816Z hint:
Trust trio (authenticated gate)	Checkout	2026-07-13T20:23:10.8094465Z hint: Names commonly chosen instead of 'master' are 'main', 'trunk' and
Trust trio (authenticated gate)	Checkout	2026-07-13T20:23:10.8095499Z hint: 'development'. The just-created branch can be renamed via this command:
Trust trio (authenticated gate)	Checkout	2026-07-13T20:23:10.8096328Z hint:
Trust trio (authenticated gate)	Checkout	2026-07-13T20:23:10.8096820Z hint: 	git branch -m <name>
Trust trio (authenticated gate)	Checkout	2026-07-13T20:23:10.8097368Z hint:
Trust trio (authenticated gate)	Checkout	2026-07-13T20:23:10.8098080Z hint: Disable this message with "git config set advice.defaultBranchName false"
Trust trio (authenticated gate)	Checkout	2026-07-13T20:23:10.8104659Z Initialized empty Git repository in /home/runner/work/G-follicleintelligence/G-follicleintelligence/.git/
Trust trio (authenticated gate)	Checkout	2026-07-13T20:23:10.8115268Z [command]/usr/bin/git remote add origin https://github.com/Hairaudit-v2/G-follicleintelligence
Trust trio (authenticated gate)	Checkout	2026-07-13T20:23:10.8156999Z ##[endgroup]
Trust trio (authenticated gate)	Checkout	2026-07-13T20:23:10.8157929Z ##[group]Disabling automatic garbage collection
Trust trio (authenticated gate)	Checkout	2026-07-13T20:23:10.8160499Z [command]/usr/bin/git config --local gc.auto 0
Trust trio (authenticated gate)	Checkout	2026-07-13T20:23:10.8188992Z ##[endgroup]
Trust trio (authenticated gate)	Checkout	2026-07-13T20:23:10.8189901Z ##[group]Setting up auth
Trust trio (authenticated gate)	Checkout	2026-07-13T20:23:10.8195466Z [command]/usr/bin/git config --local --name-only --get-regexp core\.sshCommand
Trust trio (authenticated gate)	Checkout	2026-07-13T20:23:10.8228565Z [command]/usr/bin/git submodule foreach --recursive sh -c "git config --local --name-only --get-regexp 'core\.sshCommand' && git config --local --unset-all 'core.sshCommand' || :"
Trust trio (authenticated gate)	Checkout	2026-07-13T20:23:10.8577592Z [command]/usr/bin/git config --local --name-only --get-regexp http\.https\:\/\/github\.com\/\.extraheader
Trust trio (authenticated gate)	Checkout	2026-07-13T20:23:10.8608270Z [command]/usr/bin/git submodule foreach --recursive sh -c "git config --local --name-only --get-regexp 'http\.https\:\/\/github\.com\/\.extraheader' && git config --local --unset-all 'http.https://github.com/.extraheader' || :"
Trust trio (authenticated gate)	Checkout	2026-07-13T20:23:10.8837699Z [command]/usr/bin/git config --local --name-only --get-regexp ^includeIf\.gitdir:
Trust trio (authenticated gate)	Checkout	2026-07-13T20:23:10.8868933Z [command]/usr/bin/git submodule foreach --recursive git config --local --show-origin --name-only --get-regexp remote.origin.url
Trust trio (authenticated gate)	Checkout	2026-07-13T20:23:10.9096564Z [command]/usr/bin/git config --local http.https://github.com/.extraheader AUTHORIZATION: basic ***
Trust trio (authenticated gate)	Checkout	2026-07-13T20:23:10.9130601Z ##[endgroup]
Trust trio (authenticated gate)	Checkout	2026-07-13T20:23:10.9131975Z ##[group]Fetching the repository
Trust trio (authenticated gate)	Checkout	2026-07-13T20:23:10.9139015Z [command]/usr/bin/git -c protocol.version=2 fetch --no-tags --prune --no-recurse-submodules --depth=1 origin +16b29652513dd024fa6561435feb43d9219519cf:refs/remotes/origin/main
Trust trio (authenticated gate)	Checkout	2026-07-13T20:23:13.1116494Z From https://github.com/Hairaudit-v2/G-follicleintelligence
Trust trio (authenticated gate)	Checkout	2026-07-13T20:23:13.1118317Z  * [new ref]         16b29652513dd024fa6561435feb43d9219519cf -> origin/main
Trust trio (authenticated gate)	Checkout	2026-07-13T20:23:13.1155355Z ##[endgroup]
Trust trio (authenticated gate)	Checkout	2026-07-13T20:23:13.1156157Z ##[group]Determining the checkout info
Trust trio (authenticated gate)	Checkout	2026-07-13T20:23:13.1157815Z ##[endgroup]
Trust trio (authenticated gate)	Checkout	2026-07-13T20:23:13.1164002Z [command]/usr/bin/git sparse-checkout disable
Trust trio (authenticated gate)	Checkout	2026-07-13T20:23:13.1210973Z [command]/usr/bin/git config --local --unset-all extensions.worktreeConfig
Trust trio (authenticated gate)	Checkout	2026-07-13T20:23:13.1239473Z ##[group]Checking out the ref
Trust trio (authenticated gate)	Checkout	2026-07-13T20:23:13.1243931Z [command]/usr/bin/git checkout --progress --force -B main refs/remotes/origin/main
Trust trio (authenticated gate)	Checkout	2026-07-13T20:23:13.4868405Z Switched to a new branch 'main'
Trust trio (authenticated gate)	Checkout	2026-07-13T20:23:13.4869420Z branch 'main' set up to track 'origin/main'.
Trust trio (authenticated gate)	Checkout	2026-07-13T20:23:13.4885037Z ##[endgroup]
Trust trio (authenticated gate)	Checkout	2026-07-13T20:23:13.4936031Z [command]/usr/bin/git log -1 --format=%H
Trust trio (authenticated gate)	Checkout	2026-07-13T20:23:13.4964204Z 16b29652513dd024fa6561435feb43d9219519cf
Trust trio (authenticated gate)	Setup pnpm	´╗┐2026-07-13T20:23:13.5263415Z Node 20 is being deprecated. This workflow is running with Node 24 by default. If you need to temporarily use Node 20, you can set the ACTIONS_ALLOW_USE_UNSECURE_NODE_VERSION=true environment variable. For more information see: https://github.blog/changelog/2025-09-19-deprecation-of-node-20-on-github-actions-runners/
Trust trio (authenticated gate)	Setup pnpm	2026-07-13T20:23:13.5265791Z ##[group]Run pnpm/action-setup@v4
Trust trio (authenticated gate)	Setup pnpm	2026-07-13T20:23:13.5266086Z with:
Trust trio (authenticated gate)	Setup pnpm	2026-07-13T20:23:13.5266308Z   run_install: false
Trust trio (authenticated gate)	Setup pnpm	2026-07-13T20:23:13.5266555Z   dest: ~/setup-pnpm
Trust trio (authenticated gate)	Setup pnpm	2026-07-13T20:23:13.5266789Z   cache: false
Trust trio (authenticated gate)	Setup pnpm	2026-07-13T20:23:13.5267040Z   cache_dependency_path: pnpm-lock.yaml
Trust trio (authenticated gate)	Setup pnpm	2026-07-13T20:23:13.5267361Z   package_json_file: package.json
Trust trio (authenticated gate)	Setup pnpm	2026-07-13T20:23:13.5267634Z   standalone: false
Trust trio (authenticated gate)	Setup pnpm	2026-07-13T20:23:13.5267861Z env:
Trust trio (authenticated gate)	Setup pnpm	2026-07-13T20:23:13.5268071Z   SKIP_ENV_VALIDATION: 1
Trust trio (authenticated gate)	Setup pnpm	2026-07-13T20:23:13.5268378Z   FI_E2E_BASE_URL: https://follicleintelligence.ai
Trust trio (authenticated gate)	Setup pnpm	2026-07-13T20:23:13.5269010Z   FI_E2E_TENANT_ID: ***
Trust trio (authenticated gate)	Setup pnpm	2026-07-13T20:23:13.5269308Z   FI_E2E_DEMO_ADMIN_EMAIL: ***
Trust trio (authenticated gate)	Setup pnpm	2026-07-13T20:23:13.5269651Z   FI_E2E_DEMO_ADMIN_PASSWORD: ***
Trust trio (authenticated gate)	Setup pnpm	2026-07-13T20:23:13.5269943Z   FI_E2E_OTHER_TENANT_ID: 
Trust trio (authenticated gate)	Setup pnpm	2026-07-13T20:23:13.5270585Z   FI_E2E_LEAD_ID: ***
Trust trio (authenticated gate)	Setup pnpm	2026-07-13T20:23:13.5270872Z   FI_E2E_PATIENT_ID: ***
Trust trio (authenticated gate)	Setup pnpm	2026-07-13T20:23:13.5271121Z   FI_E2E_BROWSERS: chromium
Trust trio (authenticated gate)	Setup pnpm	2026-07-13T20:23:13.5271372Z   NEXT_PUBLIC_SUPABASE_URL: 
Trust trio (authenticated gate)	Setup pnpm	2026-07-13T20:23:13.5271639Z   NEXT_PUBLIC_SUPABASE_ANON_KEY: 
Trust trio (authenticated gate)	Setup pnpm	2026-07-13T20:23:13.5271922Z   SUPABASE_SERVICE_ROLE_KEY: 
Trust trio (authenticated gate)	Setup pnpm	2026-07-13T20:23:13.5272173Z ##[endgroup]
Trust trio (authenticated gate)	Setup pnpm	2026-07-13T20:23:13.6701027Z ##[group]Running self-installer...
Trust trio (authenticated gate)	Setup pnpm	2026-07-13T20:23:14.0449680Z (node:2293) [DEP0169] DeprecationWarning: `url.parse()` behavior is not standardized and prone to errors that have security implications. Use the WHATWG URL API instead. CVEs are not issued for `url.parse()` vulnerabilities.
Trust trio (authenticated gate)	Setup pnpm	2026-07-13T20:23:14.0451762Z (Use `node --trace-deprecation ...` to show where the warning was created)
Trust trio (authenticated gate)	Setup pnpm	2026-07-13T20:23:14.2309062Z Progress: resolved 1, reused 0, downloaded 0, added 0
Trust trio (authenticated gate)	Setup pnpm	2026-07-13T20:23:14.2399976Z Packages: +1
Trust trio (authenticated gate)	Setup pnpm	2026-07-13T20:23:14.2401812Z +
Trust trio (authenticated gate)	Setup pnpm	2026-07-13T20:23:14.6521935Z Progress: resolved 1, reused 0, downloaded 1, added 1, done
Trust trio (authenticated gate)	Setup pnpm	2026-07-13T20:23:14.6784842Z 
Trust trio (authenticated gate)	Setup pnpm	2026-07-13T20:23:14.6785313Z dependencies:
Trust trio (authenticated gate)	Setup pnpm	2026-07-13T20:23:14.6785688Z + pnpm 10.30.3 (11.12.0 is available)
Trust trio (authenticated gate)	Setup pnpm	2026-07-13T20:23:14.6785986Z 
Trust trio (authenticated gate)	Setup pnpm	2026-07-13T20:23:14.6809223Z Done in 846ms
Trust trio (authenticated gate)	Setup pnpm	2026-07-13T20:23:14.6994793Z ##[endgroup]
Trust trio (authenticated gate)	Setup pnpm	2026-07-13T20:23:14.7001431Z Installation Completed!
Trust trio (authenticated gate)	Setup Node.js	´╗┐2026-07-13T20:23:14.7171906Z Node 20 is being deprecated. This workflow is running with Node 24 by default. If you need to temporarily use Node 20, you can set the ACTIONS_ALLOW_USE_UNSECURE_NODE_VERSION=true environment variable. For more information see: https://github.blog/changelog/2025-09-19-deprecation-of-node-20-on-github-actions-runners/
Trust trio (authenticated gate)	Setup Node.js	2026-07-13T20:23:14.7173172Z ##[group]Run actions/setup-node@v4
Trust trio (authenticated gate)	Setup Node.js	2026-07-13T20:23:14.7173449Z with:
Trust trio (authenticated gate)	Setup Node.js	2026-07-13T20:23:14.7173661Z   node-version: 20
Trust trio (authenticated gate)	Setup Node.js	2026-07-13T20:23:14.7173900Z   cache: pnpm
Trust trio (authenticated gate)	Setup Node.js	2026-07-13T20:23:14.7174120Z   always-auth: false
Trust trio (authenticated gate)	Setup Node.js	2026-07-13T20:23:14.7174355Z   check-latest: false
Trust trio (authenticated gate)	Setup Node.js	2026-07-13T20:23:14.7177134Z   token: ***
Trust trio (authenticated gate)	Setup Node.js	2026-07-13T20:23:14.7177537Z env:
Trust trio (authenticated gate)	Setup Node.js	2026-07-13T20:23:14.7177757Z   SKIP_ENV_VALIDATION: 1
Trust trio (authenticated gate)	Setup Node.js	2026-07-13T20:23:14.7178063Z   FI_E2E_BASE_URL: https://follicleintelligence.ai
Trust trio (authenticated gate)	Setup Node.js	2026-07-13T20:23:14.7178457Z   FI_E2E_TENANT_ID: ***
Trust trio (authenticated gate)	Setup Node.js	2026-07-13T20:23:14.7178754Z   FI_E2E_DEMO_ADMIN_EMAIL: ***
Trust trio (authenticated gate)	Setup Node.js	2026-07-13T20:23:14.7179089Z   FI_E2E_DEMO_ADMIN_PASSWORD: ***
Trust trio (authenticated gate)	Setup Node.js	2026-07-13T20:23:14.7179384Z   FI_E2E_OTHER_TENANT_ID: 
Trust trio (authenticated gate)	Setup Node.js	2026-07-13T20:23:14.7179678Z   FI_E2E_LEAD_ID: ***
Trust trio (authenticated gate)	Setup Node.js	2026-07-13T20:23:14.7179959Z   FI_E2E_PATIENT_ID: ***
Trust trio (authenticated gate)	Setup Node.js	2026-07-13T20:23:14.7180196Z   FI_E2E_BROWSERS: chromium
Trust trio (authenticated gate)	Setup Node.js	2026-07-13T20:23:14.7180658Z   NEXT_PUBLIC_SUPABASE_URL: 
Trust trio (authenticated gate)	Setup Node.js	2026-07-13T20:23:14.7180927Z   NEXT_PUBLIC_SUPABASE_ANON_KEY: 
Trust trio (authenticated gate)	Setup Node.js	2026-07-13T20:23:14.7181195Z   SUPABASE_SERVICE_ROLE_KEY: 
Trust trio (authenticated gate)	Setup Node.js	2026-07-13T20:23:14.7181530Z   PNPM_HOME: /home/runner/setup-pnpm/node_modules/.bin
Trust trio (authenticated gate)	Setup Node.js	2026-07-13T20:23:14.7181858Z ##[endgroup]
Trust trio (authenticated gate)	Setup Node.js	2026-07-13T20:23:14.8579737Z Attempting to download 20...
Trust trio (authenticated gate)	Setup Node.js	2026-07-13T20:23:14.8682220Z (node:2308) [DEP0040] DeprecationWarning: The `punycode` module is deprecated. Please use a userland alternative instead.
Trust trio (authenticated gate)	Setup Node.js	2026-07-13T20:23:14.8682982Z (Use `node --trace-deprecation ...` to show where the warning was created)
Trust trio (authenticated gate)	Setup Node.js	2026-07-13T20:23:15.4733806Z Acquiring 20.20.2 - x64 from https://github.com/actions/node-versions/releases/download/20.20.2-23521894959/node-20.20.2-linux-x64.tar.gz
Trust trio (authenticated gate)	Setup Node.js	2026-07-13T20:23:15.9652115Z Extracting ...
Trust trio (authenticated gate)	Setup Node.js	2026-07-13T20:23:15.9765591Z [command]/usr/bin/tar xz --strip 1 --warning=no-unknown-keyword --overwrite -C /home/runner/work/_temp/d88af73a-99de-4019-916e-3f6a4eeda735 -f /home/runner/work/_temp/f49bb781-ee21-4ea2-baa3-f6a6143e9b9c
Trust trio (authenticated gate)	Setup Node.js	2026-07-13T20:23:17.0508642Z Adding to the cache ...
Trust trio (authenticated gate)	Setup Node.js	2026-07-13T20:23:18.6146550Z ##[group]Environment details
Trust trio (authenticated gate)	Setup Node.js	2026-07-13T20:23:18.8343505Z node: v20.20.2
Trust trio (authenticated gate)	Setup Node.js	2026-07-13T20:23:18.8343932Z npm: 10.8.2
Trust trio (authenticated gate)	Setup Node.js	2026-07-13T20:23:18.8344234Z yarn: 1.22.22
Trust trio (authenticated gate)	Setup Node.js	2026-07-13T20:23:18.8344938Z ##[endgroup]
Trust trio (authenticated gate)	Setup Node.js	2026-07-13T20:23:18.8364706Z [command]/home/runner/setup-pnpm/node_modules/.bin/pnpm store path --silent
Trust trio (authenticated gate)	Setup Node.js	2026-07-13T20:23:19.1719441Z /home/runner/setup-pnpm/node_modules/.bin/store/v10
Trust trio (authenticated gate)	Setup Node.js	2026-07-13T20:23:19.3618688Z Cache hit for: node-cache-Linux-x64-pnpm-cbb2ead7dcc68cdef5d56d848521fe3064c97c3e1a783bf41a5a04c311f69156
Trust trio (authenticated gate)	Setup Node.js	2026-07-13T20:23:19.3718156Z (node:2308) [DEP0169] DeprecationWarning: `url.parse()` behavior is not standardized and prone to errors that have security implications. Use the WHATWG URL API instead. CVEs are not issued for `url.parse()` vulnerabilities.
Trust trio (authenticated gate)	Setup Node.js	2026-07-13T20:23:20.5290577Z Received 88080384 of 164130769 (53.7%), 84.0 MBs/sec
Trust trio (authenticated gate)	Setup Node.js	2026-07-13T20:23:21.1312663Z Received 164130769 of 164130769 (100.0%), 97.7 MBs/sec
Trust trio (authenticated gate)	Setup Node.js	2026-07-13T20:23:21.1313533Z Cache Size: ~157 MB (164130769 B)
Trust trio (authenticated gate)	Setup Node.js	2026-07-13T20:23:21.1434188Z [command]/usr/bin/tar -xf /home/runner/work/_temp/6ba2c8aa-c275-4476-b77c-044e4ffdd9f7/cache.tzst -P -C /home/runner/work/G-follicleintelligence/G-follicleintelligence --use-compress-program unzstd
Trust trio (authenticated gate)	Setup Node.js	2026-07-13T20:23:22.9267546Z Cache restored successfully
Trust trio (authenticated gate)	Setup Node.js	2026-07-13T20:23:22.9354936Z Cache restored from key: node-cache-Linux-x64-pnpm-cbb2ead7dcc68cdef5d56d848521fe3064c97c3e1a783bf41a5a04c311f69156
Trust trio (authenticated gate)	Install dependencies	´╗┐2026-07-13T20:23:22.9561471Z ##[group]Run pnpm install --frozen-lockfile
Trust trio (authenticated gate)	Install dependencies	2026-07-13T20:23:22.9561913Z ^[[36;1mpnpm install --frozen-lockfile^[[0m
Trust trio (authenticated gate)	Install dependencies	2026-07-13T20:23:22.9713248Z shell: /usr/bin/bash -e {0}
Trust trio (authenticated gate)	Install dependencies	2026-07-13T20:23:22.9713552Z env:
Trust trio (authenticated gate)	Install dependencies	2026-07-13T20:23:22.9713797Z   SKIP_ENV_VALIDATION: 1
Trust trio (authenticated gate)	Install dependencies	2026-07-13T20:23:22.9714136Z   FI_E2E_BASE_URL: https://follicleintelligence.ai
Trust trio (authenticated gate)	Install dependencies	2026-07-13T20:23:22.9714796Z   FI_E2E_TENANT_ID: ***
Trust trio (authenticated gate)	Install dependencies	2026-07-13T20:23:22.9715116Z   FI_E2E_DEMO_ADMIN_EMAIL: ***
Trust trio (authenticated gate)	Install dependencies	2026-07-13T20:23:22.9715419Z   FI_E2E_DEMO_ADMIN_PASSWORD: ***
Trust trio (authenticated gate)	Install dependencies	2026-07-13T20:23:22.9715699Z   FI_E2E_OTHER_TENANT_ID: 
Trust trio (authenticated gate)	Install dependencies	2026-07-13T20:23:22.9716005Z   FI_E2E_LEAD_ID: ***
Trust trio (authenticated gate)	Install dependencies	2026-07-13T20:23:22.9716296Z   FI_E2E_PATIENT_ID: ***
Trust trio (authenticated gate)	Install dependencies	2026-07-13T20:23:22.9716549Z   FI_E2E_BROWSERS: chromium
Trust trio (authenticated gate)	Install dependencies	2026-07-13T20:23:22.9716832Z   NEXT_PUBLIC_SUPABASE_URL: 
Trust trio (authenticated gate)	Install dependencies	2026-07-13T20:23:22.9717101Z   NEXT_PUBLIC_SUPABASE_ANON_KEY: 
Trust trio (authenticated gate)	Install dependencies	2026-07-13T20:23:22.9717390Z   SUPABASE_SERVICE_ROLE_KEY: 
Trust trio (authenticated gate)	Install dependencies	2026-07-13T20:23:22.9717930Z   PNPM_HOME: /home/runner/setup-pnpm/node_modules/.bin
Trust trio (authenticated gate)	Install dependencies	2026-07-13T20:23:22.9718301Z ##[endgroup]
Trust trio (authenticated gate)	Install dependencies	2026-07-13T20:23:23.3473406Z Scope: all 3 workspace projects
Trust trio (authenticated gate)	Install dependencies	2026-07-13T20:23:23.4178723Z Lockfile is up to date, resolution step is skipped
Trust trio (authenticated gate)	Install dependencies	2026-07-13T20:23:23.4851568Z Progress: resolved 1, reused 0, downloaded 0, added 0
Trust trio (authenticated gate)	Install dependencies	2026-07-13T20:23:23.5914354Z Packages: +789
Trust trio (authenticated gate)	Install dependencies	2026-07-13T20:23:23.5948080Z ++++++++++++++++++++++++++++++++++++++++++++++++++++++++++++++++++++++++++++++++
Trust trio (authenticated gate)	Install dependencies	2026-07-13T20:23:24.4863060Z Progress: resolved 789, reused 789, downloaded 0, added 374
Trust trio (authenticated gate)	Install dependencies	2026-07-13T20:23:24.7173427Z Progress: resolved 789, reused 789, downloaded 0, added 789, done
Trust trio (authenticated gate)	Install dependencies	2026-07-13T20:23:25.1051579Z 
Trust trio (authenticated gate)	Install dependencies	2026-07-13T20:23:25.1052354Z dependencies:
Trust trio (authenticated gate)	Install dependencies	2026-07-13T20:23:25.1052850Z + @dnd-kit/core 6.3.1
Trust trio (authenticated gate)	Install dependencies	2026-07-13T20:23:25.1053303Z + @dnd-kit/utilities 3.2.2
Trust trio (authenticated gate)	Install dependencies	2026-07-13T20:23:25.1053932Z + @follicle/intelligence-core 0.0.0 <- packages/intelligence-core
Trust trio (authenticated gate)	Install dependencies	2026-07-13T20:23:25.1054640Z + @hairlongevity/medical-intelligence-core 0.1.0 <- packages/medical-intelligence-core
Trust trio (authenticated gate)	Install dependencies	2026-07-13T20:23:25.1055262Z + @radix-ui/react-dropdown-menu 2.1.17
Trust trio (authenticated gate)	Install dependencies	2026-07-13T20:23:25.1055655Z + @radix-ui/react-slot 1.2.5
Trust trio (authenticated gate)	Install dependencies	2026-07-13T20:23:25.1055937Z + @supabase/ssr 0.5.2
Trust trio (authenticated gate)	Install dependencies	2026-07-13T20:23:25.1056241Z + @supabase/supabase-js 2.108.1
Trust trio (authenticated gate)	Install dependencies	2026-07-13T20:23:25.1056536Z + @vercel/analytics 2.0.1
Trust trio (authenticated gate)	Install dependencies	2026-07-13T20:23:25.1056835Z + @vercel/speed-insights 1.3.1
Trust trio (authenticated gate)	Install dependencies	2026-07-13T20:23:25.1057157Z + class-variance-authority 0.7.1
Trust trio (authenticated gate)	Install dependencies	2026-07-13T20:23:25.1057432Z + clsx 2.1.1
Trust trio (authenticated gate)	Install dependencies	2026-07-13T20:23:25.1057729Z + framer-motion 12.40.0
Trust trio (authenticated gate)	Install dependencies	2026-07-13T20:23:25.1058132Z + lucide-react 0.575.0
Trust trio (authenticated gate)	Install dependencies	2026-07-13T20:23:25.1058450Z + next 14.2.35
Trust trio (authenticated gate)	Install dependencies	2026-07-13T20:23:25.1058685Z + pdf-lib 1.17.1
Trust trio (authenticated gate)	Install dependencies	2026-07-13T20:23:25.1058915Z + react 18.3.1
Trust trio (authenticated gate)	Install dependencies	2026-07-13T20:23:25.1059166Z + react-dom 18.3.1
Trust trio (authenticated gate)	Install dependencies	2026-07-13T20:23:25.1059469Z + server-only 0.0.1
Trust trio (authenticated gate)	Install dependencies	2026-07-13T20:23:25.1059705Z + sharp 0.34.5
Trust trio (authenticated gate)	Install dependencies	2026-07-13T20:23:25.1059930Z + stripe 17.7.0
Trust trio (authenticated gate)	Install dependencies	2026-07-13T20:23:25.1060180Z + tailwind-merge 3.6.0
Trust trio (authenticated gate)	Install dependencies	2026-07-13T20:23:25.1060699Z + tailwindcss-animate 1.0.7
Trust trio (authenticated gate)	Install dependencies	2026-07-13T20:23:25.1060973Z + ws 8.21.0
Trust trio (authenticated gate)	Install dependencies	2026-07-13T20:23:25.1061252Z + zod 3.25.76
Trust trio (authenticated gate)	Install dependencies	2026-07-13T20:23:25.1061480Z + zustand 5.0.14
Trust trio (authenticated gate)	Install dependencies	2026-07-13T20:23:25.1061617Z 
Trust trio (authenticated gate)	Install dependencies	2026-07-13T20:23:25.1061727Z devDependencies:
Trust trio (authenticated gate)	Install dependencies	2026-07-13T20:23:25.1062010Z + @next/bundle-analyzer 14.2.35
Trust trio (authenticated gate)	Install dependencies	2026-07-13T20:23:25.1062304Z + @playwright/test 1.58.2
Trust trio (authenticated gate)	Install dependencies	2026-07-13T20:23:25.1062580Z + @types/node 20.19.43
Trust trio (authenticated gate)	Install dependencies	2026-07-13T20:23:25.1062833Z + @types/qrcode 1.5.6
Trust trio (authenticated gate)	Install dependencies	2026-07-13T20:23:25.1063165Z + @types/react 18.3.31
Trust trio (authenticated gate)	Install dependencies	2026-07-13T20:23:25.1063530Z + @types/react-dom 18.3.7
Trust trio (authenticated gate)	Install dependencies	2026-07-13T20:23:25.1063893Z + @types/ws 8.18.1
Trust trio (authenticated gate)	Install dependencies	2026-07-13T20:23:25.1064163Z + cross-env 7.0.3
Trust trio (authenticated gate)	Install dependencies	2026-07-13T20:23:25.1064513Z + eslint 8.57.1
Trust trio (authenticated gate)	Install dependencies	2026-07-13T20:23:25.1064872Z + eslint-config-next 14.2.35
Trust trio (authenticated gate)	Install dependencies	2026-07-13T20:23:25.1065187Z + eslint-config-prettier 10.1.8
Trust trio (authenticated gate)	Install dependencies	2026-07-13T20:23:25.1065470Z + linkinator 7.6.1
Trust trio (authenticated gate)	Install dependencies	2026-07-13T20:23:25.1065694Z + pg 8.21.0
Trust trio (authenticated gate)	Install dependencies	2026-07-13T20:23:25.1065911Z + postcss 8.5.15
Trust trio (authenticated gate)	Install dependencies	2026-07-13T20:23:25.1066143Z + prettier 3.8.4
Trust trio (authenticated gate)	Install dependencies	2026-07-13T20:23:25.1066369Z + qrcode 1.5.4
Trust trio (authenticated gate)	Install dependencies	2026-07-13T20:23:25.1066621Z + tailwindcss 3.4.19
Trust trio (authenticated gate)	Install dependencies	2026-07-13T20:23:25.1066882Z + ts-prune 0.10.3
Trust trio (authenticated gate)	Install dependencies	2026-07-13T20:23:25.1067429Z + tsx 4.22.4
Trust trio (authenticated gate)	Install dependencies	2026-07-13T20:23:25.1067665Z + typescript 5.9.3
Trust trio (authenticated gate)	Install dependencies	2026-07-13T20:23:25.1067895Z + vercel 55.0.0
Trust trio (authenticated gate)	Install dependencies	2026-07-13T20:23:25.1068128Z + xlsx 0.18.5
Trust trio (authenticated gate)	Install dependencies	2026-07-13T20:23:25.1068256Z 
Trust trio (authenticated gate)	Install dependencies	2026-07-13T20:23:25.1279381Z Ôò¡ Warning ÔöÇÔöÇÔöÇÔöÇÔöÇÔöÇÔöÇÔöÇÔöÇÔöÇÔöÇÔöÇÔöÇÔöÇÔöÇÔöÇÔöÇÔöÇÔöÇÔöÇÔöÇÔöÇÔöÇÔöÇÔöÇÔöÇÔöÇÔöÇÔöÇÔöÇÔöÇÔöÇÔöÇÔöÇÔöÇÔöÇÔöÇÔöÇÔöÇÔöÇÔöÇÔöÇÔöÇÔöÇÔöÇÔöÇÔöÇÔöÇÔöÇÔöÇÔöÇÔöÇÔöÇÔöÇÔöÇÔöÇÔöÇÔöÇÔöÇÔöÇÔöÇÔöÇÔöÇÔöÇÔöÇÔöÇÔöÇÔöÇÔöÇÔò«
Trust trio (authenticated gate)	Install dependencies	2026-07-13T20:23:25.1280046Z Ôöé                                                                              Ôöé
Trust trio (authenticated gate)	Install dependencies	2026-07-13T20:23:25.1280966Z Ôöé   Ignored build scripts: esbuild@0.27.0, esbuild@0.28.1, sharp@0.34.5,       Ôöé
Trust trio (authenticated gate)	Install dependencies	2026-07-13T20:23:25.1281603Z Ôöé   unrs-resolver@1.12.2.                                                      Ôöé
Trust trio (authenticated gate)	Install dependencies	2026-07-13T20:23:25.1282318Z Ôöé   Run "pnpm approve-builds" to pick which dependencies should be allowed     Ôöé
Trust trio (authenticated gate)	Install dependencies	2026-07-13T20:23:25.1282962Z Ôöé   to run scripts.                                                            Ôöé
Trust trio (authenticated gate)	Install dependencies	2026-07-13T20:23:25.1283505Z Ôöé                                                                              Ôöé
Trust trio (authenticated gate)	Install dependencies	2026-07-13T20:23:25.1284344Z Ôò░ÔöÇÔöÇÔöÇÔöÇÔöÇÔöÇÔöÇÔöÇÔöÇÔöÇÔöÇÔöÇÔöÇÔöÇÔöÇÔöÇÔöÇÔöÇÔöÇÔöÇÔöÇÔöÇÔöÇÔöÇÔöÇÔöÇÔöÇÔöÇÔöÇÔöÇÔöÇÔöÇÔöÇÔöÇÔöÇÔöÇÔöÇÔöÇÔöÇÔöÇÔöÇÔöÇÔöÇÔöÇÔöÇÔöÇÔöÇÔöÇÔöÇÔöÇÔöÇÔöÇÔöÇÔöÇÔöÇÔöÇÔöÇÔöÇÔöÇÔöÇÔöÇÔöÇÔöÇÔöÇÔöÇÔöÇÔöÇÔöÇÔöÇÔöÇÔöÇÔöÇÔöÇÔöÇÔöÇÔöÇÔöÇÔöÇÔò»
Trust trio (authenticated gate)	Install dependencies	2026-07-13T20:23:25.1445781Z Done in 2.1s using pnpm v10.30.3
Trust trio (authenticated gate)	Install Playwright Chromium	´╗┐2026-07-13T20:23:25.1627169Z ##[group]Run npx playwright install --with-deps chromium
Trust trio (authenticated gate)	Install Playwright Chromium	2026-07-13T20:23:25.1627646Z ^[[36;1mnpx playwright install --with-deps chromium^[[0m
Trust trio (authenticated gate)	Install Playwright Chromium	2026-07-13T20:23:25.1662089Z shell: /usr/bin/bash -e {0}
Trust trio (authenticated gate)	Install Playwright Chromium	2026-07-13T20:23:25.1662369Z env:
Trust trio (authenticated gate)	Install Playwright Chromium	2026-07-13T20:23:25.1662605Z   SKIP_ENV_VALIDATION: 1
Trust trio (authenticated gate)	Install Playwright Chromium	2026-07-13T20:23:25.1662935Z   FI_E2E_BASE_URL: https://follicleintelligence.ai
Trust trio (authenticated gate)	Install Playwright Chromium	2026-07-13T20:23:25.1663507Z   FI_E2E_TENANT_ID: ***
Trust trio (authenticated gate)	Install Playwright Chromium	2026-07-13T20:23:25.1663853Z   FI_E2E_DEMO_ADMIN_EMAIL: ***
Trust trio (authenticated gate)	Install Playwright Chromium	2026-07-13T20:23:25.1664148Z   FI_E2E_DEMO_ADMIN_PASSWORD: ***
Trust trio (authenticated gate)	Install Playwright Chromium	2026-07-13T20:23:25.1664434Z   FI_E2E_OTHER_TENANT_ID: 
Trust trio (authenticated gate)	Install Playwright Chromium	2026-07-13T20:23:25.1664738Z   FI_E2E_LEAD_ID: ***
Trust trio (authenticated gate)	Install Playwright Chromium	2026-07-13T20:23:25.1665030Z   FI_E2E_PATIENT_ID: ***
Trust trio (authenticated gate)	Install Playwright Chromium	2026-07-13T20:23:25.1665280Z   FI_E2E_BROWSERS: chromium
Trust trio (authenticated gate)	Install Playwright Chromium	2026-07-13T20:23:25.1665570Z   NEXT_PUBLIC_SUPABASE_URL: 
Trust trio (authenticated gate)	Install Playwright Chromium	2026-07-13T20:23:25.1665840Z   NEXT_PUBLIC_SUPABASE_ANON_KEY: 
Trust trio (authenticated gate)	Install Playwright Chromium	2026-07-13T20:23:25.1666117Z   SUPABASE_SERVICE_ROLE_KEY: 
Trust trio (authenticated gate)	Install Playwright Chromium	2026-07-13T20:23:25.1666427Z   PNPM_HOME: /home/runner/setup-pnpm/node_modules/.bin
Trust trio (authenticated gate)	Install Playwright Chromium	2026-07-13T20:23:25.1666802Z ##[endgroup]
Trust trio (authenticated gate)	Install Playwright Chromium	2026-07-13T20:23:26.1441251Z Installing dependencies...
Trust trio (authenticated gate)	Install Playwright Chromium	2026-07-13T20:23:26.1510690Z Switching to root user to install dependencies...
Trust trio (authenticated gate)	Install Playwright Chromium	2026-07-13T20:23:26.2286753Z Get:1 file:/etc/apt/apt-mirrors.txt Mirrorlist [144 B]
Trust trio (authenticated gate)	Install Playwright Chromium	2026-07-13T20:23:26.2671566Z Get:6 https://packages.microsoft.com/repos/azure-cli noble InRelease [3564 B]
Trust trio (authenticated gate)	Install Playwright Chromium	2026-07-13T20:23:26.2846296Z Get:7 https://packages.microsoft.com/ubuntu/24.04/prod noble InRelease [3600 B]
Trust trio (authenticated gate)	Install Playwright Chromium	2026-07-13T20:23:26.3494289Z Get:8 https://packages.microsoft.com/repos/azure-cli noble/main amd64 Packages [2314 B]
Trust trio (authenticated gate)	Install Playwright Chromium	2026-07-13T20:23:26.3672190Z Get:9 https://dl.google.com/linux/chrome-stable/deb stable InRelease [1825 B]
Trust trio (authenticated gate)	Install Playwright Chromium	2026-07-13T20:23:26.3719107Z Hit:2 http://azure.archive.ubuntu.com/ubuntu noble InRelease
Trust trio (authenticated gate)	Install Playwright Chromium	2026-07-13T20:23:26.3731539Z Get:3 http://azure.archive.ubuntu.com/ubuntu noble-updates InRelease [126 kB]
Trust trio (authenticated gate)	Install Playwright Chromium	2026-07-13T20:23:26.3759406Z Get:4 http://azure.archive.ubuntu.com/ubuntu noble-backports InRelease [126 kB]
Trust trio (authenticated gate)	Install Playwright Chromium	2026-07-13T20:23:26.3776360Z Get:5 http://azure.archive.ubuntu.com/ubuntu noble-security InRelease [126 kB]
Trust trio (authenticated gate)	Install Playwright Chromium	2026-07-13T20:23:26.3969034Z Get:10 https://packages.microsoft.com/ubuntu/24.04/prod noble/main armhf Packages [11.6 kB]
Trust trio (authenticated gate)	Install Playwright Chromium	2026-07-13T20:23:26.4006013Z Get:11 https://packages.microsoft.com/ubuntu/24.04/prod noble/main amd64 Packages [214 kB]
Trust trio (authenticated gate)	Install Playwright Chromium	2026-07-13T20:23:26.4081628Z Get:12 https://packages.microsoft.com/ubuntu/24.04/prod noble/main arm64 Packages [181 kB]
Trust trio (authenticated gate)	Install Playwright Chromium	2026-07-13T20:23:26.4777211Z Get:13 https://dl.google.com/linux/chrome-stable/deb stable/main amd64 Packages [1217 B]
Trust trio (authenticated gate)	Install Playwright Chromium	2026-07-13T20:23:26.5465713Z Get:14 http://azure.archive.ubuntu.com/ubuntu noble-updates/main amd64 Packages [1092 kB]
Trust trio (authenticated gate)	Install Playwright Chromium	2026-07-13T20:23:26.5553898Z Get:15 http://azure.archive.ubuntu.com/ubuntu noble-updates/main Translation-en [269 kB]
Trust trio (authenticated gate)	Install Playwright Chromium	2026-07-13T20:23:26.5561713Z Get:16 http://azure.archive.ubuntu.com/ubuntu noble-updates/main amd64 Components [180 kB]
Trust trio (authenticated gate)	Install Playwright Chromium	2026-07-13T20:23:26.5579298Z Get:17 http://azure.archive.ubuntu.com/ubuntu noble-updates/universe amd64 Packages [1660 kB]
Trust trio (authenticated gate)	Install Playwright Chromium	2026-07-13T20:23:26.5678085Z Get:18 http://azure.archive.ubuntu.com/ubuntu noble-updates/universe Translation-en [327 kB]
Trust trio (authenticated gate)	Install Playwright Chromium	2026-07-13T20:23:26.5715038Z Get:19 http://azure.archive.ubuntu.com/ubuntu noble-updates/universe amd64 Components [388 kB]
Trust trio (authenticated gate)	Install Playwright Chromium	2026-07-13T20:23:26.5736953Z Get:20 http://azure.archive.ubuntu.com/ubuntu noble-updates/restricted amd64 Packages [1225 kB]
Trust trio (authenticated gate)	Install Playwright Chromium	2026-07-13T20:23:26.5828079Z Get:21 http://azure.archive.ubuntu.com/ubuntu noble-updates/restricted Translation-en [276 kB]
Trust trio (authenticated gate)	Install Playwright Chromium	2026-07-13T20:23:26.5836965Z Get:22 http://azure.archive.ubuntu.com/ubuntu noble-updates/multiverse amd64 Components [940 B]
Trust trio (authenticated gate)	Install Playwright Chromium	2026-07-13T20:23:26.6016173Z Get:23 http://azure.archive.ubuntu.com/ubuntu noble-backports/main amd64 Components [5776 B]
Trust trio (authenticated gate)	Install Playwright Chromium	2026-07-13T20:23:26.6487454Z Get:24 http://azure.archive.ubuntu.com/ubuntu noble-backports/universe amd64 Components [10.5 kB]
Trust trio (authenticated gate)	Install Playwright Chromium	2026-07-13T20:23:26.6549687Z Get:25 http://azure.archive.ubuntu.com/ubuntu noble-security/main amd64 Packages [828 kB]
Trust trio (authenticated gate)	Install Playwright Chromium	2026-07-13T20:23:26.6597902Z Get:26 http://azure.archive.ubuntu.com/ubuntu noble-security/main Translation-en [187 kB]
Trust trio (authenticated gate)	Install Playwright Chromium	2026-07-13T20:23:26.6615592Z Get:27 http://azure.archive.ubuntu.com/ubuntu noble-security/main amd64 Components [45.0 kB]
Trust trio (authenticated gate)	Install Playwright Chromium	2026-07-13T20:23:26.6626148Z Get:28 http://azure.archive.ubuntu.com/ubuntu noble-security/main amd64 c-n-f Metadata [11.9 kB]
Trust trio (authenticated gate)	Install Playwright Chromium	2026-07-13T20:23:26.6636237Z Get:29 http://azure.archive.ubuntu.com/ubuntu noble-security/universe amd64 Packages [1174 kB]
Trust trio (authenticated gate)	Install Playwright Chromium	2026-07-13T20:23:26.6698138Z Get:30 http://azure.archive.ubuntu.com/ubuntu noble-security/universe Translation-en [231 kB]
Trust trio (authenticated gate)	Install Playwright Chromium	2026-07-13T20:23:26.6717080Z Get:31 http://azure.archive.ubuntu.com/ubuntu noble-security/universe amd64 Components [76.3 kB]
Trust trio (authenticated gate)	Install Playwright Chromium	2026-07-13T20:23:26.6729449Z Get:32 http://azure.archive.ubuntu.com/ubuntu noble-security/universe amd64 c-n-f Metadata [24.2 kB]
Trust trio (authenticated gate)	Install Playwright Chromium	2026-07-13T20:23:31.9038645Z Fetched 8809 kB in 1s (7275 kB/s)
Trust trio (authenticated gate)	Install Playwright Chromium	2026-07-13T20:23:32.5693158Z Reading package lists...
Trust trio (authenticated gate)	Install Playwright Chromium	2026-07-13T20:23:32.5949856Z Reading package lists...
Trust trio (authenticated gate)	Install Playwright Chromium	2026-07-13T20:23:32.7546623Z Building dependency tree...
Trust trio (authenticated gate)	Install Playwright Chromium	2026-07-13T20:23:32.7553653Z Reading state information...
Trust trio (authenticated gate)	Install Playwright Chromium	2026-07-13T20:23:32.9057467Z libasound2t64 is already the newest version (1.2.11-1ubuntu0.2).
Trust trio (authenticated gate)	Install Playwright Chromium	2026-07-13T20:23:32.9058248Z libasound2t64 set to manually installed.
Trust trio (authenticated gate)	Install Playwright Chromium	2026-07-13T20:23:32.9058955Z libatk-bridge2.0-0t64 is already the newest version (2.52.0-1build1).
Trust trio (authenticated gate)	Install Playwright Chromium	2026-07-13T20:23:32.9059642Z libatk-bridge2.0-0t64 set to manually installed.
Trust trio (authenticated gate)	Install Playwright Chromium	2026-07-13T20:23:32.9060570Z libatk1.0-0t64 is already the newest version (2.52.0-1build1).
Trust trio (authenticated gate)	Install Playwright Chromium	2026-07-13T20:23:32.9061170Z libatk1.0-0t64 set to manually installed.
Trust trio (authenticated gate)	Install Playwright Chromium	2026-07-13T20:23:32.9061845Z libatspi2.0-0t64 is already the newest version (2.52.0-1build1).
Trust trio (authenticated gate)	Install Playwright Chromium	2026-07-13T20:23:32.9062549Z libatspi2.0-0t64 set to manually installed.
Trust trio (authenticated gate)	Install Playwright Chromium	2026-07-13T20:23:32.9063268Z libcairo2 is already the newest version (1.18.0-3build1).
Trust trio (authenticated gate)	Install Playwright Chromium	2026-07-13T20:23:32.9064170Z libcairo2 set to manually installed.
Trust trio (authenticated gate)	Install Playwright Chromium	2026-07-13T20:23:32.9064885Z libcups2t64 is already the newest version (2.4.7-1.2ubuntu7.14).
Trust trio (authenticated gate)	Install Playwright Chromium	2026-07-13T20:23:32.9065469Z libcups2t64 set to manually installed.
Trust trio (authenticated gate)	Install Playwright Chromium	2026-07-13T20:23:32.9065924Z libdbus-1-3 is already the newest version (1.14.10-4ubuntu4.1).
Trust trio (authenticated gate)	Install Playwright Chromium	2026-07-13T20:23:32.9066344Z libdbus-1-3 set to manually installed.
Trust trio (authenticated gate)	Install Playwright Chromium	2026-07-13T20:23:32.9066778Z libdrm2 is already the newest version (2.4.125-1ubuntu0.1~24.04.2).
Trust trio (authenticated gate)	Install Playwright Chromium	2026-07-13T20:23:32.9067302Z libdrm2 set to manually installed.
Trust trio (authenticated gate)	Install Playwright Chromium	2026-07-13T20:23:32.9067719Z libgbm1 is already the newest version (25.2.8-0ubuntu0.24.04.2).
Trust trio (authenticated gate)	Install Playwright Chromium	2026-07-13T20:23:32.9068117Z libgbm1 set to manually installed.
Trust trio (authenticated gate)	Install Playwright Chromium	2026-07-13T20:23:32.9068525Z libglib2.0-0t64 is already the newest version (2.80.0-6ubuntu3.8).
Trust trio (authenticated gate)	Install Playwright Chromium	2026-07-13T20:23:32.9068954Z libglib2.0-0t64 set to manually installed.
Trust trio (authenticated gate)	Install Playwright Chromium	2026-07-13T20:23:32.9069473Z libnspr4 is already the newest version (2:4.35-1.1build1).
Trust trio (authenticated gate)	Install Playwright Chromium	2026-07-13T20:23:32.9069888Z libnspr4 set to manually installed.
Trust trio (authenticated gate)	Install Playwright Chromium	2026-07-13T20:23:32.9070492Z libnss3 is already the newest version (2:3.98-1ubuntu0.2).
Trust trio (authenticated gate)	Install Playwright Chromium	2026-07-13T20:23:32.9070905Z libnss3 set to manually installed.
Trust trio (authenticated gate)	Install Playwright Chromium	2026-07-13T20:23:32.9071338Z libpango-1.0-0 is already the newest version (1.52.1+ds-1build1).
Trust trio (authenticated gate)	Install Playwright Chromium	2026-07-13T20:23:32.9071758Z libpango-1.0-0 set to manually installed.
Trust trio (authenticated gate)	Install Playwright Chromium	2026-07-13T20:23:32.9072169Z libx11-6 is already the newest version (2:1.8.7-1build1).
Trust trio (authenticated gate)	Install Playwright Chromium	2026-07-13T20:23:32.9072546Z libx11-6 set to manually installed.
Trust trio (authenticated gate)	Install Playwright Chromium	2026-07-13T20:23:32.9072923Z libxcb1 is already the newest version (1.15-1ubuntu2).
Trust trio (authenticated gate)	Install Playwright Chromium	2026-07-13T20:23:32.9073281Z libxcb1 set to manually installed.
Trust trio (authenticated gate)	Install Playwright Chromium	2026-07-13T20:23:32.9073697Z libxcomposite1 is already the newest version (1:0.4.5-1build3).
Trust trio (authenticated gate)	Install Playwright Chromium	2026-07-13T20:23:32.9074214Z libxcomposite1 set to manually installed.
Trust trio (authenticated gate)	Install Playwright Chromium	2026-07-13T20:23:32.9074654Z libxdamage1 is already the newest version (1:1.1.6-1build1).
Trust trio (authenticated gate)	Install Playwright Chromium	2026-07-13T20:23:32.9075070Z libxdamage1 set to manually installed.
Trust trio (authenticated gate)	Install Playwright Chromium	2026-07-13T20:23:32.9075775Z libxext6 is already the newest version (2:1.3.4-1build2).
Trust trio (authenticated gate)	Install Playwright Chromium	2026-07-13T20:23:32.9076165Z libxext6 set to manually installed.
Trust trio (authenticated gate)	Install Playwright Chromium	2026-07-13T20:23:32.9076569Z libxfixes3 is already the newest version (1:6.0.0-2build1).
Trust trio (authenticated gate)	Install Playwright Chromium	2026-07-13T20:23:32.9077141Z libxfixes3 set to manually installed.
Trust trio (authenticated gate)	Install Playwright Chromium	2026-07-13T20:23:32.9077639Z libxkbcommon0 is already the newest version (1.6.0-1build1).
Trust trio (authenticated gate)	Install Playwright Chromium	2026-07-13T20:23:32.9078071Z libxkbcommon0 set to manually installed.
Trust trio (authenticated gate)	Install Playwright Chromium	2026-07-13T20:23:32.9078498Z libxrandr2 is already the newest version (2:1.5.2-2build1).
Trust trio (authenticated gate)	Install Playwright Chromium	2026-07-13T20:23:32.9078882Z libxrandr2 set to manually installed.
Trust trio (authenticated gate)	Install Playwright Chromium	2026-07-13T20:23:32.9079290Z xvfb is already the newest version (2:21.1.12-1ubuntu1.6).
Trust trio (authenticated gate)	Install Playwright Chromium	2026-07-13T20:23:32.9079835Z fonts-noto-color-emoji is already the newest version (2.047-0ubuntu0.24.04.1).
Trust trio (authenticated gate)	Install Playwright Chromium	2026-07-13T20:23:32.9080654Z libfontconfig1 is already the newest version (2.15.0-1.1ubuntu2).
Trust trio (authenticated gate)	Install Playwright Chromium	2026-07-13T20:23:32.9081101Z libfontconfig1 set to manually installed.
Trust trio (authenticated gate)	Install Playwright Chromium	2026-07-13T20:23:32.9081577Z libfreetype6 is already the newest version (2.13.2+dfsg-1ubuntu0.1).
Trust trio (authenticated gate)	Install Playwright Chromium	2026-07-13T20:23:32.9082019Z libfreetype6 set to manually installed.
Trust trio (authenticated gate)	Install Playwright Chromium	2026-07-13T20:23:32.9082443Z fonts-liberation is already the newest version (1:2.1.5-3).
Trust trio (authenticated gate)	Install Playwright Chromium	2026-07-13T20:23:32.9082874Z fonts-liberation set to manually installed.
Trust trio (authenticated gate)	Install Playwright Chromium	2026-07-13T20:23:32.9083286Z The following additional packages will be installed:
Trust trio (authenticated gate)	Install Playwright Chromium	2026-07-13T20:23:32.9083667Z   xfonts-encodings xfonts-utils
Trust trio (authenticated gate)	Install Playwright Chromium	2026-07-13T20:23:32.9083973Z Recommended packages:
Trust trio (authenticated gate)	Install Playwright Chromium	2026-07-13T20:23:32.9084288Z   fonts-ipafont-mincho fonts-tlwg-loma
Trust trio (authenticated gate)	Install Playwright Chromium	2026-07-13T20:23:32.9305982Z The following NEW packages will be installed:
Trust trio (authenticated gate)	Install Playwright Chromium	2026-07-13T20:23:32.9306764Z   fonts-freefont-ttf fonts-ipafont-gothic fonts-tlwg-loma-otf fonts-unifont
Trust trio (authenticated gate)	Install Playwright Chromium	2026-07-13T20:23:32.9311593Z   fonts-wqy-zenhei xfonts-cyrillic xfonts-encodings xfonts-scalable
Trust trio (authenticated gate)	Install Playwright Chromium	2026-07-13T20:23:32.9312223Z   xfonts-utils
Trust trio (authenticated gate)	Install Playwright Chromium	2026-07-13T20:23:32.9492730Z 0 upgraded, 9 newly installed, 0 to remove and 44 not upgraded.
Trust trio (authenticated gate)	Install Playwright Chromium	2026-07-13T20:23:32.9493456Z Need to get 21.1 MB of archives.
Trust trio (authenticated gate)	Install Playwright Chromium	2026-07-13T20:23:32.9493930Z After this operation, 79.5 MB of additional disk space will be used.
Trust trio (authenticated gate)	Install Playwright Chromium	2026-07-13T20:23:32.9494454Z Get:1 file:/etc/apt/apt-mirrors.txt Mirrorlist [144 B]
Trust trio (authenticated gate)	Install Playwright Chromium	2026-07-13T20:23:33.1168684Z Get:2 http://azure.archive.ubuntu.com/ubuntu noble/universe amd64 fonts-ipafont-gothic all 00303-21ubuntu1 [3513 kB]
Trust trio (authenticated gate)	Install Playwright Chromium	2026-07-13T20:23:33.1808142Z Get:3 http://azure.archive.ubuntu.com/ubuntu noble/main amd64 fonts-freefont-ttf all 20211204+svn4273-2 [5641 kB]
Trust trio (authenticated gate)	Install Playwright Chromium	2026-07-13T20:23:33.3142854Z Get:4 http://azure.archive.ubuntu.com/ubuntu noble/universe amd64 fonts-tlwg-loma-otf all 1:0.7.3-1 [107 kB]
Trust trio (authenticated gate)	Install Playwright Chromium	2026-07-13T20:23:33.3498723Z Get:5 http://azure.archive.ubuntu.com/ubuntu noble/universe amd64 fonts-unifont all 1:15.1.01-1build1 [2993 kB]
Trust trio (authenticated gate)	Install Playwright Chromium	2026-07-13T20:23:33.4038616Z Get:6 http://azure.archive.ubuntu.com/ubuntu noble/universe amd64 fonts-wqy-zenhei all 0.9.45-8 [7472 kB]
Trust trio (authenticated gate)	Install Playwright Chromium	2026-07-13T20:23:33.5056919Z Get:7 http://azure.archive.ubuntu.com/ubuntu noble/main amd64 xfonts-encodings all 1:1.0.5-0ubuntu2 [578 kB]
Trust trio (authenticated gate)	Install Playwright Chromium	2026-07-13T20:23:33.5373079Z Get:8 http://azure.archive.ubuntu.com/ubuntu noble/main amd64 xfonts-utils amd64 1:7.7+6build3 [94.4 kB]
Trust trio (authenticated gate)	Install Playwright Chromium	2026-07-13T20:23:33.5658707Z Get:9 http://azure.archive.ubuntu.com/ubuntu noble/universe amd64 xfonts-cyrillic all 1:1.0.5+nmu1 [384 kB]
Trust trio (authenticated gate)	Install Playwright Chromium	2026-07-13T20:23:33.6008244Z Get:10 http://azure.archive.ubuntu.com/ubuntu noble/main amd64 xfonts-scalable all 1:1.0.3-1.3 [304 kB]
Trust trio (authenticated gate)	Install Playwright Chromium	2026-07-13T20:23:33.8526248Z Fetched 21.1 MB in 1s (31.7 MB/s)
Trust trio (authenticated gate)	Install Playwright Chromium	2026-07-13T20:23:33.8752777Z Selecting previously unselected package fonts-ipafont-gothic.
Trust trio (authenticated gate)	Install Playwright Chromium	2026-07-13T20:23:33.8997999Z (Reading database ... 
Trust trio (authenticated gate)	Install Playwright Chromium	2026-07-13T20:23:33.8998515Z (Reading database ... 5%
Trust trio (authenticated gate)	Install Playwright Chromium	2026-07-13T20:23:33.8998843Z (Reading database ... 10%
Trust trio (authenticated gate)	Install Playwright Chromium	2026-07-13T20:23:33.8999302Z (Reading database ... 15%
Trust trio (authenticated gate)	Install Playwright Chromium	2026-07-13T20:23:33.8999586Z (Reading database ... 20%
Trust trio (authenticated gate)	Install Playwright Chromium	2026-07-13T20:23:33.8999849Z (Reading database ... 25%
Trust trio (authenticated gate)	Install Playwright Chromium	2026-07-13T20:23:33.9000107Z (Reading database ... 30%
Trust trio (authenticated gate)	Install Playwright Chromium	2026-07-13T20:23:33.9000771Z (Reading database ... 35%
Trust trio (authenticated gate)	Install Playwright Chromium	2026-07-13T20:23:33.9001850Z (Reading database ... 40%
Trust trio (authenticated gate)	Install Playwright Chromium	2026-07-13T20:23:33.9002431Z (Reading database ... 45%
Trust trio (authenticated gate)	Install Playwright Chromium	2026-07-13T20:23:33.9003023Z (Reading database ... 50%
Trust trio (authenticated gate)	Install Playwright Chromium	2026-07-13T20:23:33.9042686Z (Reading database ... 55%
Trust trio (authenticated gate)	Install Playwright Chromium	2026-07-13T20:23:34.0445887Z (Reading database ... 60%
Trust trio (authenticated gate)	Install Playwright Chromium	2026-07-13T20:23:34.2076944Z (Reading database ... 65%
Trust trio (authenticated gate)	Install Playwright Chromium	2026-07-13T20:23:34.3984743Z (Reading database ... 70%
Trust trio (authenticated gate)	Install Playwright Chromium	2026-07-13T20:23:34.4702944Z (Reading database ... 75%
Trust trio (authenticated gate)	Install Playwright Chromium	2026-07-13T20:23:34.5989150Z (Reading database ... 80%
Trust trio (authenticated gate)	Install Playwright Chromium	2026-07-13T20:23:34.7942332Z (Reading database ... 85%
Trust trio (authenticated gate)	Install Playwright Chromium	2026-07-13T20:23:34.9887899Z (Reading database ... 90%
Trust trio (authenticated gate)	Install Playwright Chromium	2026-07-13T20:23:35.1673969Z (Reading database ... 95%
Trust trio (authenticated gate)	Install Playwright Chromium	2026-07-13T20:23:35.1674420Z (Reading database ... 100%
Trust trio (authenticated gate)	Install Playwright Chromium	2026-07-13T20:23:35.1674893Z (Reading database ... 202701 files and directories currently installed.)
Trust trio (authenticated gate)	Install Playwright Chromium	2026-07-13T20:23:35.1721285Z Preparing to unpack .../0-fonts-ipafont-gothic_00303-21ubuntu1_all.deb ...
Trust trio (authenticated gate)	Install Playwright Chromium	2026-07-13T20:23:35.1813266Z Unpacking fonts-ipafont-gothic (00303-21ubuntu1) ...
Trust trio (authenticated gate)	Install Playwright Chromium	2026-07-13T20:23:35.4263550Z Selecting previously unselected package fonts-freefont-ttf.
Trust trio (authenticated gate)	Install Playwright Chromium	2026-07-13T20:23:35.4396280Z Preparing to unpack .../1-fonts-freefont-ttf_20211204+svn4273-2_all.deb ...
Trust trio (authenticated gate)	Install Playwright Chromium	2026-07-13T20:23:35.4403343Z Unpacking fonts-freefont-ttf (20211204+svn4273-2) ...
Trust trio (authenticated gate)	Install Playwright Chromium	2026-07-13T20:23:35.5196333Z Selecting previously unselected package fonts-tlwg-loma-otf.
Trust trio (authenticated gate)	Install Playwright Chromium	2026-07-13T20:23:35.5328802Z Preparing to unpack .../2-fonts-tlwg-loma-otf_1%3a0.7.3-1_all.deb ...
Trust trio (authenticated gate)	Install Playwright Chromium	2026-07-13T20:23:35.5335139Z Unpacking fonts-tlwg-loma-otf (1:0.7.3-1) ...
Trust trio (authenticated gate)	Install Playwright Chromium	2026-07-13T20:23:35.5541402Z Selecting previously unselected package fonts-unifont.
Trust trio (authenticated gate)	Install Playwright Chromium	2026-07-13T20:23:35.5670806Z Preparing to unpack .../3-fonts-unifont_1%3a15.1.01-1build1_all.deb ...
Trust trio (authenticated gate)	Install Playwright Chromium	2026-07-13T20:23:35.5677494Z Unpacking fonts-unifont (1:15.1.01-1build1) ...
Trust trio (authenticated gate)	Install Playwright Chromium	2026-07-13T20:23:35.6761248Z Selecting previously unselected package fonts-wqy-zenhei.
Trust trio (authenticated gate)	Install Playwright Chromium	2026-07-13T20:23:35.6893342Z Preparing to unpack .../4-fonts-wqy-zenhei_0.9.45-8_all.deb ...
Trust trio (authenticated gate)	Install Playwright Chromium	2026-07-13T20:23:35.7051640Z Unpacking fonts-wqy-zenhei (0.9.45-8) ...
Trust trio (authenticated gate)	Install Playwright Chromium	2026-07-13T20:23:36.1821697Z Selecting previously unselected package xfonts-encodings.
Trust trio (authenticated gate)	Install Playwright Chromium	2026-07-13T20:23:36.1954869Z Preparing to unpack .../5-xfonts-encodings_1%3a1.0.5-0ubuntu2_all.deb ...
Trust trio (authenticated gate)	Install Playwright Chromium	2026-07-13T20:23:36.1961659Z Unpacking xfonts-encodings (1:1.0.5-0ubuntu2) ...
Trust trio (authenticated gate)	Install Playwright Chromium	2026-07-13T20:23:36.2247590Z Selecting previously unselected package xfonts-utils.
Trust trio (authenticated gate)	Install Playwright Chromium	2026-07-13T20:23:36.2376568Z Preparing to unpack .../6-xfonts-utils_1%3a7.7+6build3_amd64.deb ...
Trust trio (authenticated gate)	Install Playwright Chromium	2026-07-13T20:23:36.2382550Z Unpacking xfonts-utils (1:7.7+6build3) ...
Trust trio (authenticated gate)	Install Playwright Chromium	2026-07-13T20:23:36.2803951Z Selecting previously unselected package xfonts-cyrillic.
Trust trio (authenticated gate)	Install Playwright Chromium	2026-07-13T20:23:36.2961242Z Preparing to unpack .../7-xfonts-cyrillic_1%3a1.0.5+nmu1_all.deb ...
Trust trio (authenticated gate)	Install Playwright Chromium	2026-07-13T20:23:36.2967746Z Unpacking xfonts-cyrillic (1:1.0.5+nmu1) ...
Trust trio (authenticated gate)	Install Playwright Chromium	2026-07-13T20:23:36.3311297Z Selecting previously unselected package xfonts-scalable.
Trust trio (authenticated gate)	Install Playwright Chromium	2026-07-13T20:23:36.3442600Z Preparing to unpack .../8-xfonts-scalable_1%3a1.0.3-1.3_all.deb ...
Trust trio (authenticated gate)	Install Playwright Chromium	2026-07-13T20:23:36.3449126Z Unpacking xfonts-scalable (1:1.0.3-1.3) ...
Trust trio (authenticated gate)	Install Playwright Chromium	2026-07-13T20:23:36.3861884Z Setting up fonts-wqy-zenhei (0.9.45-8) ...
Trust trio (authenticated gate)	Install Playwright Chromium	2026-07-13T20:23:36.3975147Z Setting up fonts-freefont-ttf (20211204+svn4273-2) ...
Trust trio (authenticated gate)	Install Playwright Chromium	2026-07-13T20:23:36.3991264Z Setting up fonts-tlwg-loma-otf (1:0.7.3-1) ...
Trust trio (authenticated gate)	Install Playwright Chromium	2026-07-13T20:23:36.4007230Z Setting up xfonts-encodings (1:1.0.5-0ubuntu2) ...
Trust trio (authenticated gate)	Install Playwright Chromium	2026-07-13T20:23:36.4024005Z Setting up fonts-ipafont-gothic (00303-21ubuntu1) ...
Trust trio (authenticated gate)	Install Playwright Chromium	2026-07-13T20:23:36.4090786Z update-alternatives: using /usr/share/fonts/opentype/ipafont-gothic/ipag.ttf to provide /usr/share/fonts/truetype/fonts-japanese-gothic.ttf (fonts-japanese-gothic.ttf) in auto mode
Trust trio (authenticated gate)	Install Playwright Chromium	2026-07-13T20:23:36.4108268Z Setting up fonts-unifont (1:15.1.01-1build1) ...
Trust trio (authenticated gate)	Install Playwright Chromium	2026-07-13T20:23:36.4125694Z Setting up xfonts-utils (1:7.7+6build3) ...
Trust trio (authenticated gate)	Install Playwright Chromium	2026-07-13T20:23:36.4165278Z Setting up xfonts-cyrillic (1:1.0.5+nmu1) ...
Trust trio (authenticated gate)	Install Playwright Chromium	2026-07-13T20:23:36.4514511Z Setting up xfonts-scalable (1:1.0.3-1.3) ...
Trust trio (authenticated gate)	Install Playwright Chromium	2026-07-13T20:23:36.4795612Z Processing triggers for man-db (2.12.0-4build2) ...
Trust trio (authenticated gate)	Install Playwright Chromium	2026-07-13T20:23:36.4815503Z Not building database; man-db/auto-update is not 'true'.
Trust trio (authenticated gate)	Install Playwright Chromium	2026-07-13T20:23:36.4828370Z Processing triggers for fontconfig (2.15.0-1.1ubuntu2) ...
Trust trio (authenticated gate)	Install Playwright Chromium	2026-07-13T20:23:37.2736379Z 
Trust trio (authenticated gate)	Install Playwright Chromium	2026-07-13T20:23:37.2737102Z Running kernel seems to be up-to-date.
Trust trio (authenticated gate)	Install Playwright Chromium	2026-07-13T20:23:37.2737819Z 
Trust trio (authenticated gate)	Install Playwright Chromium	2026-07-13T20:23:37.2737988Z No services need to be restarted.
Trust trio (authenticated gate)	Install Playwright Chromium	2026-07-13T20:23:37.2738197Z 
Trust trio (authenticated gate)	Install Playwright Chromium	2026-07-13T20:23:37.2738375Z No containers need to be restarted.
Trust trio (authenticated gate)	Install Playwright Chromium	2026-07-13T20:23:37.2738583Z 
Trust trio (authenticated gate)	Install Playwright Chromium	2026-07-13T20:23:37.2738783Z No user sessions are running outdated binaries.
Trust trio (authenticated gate)	Install Playwright Chromium	2026-07-13T20:23:37.2739023Z 
Trust trio (authenticated gate)	Install Playwright Chromium	2026-07-13T20:23:37.2739334Z No VM guests are running outdated hypervisor (qemu) binaries on this host.
Trust trio (authenticated gate)	Install Playwright Chromium	2026-07-13T20:23:38.0985167Z Downloading Chrome for Testing 145.0.7632.6 (playwright chromium v1208) from https://cdn.playwright.dev/builds/cft/145.0.7632.6/linux64/chrome-linux64.zip
Trust trio (authenticated gate)	Install Playwright Chromium	2026-07-13T20:23:38.4050619Z |                                                                                |   0% of 167.3 MiB
Trust trio (authenticated gate)	Install Playwright Chromium	2026-07-13T20:23:38.8456683Z |ÔûáÔûáÔûáÔûáÔûáÔûáÔûáÔûá                                                                        |  10% of 167.3 MiB
Trust trio (authenticated gate)	Install Playwright Chromium	2026-07-13T20:23:38.9411762Z |ÔûáÔûáÔûáÔûáÔûáÔûáÔûáÔûáÔûáÔûáÔûáÔûáÔûáÔûáÔûáÔûá                                                                |  20% of 167.3 MiB
Trust trio (authenticated gate)	Install Playwright Chromium	2026-07-13T20:23:39.0694113Z |ÔûáÔûáÔûáÔûáÔûáÔûáÔûáÔûáÔûáÔûáÔûáÔûáÔûáÔûáÔûáÔûáÔûáÔûáÔûáÔûáÔûáÔûáÔûáÔûá                                                        |  30% of 167.3 MiB
Trust trio (authenticated gate)	Install Playwright Chromium	2026-07-13T20:23:39.1596234Z |ÔûáÔûáÔûáÔûáÔûáÔûáÔûáÔûáÔûáÔûáÔûáÔûáÔûáÔûáÔûáÔûáÔûáÔûáÔûáÔûáÔûáÔûáÔûáÔûáÔûáÔûáÔûáÔûáÔûáÔûáÔûáÔûá                                                |  40% of 167.3 MiB
Trust trio (authenticated gate)	Install Playwright Chromium	2026-07-13T20:23:39.2504685Z |ÔûáÔûáÔûáÔûáÔûáÔûáÔûáÔûáÔûáÔûáÔûáÔûáÔûáÔûáÔûáÔûáÔûáÔûáÔûáÔûáÔûáÔûáÔûáÔûáÔûáÔûáÔûáÔûáÔûáÔûáÔûáÔûáÔûáÔûáÔûáÔûáÔûáÔûáÔûáÔûá                                        |  50% of 167.3 MiB
Trust trio (authenticated gate)	Install Playwright Chromium	2026-07-13T20:23:39.3415850Z |ÔûáÔûáÔûáÔûáÔûáÔûáÔûáÔûáÔûáÔûáÔûáÔûáÔûáÔûáÔûáÔûáÔûáÔûáÔûáÔûáÔûáÔûáÔûáÔûáÔûáÔûáÔûáÔûáÔûáÔûáÔûáÔûáÔûáÔûáÔûáÔûáÔûáÔûáÔûáÔûáÔûáÔûáÔûáÔûáÔûáÔûáÔûáÔûá                                |  60% of 167.3 MiB
Trust trio (authenticated gate)	Install Playwright Chromium	2026-07-13T20:23:39.4346001Z |ÔûáÔûáÔûáÔûáÔûáÔûáÔûáÔûáÔûáÔûáÔûáÔûáÔûáÔûáÔûáÔûáÔûáÔûáÔûáÔûáÔûáÔûáÔûáÔûáÔûáÔûáÔûáÔûáÔûáÔûáÔûáÔûáÔûáÔûáÔûáÔûáÔûáÔûáÔûáÔûáÔûáÔûáÔûáÔûáÔûáÔûáÔûáÔûáÔûáÔûáÔûáÔûáÔûáÔûáÔûáÔûá                        |  70% of 167.3 MiB
Trust trio (authenticated gate)	Install Playwright Chromium	2026-07-13T20:23:39.5257953Z |ÔûáÔûáÔûáÔûáÔûáÔûáÔûáÔûáÔûáÔûáÔûáÔûáÔûáÔûáÔûáÔûáÔûáÔûáÔûáÔûáÔûáÔûáÔûáÔûáÔûáÔûáÔûáÔûáÔûáÔûáÔûáÔûáÔûáÔûáÔûáÔûáÔûáÔûáÔûáÔûáÔûáÔûáÔûáÔûáÔûáÔûáÔûáÔûáÔûáÔûáÔûáÔûáÔûáÔûáÔûáÔûáÔûáÔûáÔûáÔûáÔûáÔûáÔûáÔûá                |  80% of 167.3 MiB
Trust trio (authenticated gate)	Install Playwright Chromium	2026-07-13T20:23:39.7333193Z |ÔûáÔûáÔûáÔûáÔûáÔûáÔûáÔûáÔûáÔûáÔûáÔûáÔûáÔûáÔûáÔûáÔûáÔûáÔûáÔûáÔûáÔûáÔûáÔûáÔûáÔûáÔûáÔûáÔûáÔûáÔûáÔûáÔûáÔûáÔûáÔûáÔûáÔûáÔûáÔûáÔûáÔûáÔûáÔûáÔûáÔûáÔûáÔûáÔûáÔûáÔûáÔûáÔûáÔûáÔûáÔûáÔûáÔûáÔûáÔûáÔûáÔûáÔûáÔûáÔûáÔûáÔûáÔûáÔûáÔûáÔûáÔûá        |  90% of 167.3 MiB
Trust trio (authenticated gate)	Install Playwright Chromium	2026-07-13T20:23:39.8247002Z |ÔûáÔûáÔûáÔûáÔûáÔûáÔûáÔûáÔûáÔûáÔûáÔûáÔûáÔûáÔûáÔûáÔûáÔûáÔûáÔûáÔûáÔûáÔûáÔûáÔûáÔûáÔûáÔûáÔûáÔûáÔûáÔûáÔûáÔûáÔûáÔûáÔûáÔûáÔûáÔûáÔûáÔûáÔûáÔûáÔûáÔûáÔûáÔûáÔûáÔûáÔûáÔûáÔûáÔûáÔûáÔûáÔûáÔûáÔûáÔûáÔûáÔûáÔûáÔûáÔûáÔûáÔûáÔûáÔûáÔûáÔûáÔûáÔûáÔûáÔûáÔûáÔûáÔûáÔûáÔûá| 100% of 167.3 MiB
Trust trio (authenticated gate)	Install Playwright Chromium	2026-07-13T20:23:42.9405305Z Chrome for Testing 145.0.7632.6 (playwright chromium v1208) downloaded to /home/runner/.cache/ms-playwright/chromium-1208
Trust trio (authenticated gate)	Install Playwright Chromium	2026-07-13T20:23:42.9409997Z Downloading FFmpeg (playwright ffmpeg v1011) from https://cdn.playwright.dev/dbazure/download/playwright/builds/ffmpeg/1011/ffmpeg-linux.zip
Trust trio (authenticated gate)	Install Playwright Chromium	2026-07-13T20:23:43.1959048Z |                                                                                |   0% of 2.3 MiB
Trust trio (authenticated gate)	Install Playwright Chromium	2026-07-13T20:23:43.2369568Z |ÔûáÔûáÔûáÔûáÔûáÔûáÔûáÔûá                                                                        |  10% of 2.3 MiB
Trust trio (authenticated gate)	Install Playwright Chromium	2026-07-13T20:23:43.2516386Z |ÔûáÔûáÔûáÔûáÔûáÔûáÔûáÔûáÔûáÔûáÔûáÔûáÔûáÔûáÔûáÔûá                                                                |  20% of 2.3 MiB
Trust trio (authenticated gate)	Install Playwright Chromium	2026-07-13T20:23:43.2661572Z |ÔûáÔûáÔûáÔûáÔûáÔûáÔûáÔûáÔûáÔûáÔûáÔûáÔûáÔûáÔûáÔûáÔûáÔûáÔûáÔûáÔûáÔûáÔûáÔûá                                                        |  30% of 2.3 MiB
Trust trio (authenticated gate)	Install Playwright Chromium	2026-07-13T20:23:43.2777206Z |ÔûáÔûáÔûáÔûáÔûáÔûáÔûáÔûáÔûáÔûáÔûáÔûáÔûáÔûáÔûáÔûáÔûáÔûáÔûáÔûáÔûáÔûáÔûáÔûáÔûáÔûáÔûáÔûáÔûáÔûáÔûáÔûá                                                |  40% of 2.3 MiB
Trust trio (authenticated gate)	Install Playwright Chromium	2026-07-13T20:23:43.2831815Z |ÔûáÔûáÔûáÔûáÔûáÔûáÔûáÔûáÔûáÔûáÔûáÔûáÔûáÔûáÔûáÔûáÔûáÔûáÔûáÔûáÔûáÔûáÔûáÔûáÔûáÔûáÔûáÔûáÔûáÔûáÔûáÔûáÔûáÔûáÔûáÔûáÔûáÔûáÔûáÔûá                                        |  50% of 2.3 MiB
Trust trio (authenticated gate)	Install Playwright Chromium	2026-07-13T20:23:43.2939346Z |ÔûáÔûáÔûáÔûáÔûáÔûáÔûáÔûáÔûáÔûáÔûáÔûáÔûáÔûáÔûáÔûáÔûáÔûáÔûáÔûáÔûáÔûáÔûáÔûáÔûáÔûáÔûáÔûáÔûáÔûáÔûáÔûáÔûáÔûáÔûáÔûáÔûáÔûáÔûáÔûáÔûáÔûáÔûáÔûáÔûáÔûáÔûáÔûá                                |  60% of 2.3 MiB
Trust trio (authenticated gate)	Install Playwright Chromium	2026-07-13T20:23:43.2959561Z |ÔûáÔûáÔûáÔûáÔûáÔûáÔûáÔûáÔûáÔûáÔûáÔûáÔûáÔûáÔûáÔûáÔûáÔûáÔûáÔûáÔûáÔûáÔûáÔûáÔûáÔûáÔûáÔûáÔûáÔûáÔûáÔûáÔûáÔûáÔûáÔûáÔûáÔûáÔûáÔûáÔûáÔûáÔûáÔûáÔûáÔûáÔûáÔûáÔûáÔûáÔûáÔûáÔûáÔûáÔûáÔûá                        |  70% of 2.3 MiB
Trust trio (authenticated gate)	Install Playwright Chromium	2026-07-13T20:23:43.2990603Z |ÔûáÔûáÔûáÔûáÔûáÔûáÔûáÔûáÔûáÔûáÔûáÔûáÔûáÔûáÔûáÔûáÔûáÔûáÔûáÔûáÔûáÔûáÔûáÔûáÔûáÔûáÔûáÔûáÔûáÔûáÔûáÔûáÔûáÔûáÔûáÔûáÔûáÔûáÔûáÔûáÔûáÔûáÔûáÔûáÔûáÔûáÔûáÔûáÔûáÔûáÔûáÔûáÔûáÔûáÔûáÔûáÔûáÔûáÔûáÔûáÔûáÔûáÔûáÔûá                |  80% of 2.3 MiB
Trust trio (authenticated gate)	Install Playwright Chromium	2026-07-13T20:23:43.3076699Z |ÔûáÔûáÔûáÔûáÔûáÔûáÔûáÔûáÔûáÔûáÔûáÔûáÔûáÔûáÔûáÔûáÔûáÔûáÔûáÔûáÔûáÔûáÔûáÔûáÔûáÔûáÔûáÔûáÔûáÔûáÔûáÔûáÔûáÔûáÔûáÔûáÔûáÔûáÔûáÔûáÔûáÔûáÔûáÔûáÔûáÔûáÔûáÔûáÔûáÔûáÔûáÔûáÔûáÔûáÔûáÔûáÔûáÔûáÔûáÔûáÔûáÔûáÔûáÔûáÔûáÔûáÔûáÔûáÔûáÔûáÔûáÔûá        |  90% of 2.3 MiB
Trust trio (authenticated gate)	Install Playwright Chromium	2026-07-13T20:23:43.3103862Z |ÔûáÔûáÔûáÔûáÔûáÔûáÔûáÔûáÔûáÔûáÔûáÔûáÔûáÔûáÔûáÔûáÔûáÔûáÔûáÔûáÔûáÔûáÔûáÔûáÔûáÔûáÔûáÔûáÔûáÔûáÔûáÔûáÔûáÔûáÔûáÔûáÔûáÔûáÔûáÔûáÔûáÔûáÔûáÔûáÔûáÔûáÔûáÔûáÔûáÔûáÔûáÔûáÔûáÔûáÔûáÔûáÔûáÔûáÔûáÔûáÔûáÔûáÔûáÔûáÔûáÔûáÔûáÔûáÔûáÔûáÔûáÔûáÔûáÔûáÔûáÔûáÔûáÔûáÔûáÔûá| 100% of 2.3 MiB
Trust trio (authenticated gate)	Install Playwright Chromium	2026-07-13T20:23:43.3804294Z FFmpeg (playwright ffmpeg v1011) downloaded to /home/runner/.cache/ms-playwright/ffmpeg-1011
Trust trio (authenticated gate)	Install Playwright Chromium	2026-07-13T20:23:43.3809237Z Downloading Chrome Headless Shell 145.0.7632.6 (playwright chromium-headless-shell v1208) from https://cdn.playwright.dev/builds/cft/145.0.7632.6/linux64/chrome-headless-shell-linux64.zip
Trust trio (authenticated gate)	Install Playwright Chromium	2026-07-13T20:23:43.6642152Z |                                                                                |   0% of 110.9 MiB
Trust trio (authenticated gate)	Install Playwright Chromium	2026-07-13T20:23:44.0178305Z |ÔûáÔûáÔûáÔûáÔûáÔûáÔûáÔûá                                                                        |  10% of 110.9 MiB
Trust trio (authenticated gate)	Install Playwright Chromium	2026-07-13T20:23:44.0822543Z |ÔûáÔûáÔûáÔûáÔûáÔûáÔûáÔûáÔûáÔûáÔûáÔûáÔûáÔûáÔûáÔûá                                                                |  20% of 110.9 MiB
Trust trio (authenticated gate)	Install Playwright Chromium	2026-07-13T20:23:44.1357709Z |ÔûáÔûáÔûáÔûáÔûáÔûáÔûáÔûáÔûáÔûáÔûáÔûáÔûáÔûáÔûáÔûáÔûáÔûáÔûáÔûáÔûáÔûáÔûáÔûá                                                        |  30% of 110.9 MiB
Trust trio (authenticated gate)	Install Playwright Chromium	2026-07-13T20:23:44.1844021Z |ÔûáÔûáÔûáÔûáÔûáÔûáÔûáÔûáÔûáÔûáÔûáÔûáÔûáÔûáÔûáÔûáÔûáÔûáÔûáÔûáÔûáÔûáÔûáÔûáÔûáÔûáÔûáÔûáÔûáÔûáÔûáÔûá                                                |  40% of 110.9 MiB
Trust trio (authenticated gate)	Install Playwright Chromium	2026-07-13T20:23:44.2302513Z |ÔûáÔûáÔûáÔûáÔûáÔûáÔûáÔûáÔûáÔûáÔûáÔûáÔûáÔûáÔûáÔûáÔûáÔûáÔûáÔûáÔûáÔûáÔûáÔûáÔûáÔûáÔûáÔûáÔûáÔûáÔûáÔûáÔûáÔûáÔûáÔûáÔûáÔûáÔûáÔûá                                        |  50% of 110.9 MiB
Trust trio (authenticated gate)	Install Playwright Chromium	2026-07-13T20:23:44.2772213Z |ÔûáÔûáÔûáÔûáÔûáÔûáÔûáÔûáÔûáÔûáÔûáÔûáÔûáÔûáÔûáÔûáÔûáÔûáÔûáÔûáÔûáÔûáÔûáÔûáÔûáÔûáÔûáÔûáÔûáÔûáÔûáÔûáÔûáÔûáÔûáÔûáÔûáÔûáÔûáÔûáÔûáÔûáÔûáÔûáÔûáÔûáÔûáÔûá                                |  60% of 110.9 MiB
Trust trio (authenticated gate)	Install Playwright Chromium	2026-07-13T20:23:44.3219019Z |ÔûáÔûáÔûáÔûáÔûáÔûáÔûáÔûáÔûáÔûáÔûáÔûáÔûáÔûáÔûáÔûáÔûáÔûáÔûáÔûáÔûáÔûáÔûáÔûáÔûáÔûáÔûáÔûáÔûáÔûáÔûáÔûáÔûáÔûáÔûáÔûáÔûáÔûáÔûáÔûáÔûáÔûáÔûáÔûáÔûáÔûáÔûáÔûáÔûáÔûáÔûáÔûáÔûáÔûáÔûáÔûá                        |  70% of 110.9 MiB
Trust trio (authenticated gate)	Install Playwright Chromium	2026-07-13T20:23:44.3685006Z |ÔûáÔûáÔûáÔûáÔûáÔûáÔûáÔûáÔûáÔûáÔûáÔûáÔûáÔûáÔûáÔûáÔûáÔûáÔûáÔûáÔûáÔûáÔûáÔûáÔûáÔûáÔûáÔûáÔûáÔûáÔûáÔûáÔûáÔûáÔûáÔûáÔûáÔûáÔûáÔûáÔûáÔûáÔûáÔûáÔûáÔûáÔûáÔûáÔûáÔûáÔûáÔûáÔûáÔûáÔûáÔûáÔûáÔûáÔûáÔûáÔûáÔûáÔûáÔûá                |  80% of 110.9 MiB
Trust trio (authenticated gate)	Install Playwright Chromium	2026-07-13T20:23:44.4127991Z |ÔûáÔûáÔûáÔûáÔûáÔûáÔûáÔûáÔûáÔûáÔûáÔûáÔûáÔûáÔûáÔûáÔûáÔûáÔûáÔûáÔûáÔûáÔûáÔûáÔûáÔûáÔûáÔûáÔûáÔûáÔûáÔûáÔûáÔûáÔûáÔûáÔûáÔûáÔûáÔûáÔûáÔûáÔûáÔûáÔûáÔûáÔûáÔûáÔûáÔûáÔûáÔûáÔûáÔûáÔûáÔûáÔûáÔûáÔûáÔûáÔûáÔûáÔûáÔûáÔûáÔûáÔûáÔûáÔûáÔûáÔûáÔûá        |  90% of 110.9 MiB
Trust trio (authenticated gate)	Install Playwright Chromium	2026-07-13T20:23:44.4563234Z |ÔûáÔûáÔûáÔûáÔûáÔûáÔûáÔûáÔûáÔûáÔûáÔûáÔûáÔûáÔûáÔûáÔûáÔûáÔûáÔûáÔûáÔûáÔûáÔûáÔûáÔûáÔûáÔûáÔûáÔûáÔûáÔûáÔûáÔûáÔûáÔûáÔûáÔûáÔûáÔûáÔûáÔûáÔûáÔûáÔûáÔûáÔûáÔûáÔûáÔûáÔûáÔûáÔûáÔûáÔûáÔûáÔûáÔûáÔûáÔûáÔûáÔûáÔûáÔûáÔûáÔûáÔûáÔûáÔûáÔûáÔûáÔûáÔûáÔûáÔûáÔûáÔûáÔûáÔûáÔûá| 100% of 110.9 MiB
Trust trio (authenticated gate)	Install Playwright Chromium	2026-07-13T20:23:46.6849924Z Chrome Headless Shell 145.0.7632.6 (playwright chromium-headless-shell v1208) downloaded to /home/runner/.cache/ms-playwright/chromium_headless_shell-1208
Trust trio (authenticated gate)	Trust trio e2e against staging	´╗┐2026-07-13T20:23:46.7048948Z ##[group]Run npx playwright test e2e/fi-trust-role-landing.spec.ts e2e/fi-trust-pipeline-layout.spec.ts e2e/fi-trust-golden-patient-spine.spec.ts --project=chromium-authenticated
Trust trio (authenticated gate)	Trust trio e2e against staging	2026-07-13T20:23:46.7051342Z ^[[36;1mnpx playwright test e2e/fi-trust-role-landing.spec.ts e2e/fi-trust-pipeline-layout.spec.ts e2e/fi-trust-golden-patient-spine.spec.ts --project=chromium-authenticated^[[0m
Trust trio (authenticated gate)	Trust trio e2e against staging	2026-07-13T20:23:46.7085573Z shell: /usr/bin/bash -e {0}
Trust trio (authenticated gate)	Trust trio e2e against staging	2026-07-13T20:23:46.7085849Z env:
Trust trio (authenticated gate)	Trust trio e2e against staging	2026-07-13T20:23:46.7086080Z   SKIP_ENV_VALIDATION: 1
Trust trio (authenticated gate)	Trust trio e2e against staging	2026-07-13T20:23:46.7086405Z   FI_E2E_BASE_URL: https://follicleintelligence.ai
Trust trio (authenticated gate)	Trust trio e2e against staging	2026-07-13T20:23:46.7086870Z   FI_E2E_TENANT_ID: ***
Trust trio (authenticated gate)	Trust trio e2e against staging	2026-07-13T20:23:46.7087174Z   FI_E2E_DEMO_ADMIN_EMAIL: ***
Trust trio (authenticated gate)	Trust trio e2e against staging	2026-07-13T20:23:46.7087465Z   FI_E2E_DEMO_ADMIN_PASSWORD: ***
Trust trio (authenticated gate)	Trust trio e2e against staging	2026-07-13T20:23:46.7087743Z   FI_E2E_OTHER_TENANT_ID: 
Trust trio (authenticated gate)	Trust trio e2e against staging	2026-07-13T20:23:46.7088035Z   FI_E2E_LEAD_ID: ***
Trust trio (authenticated gate)	Trust trio e2e against staging	2026-07-13T20:23:46.7088329Z   FI_E2E_PATIENT_ID: ***
Trust trio (authenticated gate)	Trust trio e2e against staging	2026-07-13T20:23:46.7088573Z   FI_E2E_BROWSERS: chromium
Trust trio (authenticated gate)	Trust trio e2e against staging	2026-07-13T20:23:46.7088880Z   NEXT_PUBLIC_SUPABASE_URL: 
Trust trio (authenticated gate)	Trust trio e2e against staging	2026-07-13T20:23:46.7089170Z   NEXT_PUBLIC_SUPABASE_ANON_KEY: 
Trust trio (authenticated gate)	Trust trio e2e against staging	2026-07-13T20:23:46.7089461Z   SUPABASE_SERVICE_ROLE_KEY: 
Trust trio (authenticated gate)	Trust trio e2e against staging	2026-07-13T20:23:46.7089782Z   PNPM_HOME: /home/runner/setup-pnpm/node_modules/.bin
Trust trio (authenticated gate)	Trust trio e2e against staging	2026-07-13T20:23:46.7090111Z ##[endgroup]
Trust trio (authenticated gate)	Trust trio e2e against staging	2026-07-13T20:23:48.3844113Z 
Trust trio (authenticated gate)	Trust trio e2e against staging	2026-07-13T20:23:48.3844822Z Running 8 tests using 2 workers
Trust trio (authenticated gate)	Trust trio e2e against staging	2026-07-13T20:24:46.8112230Z ┬░┬À┬À┬À┬À┬À┬░┬À
Trust trio (authenticated gate)	Trust trio e2e against staging	2026-07-13T20:24:46.8114646Z   2 skipped
Trust trio (authenticated gate)	Trust trio e2e against staging	2026-07-13T20:24:46.8115000Z   6 passed (58.6s)
Trust trio (authenticated gate)	Post Setup Node.js	´╗┐2026-07-13T20:24:46.8631452Z Node 20 is being deprecated. This workflow is running with Node 24 by default. If you need to temporarily use Node 20, you can set the ACTIONS_ALLOW_USE_UNSECURE_NODE_VERSION=true environment variable. For more information see: https://github.blog/changelog/2025-09-19-deprecation-of-node-20-on-github-actions-runners/
Trust trio (authenticated gate)	Post Setup Node.js	2026-07-13T20:24:46.8632651Z Post job cleanup.
Trust trio (authenticated gate)	Post Setup Node.js	2026-07-13T20:24:46.9834684Z (node:3498) [DEP0040] DeprecationWarning: The `punycode` module is deprecated. Please use a userland alternative instead.
Trust trio (authenticated gate)	Post Setup Node.js	2026-07-13T20:24:46.9835579Z (Use `node --trace-deprecation ...` to show where the warning was created)
Trust trio (authenticated gate)	Post Setup Node.js	2026-07-13T20:24:46.9838617Z Cache hit occurred on the primary key node-cache-Linux-x64-pnpm-cbb2ead7dcc68cdef5d56d848521fe3064c97c3e1a783bf41a5a04c311f69156, not saving cache.
Trust trio (authenticated gate)	Post Setup pnpm	´╗┐2026-07-13T20:24:46.9946457Z Node 20 is being deprecated. This workflow is running with Node 24 by default. If you need to temporarily use Node 20, you can set the ACTIONS_ALLOW_USE_UNSECURE_NODE_VERSION=true environment variable. For more information see: https://github.blog/changelog/2025-09-19-deprecation-of-node-20-on-github-actions-runners/
Trust trio (authenticated gate)	Post Setup pnpm	2026-07-13T20:24:46.9947662Z Post job cleanup.
Trust trio (authenticated gate)	Post Setup pnpm	2026-07-13T20:24:47.1384809Z Pruning is unnecessary.
Trust trio (authenticated gate)	Post Checkout	´╗┐2026-07-13T20:24:47.1544959Z Node 20 is being deprecated. This workflow is running with Node 24 by default. If you need to temporarily use Node 20, you can set the ACTIONS_ALLOW_USE_UNSECURE_NODE_VERSION=true environment variable. For more information see: https://github.blog/changelog/2025-09-19-deprecation-of-node-20-on-github-actions-runners/
Trust trio (authenticated gate)	Post Checkout	2026-07-13T20:24:47.1546156Z Post job cleanup.
Trust trio (authenticated gate)	Post Checkout	2026-07-13T20:24:47.2410603Z [command]/usr/bin/git version
Trust trio (authenticated gate)	Post Checkout	2026-07-13T20:24:47.2453347Z git version 2.54.0
Trust trio (authenticated gate)	Post Checkout	2026-07-13T20:24:47.2494030Z Temporarily overriding HOME='/home/runner/work/_temp/57199ff3-dfda-4cc2-8e63-903cb8c354a5' before making global git config changes
Trust trio (authenticated gate)	Post Checkout	2026-07-13T20:24:47.2495978Z Adding repository directory to the temporary git global config as a safe directory
Trust trio (authenticated gate)	Post Checkout	2026-07-13T20:24:47.2497805Z [command]/usr/bin/git config --global --add safe.directory /home/runner/work/G-follicleintelligence/G-follicleintelligence
Trust trio (authenticated gate)	Post Checkout	2026-07-13T20:24:47.2538311Z [command]/usr/bin/git config --local --name-only --get-regexp core\.sshCommand
Trust trio (authenticated gate)	Post Checkout	2026-07-13T20:24:47.2574324Z [command]/usr/bin/git submodule foreach --recursive sh -c "git config --local --name-only --get-regexp 'core\.sshCommand' && git config --local --unset-all 'core.sshCommand' || :"
Trust trio (authenticated gate)	Post Checkout	2026-07-13T20:24:47.2862705Z [command]/usr/bin/git config --local --name-only --get-regexp http\.https\:\/\/github\.com\/\.extraheader
Trust trio (authenticated gate)	Post Checkout	2026-07-13T20:24:47.2890920Z http.https://github.com/.extraheader
Trust trio (authenticated gate)	Post Checkout	2026-07-13T20:24:47.2901747Z [command]/usr/bin/git config --local --unset-all http.https://github.com/.extraheader
Trust trio (authenticated gate)	Post Checkout	2026-07-13T20:24:47.2933705Z [command]/usr/bin/git submodule foreach --recursive sh -c "git config --local --name-only --get-regexp 'http\.https\:\/\/github\.com\/\.extraheader' && git config --local --unset-all 'http.https://github.com/.extraheader' || :"
Trust trio (authenticated gate)	Post Checkout	2026-07-13T20:24:47.3171849Z [command]/usr/bin/git config --local --name-only --get-regexp ^includeIf\.gitdir:
Trust trio (authenticated gate)	Post Checkout	2026-07-13T20:24:47.3203659Z [command]/usr/bin/git submodule foreach --recursive git config --local --show-origin --name-only --get-regexp remote.origin.url
Trust trio (authenticated gate)	Complete job	´╗┐2026-07-13T20:24:47.3577994Z Cleaning up orphan processes
Trust trio (authenticated gate)	Complete job	2026-07-13T20:24:47.3869295Z ##[warning]Node.js 20 is deprecated. The following actions target Node.js 20 but are being forced to run on Node.js 24: actions/checkout@v4, actions/setup-node@v4, pnpm/action-setup@v4. For more information see: https://github.blog/changelog/2025-09-19-deprecation-of-node-20-on-github-actions-runners/
Public + security smoke (production build)	Set up job	´╗┐2026-07-13T20:23:09.2360864Z Current runner version: '2.335.1'
Public + security smoke (production build)	Set up job	2026-07-13T20:23:09.2380461Z ##[group]Runner Image Provisioner
Public + security smoke (production build)	Set up job	2026-07-13T20:23:09.2381180Z Hosted Compute Agent
Public + security smoke (production build)	Set up job	2026-07-13T20:23:09.2381700Z Version: 20260624.560
Public + security smoke (production build)	Set up job	2026-07-13T20:23:09.2382202Z Commit: 925d229a51159bc391ae97e54a2dd1fe20af789d
Public + security smoke (production build)	Set up job	2026-07-13T20:23:09.2382707Z Build Date: 2026-06-24T18:26:47Z
Public + security smoke (production build)	Set up job	2026-07-13T20:23:09.2383140Z Worker ID: {33b0d62f-fc86-4ed1-8b35-387f6b89bfe4}
Public + security smoke (production build)	Set up job	2026-07-13T20:23:09.2383643Z Azure Region: centralus
Public + security smoke (production build)	Set up job	2026-07-13T20:23:09.2384020Z ##[endgroup]
Public + security smoke (production build)	Set up job	2026-07-13T20:23:09.2385592Z ##[group]Operating System
Public + security smoke (production build)	Set up job	2026-07-13T20:23:09.2386102Z Ubuntu
Public + security smoke (production build)	Set up job	2026-07-13T20:23:09.2386622Z 24.04.4
Public + security smoke (production build)	Set up job	2026-07-13T20:23:09.2387051Z LTS
Public + security smoke (production build)	Set up job	2026-07-13T20:23:09.2387394Z ##[endgroup]
Public + security smoke (production build)	Set up job	2026-07-13T20:23:09.2387781Z ##[group]Runner Image
Public + security smoke (production build)	Set up job	2026-07-13T20:23:09.2388233Z Image: ubuntu-24.04
Public + security smoke (production build)	Set up job	2026-07-13T20:23:09.2388632Z Version: 20260705.232.1
Public + security smoke (production build)	Set up job	2026-07-13T20:23:09.2389347Z Included Software: https://github.com/actions/runner-images/blob/ubuntu24/20260705.232/images/ubuntu/Ubuntu2404-Readme.md
Public + security smoke (production build)	Set up job	2026-07-13T20:23:09.2390489Z Image Release: https://github.com/actions/runner-images/releases/tag/ubuntu24%2F20260705.232
Public + security smoke (production build)	Set up job	2026-07-13T20:23:09.2391148Z ##[endgroup]
Public + security smoke (production build)	Set up job	2026-07-13T20:23:09.2391950Z ##[group]GITHUB_TOKEN Permissions
Public + security smoke (production build)	Set up job	2026-07-13T20:23:09.2394606Z Contents: read
Public + security smoke (production build)	Set up job	2026-07-13T20:23:09.2395009Z Metadata: read
Public + security smoke (production build)	Set up job	2026-07-13T20:23:09.2395440Z Packages: read
Public + security smoke (production build)	Set up job	2026-07-13T20:23:09.2395881Z ##[endgroup]
Public + security smoke (production build)	Set up job	2026-07-13T20:23:09.2397635Z Secret source: Actions
Public + security smoke (production build)	Set up job	2026-07-13T20:23:09.2398364Z Prepare workflow directory
Public + security smoke (production build)	Set up job	2026-07-13T20:23:09.2660234Z Prepare all required actions
Public + security smoke (production build)	Set up job	2026-07-13T20:23:09.2687422Z Getting action download info
Public + security smoke (production build)	Set up job	2026-07-13T20:23:09.4793882Z Download action repository 'actions/checkout@v4' (SHA:34e114876b0b11c390a56381ad16ebd13914f8d5)
Public + security smoke (production build)	Set up job	2026-07-13T20:23:09.5748808Z Download action repository 'pnpm/action-setup@v4' (SHA:b906affcce14559ad1aafd4ab0e942779e9f58b1)
Public + security smoke (production build)	Set up job	2026-07-13T20:23:10.0807180Z Download action repository 'actions/setup-node@v4' (SHA:49933ea5288caeca8642d1e84afbd3f7d6820020)
Public + security smoke (production build)	Set up job	2026-07-13T20:23:10.6091296Z Complete job name: Public + security smoke (production build)
Public + security smoke (production build)	Checkout	´╗┐2026-07-13T20:23:10.6591386Z Node 20 is being deprecated. This workflow is running with Node 24 by default. If you need to temporarily use Node 20, you can set the ACTIONS_ALLOW_USE_UNSECURE_NODE_VERSION=true environment variable. For more information see: https://github.blog/changelog/2025-09-19-deprecation-of-node-20-on-github-actions-runners/
Public + security smoke (production build)	Checkout	2026-07-13T20:23:10.6598199Z ##[group]Run actions/checkout@v4
Public + security smoke (production build)	Checkout	2026-07-13T20:23:10.6598788Z with:
Public + security smoke (production build)	Checkout	2026-07-13T20:23:10.6599235Z   repository: Hairaudit-v2/G-follicleintelligence
Public + security smoke (production build)	Checkout	2026-07-13T20:23:10.6602243Z   token: ***
Public + security smoke (production build)	Checkout	2026-07-13T20:23:10.6602634Z   ssh-strict: true
Public + security smoke (production build)	Checkout	2026-07-13T20:23:10.6603032Z   ssh-user: git
Public + security smoke (production build)	Checkout	2026-07-13T20:23:10.6603418Z   persist-credentials: true
Public + security smoke (production build)	Checkout	2026-07-13T20:23:10.6603834Z   clean: true
Public + security smoke (production build)	Checkout	2026-07-13T20:23:10.6604258Z   sparse-checkout-cone-mode: true
Public + security smoke (production build)	Checkout	2026-07-13T20:23:10.6604764Z   fetch-depth: 1
Public + security smoke (production build)	Checkout	2026-07-13T20:23:10.6605162Z   fetch-tags: false
Public + security smoke (production build)	Checkout	2026-07-13T20:23:10.6605558Z   show-progress: true
Public + security smoke (production build)	Checkout	2026-07-13T20:23:10.6605978Z   lfs: false
Public + security smoke (production build)	Checkout	2026-07-13T20:23:10.6606368Z   submodules: false
Public + security smoke (production build)	Checkout	2026-07-13T20:23:10.6607061Z   set-safe-directory: true
Public + security smoke (production build)	Checkout	2026-07-13T20:23:10.6607610Z env:
Public + security smoke (production build)	Checkout	2026-07-13T20:23:10.6607976Z   SKIP_ENV_VALIDATION: 1
Public + security smoke (production build)	Checkout	2026-07-13T20:23:10.6608393Z   FI_E2E_BASE_URL: http://127.0.0.1:3000
Public + security smoke (production build)	Checkout	2026-07-13T20:23:10.6608992Z   NEXT_PUBLIC_SUPABASE_URL: https://ci-placeholder.supabase.co
Public + security smoke (production build)	Checkout	2026-07-13T20:23:10.6609878Z   NEXT_PUBLIC_SUPABASE_ANON_KEY: ***
Public + security smoke (production build)	Checkout	2026-07-13T20:23:10.6610636Z   SUPABASE_SERVICE_ROLE_KEY: ***
Public + security smoke (production build)	Checkout	2026-07-13T20:23:10.6611076Z ##[endgroup]
Public + security smoke (production build)	Checkout	2026-07-13T20:23:10.7312678Z Syncing repository: Hairaudit-v2/G-follicleintelligence
Public + security smoke (production build)	Checkout	2026-07-13T20:23:10.7314412Z ##[group]Getting Git version info
Public + security smoke (production build)	Checkout	2026-07-13T20:23:10.7315158Z Working directory is '/home/runner/work/G-follicleintelligence/G-follicleintelligence'
Public + security smoke (production build)	Checkout	2026-07-13T20:23:10.7316272Z [command]/usr/bin/git version
Public + security smoke (production build)	Checkout	2026-07-13T20:23:10.8351545Z git version 2.54.0
Public + security smoke (production build)	Checkout	2026-07-13T20:23:10.8364864Z ##[endgroup]
Public + security smoke (production build)	Checkout	2026-07-13T20:23:10.8375479Z Temporarily overriding HOME='/home/runner/work/_temp/733ba2f7-8ee3-42e5-a847-e2f180cac477' before making global git config changes
Public + security smoke (production build)	Checkout	2026-07-13T20:23:10.8377524Z Adding repository directory to the temporary git global config as a safe directory
Public + security smoke (production build)	Checkout	2026-07-13T20:23:10.8379013Z [command]/usr/bin/git config --global --add safe.directory /home/runner/work/G-follicleintelligence/G-follicleintelligence
Public + security smoke (production build)	Checkout	2026-07-13T20:23:10.8402871Z Deleting the contents of '/home/runner/work/G-follicleintelligence/G-follicleintelligence'
Public + security smoke (production build)	Checkout	2026-07-13T20:23:10.8404479Z ##[group]Initializing the repository
Public + security smoke (production build)	Checkout	2026-07-13T20:23:10.8407251Z [command]/usr/bin/git init /home/runner/work/G-follicleintelligence/G-follicleintelligence
Public + security smoke (production build)	Checkout	2026-07-13T20:23:10.8468564Z hint: Using 'master' as the name for the initial branch. This default branch name
Public + security smoke (production build)	Checkout	2026-07-13T20:23:10.8469802Z hint: will change to "main" in Git 3.0. To configure the initial branch name
Public + security smoke (production build)	Checkout	2026-07-13T20:23:10.8471150Z hint: to use in all of your new repositories, which will suppress this warning,
Public + security smoke (production build)	Checkout	2026-07-13T20:23:10.8471948Z hint: call:
Public + security smoke (production build)	Checkout	2026-07-13T20:23:10.8472478Z hint:
Public + security smoke (production build)	Checkout	2026-07-13T20:23:10.8473128Z hint: 	git config --global init.defaultBranch <name>
Public + security smoke (production build)	Checkout	2026-07-13T20:23:10.8473874Z hint:
Public + security smoke (production build)	Checkout	2026-07-13T20:23:10.8474640Z hint: Names commonly chosen instead of 'master' are 'main', 'trunk' and
Public + security smoke (production build)	Checkout	2026-07-13T20:23:10.8475582Z hint: 'development'. The just-created branch can be renamed via this command:
Public + security smoke (production build)	Checkout	2026-07-13T20:23:10.8476357Z hint:
Public + security smoke (production build)	Checkout	2026-07-13T20:23:10.8477057Z hint: 	git branch -m <name>
Public + security smoke (production build)	Checkout	2026-07-13T20:23:10.8477607Z hint:
Public + security smoke (production build)	Checkout	2026-07-13T20:23:10.8478284Z hint: Disable this message with "git config set advice.defaultBranchName false"
Public + security smoke (production build)	Checkout	2026-07-13T20:23:10.8479355Z Initialized empty Git repository in /home/runner/work/G-follicleintelligence/G-follicleintelligence/.git/
Public + security smoke (production build)	Checkout	2026-07-13T20:23:10.8482160Z [command]/usr/bin/git remote add origin https://github.com/Hairaudit-v2/G-follicleintelligence
Public + security smoke (production build)	Checkout	2026-07-13T20:23:10.8501800Z ##[endgroup]
Public + security smoke (production build)	Checkout	2026-07-13T20:23:10.8502555Z ##[group]Disabling automatic garbage collection
Public + security smoke (production build)	Checkout	2026-07-13T20:23:10.8503593Z [command]/usr/bin/git config --local gc.auto 0
Public + security smoke (production build)	Checkout	2026-07-13T20:23:10.8521600Z ##[endgroup]
Public + security smoke (production build)	Checkout	2026-07-13T20:23:10.8522573Z ##[group]Setting up auth
Public + security smoke (production build)	Checkout	2026-07-13T20:23:10.8525648Z [command]/usr/bin/git config --local --name-only --get-regexp core\.sshCommand
Public + security smoke (production build)	Checkout	2026-07-13T20:23:10.8543974Z [command]/usr/bin/git submodule foreach --recursive sh -c "git config --local --name-only --get-regexp 'core\.sshCommand' && git config --local --unset-all 'core.sshCommand' || :"
Public + security smoke (production build)	Checkout	2026-07-13T20:23:10.8767674Z [command]/usr/bin/git config --local --name-only --get-regexp http\.https\:\/\/github\.com\/\.extraheader
Public + security smoke (production build)	Checkout	2026-07-13T20:23:10.8785044Z [command]/usr/bin/git submodule foreach --recursive sh -c "git config --local --name-only --get-regexp 'http\.https\:\/\/github\.com\/\.extraheader' && git config --local --unset-all 'http.https://github.com/.extraheader' || :"
Public + security smoke (production build)	Checkout	2026-07-13T20:23:10.8913989Z [command]/usr/bin/git config --local --name-only --get-regexp ^includeIf\.gitdir:
Public + security smoke (production build)	Checkout	2026-07-13T20:23:10.8932306Z [command]/usr/bin/git submodule foreach --recursive git config --local --show-origin --name-only --get-regexp remote.origin.url
Public + security smoke (production build)	Checkout	2026-07-13T20:23:10.9059157Z [command]/usr/bin/git config --local http.https://github.com/.extraheader AUTHORIZATION: basic ***
Public + security smoke (production build)	Checkout	2026-07-13T20:23:10.9078816Z ##[endgroup]
Public + security smoke (production build)	Checkout	2026-07-13T20:23:10.9079530Z ##[group]Fetching the repository
Public + security smoke (production build)	Checkout	2026-07-13T20:23:10.9084754Z [command]/usr/bin/git -c protocol.version=2 fetch --no-tags --prune --no-recurse-submodules --depth=1 origin +16b29652513dd024fa6561435feb43d9219519cf:refs/remotes/origin/main
Public + security smoke (production build)	Checkout	2026-07-13T20:23:13.8178986Z From https://github.com/Hairaudit-v2/G-follicleintelligence
Public + security smoke (production build)	Checkout	2026-07-13T20:23:13.8180654Z  * [new ref]         16b29652513dd024fa6561435feb43d9219519cf -> origin/main
Public + security smoke (production build)	Checkout	2026-07-13T20:23:13.8195971Z ##[endgroup]
Public + security smoke (production build)	Checkout	2026-07-13T20:23:13.8196796Z ##[group]Determining the checkout info
Public + security smoke (production build)	Checkout	2026-07-13T20:23:13.8197913Z ##[endgroup]
Public + security smoke (production build)	Checkout	2026-07-13T20:23:13.8202564Z [command]/usr/bin/git sparse-checkout disable
Public + security smoke (production build)	Checkout	2026-07-13T20:23:13.8903852Z [command]/usr/bin/git config --local --unset-all extensions.worktreeConfig
Public + security smoke (production build)	Checkout	2026-07-13T20:23:13.8924716Z ##[group]Checking out the ref
Public + security smoke (production build)	Checkout	2026-07-13T20:23:13.8927204Z [command]/usr/bin/git checkout --progress --force -B main refs/remotes/origin/main
Public + security smoke (production build)	Checkout	2026-07-13T20:23:14.1022330Z Switched to a new branch 'main'
Public + security smoke (production build)	Checkout	2026-07-13T20:23:14.1024583Z branch 'main' set up to track 'origin/main'.
Public + security smoke (production build)	Checkout	2026-07-13T20:23:14.1029887Z ##[endgroup]
Public + security smoke (production build)	Checkout	2026-07-13T20:23:14.1058377Z [command]/usr/bin/git log -1 --format=%H
Public + security smoke (production build)	Checkout	2026-07-13T20:23:14.1072470Z 16b29652513dd024fa6561435feb43d9219519cf
Public + security smoke (production build)	Setup pnpm	´╗┐2026-07-13T20:23:14.1222310Z Node 20 is being deprecated. This workflow is running with Node 24 by default. If you need to temporarily use Node 20, you can set the ACTIONS_ALLOW_USE_UNSECURE_NODE_VERSION=true environment variable. For more information see: https://github.blog/changelog/2025-09-19-deprecation-of-node-20-on-github-actions-runners/
Public + security smoke (production build)	Setup pnpm	2026-07-13T20:23:14.1223586Z ##[group]Run pnpm/action-setup@v4
Public + security smoke (production build)	Setup pnpm	2026-07-13T20:23:14.1223853Z with:
Public + security smoke (production build)	Setup pnpm	2026-07-13T20:23:14.1224119Z   run_install: false
Public + security smoke (production build)	Setup pnpm	2026-07-13T20:23:14.1224402Z   dest: ~/setup-pnpm
Public + security smoke (production build)	Setup pnpm	2026-07-13T20:23:14.1224665Z   cache: false
Public + security smoke (production build)	Setup pnpm	2026-07-13T20:23:14.1224937Z   cache_dependency_path: pnpm-lock.yaml
Public + security smoke (production build)	Setup pnpm	2026-07-13T20:23:14.1225245Z   package_json_file: package.json
Public + security smoke (production build)	Setup pnpm	2026-07-13T20:23:14.1225530Z   standalone: false
Public + security smoke (production build)	Setup pnpm	2026-07-13T20:23:14.1225772Z env:
Public + security smoke (production build)	Setup pnpm	2026-07-13T20:23:14.1226005Z   SKIP_ENV_VALIDATION: 1
Public + security smoke (production build)	Setup pnpm	2026-07-13T20:23:14.1226311Z   FI_E2E_BASE_URL: http://127.0.0.1:3000
Public + security smoke (production build)	Setup pnpm	2026-07-13T20:23:14.1226887Z   NEXT_PUBLIC_SUPABASE_URL: https://ci-placeholder.supabase.co
Public + security smoke (production build)	Setup pnpm	2026-07-13T20:23:14.1227684Z   NEXT_PUBLIC_SUPABASE_ANON_KEY: ***
Public + security smoke (production build)	Setup pnpm	2026-07-13T20:23:14.1228225Z   SUPABASE_SERVICE_ROLE_KEY: ***
Public + security smoke (production build)	Setup pnpm	2026-07-13T20:23:14.1228531Z ##[endgroup]
Public + security smoke (production build)	Setup pnpm	2026-07-13T20:23:14.2224741Z ##[group]Running self-installer...
Public + security smoke (production build)	Setup pnpm	2026-07-13T20:23:14.4778960Z (node:2094) [DEP0169] DeprecationWarning: `url.parse()` behavior is not standardized and prone to errors that have security implications. Use the WHATWG URL API instead. CVEs are not issued for `url.parse()` vulnerabilities.
Public + security smoke (production build)	Setup pnpm	2026-07-13T20:23:14.4780194Z (Use `node --trace-deprecation ...` to show where the warning was created)
Public + security smoke (production build)	Setup pnpm	2026-07-13T20:23:14.6630490Z Progress: resolved 1, reused 0, downloaded 0, added 0
Public + security smoke (production build)	Setup pnpm	2026-07-13T20:23:14.6692188Z Packages: +1
Public + security smoke (production build)	Setup pnpm	2026-07-13T20:23:14.9435642Z +
Public + security smoke (production build)	Setup pnpm	2026-07-13T20:23:14.9436002Z Progress: resolved 1, reused 0, downloaded 1, added 1, done
Public + security smoke (production build)	Setup pnpm	2026-07-13T20:23:15.2534795Z 
Public + security smoke (production build)	Setup pnpm	2026-07-13T20:23:15.2535259Z dependencies:
Public + security smoke (production build)	Setup pnpm	2026-07-13T20:23:15.2535607Z + pnpm 10.30.3 (11.12.0 is available)
Public + security smoke (production build)	Setup pnpm	2026-07-13T20:23:15.2535851Z 
Public + security smoke (production build)	Setup pnpm	2026-07-13T20:23:15.5948368Z Done in 1.2s
Public + security smoke (production build)	Setup pnpm	2026-07-13T20:23:15.6054107Z ##[endgroup]
Public + security smoke (production build)	Setup pnpm	2026-07-13T20:23:15.6055533Z Installation Completed!
Public + security smoke (production build)	Setup Node.js	´╗┐2026-07-13T20:23:15.6180452Z Node 20 is being deprecated. This workflow is running with Node 24 by default. If you need to temporarily use Node 20, you can set the ACTIONS_ALLOW_USE_UNSECURE_NODE_VERSION=true environment variable. For more information see: https://github.blog/changelog/2025-09-19-deprecation-of-node-20-on-github-actions-runners/
Public + security smoke (production build)	Setup Node.js	2026-07-13T20:23:15.6181585Z ##[group]Run actions/setup-node@v4
Public + security smoke (production build)	Setup Node.js	2026-07-13T20:23:15.6181833Z with:
Public + security smoke (production build)	Setup Node.js	2026-07-13T20:23:15.6182040Z   node-version: 20
Public + security smoke (production build)	Setup Node.js	2026-07-13T20:23:15.6182267Z   cache: pnpm
Public + security smoke (production build)	Setup Node.js	2026-07-13T20:23:15.6182468Z   always-auth: false
Public + security smoke (production build)	Setup Node.js	2026-07-13T20:23:15.6182678Z   check-latest: false
Public + security smoke (production build)	Setup Node.js	2026-07-13T20:23:15.6184394Z   token: ***
Public + security smoke (production build)	Setup Node.js	2026-07-13T20:23:15.6184596Z env:
Public + security smoke (production build)	Setup Node.js	2026-07-13T20:23:15.6184817Z   SKIP_ENV_VALIDATION: 1
Public + security smoke (production build)	Setup Node.js	2026-07-13T20:23:15.6185056Z   FI_E2E_BASE_URL: http://127.0.0.1:3000
Public + security smoke (production build)	Setup Node.js	2026-07-13T20:23:15.6185427Z   NEXT_PUBLIC_SUPABASE_URL: https://ci-placeholder.supabase.co
Public + security smoke (production build)	Setup Node.js	2026-07-13T20:23:15.6185878Z   NEXT_PUBLIC_SUPABASE_ANON_KEY: ***
Public + security smoke (production build)	Setup Node.js	2026-07-13T20:23:15.6186292Z   SUPABASE_SERVICE_ROLE_KEY: ***
Public + security smoke (production build)	Setup Node.js	2026-07-13T20:23:15.6186871Z   PNPM_HOME: /home/runner/setup-pnpm/node_modules/.bin
Public + security smoke (production build)	Setup Node.js	2026-07-13T20:23:15.6187146Z ##[endgroup]
Public + security smoke (production build)	Setup Node.js	2026-07-13T20:23:15.7158863Z Attempting to download 20...
Public + security smoke (production build)	Setup Node.js	2026-07-13T20:23:15.7230309Z (node:2108) [DEP0040] DeprecationWarning: The `punycode` module is deprecated. Please use a userland alternative instead.
Public + security smoke (production build)	Setup Node.js	2026-07-13T20:23:15.7231072Z (Use `node --trace-deprecation ...` to show where the warning was created)
Public + security smoke (production build)	Setup Node.js	2026-07-13T20:23:16.3095855Z Acquiring 20.20.2 - x64 from https://github.com/actions/node-versions/releases/download/20.20.2-23521894959/node-20.20.2-linux-x64.tar.gz
Public + security smoke (production build)	Setup Node.js	2026-07-13T20:23:16.7912022Z Extracting ...
Public + security smoke (production build)	Setup Node.js	2026-07-13T20:23:16.7984816Z [command]/usr/bin/tar xz --strip 1 --warning=no-unknown-keyword --overwrite -C /home/runner/work/_temp/ba1c422e-f6fe-4b0e-80f1-d3be8c40e3fa -f /home/runner/work/_temp/9672d45d-0abf-4673-8a21-48165c88d78f
Public + security smoke (production build)	Setup Node.js	2026-07-13T20:23:17.5912963Z Adding to the cache ...
Public + security smoke (production build)	Setup Node.js	2026-07-13T20:23:19.8557881Z ##[group]Environment details
Public + security smoke (production build)	Setup Node.js	2026-07-13T20:23:20.1366922Z node: v20.20.2
Public + security smoke (production build)	Setup Node.js	2026-07-13T20:23:20.1367357Z npm: 10.8.2
Public + security smoke (production build)	Setup Node.js	2026-07-13T20:23:20.1367572Z yarn: 1.22.22
Public + security smoke (production build)	Setup Node.js	2026-07-13T20:23:20.1367993Z ##[endgroup]
Public + security smoke (production build)	Setup Node.js	2026-07-13T20:23:20.1379752Z [command]/home/runner/setup-pnpm/node_modules/.bin/pnpm store path --silent
Public + security smoke (production build)	Setup Node.js	2026-07-13T20:23:20.3532504Z /home/runner/setup-pnpm/node_modules/.bin/store/v10
Public + security smoke (production build)	Setup Node.js	2026-07-13T20:23:20.5087164Z Cache hit for: node-cache-Linux-x64-pnpm-cbb2ead7dcc68cdef5d56d848521fe3064c97c3e1a783bf41a5a04c311f69156
Public + security smoke (production build)	Setup Node.js	2026-07-13T20:23:20.5161960Z (node:2108) [DEP0169] DeprecationWarning: `url.parse()` behavior is not standardized and prone to errors that have security implications. Use the WHATWG URL API instead. CVEs are not issued for `url.parse()` vulnerabilities.
Public + security smoke (production build)	Setup Node.js	2026-07-13T20:23:21.6424551Z Received 130023424 of 164130769 (79.2%), 123.9 MBs/sec
Public + security smoke (production build)	Setup Node.js	2026-07-13T20:23:21.8569010Z Received 164130769 of 164130769 (100.0%), 128.8 MBs/sec
Public + security smoke (production build)	Setup Node.js	2026-07-13T20:23:21.8569764Z Cache Size: ~157 MB (164130769 B)
Public + security smoke (production build)	Setup Node.js	2026-07-13T20:23:21.8591173Z [command]/usr/bin/tar -xf /home/runner/work/_temp/a12115e9-a8da-456c-9562-075f283a5db7/cache.tzst -P -C /home/runner/work/G-follicleintelligence/G-follicleintelligence --use-compress-program unzstd
Public + security smoke (production build)	Setup Node.js	2026-07-13T20:23:23.0115695Z Cache restored successfully
Public + security smoke (production build)	Setup Node.js	2026-07-13T20:23:23.0173375Z Cache restored from key: node-cache-Linux-x64-pnpm-cbb2ead7dcc68cdef5d56d848521fe3064c97c3e1a783bf41a5a04c311f69156
Public + security smoke (production build)	Install dependencies	´╗┐2026-07-13T20:23:23.0294458Z ##[group]Run pnpm install --frozen-lockfile
Public + security smoke (production build)	Install dependencies	2026-07-13T20:23:23.0294852Z ^[[36;1mpnpm install --frozen-lockfile^[[0m
Public + security smoke (production build)	Install dependencies	2026-07-13T20:23:23.0730376Z shell: /usr/bin/bash -e {0}
Public + security smoke (production build)	Install dependencies	2026-07-13T20:23:23.0730752Z env:
Public + security smoke (production build)	Install dependencies	2026-07-13T20:23:23.0730963Z   SKIP_ENV_VALIDATION: 1
Public + security smoke (production build)	Install dependencies	2026-07-13T20:23:23.0731212Z   FI_E2E_BASE_URL: http://127.0.0.1:3000
Public + security smoke (production build)	Install dependencies	2026-07-13T20:23:23.0731563Z   NEXT_PUBLIC_SUPABASE_URL: https://ci-placeholder.supabase.co
Public + security smoke (production build)	Install dependencies	2026-07-13T20:23:23.0732186Z   NEXT_PUBLIC_SUPABASE_ANON_KEY: ***
Public + security smoke (production build)	Install dependencies	2026-07-13T20:23:23.0732627Z   SUPABASE_SERVICE_ROLE_KEY: ***
Public + security smoke (production build)	Install dependencies	2026-07-13T20:23:23.0732906Z   PNPM_HOME: /home/runner/setup-pnpm/node_modules/.bin
Public + security smoke (production build)	Install dependencies	2026-07-13T20:23:23.0733168Z ##[endgroup]
Public + security smoke (production build)	Install dependencies	2026-07-13T20:23:23.3337364Z Scope: all 3 workspace projects
Public + security smoke (production build)	Install dependencies	2026-07-13T20:23:23.3814398Z Lockfile is up to date, resolution step is skipped
Public + security smoke (production build)	Install dependencies	2026-07-13T20:23:23.4280281Z Progress: resolved 1, reused 0, downloaded 0, added 0
Public + security smoke (production build)	Install dependencies	2026-07-13T20:23:23.4867514Z Packages: +789
Public + security smoke (production build)	Install dependencies	2026-07-13T20:23:23.4907610Z ++++++++++++++++++++++++++++++++++++++++++++++++++++++++++++++++++++++++++++++++
Public + security smoke (production build)	Install dependencies	2026-07-13T20:23:24.4289659Z Progress: resolved 789, reused 789, downloaded 0, added 214
Public + security smoke (production build)	Install dependencies	2026-07-13T20:23:24.8214777Z Progress: resolved 789, reused 789, downloaded 0, added 789, done
Public + security smoke (production build)	Install dependencies	2026-07-13T20:23:25.7745967Z 
Public + security smoke (production build)	Install dependencies	2026-07-13T20:23:25.7746922Z dependencies:
Public + security smoke (production build)	Install dependencies	2026-07-13T20:23:25.7747344Z + @dnd-kit/core 6.3.1
Public + security smoke (production build)	Install dependencies	2026-07-13T20:23:25.7747685Z + @dnd-kit/utilities 3.2.2
Public + security smoke (production build)	Install dependencies	2026-07-13T20:23:25.7748190Z + @follicle/intelligence-core 0.0.0 <- packages/intelligence-core
Public + security smoke (production build)	Install dependencies	2026-07-13T20:23:25.7748857Z + @hairlongevity/medical-intelligence-core 0.1.0 <- packages/medical-intelligence-core
Public + security smoke (production build)	Install dependencies	2026-07-13T20:23:25.7749475Z + @radix-ui/react-dropdown-menu 2.1.17
Public + security smoke (production build)	Install dependencies	2026-07-13T20:23:25.7749864Z + @radix-ui/react-slot 1.2.5
Public + security smoke (production build)	Install dependencies	2026-07-13T20:23:25.7750202Z + @supabase/ssr 0.5.2
Public + security smoke (production build)	Install dependencies	2026-07-13T20:23:25.7750572Z + @supabase/supabase-js 2.108.1
Public + security smoke (production build)	Install dependencies	2026-07-13T20:23:25.7750973Z + @vercel/analytics 2.0.1
Public + security smoke (production build)	Install dependencies	2026-07-13T20:23:25.7751335Z + @vercel/speed-insights 1.3.1
Public + security smoke (production build)	Install dependencies	2026-07-13T20:23:25.7751969Z + class-variance-authority 0.7.1
Public + security smoke (production build)	Install dependencies	2026-07-13T20:23:25.7752307Z + clsx 2.1.1
Public + security smoke (production build)	Install dependencies	2026-07-13T20:23:25.7752661Z + framer-motion 12.40.0
Public + security smoke (production build)	Install dependencies	2026-07-13T20:23:25.7752993Z + lucide-react 0.575.0
Public + security smoke (production build)	Install dependencies	2026-07-13T20:23:25.7753279Z + next 14.2.35
Public + security smoke (production build)	Install dependencies	2026-07-13T20:23:25.7753559Z + pdf-lib 1.17.1
Public + security smoke (production build)	Install dependencies	2026-07-13T20:23:25.7753838Z + react 18.3.1
Public + security smoke (production build)	Install dependencies	2026-07-13T20:23:25.7754164Z + react-dom 18.3.1
Public + security smoke (production build)	Install dependencies	2026-07-13T20:23:25.7754535Z + server-only 0.0.1
Public + security smoke (production build)	Install dependencies	2026-07-13T20:23:25.7754827Z + sharp 0.34.5
Public + security smoke (production build)	Install dependencies	2026-07-13T20:23:25.7755101Z + stripe 17.7.0
Public + security smoke (production build)	Install dependencies	2026-07-13T20:23:25.7755402Z + tailwind-merge 3.6.0
Public + security smoke (production build)	Install dependencies	2026-07-13T20:23:25.7755762Z + tailwindcss-animate 1.0.7
Public + security smoke (production build)	Install dependencies	2026-07-13T20:23:25.7756091Z + ws 8.21.0
Public + security smoke (production build)	Install dependencies	2026-07-13T20:23:25.7756351Z + zod 3.25.76
Public + security smoke (production build)	Install dependencies	2026-07-13T20:23:25.7756880Z + zustand 5.0.14
Public + security smoke (production build)	Install dependencies	2026-07-13T20:23:25.7757062Z 
Public + security smoke (production build)	Install dependencies	2026-07-13T20:23:25.7757283Z devDependencies:
Public + security smoke (production build)	Install dependencies	2026-07-13T20:23:25.7757692Z + @next/bundle-analyzer 14.2.35
Public + security smoke (production build)	Install dependencies	2026-07-13T20:23:25.7758042Z + @playwright/test 1.58.2
Public + security smoke (production build)	Install dependencies	2026-07-13T20:23:25.7758382Z + @types/node 20.19.43
Public + security smoke (production build)	Install dependencies	2026-07-13T20:23:25.7758705Z + @types/qrcode 1.5.6
Public + security smoke (production build)	Install dependencies	2026-07-13T20:23:25.7759094Z + @types/react 18.3.31
Public + security smoke (production build)	Install dependencies	2026-07-13T20:23:25.7759468Z + @types/react-dom 18.3.7
Public + security smoke (production build)	Install dependencies	2026-07-13T20:23:25.7759786Z + @types/ws 8.18.1
Public + security smoke (production build)	Install dependencies	2026-07-13T20:23:25.7760091Z + cross-env 7.0.3
Public + security smoke (production build)	Install dependencies	2026-07-13T20:23:25.7760419Z + eslint 8.57.1
Public + security smoke (production build)	Install dependencies	2026-07-13T20:23:25.7760711Z + eslint-config-next 14.2.35
Public + security smoke (production build)	Install dependencies	2026-07-13T20:23:25.7761146Z + eslint-config-prettier 10.1.8
Public + security smoke (production build)	Install dependencies	2026-07-13T20:23:25.7761498Z + linkinator 7.6.1
Public + security smoke (production build)	Install dependencies	2026-07-13T20:23:25.7761785Z + pg 8.21.0
Public + security smoke (production build)	Install dependencies	2026-07-13T20:23:25.7762106Z + postcss 8.5.15
Public + security smoke (production build)	Install dependencies	2026-07-13T20:23:25.7762376Z + prettier 3.8.4
Public + security smoke (production build)	Install dependencies	2026-07-13T20:23:25.7762701Z + qrcode 1.5.4
Public + security smoke (production build)	Install dependencies	2026-07-13T20:23:25.7762996Z + tailwindcss 3.4.19
Public + security smoke (production build)	Install dependencies	2026-07-13T20:23:25.7763294Z + ts-prune 0.10.3
Public + security smoke (production build)	Install dependencies	2026-07-13T20:23:25.7763630Z + tsx 4.22.4
Public + security smoke (production build)	Install dependencies	2026-07-13T20:23:25.7763894Z + typescript 5.9.3
Public + security smoke (production build)	Install dependencies	2026-07-13T20:23:25.7764214Z + vercel 55.0.0
Public + security smoke (production build)	Install dependencies	2026-07-13T20:23:25.7764483Z + xlsx 0.18.5
Public + security smoke (production build)	Install dependencies	2026-07-13T20:23:25.7764639Z 
Public + security smoke (production build)	Install dependencies	2026-07-13T20:23:25.7882370Z Ôò¡ Warning ÔöÇÔöÇÔöÇÔöÇÔöÇÔöÇÔöÇÔöÇÔöÇÔöÇÔöÇÔöÇÔöÇÔöÇÔöÇÔöÇÔöÇÔöÇÔöÇÔöÇÔöÇÔöÇÔöÇÔöÇÔöÇÔöÇÔöÇÔöÇÔöÇÔöÇÔöÇÔöÇÔöÇÔöÇÔöÇÔöÇÔöÇÔöÇÔöÇÔöÇÔöÇÔöÇÔöÇÔöÇÔöÇÔöÇÔöÇÔöÇÔöÇÔöÇÔöÇÔöÇÔöÇÔöÇÔöÇÔöÇÔöÇÔöÇÔöÇÔöÇÔöÇÔöÇÔöÇÔöÇÔöÇÔöÇÔöÇÔöÇÔöÇÔò«
Public + security smoke (production build)	Install dependencies	2026-07-13T20:23:25.7882911Z Ôöé                                                                              Ôöé
Public + security smoke (production build)	Install dependencies	2026-07-13T20:23:25.7883487Z Ôöé   Ignored build scripts: esbuild@0.27.0, esbuild@0.28.1, sharp@0.34.5,       Ôöé
Public + security smoke (production build)	Install dependencies	2026-07-13T20:23:25.7884005Z Ôöé   unrs-resolver@1.12.2.                                                      Ôöé
Public + security smoke (production build)	Install dependencies	2026-07-13T20:23:25.7884512Z Ôöé   Run "pnpm approve-builds" to pick which dependencies should be allowed     Ôöé
Public + security smoke (production build)	Install dependencies	2026-07-13T20:23:25.7884980Z Ôöé   to run scripts.                                                            Ôöé
Public + security smoke (production build)	Install dependencies	2026-07-13T20:23:25.7885374Z Ôöé                                                                              Ôöé
Public + security smoke (production build)	Install dependencies	2026-07-13T20:23:25.7885783Z Ôò░ÔöÇÔöÇÔöÇÔöÇÔöÇÔöÇÔöÇÔöÇÔöÇÔöÇÔöÇÔöÇÔöÇÔöÇÔöÇÔöÇÔöÇÔöÇÔöÇÔöÇÔöÇÔöÇÔöÇÔöÇÔöÇÔöÇÔöÇÔöÇÔöÇÔöÇÔöÇÔöÇÔöÇÔöÇÔöÇÔöÇÔöÇÔöÇÔöÇÔöÇÔöÇÔöÇÔöÇÔöÇÔöÇÔöÇÔöÇÔöÇÔöÇÔöÇÔöÇÔöÇÔöÇÔöÇÔöÇÔöÇÔöÇÔöÇÔöÇÔöÇÔöÇÔöÇÔöÇÔöÇÔöÇÔöÇÔöÇÔöÇÔöÇÔöÇÔöÇÔöÇÔöÇÔöÇÔöÇÔöÇÔöÇÔöÇÔò»
Public + security smoke (production build)	Install dependencies	2026-07-13T20:23:25.7988306Z Done in 2.6s using pnpm v10.30.3
Public + security smoke (production build)	Install Playwright browsers	´╗┐2026-07-13T20:23:25.8092308Z ##[group]Run npx playwright install --with-deps chromium firefox webkit
Public + security smoke (production build)	Install Playwright browsers	2026-07-13T20:23:25.8092772Z ^[[36;1mnpx playwright install --with-deps chromium firefox webkit^[[0m
Public + security smoke (production build)	Install Playwright browsers	2026-07-13T20:23:25.8109892Z shell: /usr/bin/bash -e {0}
Public + security smoke (production build)	Install Playwright browsers	2026-07-13T20:23:25.8110154Z env:
Public + security smoke (production build)	Install Playwright browsers	2026-07-13T20:23:25.8110370Z   SKIP_ENV_VALIDATION: 1
Public + security smoke (production build)	Install Playwright browsers	2026-07-13T20:23:25.8110623Z   FI_E2E_BASE_URL: http://127.0.0.1:3000
Public + security smoke (production build)	Install Playwright browsers	2026-07-13T20:23:25.8110978Z   NEXT_PUBLIC_SUPABASE_URL: https://ci-placeholder.supabase.co
Public + security smoke (production build)	Install Playwright browsers	2026-07-13T20:23:25.8111781Z   NEXT_PUBLIC_SUPABASE_ANON_KEY: ***
Public + security smoke (production build)	Install Playwright browsers	2026-07-13T20:23:25.8112209Z   SUPABASE_SERVICE_ROLE_KEY: ***
Public + security smoke (production build)	Install Playwright browsers	2026-07-13T20:23:25.8112486Z   PNPM_HOME: /home/runner/setup-pnpm/node_modules/.bin
Public + security smoke (production build)	Install Playwright browsers	2026-07-13T20:23:25.8112753Z ##[endgroup]
Public + security smoke (production build)	Install Playwright browsers	2026-07-13T20:23:26.4165608Z Installing dependencies...
Public + security smoke (production build)	Install Playwright browsers	2026-07-13T20:23:26.4211371Z Switching to root user to install dependencies...
Public + security smoke (production build)	Install Playwright browsers	2026-07-13T20:23:26.4852558Z Get:1 file:/etc/apt/apt-mirrors.txt Mirrorlist [144 B]
Public + security smoke (production build)	Install Playwright browsers	2026-07-13T20:23:26.5197644Z Hit:2 http://azure.archive.ubuntu.com/ubuntu noble InRelease
Public + security smoke (production build)	Install Playwright browsers	2026-07-13T20:23:26.5222066Z Get:3 http://azure.archive.ubuntu.com/ubuntu noble-updates InRelease [126 kB]
Public + security smoke (production build)	Install Playwright browsers	2026-07-13T20:23:26.5258120Z Get:6 https://packages.microsoft.com/repos/azure-cli noble InRelease [3564 B]
Public + security smoke (production build)	Install Playwright browsers	2026-07-13T20:23:26.5283610Z Get:4 http://azure.archive.ubuntu.com/ubuntu noble-backports InRelease [126 kB]
Public + security smoke (production build)	Install Playwright browsers	2026-07-13T20:23:26.5292000Z Get:5 http://azure.archive.ubuntu.com/ubuntu noble-security InRelease [126 kB]
Public + security smoke (production build)	Install Playwright browsers	2026-07-13T20:23:26.5319503Z Get:7 https://packages.microsoft.com/ubuntu/24.04/prod noble InRelease [3600 B]
Public + security smoke (production build)	Install Playwright browsers	2026-07-13T20:23:26.5985587Z Get:8 https://packages.microsoft.com/repos/azure-cli noble/main amd64 Packages [2314 B]
Public + security smoke (production build)	Install Playwright browsers	2026-07-13T20:23:26.6229445Z Get:9 http://azure.archive.ubuntu.com/ubuntu noble-updates/main amd64 Packages [1092 kB]
Public + security smoke (production build)	Install Playwright browsers	2026-07-13T20:23:26.6277605Z Get:10 http://azure.archive.ubuntu.com/ubuntu noble-updates/main Translation-en [269 kB]
Public + security smoke (production build)	Install Playwright browsers	2026-07-13T20:23:26.6292831Z Get:11 http://azure.archive.ubuntu.com/ubuntu noble-updates/main amd64 Components [180 kB]
Public + security smoke (production build)	Install Playwright browsers	2026-07-13T20:23:26.6309416Z Get:12 http://azure.archive.ubuntu.com/ubuntu noble-updates/universe amd64 Packages [1660 kB]
Public + security smoke (production build)	Install Playwright browsers	2026-07-13T20:23:26.6388621Z Get:13 http://azure.archive.ubuntu.com/ubuntu noble-updates/universe Translation-en [327 kB]
Public + security smoke (production build)	Install Playwright browsers	2026-07-13T20:23:26.6409763Z Get:14 http://azure.archive.ubuntu.com/ubuntu noble-updates/universe amd64 Components [388 kB]
Public + security smoke (production build)	Install Playwright browsers	2026-07-13T20:23:26.6438089Z Get:15 http://azure.archive.ubuntu.com/ubuntu noble-updates/restricted amd64 Packages [1225 kB]
Public + security smoke (production build)	Install Playwright browsers	2026-07-13T20:23:26.6537623Z Get:16 http://azure.archive.ubuntu.com/ubuntu noble-updates/restricted Translation-en [276 kB]
Public + security smoke (production build)	Install Playwright browsers	2026-07-13T20:23:26.6538630Z Get:18 https://dl.google.com/linux/chrome-stable/deb stable InRelease [1825 B]
Public + security smoke (production build)	Install Playwright browsers	2026-07-13T20:23:26.6548576Z Get:17 http://azure.archive.ubuntu.com/ubuntu noble-updates/multiverse amd64 Components [940 B]
Public + security smoke (production build)	Install Playwright browsers	2026-07-13T20:23:26.6567030Z Get:19 http://azure.archive.ubuntu.com/ubuntu noble-backports/main amd64 Components [5776 B]
Public + security smoke (production build)	Install Playwright browsers	2026-07-13T20:23:26.7058471Z Get:20 http://azure.archive.ubuntu.com/ubuntu noble-backports/universe amd64 Components [10.5 kB]
Public + security smoke (production build)	Install Playwright browsers	2026-07-13T20:23:26.7087889Z Get:21 http://azure.archive.ubuntu.com/ubuntu noble-security/main amd64 Packages [828 kB]
Public + security smoke (production build)	Install Playwright browsers	2026-07-13T20:23:26.7129255Z Get:22 http://azure.archive.ubuntu.com/ubuntu noble-security/main Translation-en [187 kB]
Public + security smoke (production build)	Install Playwright browsers	2026-07-13T20:23:26.7130524Z Get:23 http://azure.archive.ubuntu.com/ubuntu noble-security/main amd64 Components [45.0 kB]
Public + security smoke (production build)	Install Playwright browsers	2026-07-13T20:23:26.7145018Z Get:24 http://azure.archive.ubuntu.com/ubuntu noble-security/main amd64 c-n-f Metadata [11.9 kB]
Public + security smoke (production build)	Install Playwright browsers	2026-07-13T20:23:26.7158442Z Get:25 http://azure.archive.ubuntu.com/ubuntu noble-security/universe amd64 Packages [1174 kB]
Public + security smoke (production build)	Install Playwright browsers	2026-07-13T20:23:26.7200617Z Get:29 https://packages.microsoft.com/ubuntu/24.04/prod noble/main armhf Packages [11.6 kB]
Public + security smoke (production build)	Install Playwright browsers	2026-07-13T20:23:26.7215253Z Get:26 http://azure.archive.ubuntu.com/ubuntu noble-security/universe Translation-en [231 kB]
Public + security smoke (production build)	Install Playwright browsers	2026-07-13T20:23:26.7232321Z Get:27 http://azure.archive.ubuntu.com/ubuntu noble-security/universe amd64 Components [76.3 kB]
Public + security smoke (production build)	Install Playwright browsers	2026-07-13T20:23:26.7239117Z Get:30 https://packages.microsoft.com/ubuntu/24.04/prod noble/main amd64 Packages [214 kB]
Public + security smoke (production build)	Install Playwright browsers	2026-07-13T20:23:26.7247228Z Get:28 http://azure.archive.ubuntu.com/ubuntu noble-security/universe amd64 c-n-f Metadata [24.2 kB]
Public + security smoke (production build)	Install Playwright browsers	2026-07-13T20:23:26.7307480Z Get:31 https://packages.microsoft.com/ubuntu/24.04/prod noble/main arm64 Packages [181 kB]
Public + security smoke (production build)	Install Playwright browsers	2026-07-13T20:23:26.7780652Z Get:32 https://dl.google.com/linux/chrome-stable/deb stable/main amd64 Packages [1217 B]
Public + security smoke (production build)	Install Playwright browsers	2026-07-13T20:23:30.7011029Z Fetched 8809 kB in 1s (10.9 MB/s)
Public + security smoke (production build)	Install Playwright browsers	2026-07-13T20:23:31.1920447Z Reading package lists...
Public + security smoke (production build)	Install Playwright browsers	2026-07-13T20:23:31.2117739Z Reading package lists...
Public + security smoke (production build)	Install Playwright browsers	2026-07-13T20:23:31.3046081Z Building dependency tree...
Public + security smoke (production build)	Install Playwright browsers	2026-07-13T20:23:31.3050554Z Reading state information...
Public + security smoke (production build)	Install Playwright browsers	2026-07-13T20:23:31.3163514Z libasound2t64 is already the newest version (1.2.11-1ubuntu0.2).
Public + security smoke (production build)	Install Playwright browsers	2026-07-13T20:23:31.3164166Z libasound2t64 set to manually installed.
Public + security smoke (production build)	Install Playwright browsers	2026-07-13T20:23:31.3164785Z libatk-bridge2.0-0t64 is already the newest version (2.52.0-1build1).
Public + security smoke (production build)	Install Playwright browsers	2026-07-13T20:23:31.3165435Z libatk-bridge2.0-0t64 set to manually installed.
Public + security smoke (production build)	Install Playwright browsers	2026-07-13T20:23:31.3165954Z libatk1.0-0t64 is already the newest version (2.52.0-1build1).
Public + security smoke (production build)	Install Playwright browsers	2026-07-13T20:23:31.3167037Z libatk1.0-0t64 set to manually installed.
Public + security smoke (production build)	Install Playwright browsers	2026-07-13T20:23:31.3167562Z libatspi2.0-0t64 is already the newest version (2.52.0-1build1).
Public + security smoke (production build)	Install Playwright browsers	2026-07-13T20:23:31.3168133Z libatspi2.0-0t64 set to manually installed.
Public + security smoke (production build)	Install Playwright browsers	2026-07-13T20:23:31.3168627Z libcairo2 is already the newest version (1.18.0-3build1).
Public + security smoke (production build)	Install Playwright browsers	2026-07-13T20:23:31.3169105Z libcairo2 set to manually installed.
Public + security smoke (production build)	Install Playwright browsers	2026-07-13T20:23:31.3169640Z libcups2t64 is already the newest version (2.4.7-1.2ubuntu7.14).
Public + security smoke (production build)	Install Playwright browsers	2026-07-13T20:23:31.3170133Z libcups2t64 set to manually installed.
Public + security smoke (production build)	Install Playwright browsers	2026-07-13T20:23:31.3170685Z libdbus-1-3 is already the newest version (1.14.10-4ubuntu4.1).
Public + security smoke (production build)	Install Playwright browsers	2026-07-13T20:23:31.3171174Z libdbus-1-3 set to manually installed.
Public + security smoke (production build)	Install Playwright browsers	2026-07-13T20:23:31.3171688Z libdrm2 is already the newest version (2.4.125-1ubuntu0.1~24.04.2).
Public + security smoke (production build)	Install Playwright browsers	2026-07-13T20:23:31.3172221Z libdrm2 set to manually installed.
Public + security smoke (production build)	Install Playwright browsers	2026-07-13T20:23:31.3172741Z libgbm1 is already the newest version (25.2.8-0ubuntu0.24.04.2).
Public + security smoke (production build)	Install Playwright browsers	2026-07-13T20:23:31.3173242Z libgbm1 set to manually installed.
Public + security smoke (production build)	Install Playwright browsers	2026-07-13T20:23:31.3173745Z libglib2.0-0t64 is already the newest version (2.80.0-6ubuntu3.8).
Public + security smoke (production build)	Install Playwright browsers	2026-07-13T20:23:31.3174253Z libglib2.0-0t64 set to manually installed.
Public + security smoke (production build)	Install Playwright browsers	2026-07-13T20:23:31.3174814Z libnspr4 is already the newest version (2:4.35-1.1build1).
Public + security smoke (production build)	Install Playwright browsers	2026-07-13T20:23:31.3175275Z libnspr4 set to manually installed.
Public + security smoke (production build)	Install Playwright browsers	2026-07-13T20:23:31.3175811Z libnss3 is already the newest version (2:3.98-1ubuntu0.2).
Public + security smoke (production build)	Install Playwright browsers	2026-07-13T20:23:31.3176266Z libnss3 set to manually installed.
Public + security smoke (production build)	Install Playwright browsers	2026-07-13T20:23:31.3176973Z libpango-1.0-0 is already the newest version (1.52.1+ds-1build1).
Public + security smoke (production build)	Install Playwright browsers	2026-07-13T20:23:31.3177547Z libpango-1.0-0 set to manually installed.
Public + security smoke (production build)	Install Playwright browsers	2026-07-13T20:23:31.3178023Z libx11-6 is already the newest version (2:1.8.7-1build1).
Public + security smoke (production build)	Install Playwright browsers	2026-07-13T20:23:31.3178508Z libx11-6 set to manually installed.
Public + security smoke (production build)	Install Playwright browsers	2026-07-13T20:23:31.3178978Z libxcb1 is already the newest version (1.15-1ubuntu2).
Public + security smoke (production build)	Install Playwright browsers	2026-07-13T20:23:31.3179489Z libxcb1 set to manually installed.
Public + security smoke (production build)	Install Playwright browsers	2026-07-13T20:23:31.3180008Z libxcomposite1 is already the newest version (1:0.4.5-1build3).
Public + security smoke (production build)	Install Playwright browsers	2026-07-13T20:23:31.3180504Z libxcomposite1 set to manually installed.
Public + security smoke (production build)	Install Playwright browsers	2026-07-13T20:23:31.3181048Z libxdamage1 is already the newest version (1:1.1.6-1build1).
Public + security smoke (production build)	Install Playwright browsers	2026-07-13T20:23:31.3181575Z libxdamage1 set to manually installed.
Public + security smoke (production build)	Install Playwright browsers	2026-07-13T20:23:31.3182051Z libxext6 is already the newest version (2:1.3.4-1build2).
Public + security smoke (production build)	Install Playwright browsers	2026-07-13T20:23:31.3182515Z libxext6 set to manually installed.
Public + security smoke (production build)	Install Playwright browsers	2026-07-13T20:23:31.3182993Z libxfixes3 is already the newest version (1:6.0.0-2build1).
Public + security smoke (production build)	Install Playwright browsers	2026-07-13T20:23:31.3183513Z libxfixes3 set to manually installed.
Public + security smoke (production build)	Install Playwright browsers	2026-07-13T20:23:31.3184017Z libxkbcommon0 is already the newest version (1.6.0-1build1).
Public + security smoke (production build)	Install Playwright browsers	2026-07-13T20:23:31.3184506Z libxkbcommon0 set to manually installed.
Public + security smoke (production build)	Install Playwright browsers	2026-07-13T20:23:31.3185013Z libxrandr2 is already the newest version (2:1.5.2-2build1).
Public + security smoke (production build)	Install Playwright browsers	2026-07-13T20:23:31.3185694Z libxrandr2 set to manually installed.
Public + security smoke (production build)	Install Playwright browsers	2026-07-13T20:23:31.3186300Z xvfb is already the newest version (2:21.1.12-1ubuntu1.6).
Public + security smoke (production build)	Install Playwright browsers	2026-07-13T20:23:31.3187180Z fonts-noto-color-emoji is already the newest version (2.047-0ubuntu0.24.04.1).
Public + security smoke (production build)	Install Playwright browsers	2026-07-13T20:23:31.3187851Z libfontconfig1 is already the newest version (2.15.0-1.1ubuntu2).
Public + security smoke (production build)	Install Playwright browsers	2026-07-13T20:23:31.3188369Z libfontconfig1 set to manually installed.
Public + security smoke (production build)	Install Playwright browsers	2026-07-13T20:23:31.3188914Z libfreetype6 is already the newest version (2.13.2+dfsg-1ubuntu0.1).
Public + security smoke (production build)	Install Playwright browsers	2026-07-13T20:23:31.3189481Z libfreetype6 set to manually installed.
Public + security smoke (production build)	Install Playwright browsers	2026-07-13T20:23:31.3189973Z fonts-liberation is already the newest version (1:2.1.5-3).
Public + security smoke (production build)	Install Playwright browsers	2026-07-13T20:23:31.3190471Z fonts-liberation set to manually installed.
Public + security smoke (production build)	Install Playwright browsers	2026-07-13T20:23:31.3191046Z libcairo-gobject2 is already the newest version (1.18.0-3build1).
Public + security smoke (production build)	Install Playwright browsers	2026-07-13T20:23:31.3191551Z libcairo-gobject2 set to manually installed.
Public + security smoke (production build)	Install Playwright browsers	2026-07-13T20:23:31.3192178Z libgdk-pixbuf-2.0-0 is already the newest version (2.42.10+dfsg-3ubuntu3.3).
Public + security smoke (production build)	Install Playwright browsers	2026-07-13T20:23:31.3192757Z libgdk-pixbuf-2.0-0 set to manually installed.
Public + security smoke (production build)	Install Playwright browsers	2026-07-13T20:23:31.3193340Z libgtk-3-0t64 is already the newest version (3.24.41-4ubuntu1.3).
Public + security smoke (production build)	Install Playwright browsers	2026-07-13T20:23:31.3193987Z libgtk-3-0t64 set to manually installed.
Public + security smoke (production build)	Install Playwright browsers	2026-07-13T20:23:31.3194499Z libpangocairo-1.0-0 is already the newest version (1.52.1+ds-1build1).
Public + security smoke (production build)	Install Playwright browsers	2026-07-13T20:23:31.3195100Z libpangocairo-1.0-0 set to manually installed.
Public + security smoke (production build)	Install Playwright browsers	2026-07-13T20:23:31.3195615Z libx11-xcb1 is already the newest version (2:1.8.7-1build1).
Public + security smoke (production build)	Install Playwright browsers	2026-07-13T20:23:31.3196131Z libx11-xcb1 set to manually installed.
Public + security smoke (production build)	Install Playwright browsers	2026-07-13T20:23:31.3196802Z libxcb-shm0 is already the newest version (1.15-1ubuntu2).
Public + security smoke (production build)	Install Playwright browsers	2026-07-13T20:23:31.3197248Z libxcb-shm0 set to manually installed.
Public + security smoke (production build)	Install Playwright browsers	2026-07-13T20:23:31.3197771Z libxcursor1 is already the newest version (1:1.2.1-1build1).
Public + security smoke (production build)	Install Playwright browsers	2026-07-13T20:23:31.3198280Z libxcursor1 set to manually installed.
Public + security smoke (production build)	Install Playwright browsers	2026-07-13T20:23:31.3198765Z libxi6 is already the newest version (2:1.8.1-1build1).
Public + security smoke (production build)	Install Playwright browsers	2026-07-13T20:23:31.3199206Z libxi6 set to manually installed.
Public + security smoke (production build)	Install Playwright browsers	2026-07-13T20:23:31.3199709Z libxrender1 is already the newest version (1:0.9.10-1.1build1).
Public + security smoke (production build)	Install Playwright browsers	2026-07-13T20:23:31.3200294Z libxrender1 set to manually installed.
Public + security smoke (production build)	Install Playwright browsers	2026-07-13T20:23:31.3200784Z libicu74 is already the newest version (74.2-1ubuntu3.1).
Public + security smoke (production build)	Install Playwright browsers	2026-07-13T20:23:31.3201384Z libatomic1 is already the newest version (14.2.0-4ubuntu2~24.04.1).
Public + security smoke (production build)	Install Playwright browsers	2026-07-13T20:23:31.3201906Z libatomic1 set to manually installed.
Public + security smoke (production build)	Install Playwright browsers	2026-07-13T20:23:31.3202415Z libenchant-2-2 is already the newest version (2.3.3-2build2).
Public + security smoke (production build)	Install Playwright browsers	2026-07-13T20:23:31.3203038Z libenchant-2-2 set to manually installed.
Public + security smoke (production build)	Install Playwright browsers	2026-07-13T20:23:31.3203532Z libepoxy0 is already the newest version (1.5.10-1build1).
Public + security smoke (production build)	Install Playwright browsers	2026-07-13T20:23:31.3204049Z libepoxy0 set to manually installed.
Public + security smoke (production build)	Install Playwright browsers	2026-07-13T20:23:31.3204557Z libgstreamer1.0-0 is already the newest version (1.24.2-1ubuntu0.1).
Public + security smoke (production build)	Install Playwright browsers	2026-07-13T20:23:31.3205186Z libgstreamer1.0-0 set to manually installed.
Public + security smoke (production build)	Install Playwright browsers	2026-07-13T20:23:31.3205706Z libharfbuzz0b is already the newest version (8.3.0-2build2).
Public + security smoke (production build)	Install Playwright browsers	2026-07-13T20:23:31.4281451Z libharfbuzz0b set to manually installed.
Public + security smoke (production build)	Install Playwright browsers	2026-07-13T20:23:31.4282307Z libjpeg-turbo8 is already the newest version (2.1.5-2ubuntu2).
Public + security smoke (production build)	Install Playwright browsers	2026-07-13T20:23:31.4282900Z libjpeg-turbo8 set to manually installed.
Public + security smoke (production build)	Install Playwright browsers	2026-07-13T20:23:31.4283488Z liblcms2-2 is already the newest version (2.14-2ubuntu0.1).
Public + security smoke (production build)	Install Playwright browsers	2026-07-13T20:23:31.4284063Z liblcms2-2 set to manually installed.
Public + security smoke (production build)	Install Playwright browsers	2026-07-13T20:23:31.4284621Z libpng16-16t64 is already the newest version (1.6.43-5ubuntu0.6).
Public + security smoke (production build)	Install Playwright browsers	2026-07-13T20:23:31.4285185Z libpng16-16t64 set to manually installed.
Public + security smoke (production build)	Install Playwright browsers	2026-07-13T20:23:31.4285735Z libwayland-client0 is already the newest version (1.22.0-2.1build1).
Public + security smoke (production build)	Install Playwright browsers	2026-07-13T20:23:31.4286320Z libwayland-client0 set to manually installed.
Public + security smoke (production build)	Install Playwright browsers	2026-07-13T20:23:31.4287136Z libwayland-egl1 is already the newest version (1.22.0-2.1build1).
Public + security smoke (production build)	Install Playwright browsers	2026-07-13T20:23:31.4287653Z libwayland-egl1 set to manually installed.
Public + security smoke (production build)	Install Playwright browsers	2026-07-13T20:23:31.4288234Z libwebp7 is already the newest version (1.3.2-0.4build3).
Public + security smoke (production build)	Install Playwright browsers	2026-07-13T20:23:31.4288683Z libwebp7 set to manually installed.
Public + security smoke (production build)	Install Playwright browsers	2026-07-13T20:23:31.4289457Z libwebpdemux2 is already the newest version (1.3.2-0.4build3).
Public + security smoke (production build)	Install Playwright browsers	2026-07-13T20:23:31.4290008Z libwebpdemux2 set to manually installed.
Public + security smoke (production build)	Install Playwright browsers	2026-07-13T20:23:31.4290549Z libxml2 is already the newest version (2.9.14+dfsg-1.3ubuntu3.8).
Public + security smoke (production build)	Install Playwright browsers	2026-07-13T20:23:31.4291099Z libxml2 set to manually installed.
Public + security smoke (production build)	Install Playwright browsers	2026-07-13T20:23:31.4291622Z libxslt1.1 is already the newest version (1.1.39-0exp1ubuntu0.24.04.3).
Public + security smoke (production build)	Install Playwright browsers	2026-07-13T20:23:31.4292213Z libxslt1.1 set to manually installed.
Public + security smoke (production build)	Install Playwright browsers	2026-07-13T20:23:31.4292815Z The following additional packages will be installed:
Public + security smoke (production build)	Install Playwright browsers	2026-07-13T20:23:31.4293369Z   glib-networking glib-networking-common glib-networking-services
Public + security smoke (production build)	Install Playwright browsers	2026-07-13T20:23:31.4294076Z   gsettings-desktop-schemas libaa1 libabsl20220623t64 libass9 libasyncns0
Public + security smoke (production build)	Install Playwright browsers	2026-07-13T20:23:31.4294720Z   libavc1394-0 libavcodec60 libavfilter9 libavformat60 libavtp0 libavutil58
Public + security smoke (production build)	Install Playwright browsers	2026-07-13T20:23:31.4295428Z   libblas3 libbluray2 libbs2b0 libcaca0 libcairo-script-interpreter2
Public + security smoke (production build)	Install Playwright browsers	2026-07-13T20:23:31.4296024Z   libcdparanoia0 libchromaprint1 libcjson1 libcodec2-1.2 libdav1d7
Public + security smoke (production build)	Install Playwright browsers	2026-07-13T20:23:31.4296765Z   libdc1394-25 libdca0 libde265-0 libdecor-0-0 libdirectfb-1.7-7t64 libdv4t64
Public + security smoke (production build)	Install Playwright browsers	2026-07-13T20:23:31.4297356Z   libdvdnav4 libdvdread8t64 libegl-mesa0 libegl1 libfaad2 libflac12t64
Public + security smoke (production build)	Install Playwright browsers	2026-07-13T20:23:31.4297793Z   libfluidsynth3 libfreeaptx0 libgav1-1 libgme0 libgraphene-1.0-0 libgsm1
Public + security smoke (production build)	Install Playwright browsers	2026-07-13T20:23:31.4298271Z   libgssdp-1.6-0 libgstreamer-plugins-good1.0-0 libgtk-4-common libgupnp-1.6-0
Public + security smoke (production build)	Install Playwright browsers	2026-07-13T20:23:31.4298737Z   libgupnp-igd-1.6-0 libhwy1t64 libiec61883-0 libimath-3-1-29t64
Public + security smoke (production build)	Install Playwright browsers	2026-07-13T20:23:31.4299673Z   libinstpatch-1.0-2 libjack-jackd2-0 libjxl0.7 liblapack3 liblc3-1
Public + security smoke (production build)	Install Playwright browsers	2026-07-13T20:23:31.4300205Z   libldacbt-enc2 liblilv-0-0 liblrdf0 libltc11 libmbedcrypto7t64 libmfx1
Public + security smoke (production build)	Install Playwright browsers	2026-07-13T20:23:31.4300593Z   libmjpegutils-2.1-0t64 libmodplug1 libmp3lame0 libmpcdec6
Public + security smoke (production build)	Install Playwright browsers	2026-07-13T20:23:31.4301034Z   libmpeg2encpp-2.1-0t64 libmpg123-0t64 libmplex2-2.1-0t64 libmysofa1
Public + security smoke (production build)	Install Playwright browsers	2026-07-13T20:23:31.4301458Z   libneon27t64 libnice10 libopenal-data libopenal1 libopenexr-3-1-30
Public + security smoke (production build)	Install Playwright browsers	2026-07-13T20:23:31.4301848Z   libopenh264-7 libopenmpt0t64 libopenni2-0 liborc-0.4-0t64
Public + security smoke (production build)	Install Playwright browsers	2026-07-13T20:23:31.4302224Z   libpipewire-0.3-0t64 libplacebo338 libpocketsphinx3 libpostproc57
Public + security smoke (production build)	Install Playwright browsers	2026-07-13T20:23:31.4302619Z   libproxy1v5 libpulse0 libqrencode4 libraptor2-0 librav1e0 libraw1394-11
Public + security smoke (production build)	Install Playwright browsers	2026-07-13T20:23:31.4303094Z   librist4 librsvg2-2 librubberband2 libsamplerate0 libsbc1 libsdl2-2.0-0
Public + security smoke (production build)	Install Playwright browsers	2026-07-13T20:23:31.4303512Z   libsecret-common libserd-0-0 libshine3 libshout3 libsndfile1 libsndio7.0
Public + security smoke (production build)	Install Playwright browsers	2026-07-13T20:23:31.4303929Z   libsord-0-0 libsoundtouch1 libsoup-3.0-0 libsoup-3.0-common libsoxr0
Public + security smoke (production build)	Install Playwright browsers	2026-07-13T20:23:31.4304380Z   libspa-0.2-modules libspandsp2t64 libspeex1 libsphinxbase3t64 libsratom-0-0
Public + security smoke (production build)	Install Playwright browsers	2026-07-13T20:23:31.4304832Z   libsrt1.5-gnutls libsrtp2-1 libssh-gcrypt-4 libsvtav1enc1d1 libswresample4
Public + security smoke (production build)	Install Playwright browsers	2026-07-13T20:23:31.4305278Z   libswscale7 libtag1v5 libtag1v5-vanilla libtheora0 libtwolame0 libudfread0
Public + security smoke (production build)	Install Playwright browsers	2026-07-13T20:23:31.4305695Z   libunibreak5 libv4l-0t64 libv4lconvert0t64 libva-drm2 libva-x11-2 libva2
Public + security smoke (production build)	Install Playwright browsers	2026-07-13T20:23:31.4306147Z   libvdpau1 libvidstab1.1 libvisual-0.4-0 libvo-aacenc0 libvo-amrwbenc0
Public + security smoke (production build)	Install Playwright browsers	2026-07-13T20:23:31.4306737Z   libvorbisenc2 libvpl2 libwavpack1 libwebrtc-audio-processing1 libwildmidi2
Public + security smoke (production build)	Install Playwright browsers	2026-07-13T20:23:31.4307216Z   libx265-199 libxcb-xkb1 libxkbcommon-x11-0 libxvidcore4 libyuv0 libzbar0t64
Public + security smoke (production build)	Install Playwright browsers	2026-07-13T20:23:31.4307656Z   libzimg2 libzix-0-0 libzvbi-common libzvbi0t64 libzxing3 ocl-icd-libopencl1
Public + security smoke (production build)	Install Playwright browsers	2026-07-13T20:23:31.4308099Z   session-migration timgm6mb-soundfont xfonts-encodings xfonts-utils
Public + security smoke (production build)	Install Playwright browsers	2026-07-13T20:23:31.4308446Z Suggested packages:
Public + security smoke (production build)	Install Playwright browsers	2026-07-13T20:23:31.4308767Z   frei0r-plugins gvfs libcuda1 libnvcuvid1 libnvidia-encode1 libbluray-bdj
Public + security smoke (production build)	Install Playwright browsers	2026-07-13T20:23:31.4309249Z   libdirectfb-extra libdv-bin oss-compat libdvdcss2 libvisual-0.4-plugins
Public + security smoke (production build)	Install Playwright browsers	2026-07-13T20:23:31.4309700Z   jackd2 liblrdf0-dev libportaudio2 opus-tools pipewire pulseaudio
Public + security smoke (production build)	Install Playwright browsers	2026-07-13T20:23:31.4310078Z   raptor2-utils libraw1394-doc librsvg2-bin serdi sndiod sordi speex
Public + security smoke (production build)	Install Playwright browsers	2026-07-13T20:23:31.4310462Z   libwildmidi-config opencl-icd fluid-soundfont-gm
Public + security smoke (production build)	Install Playwright browsers	2026-07-13T20:23:31.4310857Z Recommended packages:
Public + security smoke (production build)	Install Playwright browsers	2026-07-13T20:23:31.4311193Z   fonts-ipafont-mincho fonts-tlwg-loma gstreamer1.0-x libaacs0
Public + security smoke (production build)	Install Playwright browsers	2026-07-13T20:23:31.4311591Z   default-libdecor-0-plugin-1 | libdecor-0-plugin-1 gstreamer1.0-gl
Public + security smoke (production build)	Install Playwright browsers	2026-07-13T20:23:31.4312009Z   libgtk-4-bin librsvg2-common libgtk-4-media-gstreamer libpipewire-0.3-common
Public + security smoke (production build)	Install Playwright browsers	2026-07-13T20:23:31.4312502Z   pocketsphinx-en-us va-driver-all | va-driver vdpau-driver-all | vdpau-driver
Public + security smoke (production build)	Install Playwright browsers	2026-07-13T20:23:31.4312863Z   libmagickcore-6.q16-7-extra
Public + security smoke (production build)	Install Playwright browsers	2026-07-13T20:23:31.7982590Z The following NEW packages will be installed:
Public + security smoke (production build)	Install Playwright browsers	2026-07-13T20:23:31.7983202Z   fonts-freefont-ttf fonts-ipafont-gothic fonts-tlwg-loma-otf fonts-unifont
Public + security smoke (production build)	Install Playwright browsers	2026-07-13T20:23:31.7983739Z   fonts-wqy-zenhei glib-networking glib-networking-common
Public + security smoke (production build)	Install Playwright browsers	2026-07-13T20:23:31.7984339Z   glib-networking-services gsettings-desktop-schemas gstreamer1.0-libav
Public + security smoke (production build)	Install Playwright browsers	2026-07-13T20:23:31.7985008Z   gstreamer1.0-plugins-bad gstreamer1.0-plugins-base gstreamer1.0-plugins-good
Public + security smoke (production build)	Install Playwright browsers	2026-07-13T20:23:31.7985727Z   libaa1 libabsl20220623t64 libass9 libasyncns0 libavc1394-0 libavcodec60
Public + security smoke (production build)	Install Playwright browsers	2026-07-13T20:23:31.7986368Z   libavfilter9 libavformat60 libavif16 libavtp0 libavutil58 libblas3
Public + security smoke (production build)	Install Playwright browsers	2026-07-13T20:23:31.7987394Z   libbluray2 libbs2b0 libcaca0 libcairo-script-interpreter2 libcdparanoia0
Public + security smoke (production build)	Install Playwright browsers	2026-07-13T20:23:31.7988036Z   libchromaprint1 libcjson1 libcodec2-1.2 libdav1d7 libdc1394-25 libdca0
Public + security smoke (production build)	Install Playwright browsers	2026-07-13T20:23:31.7988560Z   libde265-0 libdecor-0-0 libdirectfb-1.7-7t64 libdv4t64 libdvdnav4
Public + security smoke (production build)	Install Playwright browsers	2026-07-13T20:23:31.7989157Z   libdvdread8t64 libegl-mesa0 libegl1 libevent-2.1-7t64 libfaad2 libflac12t64
Public + security smoke (production build)	Install Playwright browsers	2026-07-13T20:23:31.7989706Z   libflite1 libfluidsynth3 libfreeaptx0 libgav1-1 libgles2 libgme0
Public + security smoke (production build)	Install Playwright browsers	2026-07-13T20:23:31.7990225Z   libgraphene-1.0-0 libgsm1 libgssdp-1.6-0 libgstreamer-gl1.0-0
Public + security smoke (production build)	Install Playwright browsers	2026-07-13T20:23:31.7990840Z   libgstreamer-plugins-bad1.0-0 libgstreamer-plugins-base1.0-0
Public + security smoke (production build)	Install Playwright browsers	2026-07-13T20:23:31.7991454Z   libgstreamer-plugins-good1.0-0 libgtk-4-1 libgtk-4-common libgupnp-1.6-0
Public + security smoke (production build)	Install Playwright browsers	2026-07-13T20:23:31.7992184Z   libgupnp-igd-1.6-0 libharfbuzz-icu0 libhwy1t64 libhyphen0 libiec61883-0
Public + security smoke (production build)	Install Playwright browsers	2026-07-13T20:23:31.7992834Z   libimath-3-1-29t64 libinstpatch-1.0-2 libjack-jackd2-0 libjxl0.7 liblapack3
Public + security smoke (production build)	Install Playwright browsers	2026-07-13T20:23:31.7993569Z   liblc3-1 libldacbt-enc2 liblilv-0-0 liblrdf0 libltc11 libmanette-0.2-0
Public + security smoke (production build)	Install Playwright browsers	2026-07-13T20:23:31.7994163Z   libmbedcrypto7t64 libmfx1 libmjpegutils-2.1-0t64 libmodplug1 libmp3lame0
Public + security smoke (production build)	Install Playwright browsers	2026-07-13T20:23:31.7994721Z   libmpcdec6 libmpeg2encpp-2.1-0t64 libmpg123-0t64 libmplex2-2.1-0t64
Public + security smoke (production build)	Install Playwright browsers	2026-07-13T20:23:31.7995315Z   libmysofa1 libneon27t64 libnice10 libopenal-data libopenal1
Public + security smoke (production build)	Install Playwright browsers	2026-07-13T20:23:31.7995865Z   libopenexr-3-1-30 libopenh264-7 libopenmpt0t64 libopenni2-0 libopus0
Public + security smoke (production build)	Install Playwright browsers	2026-07-13T20:23:31.7996690Z   liborc-0.4-0t64 libpipewire-0.3-0t64 libplacebo338 libpocketsphinx3
Public + security smoke (production build)	Install Playwright browsers	2026-07-13T20:23:31.7997279Z   libpostproc57 libproxy1v5 libpulse0 libqrencode4 libraptor2-0 librav1e0
Public + security smoke (production build)	Install Playwright browsers	2026-07-13T20:23:31.7997884Z   libraw1394-11 librist4 librsvg2-2 librubberband2 libsamplerate0 libsbc1
Public + security smoke (production build)	Install Playwright browsers	2026-07-13T20:23:31.7998675Z   libsdl2-2.0-0 libsecret-1-0 libsecret-common libserd-0-0 libshine3 libshout3
Public + security smoke (production build)	Install Playwright browsers	2026-07-13T20:23:31.7999243Z   libsndfile1 libsndio7.0 libsord-0-0 libsoundtouch1 libsoup-3.0-0
Public + security smoke (production build)	Install Playwright browsers	2026-07-13T20:23:31.7999909Z   libsoup-3.0-common libsoxr0 libspa-0.2-modules libspandsp2t64 libspeex1
Public + security smoke (production build)	Install Playwright browsers	2026-07-13T20:23:31.8000487Z   libsphinxbase3t64 libsratom-0-0 libsrt1.5-gnutls libsrtp2-1 libssh-gcrypt-4
Public + security smoke (production build)	Install Playwright browsers	2026-07-13T20:23:31.8001137Z   libsvtav1enc1d1 libswresample4 libswscale7 libtag1v5 libtag1v5-vanilla
Public + security smoke (production build)	Install Playwright browsers	2026-07-13T20:23:31.8001684Z   libtheora0 libtwolame0 libudfread0 libunibreak5 libv4l-0t64
Public + security smoke (production build)	Install Playwright browsers	2026-07-13T20:23:31.8002234Z   libv4lconvert0t64 libva-drm2 libva-x11-2 libva2 libvdpau1 libvidstab1.1
Public + security smoke (production build)	Install Playwright browsers	2026-07-13T20:23:31.8002997Z   libvisual-0.4-0 libvo-aacenc0 libvo-amrwbenc0 libvorbisenc2 libvpl2 libvpx9
Public + security smoke (production build)	Install Playwright browsers	2026-07-13T20:23:31.8003629Z   libwavpack1 libwayland-server0 libwebrtc-audio-processing1 libwildmidi2
Public + security smoke (production build)	Install Playwright browsers	2026-07-13T20:23:31.8004310Z   libwoff1 libx264-164 libx265-199 libxcb-xkb1 libxkbcommon-x11-0 libxvidcore4
Public + security smoke (production build)	Install Playwright browsers	2026-07-13T20:23:31.8005290Z   libyuv0 libzbar0t64 libzimg2 libzix-0-0 libzvbi-common libzvbi0t64 libzxing3
Public + security smoke (production build)	Install Playwright browsers	2026-07-13T20:23:31.8006082Z   ocl-icd-libopencl1 session-migration timgm6mb-soundfont xfonts-cyrillic
Public + security smoke (production build)	Install Playwright browsers	2026-07-13T20:23:31.8006980Z   xfonts-encodings xfonts-scalable xfonts-utils
Public + security smoke (production build)	Install Playwright browsers	2026-07-13T20:23:31.8141609Z 0 upgraded, 181 newly installed, 0 to remove and 44 not upgraded.
Public + security smoke (production build)	Install Playwright browsers	2026-07-13T20:23:31.8143543Z Need to get 114 MB of archives.
Public + security smoke (production build)	Install Playwright browsers	2026-07-13T20:23:31.8144022Z After this operation, 364 MB of additional disk space will be used.
Public + security smoke (production build)	Install Playwright browsers	2026-07-13T20:23:31.8144561Z Get:1 file:/etc/apt/apt-mirrors.txt Mirrorlist [144 B]
Public + security smoke (production build)	Install Playwright browsers	2026-07-13T20:23:31.9804876Z Get:2 http://azure.archive.ubuntu.com/ubuntu noble/universe amd64 fonts-ipafont-gothic all 00303-21ubuntu1 [3513 kB]
Public + security smoke (production build)	Install Playwright browsers	2026-07-13T20:23:32.0464863Z Get:3 http://azure.archive.ubuntu.com/ubuntu noble/main amd64 fonts-freefont-ttf all 20211204+svn4273-2 [5641 kB]
Public + security smoke (production build)	Install Playwright browsers	2026-07-13T20:23:32.1510592Z Get:4 http://azure.archive.ubuntu.com/ubuntu noble/universe amd64 fonts-tlwg-loma-otf all 1:0.7.3-1 [107 kB]
Public + security smoke (production build)	Install Playwright browsers	2026-07-13T20:23:32.2199243Z Get:5 http://azure.archive.ubuntu.com/ubuntu noble/universe amd64 fonts-unifont all 1:15.1.01-1build1 [2993 kB]
Public + security smoke (production build)	Install Playwright browsers	2026-07-13T20:23:32.3466115Z Get:6 http://azure.archive.ubuntu.com/ubuntu noble/universe amd64 fonts-wqy-zenhei all 0.9.45-8 [7472 kB]
Public + security smoke (production build)	Install Playwright browsers	2026-07-13T20:23:32.4638996Z Get:7 http://azure.archive.ubuntu.com/ubuntu noble/main amd64 libproxy1v5 amd64 0.5.4-4build1 [26.5 kB]
Public + security smoke (production build)	Install Playwright browsers	2026-07-13T20:23:32.5795005Z Get:8 http://azure.archive.ubuntu.com/ubuntu noble/main amd64 glib-networking-common all 2.80.0-1build1 [6702 B]
Public + security smoke (production build)	Install Playwright browsers	2026-07-13T20:23:32.6142482Z Get:9 http://azure.archive.ubuntu.com/ubuntu noble/main amd64 glib-networking-services amd64 2.80.0-1build1 [12.8 kB]
Public + security smoke (production build)	Install Playwright browsers	2026-07-13T20:23:32.6497653Z Get:10 http://azure.archive.ubuntu.com/ubuntu noble/main amd64 session-migration amd64 0.3.9build1 [9034 B]
Public + security smoke (production build)	Install Playwright browsers	2026-07-13T20:23:32.6845706Z Get:11 http://azure.archive.ubuntu.com/ubuntu noble-updates/main amd64 gsettings-desktop-schemas all 46.1-0ubuntu1 [35.6 kB]
Public + security smoke (production build)	Install Playwright browsers	2026-07-13T20:23:32.7194301Z Get:12 http://azure.archive.ubuntu.com/ubuntu noble/main amd64 glib-networking amd64 2.80.0-1build1 [64.1 kB]
Public + security smoke (production build)	Install Playwright browsers	2026-07-13T20:23:32.7549123Z Get:13 http://azure.archive.ubuntu.com/ubuntu noble-updates/universe amd64 libva2 amd64 2.20.0-2ubuntu0.2 [66.4 kB]
Public + security smoke (production build)	Install Playwright browsers	2026-07-13T20:23:32.7905964Z Get:14 http://azure.archive.ubuntu.com/ubuntu noble-updates/universe amd64 libva-drm2 amd64 2.20.0-2ubuntu0.2 [7124 B]
Public + security smoke (production build)	Install Playwright browsers	2026-07-13T20:23:32.8262116Z Get:15 http://azure.archive.ubuntu.com/ubuntu noble-updates/universe amd64 libva-x11-2 amd64 2.20.0-2ubuntu0.2 [12.0 kB]
Public + security smoke (production build)	Install Playwright browsers	2026-07-13T20:23:32.8610795Z Get:16 http://azure.archive.ubuntu.com/ubuntu noble/main amd64 libvdpau1 amd64 1.5-2build1 [27.8 kB]
Public + security smoke (production build)	Install Playwright browsers	2026-07-13T20:23:32.8960236Z Get:17 http://azure.archive.ubuntu.com/ubuntu noble/universe amd64 libvpl2 amd64 2023.3.0-1build1 [99.8 kB]
Public + security smoke (production build)	Install Playwright browsers	2026-07-13T20:23:32.9313109Z Get:18 http://azure.archive.ubuntu.com/ubuntu noble/universe amd64 ocl-icd-libopencl1 amd64 2.3.2-1build1 [38.5 kB]
Public + security smoke (production build)	Install Playwright browsers	2026-07-13T20:23:32.9647607Z Get:19 http://azure.archive.ubuntu.com/ubuntu noble/universe amd64 libavutil58 amd64 7:6.1.1-3ubuntu5 [401 kB]
Public + security smoke (production build)	Install Playwright browsers	2026-07-13T20:23:33.0392312Z Get:20 http://azure.archive.ubuntu.com/ubuntu noble/universe amd64 libcodec2-1.2 amd64 1.2.0-2build1 [8998 kB]
Public + security smoke (production build)	Install Playwright browsers	2026-07-13T20:23:33.1153402Z Get:21 http://azure.archive.ubuntu.com/ubuntu noble/universe amd64 libdav1d7 amd64 1.4.1-1build1 [604 kB]
Public + security smoke (production build)	Install Playwright browsers	2026-07-13T20:23:33.1535606Z Get:22 http://azure.archive.ubuntu.com/ubuntu noble/universe amd64 libgsm1 amd64 1.0.22-1build1 [27.8 kB]
Public + security smoke (production build)	Install Playwright browsers	2026-07-13T20:23:33.1920273Z Get:23 http://azure.archive.ubuntu.com/ubuntu noble/universe amd64 libhwy1t64 amd64 1.0.7-8.1build1 [584 kB]
Public + security smoke (production build)	Install Playwright browsers	2026-07-13T20:23:33.2424116Z Get:24 http://azure.archive.ubuntu.com/ubuntu noble-updates/universe amd64 libjxl0.7 amd64 0.7.0-10.2ubuntu6.1 [1001 kB]
Public + security smoke (production build)	Install Playwright browsers	2026-07-13T20:23:33.2939635Z Get:25 http://azure.archive.ubuntu.com/ubuntu noble/main amd64 libmp3lame0 amd64 3.100-6build1 [142 kB]
Public + security smoke (production build)	Install Playwright browsers	2026-07-13T20:23:33.3301235Z Get:26 http://azure.archive.ubuntu.com/ubuntu noble/main amd64 libopus0 amd64 1.4-1build1 [208 kB]
Public + security smoke (production build)	Install Playwright browsers	2026-07-13T20:23:33.3668950Z Get:27 http://azure.archive.ubuntu.com/ubuntu noble/universe amd64 librav1e0 amd64 0.7.1-2 [1022 kB]
Public + security smoke (production build)	Install Playwright browsers	2026-07-13T20:23:33.4060555Z Get:28 http://azure.archive.ubuntu.com/ubuntu noble/main amd64 librsvg2-2 amd64 2.58.0+dfsg-1build1 [2135 kB]
Public + security smoke (production build)	Install Playwright browsers	2026-07-13T20:23:33.4462591Z Get:29 http://azure.archive.ubuntu.com/ubuntu noble/universe amd64 libshine3 amd64 3.1.1-2build1 [23.2 kB]
Public + security smoke (production build)	Install Playwright browsers	2026-07-13T20:23:33.4779377Z Get:30 http://azure.archive.ubuntu.com/ubuntu noble-updates/main amd64 libspeex1 amd64 1.2.1-2ubuntu2.24.04.1 [59.6 kB]
Public + security smoke (production build)	Install Playwright browsers	2026-07-13T20:23:33.5071169Z Get:31 http://azure.archive.ubuntu.com/ubuntu noble/universe amd64 libsvtav1enc1d1 amd64 1.7.0+dfsg-2build1 [2425 kB]
Public + security smoke (production build)	Install Playwright browsers	2026-07-13T20:23:33.5452480Z Get:32 http://azure.archive.ubuntu.com/ubuntu noble/universe amd64 libsoxr0 amd64 0.1.3-4build3 [80.0 kB]
Public + security smoke (production build)	Install Playwright browsers	2026-07-13T20:23:33.5803179Z Get:33 http://azure.archive.ubuntu.com/ubuntu noble/universe amd64 libswresample4 amd64 7:6.1.1-3ubuntu5 [63.8 kB]
Public + security smoke (production build)	Install Playwright browsers	2026-07-13T20:23:33.6176303Z Get:34 http://azure.archive.ubuntu.com/ubuntu noble/main amd64 libtheora0 amd64 1.1.1+dfsg.1-16.1build3 [211 kB]
Public + security smoke (production build)	Install Playwright browsers	2026-07-13T20:23:33.6532401Z Get:35 http://azure.archive.ubuntu.com/ubuntu noble/main amd64 libtwolame0 amd64 0.4.0-2build3 [52.3 kB]
Public + security smoke (production build)	Install Playwright browsers	2026-07-13T20:23:33.6882073Z Get:36 http://azure.archive.ubuntu.com/ubuntu noble/main amd64 libvorbisenc2 amd64 1.3.7-1build3 [80.8 kB]
Public + security smoke (production build)	Install Playwright browsers	2026-07-13T20:23:33.7236729Z Get:37 http://azure.archive.ubuntu.com/ubuntu noble-updates/main amd64 libvpx9 amd64 1.14.0-1ubuntu2.3 [1143 kB]
Public + security smoke (production build)	Install Playwright browsers	2026-07-13T20:23:33.7638425Z Get:38 http://azure.archive.ubuntu.com/ubuntu noble/universe amd64 libx264-164 amd64 2:0.164.3108+git31e19f9-1 [604 kB]
Public + security smoke (production build)	Install Playwright browsers	2026-07-13T20:23:33.8457207Z Get:39 http://azure.archive.ubuntu.com/ubuntu noble/universe amd64 libx265-199 amd64 3.5-2build1 [1226 kB]
Public + security smoke (production build)	Install Playwright browsers	2026-07-13T20:23:33.8862185Z Get:40 http://azure.archive.ubuntu.com/ubuntu noble/universe amd64 libxvidcore4 amd64 2:1.3.7-1build1 [219 kB]
Public + security smoke (production build)	Install Playwright browsers	2026-07-13T20:23:33.9229529Z Get:41 http://azure.archive.ubuntu.com/ubuntu noble/universe amd64 libzvbi-common all 0.2.42-2 [42.4 kB]
Public + security smoke (production build)	Install Playwright browsers	2026-07-13T20:23:33.9724848Z Get:42 http://azure.archive.ubuntu.com/ubuntu noble/universe amd64 libzvbi0t64 amd64 0.2.42-2 [261 kB]
Public + security smoke (production build)	Install Playwright browsers	2026-07-13T20:23:34.0229139Z Get:43 http://azure.archive.ubuntu.com/ubuntu noble/universe amd64 libavcodec60 amd64 7:6.1.1-3ubuntu5 [5851 kB]
Public + security smoke (production build)	Install Playwright browsers	2026-07-13T20:23:34.0928995Z Get:44 http://azure.archive.ubuntu.com/ubuntu noble/universe amd64 libunibreak5 amd64 5.1-2build1 [25.0 kB]
Public + security smoke (production build)	Install Playwright browsers	2026-07-13T20:23:34.1320750Z Get:45 http://azure.archive.ubuntu.com/ubuntu noble/universe amd64 libass9 amd64 1:0.17.1-2build1 [104 kB]
Public + security smoke (production build)	Install Playwright browsers	2026-07-13T20:23:34.1717630Z Get:46 http://azure.archive.ubuntu.com/ubuntu noble/universe amd64 libudfread0 amd64 1.1.2-1build1 [19.0 kB]
Public + security smoke (production build)	Install Playwright browsers	2026-07-13T20:23:34.2926542Z Get:47 http://azure.archive.ubuntu.com/ubuntu noble/universe amd64 libbluray2 amd64 1:1.3.4-1build1 [159 kB]
Public + security smoke (production build)	Install Playwright browsers	2026-07-13T20:23:34.3417404Z Get:48 http://azure.archive.ubuntu.com/ubuntu noble/universe amd64 libchromaprint1 amd64 1.5.1-5 [30.5 kB]
Public + security smoke (production build)	Install Playwright browsers	2026-07-13T20:23:34.3816213Z Get:49 http://azure.archive.ubuntu.com/ubuntu noble/universe amd64 libgme0 amd64 0.6.3-7build1 [134 kB]
Public + security smoke (production build)	Install Playwright browsers	2026-07-13T20:23:34.4215177Z Get:50 http://azure.archive.ubuntu.com/ubuntu noble-updates/main amd64 libmpg123-0t64 amd64 1.32.5-1ubuntu1.1 [169 kB]
Public + security smoke (production build)	Install Playwright browsers	2026-07-13T20:23:34.4611159Z Get:51 http://azure.archive.ubuntu.com/ubuntu noble/universe amd64 libopenmpt0t64 amd64 0.7.3-1.1build3 [647 kB]
Public + security smoke (production build)	Install Playwright browsers	2026-07-13T20:23:34.5008439Z Get:52 http://azure.archive.ubuntu.com/ubuntu noble/universe amd64 libcjson1 amd64 1.7.17-1 [24.8 kB]
Public + security smoke (production build)	Install Playwright browsers	2026-07-13T20:23:34.5408249Z Get:53 http://azure.archive.ubuntu.com/ubuntu noble/universe amd64 libmbedcrypto7t64 amd64 2.28.8-1 [209 kB]
Public + security smoke (production build)	Install Playwright browsers	2026-07-13T20:23:34.5810078Z Get:54 http://azure.archive.ubuntu.com/ubuntu noble/universe amd64 librist4 amd64 0.2.10+dfsg-2 [74.9 kB]
Public + security smoke (production build)	Install Playwright browsers	2026-07-13T20:23:34.6204850Z Get:55 http://azure.archive.ubuntu.com/ubuntu noble/universe amd64 libsrt1.5-gnutls amd64 1.5.3-1build2 [316 kB]
Public + security smoke (production build)	Install Playwright browsers	2026-07-13T20:23:34.6641344Z Get:56 http://azure.archive.ubuntu.com/ubuntu noble-updates/main amd64 libssh-gcrypt-4 amd64 0.10.6-2ubuntu0.4 [225 kB]
Public + security smoke (production build)	Install Playwright browsers	2026-07-13T20:23:34.7305192Z Get:57 http://azure.archive.ubuntu.com/ubuntu noble/universe amd64 libavformat60 amd64 7:6.1.1-3ubuntu5 [1153 kB]
Public + security smoke (production build)	Install Playwright browsers	2026-07-13T20:23:34.8132543Z Get:58 http://azure.archive.ubuntu.com/ubuntu noble/universe amd64 libbs2b0 amd64 3.1.0+dfsg-7build1 [10.6 kB]
Public + security smoke (production build)	Install Playwright browsers	2026-07-13T20:23:34.8498023Z Get:59 http://azure.archive.ubuntu.com/ubuntu noble/universe amd64 libflite1 amd64 2.2-6build3 [13.6 MB]
Public + security smoke (production build)	Install Playwright browsers	2026-07-13T20:23:34.9690048Z Get:60 http://azure.archive.ubuntu.com/ubuntu noble/universe amd64 libserd-0-0 amd64 0.32.2-1 [43.6 kB]
Public + security smoke (production build)	Install Playwright browsers	2026-07-13T20:23:35.0364815Z Get:61 http://azure.archive.ubuntu.com/ubuntu noble/universe amd64 libzix-0-0 amd64 0.4.2-2build1 [23.6 kB]
Public + security smoke (production build)	Install Playwright browsers	2026-07-13T20:23:35.0956259Z Get:62 http://azure.archive.ubuntu.com/ubuntu noble/universe amd64 libsord-0-0 amd64 0.16.16-2build1 [15.8 kB]
Public + security smoke (production build)	Install Playwright browsers	2026-07-13T20:23:35.1360804Z Get:63 http://azure.archive.ubuntu.com/ubuntu noble/universe amd64 libsratom-0-0 amd64 0.6.16-1build1 [17.3 kB]
Public + security smoke (production build)	Install Playwright browsers	2026-07-13T20:23:35.1740830Z Get:64 http://azure.archive.ubuntu.com/ubuntu noble/universe amd64 liblilv-0-0 amd64 0.24.22-1build1 [41.0 kB]
Public + security smoke (production build)	Install Playwright browsers	2026-07-13T20:23:35.2229766Z Get:65 http://azure.archive.ubuntu.com/ubuntu noble/universe amd64 libmysofa1 amd64 1.3.2+dfsg-2ubuntu2 [1158 kB]
Public + security smoke (production build)	Install Playwright browsers	2026-07-13T20:23:35.2847364Z Get:66 http://azure.archive.ubuntu.com/ubuntu noble/universe amd64 libplacebo338 amd64 6.338.2-2build1 [2654 kB]
Public + security smoke (production build)	Install Playwright browsers	2026-07-13T20:23:35.3433354Z Get:67 http://azure.archive.ubuntu.com/ubuntu noble-updates/main amd64 libblas3 amd64 3.12.0-3build1.1 [238 kB]
Public + security smoke (production build)	Install Playwright browsers	2026-07-13T20:23:35.3836609Z Get:68 http://azure.archive.ubuntu.com/ubuntu noble-updates/main amd64 liblapack3 amd64 3.12.0-3build1.1 [2646 kB]
Public + security smoke (production build)	Install Playwright browsers	2026-07-13T20:23:35.4343247Z Get:69 http://azure.archive.ubuntu.com/ubuntu noble/main amd64 libasyncns0 amd64 0.8-6build4 [11.3 kB]
Public + security smoke (production build)	Install Playwright browsers	2026-07-13T20:23:35.4646928Z Get:70 http://azure.archive.ubuntu.com/ubuntu noble/main amd64 libflac12t64 amd64 1.4.3+ds-2.1ubuntu2 [197 kB]
Public + security smoke (production build)	Install Playwright browsers	2026-07-13T20:23:35.5252574Z Get:71 http://azure.archive.ubuntu.com/ubuntu noble-updates/main amd64 libsndfile1 amd64 1.2.2-1ubuntu5.24.04.1 [209 kB]
Public + security smoke (production build)	Install Playwright browsers	2026-07-13T20:23:35.5733342Z Get:72 http://azure.archive.ubuntu.com/ubuntu noble-updates/main amd64 libpulse0 amd64 1:16.1+dfsg1-2ubuntu10.1 [292 kB]
Public + security smoke (production build)	Install Playwright browsers	2026-07-13T20:23:35.6107470Z Get:73 http://azure.archive.ubuntu.com/ubuntu noble/universe amd64 libsphinxbase3t64 amd64 0.8+5prealpha+1-17build2 [126 kB]
Public + security smoke (production build)	Install Playwright browsers	2026-07-13T20:23:35.6667513Z Get:74 http://azure.archive.ubuntu.com/ubuntu noble/universe amd64 libpocketsphinx3 amd64 0.8.0+real5prealpha+1-15ubuntu5 [133 kB]
Public + security smoke (production build)	Install Playwright browsers	2026-07-13T20:23:35.7031961Z Get:75 http://azure.archive.ubuntu.com/ubuntu noble/universe amd64 libpostproc57 amd64 7:6.1.1-3ubuntu5 [49.9 kB]
Public + security smoke (production build)	Install Playwright browsers	2026-07-13T20:23:35.7773554Z Get:76 http://azure.archive.ubuntu.com/ubuntu noble/main amd64 libsamplerate0 amd64 0.2.2-4build1 [1344 kB]
Public + security smoke (production build)	Install Playwright browsers	2026-07-13T20:23:35.8337860Z Get:77 http://azure.archive.ubuntu.com/ubuntu noble/universe amd64 librubberband2 amd64 3.3.0+dfsg-2build1 [130 kB]
Public + security smoke (production build)	Install Playwright browsers	2026-07-13T20:23:35.8631787Z Get:78 http://azure.archive.ubuntu.com/ubuntu noble/universe amd64 libswscale7 amd64 7:6.1.1-3ubuntu5 [193 kB]
Public + security smoke (production build)	Install Playwright browsers	2026-07-13T20:23:35.8921259Z Get:79 http://azure.archive.ubuntu.com/ubuntu noble/universe amd64 libvidstab1.1 amd64 1.1.0-2build1 [38.5 kB]
Public + security smoke (production build)	Install Playwright browsers	2026-07-13T20:23:35.9209984Z Get:80 http://azure.archive.ubuntu.com/ubuntu noble/universe amd64 libzimg2 amd64 3.0.5+ds1-1build1 [254 kB]
Public + security smoke (production build)	Install Playwright browsers	2026-07-13T20:23:35.9510590Z Get:81 http://azure.archive.ubuntu.com/ubuntu noble/universe amd64 libavfilter9 amd64 7:6.1.1-3ubuntu5 [4235 kB]
Public + security smoke (production build)	Install Playwright browsers	2026-07-13T20:23:36.0111503Z Get:82 http://azure.archive.ubuntu.com/ubuntu noble-updates/main amd64 liborc-0.4-0t64 amd64 1:0.4.38-1ubuntu0.1 [207 kB]
Public + security smoke (production build)	Install Playwright browsers	2026-07-13T20:23:36.0413549Z Get:83 http://azure.archive.ubuntu.com/ubuntu noble-updates/main amd64 libgstreamer-plugins-base1.0-0 amd64 1.24.2-1ubuntu0.4 [862 kB]
Public + security smoke (production build)	Install Playwright browsers	2026-07-13T20:23:36.1076319Z Get:84 http://azure.archive.ubuntu.com/ubuntu noble/universe amd64 gstreamer1.0-libav amd64 1.24.1-1build1 [103 kB]
Public + security smoke (production build)	Install Playwright browsers	2026-07-13T20:23:36.2012059Z Get:85 http://azure.archive.ubuntu.com/ubuntu noble/main amd64 libcdparanoia0 amd64 3.10.2+debian-14build3 [48.5 kB]
Public + security smoke (production build)	Install Playwright browsers	2026-07-13T20:23:36.2318869Z Get:86 http://azure.archive.ubuntu.com/ubuntu noble/main amd64 libvisual-0.4-0 amd64 0.4.2-2build1 [115 kB]
Public + security smoke (production build)	Install Playwright browsers	2026-07-13T20:23:36.2609715Z Get:87 http://azure.archive.ubuntu.com/ubuntu noble-updates/main amd64 gstreamer1.0-plugins-base amd64 1.24.2-1ubuntu0.4 [721 kB]
Public + security smoke (production build)	Install Playwright browsers	2026-07-13T20:23:36.3006962Z Get:88 http://azure.archive.ubuntu.com/ubuntu noble/main amd64 libaa1 amd64 1.4p5-51.1 [49.9 kB]
Public + security smoke (production build)	Install Playwright browsers	2026-07-13T20:23:36.3309708Z Get:89 http://azure.archive.ubuntu.com/ubuntu noble/main amd64 libraw1394-11 amd64 2.1.2-2build3 [26.2 kB]
Public + security smoke (production build)	Install Playwright browsers	2026-07-13T20:23:36.4035801Z Get:90 http://azure.archive.ubuntu.com/ubuntu noble/main amd64 libavc1394-0 amd64 0.5.4-5build3 [15.4 kB]
Public + security smoke (production build)	Install Playwright browsers	2026-07-13T20:23:36.4388027Z Get:91 http://azure.archive.ubuntu.com/ubuntu noble-updates/main amd64 libcaca0 amd64 0.99.beta20-4ubuntu0.2 [209 kB]
Public + security smoke (production build)	Install Playwright browsers	2026-07-13T20:23:36.4774122Z Get:92 http://azure.archive.ubuntu.com/ubuntu noble/main amd64 libdv4t64 amd64 1.0.0-17.1build1 [63.2 kB]
Public + security smoke (production build)	Install Playwright browsers	2026-07-13T20:23:36.5614862Z Get:93 http://azure.archive.ubuntu.com/ubuntu noble-updates/main amd64 libgstreamer-plugins-good1.0-0 amd64 1.24.2-1ubuntu1.4 [33.2 kB]
Public + security smoke (production build)	Install Playwright browsers	2026-07-13T20:23:36.5975151Z Get:94 http://azure.archive.ubuntu.com/ubuntu noble/main amd64 libiec61883-0 amd64 1.2.0-6build1 [24.5 kB]
Public + security smoke (production build)	Install Playwright browsers	2026-07-13T20:23:36.6763884Z Get:95 http://azure.archive.ubuntu.com/ubuntu noble/main amd64 libshout3 amd64 2.4.6-1build2 [50.3 kB]
Public + security smoke (production build)	Install Playwright browsers	2026-07-13T20:23:36.7124714Z Get:96 http://azure.archive.ubuntu.com/ubuntu noble/main amd64 libtag1v5-vanilla amd64 1.13.1-1build1 [326 kB]
Public + security smoke (production build)	Install Playwright browsers	2026-07-13T20:23:36.7659022Z Get:97 http://azure.archive.ubuntu.com/ubuntu noble/main amd64 libtag1v5 amd64 1.13.1-1build1 [11.7 kB]
Public + security smoke (production build)	Install Playwright browsers	2026-07-13T20:23:36.7955786Z Get:98 http://azure.archive.ubuntu.com/ubuntu noble/main amd64 libv4lconvert0t64 amd64 1.26.1-4build3 [87.6 kB]
Public + security smoke (production build)	Install Playwright browsers	2026-07-13T20:23:36.8532783Z Get:99 http://azure.archive.ubuntu.com/ubuntu noble/main amd64 libv4l-0t64 amd64 1.26.1-4build3 [46.9 kB]
Public + security smoke (production build)	Install Playwright browsers	2026-07-13T20:23:36.9030012Z Get:100 http://azure.archive.ubuntu.com/ubuntu noble/main amd64 libwavpack1 amd64 5.6.0-1build1 [84.6 kB]
Public + security smoke (production build)	Install Playwright browsers	2026-07-13T20:23:37.1144306Z Get:101 http://azure.archive.ubuntu.com/ubuntu noble-updates/main amd64 libsoup-3.0-common all 3.4.4-5ubuntu0.7 [11.6 kB]
Public + security smoke (production build)	Install Playwright browsers	2026-07-13T20:23:37.1966723Z Get:102 http://azure.archive.ubuntu.com/ubuntu noble-updates/main amd64 libsoup-3.0-0 amd64 3.4.4-5ubuntu0.7 [292 kB]
Public + security smoke (production build)	Install Playwright browsers	2026-07-13T20:23:37.2355683Z Get:103 http://azure.archive.ubuntu.com/ubuntu noble-updates/main amd64 gstreamer1.0-plugins-good amd64 1.24.2-1ubuntu1.4 [2236 kB]
Public + security smoke (production build)	Install Playwright browsers	2026-07-13T20:23:37.5512628Z Get:104 http://azure.archive.ubuntu.com/ubuntu noble-updates/main amd64 libabsl20220623t64 amd64 20220623.1-3.1ubuntu3.2 [423 kB]
Public + security smoke (production build)	Install Playwright browsers	2026-07-13T20:23:37.6130921Z Get:105 http://azure.archive.ubuntu.com/ubuntu noble/universe amd64 libgav1-1 amd64 0.18.0-1build3 [357 kB]
Public + security smoke (production build)	Install Playwright browsers	2026-07-13T20:23:37.7715194Z Get:106 http://azure.archive.ubuntu.com/ubuntu noble/universe amd64 libyuv0 amd64 0.0~git202401110.af6ac82-1 [178 kB]
Public + security smoke (production build)	Install Playwright browsers	2026-07-13T20:23:37.8895516Z Get:107 http://azure.archive.ubuntu.com/ubuntu noble/universe amd64 libavif16 amd64 1.0.4-1ubuntu3 [91.2 kB]
Public + security smoke (production build)	Install Playwright browsers	2026-07-13T20:23:38.0323141Z Get:108 http://azure.archive.ubuntu.com/ubuntu noble/universe amd64 libavtp0 amd64 0.2.0-1build1 [6414 B]
Public + security smoke (production build)	Install Playwright browsers	2026-07-13T20:23:38.0667532Z Get:109 http://azure.archive.ubuntu.com/ubuntu noble/main amd64 libcairo-script-interpreter2 amd64 1.18.0-3build1 [60.3 kB]
Public + security smoke (production build)	Install Playwright browsers	2026-07-13T20:23:38.1656594Z Get:110 http://azure.archive.ubuntu.com/ubuntu noble/universe amd64 libdc1394-25 amd64 2.2.6-4build1 [90.1 kB]
Public + security smoke (production build)	Install Playwright browsers	2026-07-13T20:23:38.3215033Z Get:111 http://azure.archive.ubuntu.com/ubuntu noble/main amd64 libde265-0 amd64 1.0.15-1build3 [166 kB]
Public + security smoke (production build)	Install Playwright browsers	2026-07-13T20:23:38.3736106Z Get:112 http://azure.archive.ubuntu.com/ubuntu noble/main amd64 libdecor-0-0 amd64 0.2.2-1build2 [16.5 kB]
Public + security smoke (production build)	Install Playwright browsers	2026-07-13T20:23:38.4180495Z Get:113 http://azure.archive.ubuntu.com/ubuntu noble/main amd64 libgles2 amd64 1.7.0-1build1 [17.1 kB]
Public + security smoke (production build)	Install Playwright browsers	2026-07-13T20:23:38.4895287Z Get:114 http://azure.archive.ubuntu.com/ubuntu noble/universe amd64 libdirectfb-1.7-7t64 amd64 1.7.7-11.1ubuntu2 [1035 kB]
Public + security smoke (production build)	Install Playwright browsers	2026-07-13T20:23:38.6081215Z Get:115 http://azure.archive.ubuntu.com/ubuntu noble/universe amd64 libdvdread8t64 amd64 6.1.3-1.1build1 [54.7 kB]
Public + security smoke (production build)	Install Playwright browsers	2026-07-13T20:23:38.7383158Z Get:116 http://azure.archive.ubuntu.com/ubuntu noble/universe amd64 libdvdnav4 amd64 6.1.1-3build1 [39.5 kB]
Public + security smoke (production build)	Install Playwright browsers	2026-07-13T20:23:38.8064656Z Get:117 http://azure.archive.ubuntu.com/ubuntu noble-updates/main amd64 libegl-mesa0 amd64 25.2.8-0ubuntu0.24.04.2 [117 kB]
Public + security smoke (production build)	Install Playwright browsers	2026-07-13T20:23:38.8586141Z Get:118 http://azure.archive.ubuntu.com/ubuntu noble/main amd64 libevent-2.1-7t64 amd64 2.1.12-stable-9ubuntu2 [145 kB]
Public + security smoke (production build)	Install Playwright browsers	2026-07-13T20:23:38.9283514Z Get:119 http://azure.archive.ubuntu.com/ubuntu noble/universe amd64 libfaad2 amd64 2.11.1-1build1 [207 kB]
Public + security smoke (production build)	Install Playwright browsers	2026-07-13T20:23:39.0381173Z Get:120 http://azure.archive.ubuntu.com/ubuntu noble/universe amd64 libinstpatch-1.0-2 amd64 1.1.6-1build2 [251 kB]
Public + security smoke (production build)	Install Playwright browsers	2026-07-13T20:23:39.1985590Z Get:121 http://azure.archive.ubuntu.com/ubuntu noble/main amd64 libjack-jackd2-0 amd64 1.9.21~dfsg-3ubuntu3 [289 kB]
Public + security smoke (production build)	Install Playwright browsers	2026-07-13T20:23:39.2405983Z Get:122 http://azure.archive.ubuntu.com/ubuntu noble/main amd64 libwebrtc-audio-processing1 amd64 0.3.1-0ubuntu6 [290 kB]
Public + security smoke (production build)	Install Playwright browsers	2026-07-13T20:23:39.2809225Z Get:123 http://azure.archive.ubuntu.com/ubuntu noble-updates/main amd64 libspa-0.2-modules amd64 1.0.5-1ubuntu3.2 [627 kB]
Public + security smoke (production build)	Install Playwright browsers	2026-07-13T20:23:39.3322668Z Get:124 http://azure.archive.ubuntu.com/ubuntu noble-updates/main amd64 libpipewire-0.3-0t64 amd64 1.0.5-1ubuntu3.2 [252 kB]
Public + security smoke (production build)	Install Playwright browsers	2026-07-13T20:23:39.3711983Z Get:125 http://azure.archive.ubuntu.com/ubuntu noble-updates/main amd64 libsdl2-2.0-0 amd64 2.30.0+dfsg-1ubuntu3.1 [686 kB]
Public + security smoke (production build)	Install Playwright browsers	2026-07-13T20:23:39.4223732Z Get:126 http://azure.archive.ubuntu.com/ubuntu noble/universe amd64 timgm6mb-soundfont all 1.3-5 [5427 kB]
Public + security smoke (production build)	Install Playwright browsers	2026-07-13T20:23:39.5531395Z Get:127 http://azure.archive.ubuntu.com/ubuntu noble/universe amd64 libfluidsynth3 amd64 2.3.4-1build3 [249 kB]
Public + security smoke (production build)	Install Playwright browsers	2026-07-13T20:23:39.5880585Z Get:128 http://azure.archive.ubuntu.com/ubuntu noble/main amd64 libfreeaptx0 amd64 0.1.1-2build1 [13.5 kB]
Public + security smoke (production build)	Install Playwright browsers	2026-07-13T20:23:39.6216625Z Get:129 http://azure.archive.ubuntu.com/ubuntu noble/main amd64 libgraphene-1.0-0 amd64 1.10.8-3build2 [46.2 kB]
Public + security smoke (production build)	Install Playwright browsers	2026-07-13T20:23:39.6553833Z Get:130 http://azure.archive.ubuntu.com/ubuntu noble/main amd64 libgssdp-1.6-0 amd64 1.6.3-1build3 [40.4 kB]
Public + security smoke (production build)	Install Playwright browsers	2026-07-13T20:23:39.6892333Z Get:131 http://azure.archive.ubuntu.com/ubuntu noble/main amd64 libegl1 amd64 1.7.0-1build1 [28.7 kB]
Public + security smoke (production build)	Install Playwright browsers	2026-07-13T20:23:39.7229749Z Get:132 http://azure.archive.ubuntu.com/ubuntu noble-updates/main amd64 libgstreamer-gl1.0-0 amd64 1.24.2-1ubuntu0.4 [214 kB]
Public + security smoke (production build)	Install Playwright browsers	2026-07-13T20:23:39.7573597Z Get:133 http://azure.archive.ubuntu.com/ubuntu noble-updates/main amd64 libgtk-4-common all 4.14.5+ds-0ubuntu0.10 [1497 kB]
Public + security smoke (production build)	Install Playwright browsers	2026-07-13T20:23:39.7976333Z Get:134 http://azure.archive.ubuntu.com/ubuntu noble-updates/main amd64 libgtk-4-1 amd64 4.14.5+ds-0ubuntu0.10 [3295 kB]
Public + security smoke (production build)	Install Playwright browsers	2026-07-13T20:23:39.8453265Z Get:135 http://azure.archive.ubuntu.com/ubuntu noble/main amd64 libgupnp-1.6-0 amd64 1.6.6-1build3 [92.7 kB]
Public + security smoke (production build)	Install Playwright browsers	2026-07-13T20:23:39.8793894Z Get:136 http://azure.archive.ubuntu.com/ubuntu noble/universe amd64 libgupnp-igd-1.6-0 amd64 1.6.0-3build3 [16.5 kB]
Public + security smoke (production build)	Install Playwright browsers	2026-07-13T20:23:39.9132569Z Get:137 http://azure.archive.ubuntu.com/ubuntu noble/main amd64 libharfbuzz-icu0 amd64 8.3.0-2build2 [13.3 kB]
Public + security smoke (production build)	Install Playwright browsers	2026-07-13T20:23:39.9469472Z Get:138 http://azure.archive.ubuntu.com/ubuntu noble/main amd64 libhyphen0 amd64 2.8.8-7build3 [26.5 kB]
Public + security smoke (production build)	Install Playwright browsers	2026-07-13T20:23:40.0225994Z Get:139 http://azure.archive.ubuntu.com/ubuntu noble/universe amd64 libimath-3-1-29t64 amd64 3.1.9-3.1ubuntu2 [72.2 kB]
Public + security smoke (production build)	Install Playwright browsers	2026-07-13T20:23:40.0564896Z Get:140 http://azure.archive.ubuntu.com/ubuntu noble/main amd64 liblc3-1 amd64 1.0.4-3build1 [69.7 kB]
Public + security smoke (production build)	Install Playwright browsers	2026-07-13T20:23:40.0905613Z Get:141 http://azure.archive.ubuntu.com/ubuntu noble/main amd64 libldacbt-enc2 amd64 2.0.2.3+git20200429+ed310a0-4ubuntu2 [27.1 kB]
Public + security smoke (production build)	Install Playwright browsers	2026-07-13T20:23:40.1240545Z Get:142 http://azure.archive.ubuntu.com/ubuntu noble-updates/main amd64 libraptor2-0 amd64 2.0.16-3ubuntu0.1 [165 kB]
Public + security smoke (production build)	Install Playwright browsers	2026-07-13T20:23:40.1581601Z Get:143 http://azure.archive.ubuntu.com/ubuntu noble/universe amd64 liblrdf0 amd64 0.6.1-4build1 [18.5 kB]
Public + security smoke (production build)	Install Playwright browsers	2026-07-13T20:23:40.1892420Z Get:144 http://azure.archive.ubuntu.com/ubuntu noble/universe amd64 libltc11 amd64 1.3.2-1build1 [13.0 kB]
Public + security smoke (production build)	Install Playwright browsers	2026-07-13T20:23:40.2198800Z Get:145 http://azure.archive.ubuntu.com/ubuntu noble/main amd64 libmanette-0.2-0 amd64 0.2.7-1build2 [30.6 kB]
Public + security smoke (production build)	Install Playwright browsers	2026-07-13T20:23:40.2512758Z Get:146 http://azure.archive.ubuntu.com/ubuntu noble/universe amd64 libmfx1 amd64 22.5.4-1 [3124 kB]
Public + security smoke (production build)	Install Playwright browsers	2026-07-13T20:23:40.2992368Z Get:147 http://azure.archive.ubuntu.com/ubuntu noble/universe amd64 libmjpegutils-2.1-0t64 amd64 1:2.1.0+debian-8.1build1 [25.5 kB]
Public + security smoke (production build)	Install Playwright browsers	2026-07-13T20:23:40.3303803Z Get:148 http://azure.archive.ubuntu.com/ubuntu noble/universe amd64 libmodplug1 amd64 1:0.8.9.0-3build1 [166 kB]
Public + security smoke (production build)	Install Playwright browsers	2026-07-13T20:23:40.3629416Z Get:149 http://azure.archive.ubuntu.com/ubuntu noble/universe amd64 libmpcdec6 amd64 2:0.1~r495-2build1 [32.7 kB]
Public + security smoke (production build)	Install Playwright browsers	2026-07-13T20:23:40.3934480Z Get:150 http://azure.archive.ubuntu.com/ubuntu noble/universe amd64 libmpeg2encpp-2.1-0t64 amd64 1:2.1.0+debian-8.1build1 [75.6 kB]
Public + security smoke (production build)	Install Playwright browsers	2026-07-13T20:23:40.4247744Z Get:151 http://azure.archive.ubuntu.com/ubuntu noble/universe amd64 libmplex2-2.1-0t64 amd64 1:2.1.0+debian-8.1build1 [46.1 kB]
Public + security smoke (production build)	Install Playwright browsers	2026-07-13T20:23:40.4557004Z Get:152 http://azure.archive.ubuntu.com/ubuntu noble/universe amd64 libneon27t64 amd64 0.33.0-1.1build3 [102 kB]
Public + security smoke (production build)	Install Playwright browsers	2026-07-13T20:23:40.4872731Z Get:153 http://azure.archive.ubuntu.com/ubuntu noble/universe amd64 libnice10 amd64 0.1.21-2build3 [157 kB]
Public + security smoke (production build)	Install Playwright browsers	2026-07-13T20:23:40.5186800Z Get:154 http://azure.archive.ubuntu.com/ubuntu noble/universe amd64 libopenal-data all 1:1.23.1-4build1 [161 kB]
Public + security smoke (production build)	Install Playwright browsers	2026-07-13T20:23:40.5529697Z Get:155 http://azure.archive.ubuntu.com/ubuntu noble/universe amd64 libopenexr-3-1-30 amd64 3.1.5-5.1build3 [1004 kB]
Public + security smoke (production build)	Install Playwright browsers	2026-07-13T20:23:40.5922144Z Get:156 http://azure.archive.ubuntu.com/ubuntu noble/universe amd64 libopenh264-7 amd64 2.4.1+dfsg-1 [409 kB]
Public + security smoke (production build)	Install Playwright browsers	2026-07-13T20:23:40.6224354Z Get:157 http://azure.archive.ubuntu.com/ubuntu noble/universe amd64 libopenni2-0 amd64 2.2.0.33+dfsg-18 [370 kB]
Public + security smoke (production build)	Install Playwright browsers	2026-07-13T20:23:40.7012071Z Get:158 http://azure.archive.ubuntu.com/ubuntu noble/universe amd64 libqrencode4 amd64 4.1.1-1build2 [25.0 kB]
Public + security smoke (production build)	Install Playwright browsers	2026-07-13T20:23:40.7295056Z Get:159 http://azure.archive.ubuntu.com/ubuntu noble/main amd64 libsecret-common all 0.21.4-1build3 [4962 B]
Public + security smoke (production build)	Install Playwright browsers	2026-07-13T20:23:40.7577898Z Get:160 http://azure.archive.ubuntu.com/ubuntu noble/main amd64 libsecret-1-0 amd64 0.21.4-1build3 [116 kB]
Public + security smoke (production build)	Install Playwright browsers	2026-07-13T20:23:40.7866582Z Get:161 http://azure.archive.ubuntu.com/ubuntu noble/universe amd64 libsndio7.0 amd64 1.9.0-0.3build3 [29.6 kB]
Public + security smoke (production build)	Install Playwright browsers	2026-07-13T20:23:40.8149049Z Get:162 http://azure.archive.ubuntu.com/ubuntu noble/universe amd64 libsoundtouch1 amd64 2.3.2+ds1-1build1 [60.5 kB]
Public + security smoke (production build)	Install Playwright browsers	2026-07-13T20:23:40.8435135Z Get:163 http://azure.archive.ubuntu.com/ubuntu noble/universe amd64 libspandsp2t64 amd64 0.0.6+dfsg-2.1build1 [311 kB]
Public + security smoke (production build)	Install Playwright browsers	2026-07-13T20:23:40.8736325Z Get:164 http://azure.archive.ubuntu.com/ubuntu noble/universe amd64 libsrtp2-1 amd64 2.5.0-3build1 [41.9 kB]
Public + security smoke (production build)	Install Playwright browsers	2026-07-13T20:23:40.9022853Z Get:165 http://azure.archive.ubuntu.com/ubuntu noble/main amd64 libwayland-server0 amd64 1.22.0-2.1build1 [33.9 kB]
Public + security smoke (production build)	Install Playwright browsers	2026-07-13T20:23:40.9316103Z Get:166 http://azure.archive.ubuntu.com/ubuntu noble/universe amd64 libwildmidi2 amd64 0.4.3-1build3 [68.5 kB]
Public + security smoke (production build)	Install Playwright browsers	2026-07-13T20:23:40.9601477Z Get:167 http://azure.archive.ubuntu.com/ubuntu noble/main amd64 libwoff1 amd64 1.0.2-2build1 [45.3 kB]
Public + security smoke (production build)	Install Playwright browsers	2026-07-13T20:23:40.9886759Z Get:168 http://azure.archive.ubuntu.com/ubuntu noble/main amd64 libxcb-xkb1 amd64 1.15-1ubuntu2 [32.3 kB]
Public + security smoke (production build)	Install Playwright browsers	2026-07-13T20:23:41.0170426Z Get:169 http://azure.archive.ubuntu.com/ubuntu noble/main amd64 libxkbcommon-x11-0 amd64 1.6.0-1build1 [14.5 kB]
Public + security smoke (production build)	Install Playwright browsers	2026-07-13T20:23:41.0455995Z Get:170 http://azure.archive.ubuntu.com/ubuntu noble/universe amd64 libzbar0t64 amd64 0.23.93-4build3 [123 kB]
Public + security smoke (production build)	Install Playwright browsers	2026-07-13T20:23:41.0744339Z Get:171 http://azure.archive.ubuntu.com/ubuntu noble/universe amd64 libzxing3 amd64 2.2.1-3 [583 kB]
Public + security smoke (production build)	Install Playwright browsers	2026-07-13T20:23:41.1049871Z Get:172 http://azure.archive.ubuntu.com/ubuntu noble/main amd64 xfonts-encodings all 1:1.0.5-0ubuntu2 [578 kB]
Public + security smoke (production build)	Install Playwright browsers	2026-07-13T20:23:41.1357829Z Get:173 http://azure.archive.ubuntu.com/ubuntu noble/main amd64 xfonts-utils amd64 1:7.7+6build3 [94.4 kB]
Public + security smoke (production build)	Install Playwright browsers	2026-07-13T20:23:41.1646170Z Get:174 http://azure.archive.ubuntu.com/ubuntu noble/universe amd64 xfonts-cyrillic all 1:1.0.5+nmu1 [384 kB]
Public + security smoke (production build)	Install Playwright browsers	2026-07-13T20:23:41.1948940Z Get:175 http://azure.archive.ubuntu.com/ubuntu noble/main amd64 xfonts-scalable all 1:1.0.3-1.3 [304 kB]
Public + security smoke (production build)	Install Playwright browsers	2026-07-13T20:23:41.2691741Z Get:176 http://azure.archive.ubuntu.com/ubuntu noble/universe amd64 libgstreamer-plugins-bad1.0-0 amd64 1.24.2-1ubuntu4 [797 kB]
Public + security smoke (production build)	Install Playwright browsers	2026-07-13T20:23:41.3006166Z Get:177 http://azure.archive.ubuntu.com/ubuntu noble/universe amd64 libdca0 amd64 0.0.7-2build1 [93.8 kB]
Public + security smoke (production build)	Install Playwright browsers	2026-07-13T20:23:41.3295018Z Get:178 http://azure.archive.ubuntu.com/ubuntu noble/universe amd64 libopenal1 amd64 1:1.23.1-4build1 [540 kB]
Public + security smoke (production build)	Install Playwright browsers	2026-07-13T20:23:41.3601532Z Get:179 http://azure.archive.ubuntu.com/ubuntu noble/main amd64 libsbc1 amd64 2.0-1build1 [33.9 kB]
Public + security smoke (production build)	Install Playwright browsers	2026-07-13T20:23:41.3891010Z Get:180 http://azure.archive.ubuntu.com/ubuntu noble/universe amd64 libvo-aacenc0 amd64 0.1.3-2build1 [67.8 kB]
Public + security smoke (production build)	Install Playwright browsers	2026-07-13T20:23:41.4181923Z Get:181 http://azure.archive.ubuntu.com/ubuntu noble/universe amd64 libvo-amrwbenc0 amd64 0.1.3-2build1 [76.7 kB]
Public + security smoke (production build)	Install Playwright browsers	2026-07-13T20:23:41.4468697Z Get:182 http://azure.archive.ubuntu.com/ubuntu noble/universe amd64 gstreamer1.0-plugins-bad amd64 1.24.2-1ubuntu4 [3081 kB]
Public + security smoke (production build)	Install Playwright browsers	2026-07-13T20:23:41.7638534Z Fetched 114 MB in 10s (11.8 MB/s)
Public + security smoke (production build)	Install Playwright browsers	2026-07-13T20:23:41.8417852Z Selecting previously unselected package fonts-ipafont-gothic.
Public + security smoke (production build)	Install Playwright browsers	2026-07-13T20:23:41.8580743Z (Reading database ... 
Public + security smoke (production build)	Install Playwright browsers	2026-07-13T20:23:41.8581419Z (Reading database ... 5%
Public + security smoke (production build)	Install Playwright browsers	2026-07-13T20:23:41.8581883Z (Reading database ... 10%
Public + security smoke (production build)	Install Playwright browsers	2026-07-13T20:23:41.8582371Z (Reading database ... 15%
Public + security smoke (production build)	Install Playwright browsers	2026-07-13T20:23:41.8582743Z (Reading database ... 20%
Public + security smoke (production build)	Install Playwright browsers	2026-07-13T20:23:41.8582968Z (Reading database ... 25%
Public + security smoke (production build)	Install Playwright browsers	2026-07-13T20:23:41.8583251Z (Reading database ... 30%
Public + security smoke (production build)	Install Playwright browsers	2026-07-13T20:23:41.8583490Z (Reading database ... 35%
Public + security smoke (production build)	Install Playwright browsers	2026-07-13T20:23:41.8583724Z (Reading database ... 40%
Public + security smoke (production build)	Install Playwright browsers	2026-07-13T20:23:41.8583962Z (Reading database ... 45%
Public + security smoke (production build)	Install Playwright browsers	2026-07-13T20:23:41.8584218Z (Reading database ... 50%
Public + security smoke (production build)	Install Playwright browsers	2026-07-13T20:23:41.8616524Z (Reading database ... 55%
Public + security smoke (production build)	Install Playwright browsers	2026-07-13T20:23:42.2925978Z (Reading database ... 60%
Public + security smoke (production build)	Install Playwright browsers	2026-07-13T20:23:42.7832505Z (Reading database ... 65%
Public + security smoke (production build)	Install Playwright browsers	2026-07-13T20:23:43.2228082Z (Reading database ... 70%
Public + security smoke (production build)	Install Playwright browsers	2026-07-13T20:23:43.2916804Z (Reading database ... 75%
Public + security smoke (production build)	Install Playwright browsers	2026-07-13T20:23:43.5093150Z (Reading database ... 80%
Public + security smoke (production build)	Install Playwright browsers	2026-07-13T20:23:43.7223822Z (Reading database ... 85%
Public + security smoke (production build)	Install Playwright browsers	2026-07-13T20:23:44.0636583Z (Reading database ... 90%
Public + security smoke (production build)	Install Playwright browsers	2026-07-13T20:23:44.2574870Z (Reading database ... 95%
Public + security smoke (production build)	Install Playwright browsers	2026-07-13T20:23:44.2575423Z (Reading database ... 100%
Public + security smoke (production build)	Install Playwright browsers	2026-07-13T20:23:44.2575797Z (Reading database ... 202701 files and directories currently installed.)
Public + security smoke (production build)	Install Playwright browsers	2026-07-13T20:23:44.2607662Z Preparing to unpack .../000-fonts-ipafont-gothic_00303-21ubuntu1_all.deb ...
Public + security smoke (production build)	Install Playwright browsers	2026-07-13T20:23:44.2697842Z Unpacking fonts-ipafont-gothic (00303-21ubuntu1) ...
Public + security smoke (production build)	Install Playwright browsers	2026-07-13T20:23:44.5146542Z Selecting previously unselected package fonts-freefont-ttf.
Public + security smoke (production build)	Install Playwright browsers	2026-07-13T20:23:44.5230565Z Preparing to unpack .../001-fonts-freefont-ttf_20211204+svn4273-2_all.deb ...
Public + security smoke (production build)	Install Playwright browsers	2026-07-13T20:23:44.5240217Z Unpacking fonts-freefont-ttf (20211204+svn4273-2) ...
Public + security smoke (production build)	Install Playwright browsers	2026-07-13T20:23:44.6137131Z Selecting previously unselected package fonts-tlwg-loma-otf.
Public + security smoke (production build)	Install Playwright browsers	2026-07-13T20:23:44.6218865Z Preparing to unpack .../002-fonts-tlwg-loma-otf_1%3a0.7.3-1_all.deb ...
Public + security smoke (production build)	Install Playwright browsers	2026-07-13T20:23:44.6227891Z Unpacking fonts-tlwg-loma-otf (1:0.7.3-1) ...
Public + security smoke (production build)	Install Playwright browsers	2026-07-13T20:23:44.6389788Z Selecting previously unselected package fonts-unifont.
Public + security smoke (production build)	Install Playwright browsers	2026-07-13T20:23:44.6469645Z Preparing to unpack .../003-fonts-unifont_1%3a15.1.01-1build1_all.deb ...
Public + security smoke (production build)	Install Playwright browsers	2026-07-13T20:23:44.6478804Z Unpacking fonts-unifont (1:15.1.01-1build1) ...
Public + security smoke (production build)	Install Playwright browsers	2026-07-13T20:23:44.8548972Z Selecting previously unselected package fonts-wqy-zenhei.
Public + security smoke (production build)	Install Playwright browsers	2026-07-13T20:23:44.8630155Z Preparing to unpack .../004-fonts-wqy-zenhei_0.9.45-8_all.deb ...
Public + security smoke (production build)	Install Playwright browsers	2026-07-13T20:23:44.8769829Z Unpacking fonts-wqy-zenhei (0.9.45-8) ...
Public + security smoke (production build)	Install Playwright browsers	2026-07-13T20:23:45.3298002Z Selecting previously unselected package libproxy1v5:amd64.
Public + security smoke (production build)	Install Playwright browsers	2026-07-13T20:23:45.3387071Z Preparing to unpack .../005-libproxy1v5_0.5.4-4build1_amd64.deb ...
Public + security smoke (production build)	Install Playwright browsers	2026-07-13T20:23:45.3407286Z Unpacking libproxy1v5:amd64 (0.5.4-4build1) ...
Public + security smoke (production build)	Install Playwright browsers	2026-07-13T20:23:45.3582259Z Selecting previously unselected package glib-networking-common.
Public + security smoke (production build)	Install Playwright browsers	2026-07-13T20:23:45.3667717Z Preparing to unpack .../006-glib-networking-common_2.80.0-1build1_all.deb ...
Public + security smoke (production build)	Install Playwright browsers	2026-07-13T20:23:45.3677421Z Unpacking glib-networking-common (2.80.0-1build1) ...
Public + security smoke (production build)	Install Playwright browsers	2026-07-13T20:23:45.3851680Z Selecting previously unselected package glib-networking-services.
Public + security smoke (production build)	Install Playwright browsers	2026-07-13T20:23:45.3928466Z Preparing to unpack .../007-glib-networking-services_2.80.0-1build1_amd64.deb ...
Public + security smoke (production build)	Install Playwright browsers	2026-07-13T20:23:45.3945316Z Unpacking glib-networking-services (2.80.0-1build1) ...
Public + security smoke (production build)	Install Playwright browsers	2026-07-13T20:23:45.4097475Z Selecting previously unselected package session-migration.
Public + security smoke (production build)	Install Playwright browsers	2026-07-13T20:23:45.4173080Z Preparing to unpack .../008-session-migration_0.3.9build1_amd64.deb ...
Public + security smoke (production build)	Install Playwright browsers	2026-07-13T20:23:45.4188772Z Unpacking session-migration (0.3.9build1) ...
Public + security smoke (production build)	Install Playwright browsers	2026-07-13T20:23:45.6347594Z Selecting previously unselected package gsettings-desktop-schemas.
Public + security smoke (production build)	Install Playwright browsers	2026-07-13T20:23:45.6425244Z Preparing to unpack .../009-gsettings-desktop-schemas_46.1-0ubuntu1_all.deb ...
Public + security smoke (production build)	Install Playwright browsers	2026-07-13T20:23:45.6437742Z Unpacking gsettings-desktop-schemas (46.1-0ubuntu1) ...
Public + security smoke (production build)	Install Playwright browsers	2026-07-13T20:23:45.6761800Z Selecting previously unselected package glib-networking:amd64.
Public + security smoke (production build)	Install Playwright browsers	2026-07-13T20:23:45.6840439Z Preparing to unpack .../010-glib-networking_2.80.0-1build1_amd64.deb ...
Public + security smoke (production build)	Install Playwright browsers	2026-07-13T20:23:45.6850040Z Unpacking glib-networking:amd64 (2.80.0-1build1) ...
Public + security smoke (production build)	Install Playwright browsers	2026-07-13T20:23:45.7032759Z Selecting previously unselected package libva2:amd64.
Public + security smoke (production build)	Install Playwright browsers	2026-07-13T20:23:45.7109068Z Preparing to unpack .../011-libva2_2.20.0-2ubuntu0.2_amd64.deb ...
Public + security smoke (production build)	Install Playwright browsers	2026-07-13T20:23:45.7118278Z Unpacking libva2:amd64 (2.20.0-2ubuntu0.2) ...
Public + security smoke (production build)	Install Playwright browsers	2026-07-13T20:23:45.7278128Z Selecting previously unselected package libva-drm2:amd64.
Public + security smoke (production build)	Install Playwright browsers	2026-07-13T20:23:45.7353234Z Preparing to unpack .../012-libva-drm2_2.20.0-2ubuntu0.2_amd64.deb ...
Public + security smoke (production build)	Install Playwright browsers	2026-07-13T20:23:45.7371548Z Unpacking libva-drm2:amd64 (2.20.0-2ubuntu0.2) ...
Public + security smoke (production build)	Install Playwright browsers	2026-07-13T20:23:45.7678403Z Selecting previously unselected package libva-x11-2:amd64.
Public + security smoke (production build)	Install Playwright browsers	2026-07-13T20:23:45.7753069Z Preparing to unpack .../013-libva-x11-2_2.20.0-2ubuntu0.2_amd64.deb ...
Public + security smoke (production build)	Install Playwright browsers	2026-07-13T20:23:45.7763388Z Unpacking libva-x11-2:amd64 (2.20.0-2ubuntu0.2) ...
Public + security smoke (production build)	Install Playwright browsers	2026-07-13T20:23:45.7913119Z Selecting previously unselected package libvdpau1:amd64.
Public + security smoke (production build)	Install Playwright browsers	2026-07-13T20:23:45.7987734Z Preparing to unpack .../014-libvdpau1_1.5-2build1_amd64.deb ...
Public + security smoke (production build)	Install Playwright browsers	2026-07-13T20:23:45.7996809Z Unpacking libvdpau1:amd64 (1.5-2build1) ...
Public + security smoke (production build)	Install Playwright browsers	2026-07-13T20:23:45.8349186Z Selecting previously unselected package libvpl2.
Public + security smoke (production build)	Install Playwright browsers	2026-07-13T20:23:45.8423726Z Preparing to unpack .../015-libvpl2_2023.3.0-1build1_amd64.deb ...
Public + security smoke (production build)	Install Playwright browsers	2026-07-13T20:23:45.8432900Z Unpacking libvpl2 (2023.3.0-1build1) ...
Public + security smoke (production build)	Install Playwright browsers	2026-07-13T20:23:45.8597772Z Selecting previously unselected package ocl-icd-libopencl1:amd64.
Public + security smoke (production build)	Install Playwright browsers	2026-07-13T20:23:45.8672617Z Preparing to unpack .../016-ocl-icd-libopencl1_2.3.2-1build1_amd64.deb ...
Public + security smoke (production build)	Install Playwright browsers	2026-07-13T20:23:45.8681526Z Unpacking ocl-icd-libopencl1:amd64 (2.3.2-1build1) ...
Public + security smoke (production build)	Install Playwright browsers	2026-07-13T20:23:45.9127495Z Selecting previously unselected package libavutil58:amd64.
Public + security smoke (production build)	Install Playwright browsers	2026-07-13T20:23:45.9202213Z Preparing to unpack .../017-libavutil58_7%3a6.1.1-3ubuntu5_amd64.deb ...
Public + security smoke (production build)	Install Playwright browsers	2026-07-13T20:23:45.9212426Z Unpacking libavutil58:amd64 (7:6.1.1-3ubuntu5) ...
Public + security smoke (production build)	Install Playwright browsers	2026-07-13T20:23:45.9392091Z Selecting previously unselected package libcodec2-1.2:amd64.
Public + security smoke (production build)	Install Playwright browsers	2026-07-13T20:23:45.9467399Z Preparing to unpack .../018-libcodec2-1.2_1.2.0-2build1_amd64.deb ...
Public + security smoke (production build)	Install Playwright browsers	2026-07-13T20:23:45.9475936Z Unpacking libcodec2-1.2:amd64 (1.2.0-2build1) ...
Public + security smoke (production build)	Install Playwright browsers	2026-07-13T20:23:46.0985963Z Selecting previously unselected package libdav1d7:amd64.
Public + security smoke (production build)	Install Playwright browsers	2026-07-13T20:23:46.1064649Z Preparing to unpack .../019-libdav1d7_1.4.1-1build1_amd64.deb ...
Public + security smoke (production build)	Install Playwright browsers	2026-07-13T20:23:46.1075946Z Unpacking libdav1d7:amd64 (1.4.1-1build1) ...
Public + security smoke (production build)	Install Playwright browsers	2026-07-13T20:23:46.1300654Z Selecting previously unselected package libgsm1:amd64.
Public + security smoke (production build)	Install Playwright browsers	2026-07-13T20:23:46.1378812Z Preparing to unpack .../020-libgsm1_1.0.22-1build1_amd64.deb ...
Public + security smoke (production build)	Install Playwright browsers	2026-07-13T20:23:46.1391530Z Unpacking libgsm1:amd64 (1.0.22-1build1) ...
Public + security smoke (production build)	Install Playwright browsers	2026-07-13T20:23:46.1547277Z Selecting previously unselected package libhwy1t64:amd64.
Public + security smoke (production build)	Install Playwright browsers	2026-07-13T20:23:46.1622423Z Preparing to unpack .../021-libhwy1t64_1.0.7-8.1build1_amd64.deb ...
Public + security smoke (production build)	Install Playwright browsers	2026-07-13T20:23:46.1631775Z Unpacking libhwy1t64:amd64 (1.0.7-8.1build1) ...
Public + security smoke (production build)	Install Playwright browsers	2026-07-13T20:23:46.1971422Z Selecting previously unselected package libjxl0.7:amd64.
Public + security smoke (production build)	Install Playwright browsers	2026-07-13T20:23:46.2045778Z Preparing to unpack .../022-libjxl0.7_0.7.0-10.2ubuntu6.1_amd64.deb ...
Public + security smoke (production build)	Install Playwright browsers	2026-07-13T20:23:46.2054624Z Unpacking libjxl0.7:amd64 (0.7.0-10.2ubuntu6.1) ...
Public + security smoke (production build)	Install Playwright browsers	2026-07-13T20:23:46.4753172Z Selecting previously unselected package libmp3lame0:amd64.
Public + security smoke (production build)	Install Playwright browsers	2026-07-13T20:23:46.4827812Z Preparing to unpack .../023-libmp3lame0_3.100-6build1_amd64.deb ...
Public + security smoke (production build)	Install Playwright browsers	2026-07-13T20:23:46.4838840Z Unpacking libmp3lame0:amd64 (3.100-6build1) ...
Public + security smoke (production build)	Install Playwright browsers	2026-07-13T20:23:46.5004702Z Selecting previously unselected package libopus0:amd64.
Public + security smoke (production build)	Install Playwright browsers	2026-07-13T20:23:46.5080356Z Preparing to unpack .../024-libopus0_1.4-1build1_amd64.deb ...
Public + security smoke (production build)	Install Playwright browsers	2026-07-13T20:23:46.5092865Z Unpacking libopus0:amd64 (1.4-1build1) ...
Public + security smoke (production build)	Install Playwright browsers	2026-07-13T20:23:46.5278752Z Selecting previously unselected package librav1e0:amd64.
Public + security smoke (production build)	Install Playwright browsers	2026-07-13T20:23:46.5353734Z Preparing to unpack .../025-librav1e0_0.7.1-2_amd64.deb ...
Public + security smoke (production build)	Install Playwright browsers	2026-07-13T20:23:46.5362504Z Unpacking librav1e0:amd64 (0.7.1-2) ...
Public + security smoke (production build)	Install Playwright browsers	2026-07-13T20:23:46.5662077Z Selecting previously unselected package librsvg2-2:amd64.
Public + security smoke (production build)	Install Playwright browsers	2026-07-13T20:23:46.5737160Z Preparing to unpack .../026-librsvg2-2_2.58.0+dfsg-1build1_amd64.deb ...
Public + security smoke (production build)	Install Playwright browsers	2026-07-13T20:23:46.5746786Z Unpacking librsvg2-2:amd64 (2.58.0+dfsg-1build1) ...
Public + security smoke (production build)	Install Playwright browsers	2026-07-13T20:23:46.6361460Z Selecting previously unselected package libshine3:amd64.
Public + security smoke (production build)	Install Playwright browsers	2026-07-13T20:23:46.6439544Z Preparing to unpack .../027-libshine3_3.1.1-2build1_amd64.deb ...
Public + security smoke (production build)	Install Playwright browsers	2026-07-13T20:23:46.6448423Z Unpacking libshine3:amd64 (3.1.1-2build1) ...
Public + security smoke (production build)	Install Playwright browsers	2026-07-13T20:23:46.6712574Z Selecting previously unselected package libspeex1:amd64.
Public + security smoke (production build)	Install Playwright browsers	2026-07-13T20:23:46.6787233Z Preparing to unpack .../028-libspeex1_1.2.1-2ubuntu2.24.04.1_amd64.deb ...
Public + security smoke (production build)	Install Playwright browsers	2026-07-13T20:23:46.6796771Z Unpacking libspeex1:amd64 (1.2.1-2ubuntu2.24.04.1) ...
Public + security smoke (production build)	Install Playwright browsers	2026-07-13T20:23:46.6943879Z Selecting previously unselected package libsvtav1enc1d1:amd64.
Public + security smoke (production build)	Install Playwright browsers	2026-07-13T20:23:46.7018586Z Preparing to unpack .../029-libsvtav1enc1d1_1.7.0+dfsg-2build1_amd64.deb ...
Public + security smoke (production build)	Install Playwright browsers	2026-07-13T20:23:46.7028071Z Unpacking libsvtav1enc1d1:amd64 (1.7.0+dfsg-2build1) ...
Public + security smoke (production build)	Install Playwright browsers	2026-07-13T20:23:46.7662494Z Selecting previously unselected package libsoxr0:amd64.
Public + security smoke (production build)	Install Playwright browsers	2026-07-13T20:23:46.7736283Z Preparing to unpack .../030-libsoxr0_0.1.3-4build3_amd64.deb ...
Public + security smoke (production build)	Install Playwright browsers	2026-07-13T20:23:46.7746719Z Unpacking libsoxr0:amd64 (0.1.3-4build3) ...
Public + security smoke (production build)	Install Playwright browsers	2026-07-13T20:23:46.7902941Z Selecting previously unselected package libswresample4:amd64.
Public + security smoke (production build)	Install Playwright browsers	2026-07-13T20:23:46.7977431Z Preparing to unpack .../031-libswresample4_7%3a6.1.1-3ubuntu5_amd64.deb ...
Public + security smoke (production build)	Install Playwright browsers	2026-07-13T20:23:46.7990006Z Unpacking libswresample4:amd64 (7:6.1.1-3ubuntu5) ...
Public + security smoke (production build)	Install Playwright browsers	2026-07-13T20:23:46.8161907Z Selecting previously unselected package libtheora0:amd64.
Public + security smoke (production build)	Install Playwright browsers	2026-07-13T20:23:46.8236671Z Preparing to unpack .../032-libtheora0_1.1.1+dfsg.1-16.1build3_amd64.deb ...
Public + security smoke (production build)	Install Playwright browsers	2026-07-13T20:23:46.8246006Z Unpacking libtheora0:amd64 (1.1.1+dfsg.1-16.1build3) ...
Public + security smoke (production build)	Install Playwright browsers	2026-07-13T20:23:46.8425729Z Selecting previously unselected package libtwolame0:amd64.
Public + security smoke (production build)	Install Playwright browsers	2026-07-13T20:23:46.8500306Z Preparing to unpack .../033-libtwolame0_0.4.0-2build3_amd64.deb ...
Public + security smoke (production build)	Install Playwright browsers	2026-07-13T20:23:46.8510802Z Unpacking libtwolame0:amd64 (0.4.0-2build3) ...
Public + security smoke (production build)	Install Playwright browsers	2026-07-13T20:23:46.8948291Z Selecting previously unselected package libvorbisenc2:amd64.
Public + security smoke (production build)	Install Playwright browsers	2026-07-13T20:23:46.9022255Z Preparing to unpack .../034-libvorbisenc2_1.3.7-1build3_amd64.deb ...
Public + security smoke (production build)	Install Playwright browsers	2026-07-13T20:23:46.9031966Z Unpacking libvorbisenc2:amd64 (1.3.7-1build3) ...
Public + security smoke (production build)	Install Playwright browsers	2026-07-13T20:23:46.9193518Z Selecting previously unselected package libvpx9:amd64.
Public + security smoke (production build)	Install Playwright browsers	2026-07-13T20:23:46.9267906Z Preparing to unpack .../035-libvpx9_1.14.0-1ubuntu2.3_amd64.deb ...
Public + security smoke (production build)	Install Playwright browsers	2026-07-13T20:23:46.9277191Z Unpacking libvpx9:amd64 (1.14.0-1ubuntu2.3) ...
Public + security smoke (production build)	Install Playwright browsers	2026-07-13T20:23:46.9551435Z Selecting previously unselected package libx264-164:amd64.
Public + security smoke (production build)	Install Playwright browsers	2026-07-13T20:23:46.9625831Z Preparing to unpack .../036-libx264-164_2%3a0.164.3108+git31e19f9-1_amd64.deb ...
Public + security smoke (production build)	Install Playwright browsers	2026-07-13T20:23:46.9637458Z Unpacking libx264-164:amd64 (2:0.164.3108+git31e19f9-1) ...
Public + security smoke (production build)	Install Playwright browsers	2026-07-13T20:23:47.0563842Z Selecting previously unselected package libx265-199:amd64.
Public + security smoke (production build)	Install Playwright browsers	2026-07-13T20:23:47.0638703Z Preparing to unpack .../037-libx265-199_3.5-2build1_amd64.deb ...
Public + security smoke (production build)	Install Playwright browsers	2026-07-13T20:23:47.0733798Z Unpacking libx265-199:amd64 (3.5-2build1) ...
Public + security smoke (production build)	Install Playwright browsers	2026-07-13T20:23:47.1956032Z Selecting previously unselected package libxvidcore4:amd64.
Public + security smoke (production build)	Install Playwright browsers	2026-07-13T20:23:47.2031364Z Preparing to unpack .../038-libxvidcore4_2%3a1.3.7-1build1_amd64.deb ...
Public + security smoke (production build)	Install Playwright browsers	2026-07-13T20:23:47.2439117Z Unpacking libxvidcore4:amd64 (2:1.3.7-1build1) ...
Public + security smoke (production build)	Install Playwright browsers	2026-07-13T20:23:47.2735520Z Selecting previously unselected package libzvbi-common.
Public + security smoke (production build)	Install Playwright browsers	2026-07-13T20:23:47.2810222Z Preparing to unpack .../039-libzvbi-common_0.2.42-2_all.deb ...
Public + security smoke (production build)	Install Playwright browsers	2026-07-13T20:23:47.2821841Z Unpacking libzvbi-common (0.2.42-2) ...
Public + security smoke (production build)	Install Playwright browsers	2026-07-13T20:23:47.3245898Z Selecting previously unselected package libzvbi0t64:amd64.
Public + security smoke (production build)	Install Playwright browsers	2026-07-13T20:23:47.3320148Z Preparing to unpack .../040-libzvbi0t64_0.2.42-2_amd64.deb ...
Public + security smoke (production build)	Install Playwright browsers	2026-07-13T20:23:47.3331315Z Unpacking libzvbi0t64:amd64 (0.2.42-2) ...
Public + security smoke (production build)	Install Playwright browsers	2026-07-13T20:23:47.3520137Z Selecting previously unselected package libavcodec60:amd64.
Public + security smoke (production build)	Install Playwright browsers	2026-07-13T20:23:47.3594416Z Preparing to unpack .../041-libavcodec60_7%3a6.1.1-3ubuntu5_amd64.deb ...
Public + security smoke (production build)	Install Playwright browsers	2026-07-13T20:23:47.3606243Z Unpacking libavcodec60:amd64 (7:6.1.1-3ubuntu5) ...
Public + security smoke (production build)	Install Playwright browsers	2026-07-13T20:23:47.5163805Z Selecting previously unselected package libunibreak5:amd64.
Public + security smoke (production build)	Install Playwright browsers	2026-07-13T20:23:47.5238377Z Preparing to unpack .../042-libunibreak5_5.1-2build1_amd64.deb ...
Public + security smoke (production build)	Install Playwright browsers	2026-07-13T20:23:47.5249214Z Unpacking libunibreak5:amd64 (5.1-2build1) ...
Public + security smoke (production build)	Install Playwright browsers	2026-07-13T20:23:47.5409509Z Selecting previously unselected package libass9:amd64.
Public + security smoke (production build)	Install Playwright browsers	2026-07-13T20:23:47.5484278Z Preparing to unpack .../043-libass9_1%3a0.17.1-2build1_amd64.deb ...
Public + security smoke (production build)	Install Playwright browsers	2026-07-13T20:23:47.5496790Z Unpacking libass9:amd64 (1:0.17.1-2build1) ...
Public + security smoke (production build)	Install Playwright browsers	2026-07-13T20:23:47.5662415Z Selecting previously unselected package libudfread0:amd64.
Public + security smoke (production build)	Install Playwright browsers	2026-07-13T20:23:47.5737129Z Preparing to unpack .../044-libudfread0_1.1.2-1build1_amd64.deb ...
Public + security smoke (production build)	Install Playwright browsers	2026-07-13T20:23:47.5748706Z Unpacking libudfread0:amd64 (1.1.2-1build1) ...
Public + security smoke (production build)	Install Playwright browsers	2026-07-13T20:23:47.5907095Z Selecting previously unselected package libbluray2:amd64.
Public + security smoke (production build)	Install Playwright browsers	2026-07-13T20:23:47.5981411Z Preparing to unpack .../045-libbluray2_1%3a1.3.4-1build1_amd64.deb ...
Public + security smoke (production build)	Install Playwright browsers	2026-07-13T20:23:47.6776982Z Unpacking libbluray2:amd64 (1:1.3.4-1build1) ...
Public + security smoke (production build)	Install Playwright browsers	2026-07-13T20:23:47.7134878Z Selecting previously unselected package libchromaprint1:amd64.
Public + security smoke (production build)	Install Playwright browsers	2026-07-13T20:23:47.7209232Z Preparing to unpack .../046-libchromaprint1_1.5.1-5_amd64.deb ...
Public + security smoke (production build)	Install Playwright browsers	2026-07-13T20:23:47.7218307Z Unpacking libchromaprint1:amd64 (1.5.1-5) ...
Public + security smoke (production build)	Install Playwright browsers	2026-07-13T20:23:47.8823442Z Selecting previously unselected package libgme0:amd64.
Public + security smoke (production build)	Install Playwright browsers	2026-07-13T20:23:47.8898095Z Preparing to unpack .../047-libgme0_0.6.3-7build1_amd64.deb ...
Public + security smoke (production build)	Install Playwright browsers	2026-07-13T20:23:47.8970518Z Unpacking libgme0:amd64 (0.6.3-7build1) ...
Public + security smoke (production build)	Install Playwright browsers	2026-07-13T20:23:47.9626854Z Selecting previously unselected package libmpg123-0t64:amd64.
Public + security smoke (production build)	Install Playwright browsers	2026-07-13T20:23:47.9701588Z Preparing to unpack .../048-libmpg123-0t64_1.32.5-1ubuntu1.1_amd64.deb ...
Public + security smoke (production build)	Install Playwright browsers	2026-07-13T20:23:47.9713563Z Unpacking libmpg123-0t64:amd64 (1.32.5-1ubuntu1.1) ...
Public + security smoke (production build)	Install Playwright browsers	2026-07-13T20:23:47.9890474Z Selecting previously unselected package libopenmpt0t64:amd64.
Public + security smoke (production build)	Install Playwright browsers	2026-07-13T20:23:47.9965775Z Preparing to unpack .../049-libopenmpt0t64_0.7.3-1.1build3_amd64.deb ...
Public + security smoke (production build)	Install Playwright browsers	2026-07-13T20:23:47.9977490Z Unpacking libopenmpt0t64:amd64 (0.7.3-1.1build3) ...
Public + security smoke (production build)	Install Playwright browsers	2026-07-13T20:23:48.0223983Z Selecting previously unselected package libcjson1:amd64.
Public + security smoke (production build)	Install Playwright browsers	2026-07-13T20:23:48.0298926Z Preparing to unpack .../050-libcjson1_1.7.17-1_amd64.deb ...
Public + security smoke (production build)	Install Playwright browsers	2026-07-13T20:23:48.0310315Z Unpacking libcjson1:amd64 (1.7.17-1) ...
Public + security smoke (production build)	Install Playwright browsers	2026-07-13T20:23:48.0507418Z Selecting previously unselected package libmbedcrypto7t64:amd64.
Public + security smoke (production build)	Install Playwright browsers	2026-07-13T20:23:48.0582720Z Preparing to unpack .../051-libmbedcrypto7t64_2.28.8-1_amd64.deb ...
Public + security smoke (production build)	Install Playwright browsers	2026-07-13T20:23:48.3763507Z Unpacking libmbedcrypto7t64:amd64 (2.28.8-1) ...
Public + security smoke (production build)	Install Playwright browsers	2026-07-13T20:23:48.9384078Z Selecting previously unselected package librist4:amd64.
Public + security smoke (production build)	Install Playwright browsers	2026-07-13T20:23:48.9473171Z Preparing to unpack .../052-librist4_0.2.10+dfsg-2_amd64.deb ...
Public + security smoke (production build)	Install Playwright browsers	2026-07-13T20:23:48.9487119Z Unpacking librist4:amd64 (0.2.10+dfsg-2) ...
Public + security smoke (production build)	Install Playwright browsers	2026-07-13T20:23:48.9743337Z Selecting previously unselected package libsrt1.5-gnutls:amd64.
Public + security smoke (production build)	Install Playwright browsers	2026-07-13T20:23:48.9827700Z Preparing to unpack .../053-libsrt1.5-gnutls_1.5.3-1build2_amd64.deb ...
Public + security smoke (production build)	Install Playwright browsers	2026-07-13T20:23:48.9837594Z Unpacking libsrt1.5-gnutls:amd64 (1.5.3-1build2) ...
Public + security smoke (production build)	Install Playwright browsers	2026-07-13T20:23:49.0033204Z Selecting previously unselected package libssh-gcrypt-4:amd64.
Public + security smoke (production build)	Install Playwright browsers	2026-07-13T20:23:49.0109763Z Preparing to unpack .../054-libssh-gcrypt-4_0.10.6-2ubuntu0.4_amd64.deb ...
Public + security smoke (production build)	Install Playwright browsers	2026-07-13T20:23:49.0146021Z Unpacking libssh-gcrypt-4:amd64 (0.10.6-2ubuntu0.4) ...
Public + security smoke (production build)	Install Playwright browsers	2026-07-13T20:23:49.0584955Z Selecting previously unselected package libavformat60:amd64.
Public + security smoke (production build)	Install Playwright browsers	2026-07-13T20:23:49.0660417Z Preparing to unpack .../055-libavformat60_7%3a6.1.1-3ubuntu5_amd64.deb ...
Public + security smoke (production build)	Install Playwright browsers	2026-07-13T20:23:49.0675465Z Unpacking libavformat60:amd64 (7:6.1.1-3ubuntu5) ...
Public + security smoke (production build)	Install Playwright browsers	2026-07-13T20:23:49.1175977Z Selecting previously unselected package libbs2b0:amd64.
Public + security smoke (production build)	Install Playwright browsers	2026-07-13T20:23:49.1250162Z Preparing to unpack .../056-libbs2b0_3.1.0+dfsg-7build1_amd64.deb ...
Public + security smoke (production build)	Install Playwright browsers	2026-07-13T20:23:49.1272222Z Unpacking libbs2b0:amd64 (3.1.0+dfsg-7build1) ...
Public + security smoke (production build)	Install Playwright browsers	2026-07-13T20:23:49.1801496Z Selecting previously unselected package libflite1:amd64.
Public + security smoke (production build)	Install Playwright browsers	2026-07-13T20:23:49.1875483Z Preparing to unpack .../057-libflite1_2.2-6build3_amd64.deb ...
Public + security smoke (production build)	Install Playwright browsers	2026-07-13T20:23:49.1885828Z Unpacking libflite1:amd64 (2.2-6build3) ...
Public + security smoke (production build)	Install Playwright browsers	2026-07-13T20:23:49.3794517Z Selecting previously unselected package libserd-0-0:amd64.
Public + security smoke (production build)	Install Playwright browsers	2026-07-13T20:23:49.3869542Z Preparing to unpack .../058-libserd-0-0_0.32.2-1_amd64.deb ...
Public + security smoke (production build)	Install Playwright browsers	2026-07-13T20:23:49.3880781Z Unpacking libserd-0-0:amd64 (0.32.2-1) ...
Public + security smoke (production build)	Install Playwright browsers	2026-07-13T20:23:49.4039861Z Selecting previously unselected package libzix-0-0:amd64.
Public + security smoke (production build)	Install Playwright browsers	2026-07-13T20:23:49.4114427Z Preparing to unpack .../059-libzix-0-0_0.4.2-2build1_amd64.deb ...
Public + security smoke (production build)	Install Playwright browsers	2026-07-13T20:23:49.4130036Z Unpacking libzix-0-0:amd64 (0.4.2-2build1) ...
Public + security smoke (production build)	Install Playwright browsers	2026-07-13T20:23:49.4288389Z Selecting previously unselected package libsord-0-0:amd64.
Public + security smoke (production build)	Install Playwright browsers	2026-07-13T20:23:49.4362638Z Preparing to unpack .../060-libsord-0-0_0.16.16-2build1_amd64.deb ...
Public + security smoke (production build)	Install Playwright browsers	2026-07-13T20:23:49.4372684Z Unpacking libsord-0-0:amd64 (0.16.16-2build1) ...
Public + security smoke (production build)	Install Playwright browsers	2026-07-13T20:23:49.4530817Z Selecting previously unselected package libsratom-0-0:amd64.
Public + security smoke (production build)	Install Playwright browsers	2026-07-13T20:23:49.4604996Z Preparing to unpack .../061-libsratom-0-0_0.6.16-1build1_amd64.deb ...
Public + security smoke (production build)	Install Playwright browsers	2026-07-13T20:23:49.4616945Z Unpacking libsratom-0-0:amd64 (0.6.16-1build1) ...
Public + security smoke (production build)	Install Playwright browsers	2026-07-13T20:23:49.4770233Z Selecting previously unselected package liblilv-0-0:amd64.
Public + security smoke (production build)	Install Playwright browsers	2026-07-13T20:23:49.4844766Z Preparing to unpack .../062-liblilv-0-0_0.24.22-1build1_amd64.deb ...
Public + security smoke (production build)	Install Playwright browsers	2026-07-13T20:23:49.4895336Z Unpacking liblilv-0-0:amd64 (0.24.22-1build1) ...
Public + security smoke (production build)	Install Playwright browsers	2026-07-13T20:23:49.5097071Z Selecting previously unselected package libmysofa1:amd64.
Public + security smoke (production build)	Install Playwright browsers	2026-07-13T20:23:49.5171153Z Preparing to unpack .../063-libmysofa1_1.3.2+dfsg-2ubuntu2_amd64.deb ...
Public + security smoke (production build)	Install Playwright browsers	2026-07-13T20:23:49.5181285Z Unpacking libmysofa1:amd64 (1.3.2+dfsg-2ubuntu2) ...
Public + security smoke (production build)	Install Playwright browsers	2026-07-13T20:23:49.5580233Z Selecting previously unselected package libplacebo338:amd64.
Public + security smoke (production build)	Install Playwright browsers	2026-07-13T20:23:49.5654224Z Preparing to unpack .../064-libplacebo338_6.338.2-2build1_amd64.deb ...
Public + security smoke (production build)	Install Playwright browsers	2026-07-13T20:23:49.5667927Z Unpacking libplacebo338:amd64 (6.338.2-2build1) ...
Public + security smoke (production build)	Install Playwright browsers	2026-07-13T20:23:49.6494970Z Selecting previously unselected package libblas3:amd64.
Public + security smoke (production build)	Install Playwright browsers	2026-07-13T20:23:49.6568944Z Preparing to unpack .../065-libblas3_3.12.0-3build1.1_amd64.deb ...
Public + security smoke (production build)	Install Playwright browsers	2026-07-13T20:23:49.6592150Z Unpacking libblas3:amd64 (3.12.0-3build1.1) ...
Public + security smoke (production build)	Install Playwright browsers	2026-07-13T20:23:49.6797185Z Selecting previously unselected package liblapack3:amd64.
Public + security smoke (production build)	Install Playwright browsers	2026-07-13T20:23:49.6871256Z Preparing to unpack .../066-liblapack3_3.12.0-3build1.1_amd64.deb ...
Public + security smoke (production build)	Install Playwright browsers	2026-07-13T20:23:49.6894774Z Unpacking liblapack3:amd64 (3.12.0-3build1.1) ...
Public + security smoke (production build)	Install Playwright browsers	2026-07-13T20:23:49.7785978Z Selecting previously unselected package libasyncns0:amd64.
Public + security smoke (production build)	Install Playwright browsers	2026-07-13T20:23:49.7860438Z Preparing to unpack .../067-libasyncns0_0.8-6build4_amd64.deb ...
Public + security smoke (production build)	Install Playwright browsers	2026-07-13T20:23:49.7873501Z Unpacking libasyncns0:amd64 (0.8-6build4) ...
Public + security smoke (production build)	Install Playwright browsers	2026-07-13T20:23:49.8035807Z Selecting previously unselected package libflac12t64:amd64.
Public + security smoke (production build)	Install Playwright browsers	2026-07-13T20:23:49.8111054Z Preparing to unpack .../068-libflac12t64_1.4.3+ds-2.1ubuntu2_amd64.deb ...
Public + security smoke (production build)	Install Playwright browsers	2026-07-13T20:23:49.8121956Z Unpacking libflac12t64:amd64 (1.4.3+ds-2.1ubuntu2) ...
Public + security smoke (production build)	Install Playwright browsers	2026-07-13T20:23:49.8292849Z Selecting previously unselected package libsndfile1:amd64.
Public + security smoke (production build)	Install Playwright browsers	2026-07-13T20:23:49.8367417Z Preparing to unpack .../069-libsndfile1_1.2.2-1ubuntu5.24.04.1_amd64.deb ...
Public + security smoke (production build)	Install Playwright browsers	2026-07-13T20:23:49.8376551Z Unpacking libsndfile1:amd64 (1.2.2-1ubuntu5.24.04.1) ...
Public + security smoke (production build)	Install Playwright browsers	2026-07-13T20:23:49.8587769Z Selecting previously unselected package libpulse0:amd64.
Public + security smoke (production build)	Install Playwright browsers	2026-07-13T20:23:49.8662009Z Preparing to unpack .../070-libpulse0_1%3a16.1+dfsg1-2ubuntu10.1_amd64.deb ...
Public + security smoke (production build)	Install Playwright browsers	2026-07-13T20:23:49.8705927Z Unpacking libpulse0:amd64 (1:16.1+dfsg1-2ubuntu10.1) ...
Public + security smoke (production build)	Install Playwright browsers	2026-07-13T20:23:49.8900405Z Selecting previously unselected package libsphinxbase3t64:amd64.
Public + security smoke (production build)	Install Playwright browsers	2026-07-13T20:23:49.8974696Z Preparing to unpack .../071-libsphinxbase3t64_0.8+5prealpha+1-17build2_amd64.deb ...
Public + security smoke (production build)	Install Playwright browsers	2026-07-13T20:23:49.8985727Z Unpacking libsphinxbase3t64:amd64 (0.8+5prealpha+1-17build2) ...
Public + security smoke (production build)	Install Playwright browsers	2026-07-13T20:23:49.9149732Z Selecting previously unselected package libpocketsphinx3:amd64.
Public + security smoke (production build)	Install Playwright browsers	2026-07-13T20:23:49.9224695Z Preparing to unpack .../072-libpocketsphinx3_0.8.0+real5prealpha+1-15ubuntu5_amd64.deb ...
Public + security smoke (production build)	Install Playwright browsers	2026-07-13T20:23:49.9233785Z Unpacking libpocketsphinx3:amd64 (0.8.0+real5prealpha+1-15ubuntu5) ...
Public + security smoke (production build)	Install Playwright browsers	2026-07-13T20:23:49.9395345Z Selecting previously unselected package libpostproc57:amd64.
Public + security smoke (production build)	Install Playwright browsers	2026-07-13T20:23:49.9469606Z Preparing to unpack .../073-libpostproc57_7%3a6.1.1-3ubuntu5_amd64.deb ...
Public + security smoke (production build)	Install Playwright browsers	2026-07-13T20:23:49.9635536Z Unpacking libpostproc57:amd64 (7:6.1.1-3ubuntu5) ...
Public + security smoke (production build)	Install Playwright browsers	2026-07-13T20:23:49.9883084Z Selecting previously unselected package libsamplerate0:amd64.
Public + security smoke (production build)	Install Playwright browsers	2026-07-13T20:23:49.9957327Z Preparing to unpack .../074-libsamplerate0_0.2.2-4build1_amd64.deb ...
Public + security smoke (production build)	Install Playwright browsers	2026-07-13T20:23:49.9966231Z Unpacking libsamplerate0:amd64 (0.2.2-4build1) ...
Public + security smoke (production build)	Install Playwright browsers	2026-07-13T20:23:50.0232187Z Selecting previously unselected package librubberband2:amd64.
Public + security smoke (production build)	Install Playwright browsers	2026-07-13T20:23:50.0306792Z Preparing to unpack .../075-librubberband2_3.3.0+dfsg-2build1_amd64.deb ...
Public + security smoke (production build)	Install Playwright browsers	2026-07-13T20:23:50.0398684Z Unpacking librubberband2:amd64 (3.3.0+dfsg-2build1) ...
Public + security smoke (production build)	Install Playwright browsers	2026-07-13T20:23:50.0567009Z Selecting previously unselected package libswscale7:amd64.
Public + security smoke (production build)	Install Playwright browsers	2026-07-13T20:23:50.0641436Z Preparing to unpack .../076-libswscale7_7%3a6.1.1-3ubuntu5_amd64.deb ...
Public + security smoke (production build)	Install Playwright browsers	2026-07-13T20:23:50.0652709Z Unpacking libswscale7:amd64 (7:6.1.1-3ubuntu5) ...
Public + security smoke (production build)	Install Playwright browsers	2026-07-13T20:23:50.0899941Z Selecting previously unselected package libvidstab1.1:amd64.
Public + security smoke (production build)	Install Playwright browsers	2026-07-13T20:23:50.0974085Z Preparing to unpack .../077-libvidstab1.1_1.1.0-2build1_amd64.deb ...
Public + security smoke (production build)	Install Playwright browsers	2026-07-13T20:23:50.0982975Z Unpacking libvidstab1.1:amd64 (1.1.0-2build1) ...
Public + security smoke (production build)	Install Playwright browsers	2026-07-13T20:23:50.1137577Z Selecting previously unselected package libzimg2:amd64.
Public + security smoke (production build)	Install Playwright browsers	2026-07-13T20:23:50.1211997Z Preparing to unpack .../078-libzimg2_3.0.5+ds1-1build1_amd64.deb ...
Public + security smoke (production build)	Install Playwright browsers	2026-07-13T20:23:50.1223034Z Unpacking libzimg2:amd64 (3.0.5+ds1-1build1) ...
Public + security smoke (production build)	Install Playwright browsers	2026-07-13T20:23:50.1419375Z Selecting previously unselected package libavfilter9:amd64.
Public + security smoke (production build)	Install Playwright browsers	2026-07-13T20:23:50.1493921Z Preparing to unpack .../079-libavfilter9_7%3a6.1.1-3ubuntu5_amd64.deb ...
Public + security smoke (production build)	Install Playwright browsers	2026-07-13T20:23:50.1659522Z Unpacking libavfilter9:amd64 (7:6.1.1-3ubuntu5) ...
Public + security smoke (production build)	Install Playwright browsers	2026-07-13T20:23:50.2758256Z Selecting previously unselected package liborc-0.4-0t64:amd64.
Public + security smoke (production build)	Install Playwright browsers	2026-07-13T20:23:50.2833601Z Preparing to unpack .../080-liborc-0.4-0t64_1%3a0.4.38-1ubuntu0.1_amd64.deb ...
Public + security smoke (production build)	Install Playwright browsers	2026-07-13T20:23:50.2849368Z Unpacking liborc-0.4-0t64:amd64 (1:0.4.38-1ubuntu0.1) ...
Public + security smoke (production build)	Install Playwright browsers	2026-07-13T20:23:50.3040235Z Selecting previously unselected package libgstreamer-plugins-base1.0-0:amd64.
Public + security smoke (production build)	Install Playwright browsers	2026-07-13T20:23:50.3115161Z Preparing to unpack .../081-libgstreamer-plugins-base1.0-0_1.24.2-1ubuntu0.4_amd64.deb ...
Public + security smoke (production build)	Install Playwright browsers	2026-07-13T20:23:50.3126785Z Unpacking libgstreamer-plugins-base1.0-0:amd64 (1.24.2-1ubuntu0.4) ...
Public + security smoke (production build)	Install Playwright browsers	2026-07-13T20:23:50.3796049Z Selecting previously unselected package gstreamer1.0-libav:amd64.
Public + security smoke (production build)	Install Playwright browsers	2026-07-13T20:23:50.3876978Z Preparing to unpack .../082-gstreamer1.0-libav_1.24.1-1build1_amd64.deb ...
Public + security smoke (production build)	Install Playwright browsers	2026-07-13T20:23:50.3894186Z Unpacking gstreamer1.0-libav:amd64 (1.24.1-1build1) ...
Public + security smoke (production build)	Install Playwright browsers	2026-07-13T20:23:50.4054163Z Selecting previously unselected package libcdparanoia0:amd64.
Public + security smoke (production build)	Install Playwright browsers	2026-07-13T20:23:50.4129499Z Preparing to unpack .../083-libcdparanoia0_3.10.2+debian-14build3_amd64.deb ...
Public + security smoke (production build)	Install Playwright browsers	2026-07-13T20:23:50.4139025Z Unpacking libcdparanoia0:amd64 (3.10.2+debian-14build3) ...
Public + security smoke (production build)	Install Playwright browsers	2026-07-13T20:23:50.4902386Z Selecting previously unselected package libvisual-0.4-0:amd64.
Public + security smoke (production build)	Install Playwright browsers	2026-07-13T20:23:50.4977152Z Preparing to unpack .../084-libvisual-0.4-0_0.4.2-2build1_amd64.deb ...
Public + security smoke (production build)	Install Playwright browsers	2026-07-13T20:23:50.4992958Z Unpacking libvisual-0.4-0:amd64 (0.4.2-2build1) ...
Public + security smoke (production build)	Install Playwright browsers	2026-07-13T20:23:50.5191165Z Selecting previously unselected package gstreamer1.0-plugins-base:amd64.
Public + security smoke (production build)	Install Playwright browsers	2026-07-13T20:23:50.5265305Z Preparing to unpack .../085-gstreamer1.0-plugins-base_1.24.2-1ubuntu0.4_amd64.deb ...
Public + security smoke (production build)	Install Playwright browsers	2026-07-13T20:23:50.6670922Z Unpacking gstreamer1.0-plugins-base:amd64 (1.24.2-1ubuntu0.4) ...
Public + security smoke (production build)	Install Playwright browsers	2026-07-13T20:23:50.7163544Z Selecting previously unselected package libaa1:amd64.
Public + security smoke (production build)	Install Playwright browsers	2026-07-13T20:23:50.7237784Z Preparing to unpack .../086-libaa1_1.4p5-51.1_amd64.deb ...
Public + security smoke (production build)	Install Playwright browsers	2026-07-13T20:23:50.7257217Z Unpacking libaa1:amd64 (1.4p5-51.1) ...
Public + security smoke (production build)	Install Playwright browsers	2026-07-13T20:23:50.7425420Z Selecting previously unselected package libraw1394-11:amd64.
Public + security smoke (production build)	Install Playwright browsers	2026-07-13T20:23:50.7499862Z Preparing to unpack .../087-libraw1394-11_2.1.2-2build3_amd64.deb ...
Public + security smoke (production build)	Install Playwright browsers	2026-07-13T20:23:50.7515507Z Unpacking libraw1394-11:amd64 (2.1.2-2build3) ...
Public + security smoke (production build)	Install Playwright browsers	2026-07-13T20:23:50.7687119Z Selecting previously unselected package libavc1394-0:amd64.
Public + security smoke (production build)	Install Playwright browsers	2026-07-13T20:23:50.7762215Z Preparing to unpack .../088-libavc1394-0_0.5.4-5build3_amd64.deb ...
Public + security smoke (production build)	Install Playwright browsers	2026-07-13T20:23:50.7774864Z Unpacking libavc1394-0:amd64 (0.5.4-5build3) ...
Public + security smoke (production build)	Install Playwright browsers	2026-07-13T20:23:50.7936953Z Selecting previously unselected package libcaca0:amd64.
Public + security smoke (production build)	Install Playwright browsers	2026-07-13T20:23:50.8012008Z Preparing to unpack .../089-libcaca0_0.99.beta20-4ubuntu0.2_amd64.deb ...
Public + security smoke (production build)	Install Playwright browsers	2026-07-13T20:23:50.8022786Z Unpacking libcaca0:amd64 (0.99.beta20-4ubuntu0.2) ...
Public + security smoke (production build)	Install Playwright browsers	2026-07-13T20:23:50.8224410Z Selecting previously unselected package libdv4t64:amd64.
Public + security smoke (production build)	Install Playwright browsers	2026-07-13T20:23:50.8299526Z Preparing to unpack .../090-libdv4t64_1.0.0-17.1build1_amd64.deb ...
Public + security smoke (production build)	Install Playwright browsers	2026-07-13T20:23:50.8405424Z Unpacking libdv4t64:amd64 (1.0.0-17.1build1) ...
Public + security smoke (production build)	Install Playwright browsers	2026-07-13T20:23:50.8584336Z Selecting previously unselected package libgstreamer-plugins-good1.0-0:amd64.
Public + security smoke (production build)	Install Playwright browsers	2026-07-13T20:23:50.8659547Z Preparing to unpack .../091-libgstreamer-plugins-good1.0-0_1.24.2-1ubuntu1.4_amd64.deb ...
Public + security smoke (production build)	Install Playwright browsers	2026-07-13T20:23:50.8671174Z Unpacking libgstreamer-plugins-good1.0-0:amd64 (1.24.2-1ubuntu1.4) ...
Public + security smoke (production build)	Install Playwright browsers	2026-07-13T20:23:50.9207702Z Selecting previously unselected package libiec61883-0:amd64.
Public + security smoke (production build)	Install Playwright browsers	2026-07-13T20:23:50.9283436Z Preparing to unpack .../092-libiec61883-0_1.2.0-6build1_amd64.deb ...
Public + security smoke (production build)	Install Playwright browsers	2026-07-13T20:23:50.9296869Z Unpacking libiec61883-0:amd64 (1.2.0-6build1) ...
Public + security smoke (production build)	Install Playwright browsers	2026-07-13T20:23:50.9463995Z Selecting previously unselected package libshout3:amd64.
Public + security smoke (production build)	Install Playwright browsers	2026-07-13T20:23:50.9539291Z Preparing to unpack .../093-libshout3_2.4.6-1build2_amd64.deb ...
Public + security smoke (production build)	Install Playwright browsers	2026-07-13T20:23:50.9551129Z Unpacking libshout3:amd64 (2.4.6-1build2) ...
Public + security smoke (production build)	Install Playwright browsers	2026-07-13T20:23:50.9733499Z Selecting previously unselected package libtag1v5-vanilla:amd64.
Public + security smoke (production build)	Install Playwright browsers	2026-07-13T20:23:50.9808648Z Preparing to unpack .../094-libtag1v5-vanilla_1.13.1-1build1_amd64.deb ...
Public + security smoke (production build)	Install Playwright browsers	2026-07-13T20:23:50.9849394Z Unpacking libtag1v5-vanilla:amd64 (1.13.1-1build1) ...
Public + security smoke (production build)	Install Playwright browsers	2026-07-13T20:23:51.0306687Z Selecting previously unselected package libtag1v5:amd64.
Public + security smoke (production build)	Install Playwright browsers	2026-07-13T20:23:51.0382445Z Preparing to unpack .../095-libtag1v5_1.13.1-1build1_amd64.deb ...
Public + security smoke (production build)	Install Playwright browsers	2026-07-13T20:23:51.0398001Z Unpacking libtag1v5:amd64 (1.13.1-1build1) ...
Public + security smoke (production build)	Install Playwright browsers	2026-07-13T20:23:51.0640456Z Selecting previously unselected package libv4lconvert0t64:amd64.
Public + security smoke (production build)	Install Playwright browsers	2026-07-13T20:23:51.0715884Z Preparing to unpack .../096-libv4lconvert0t64_1.26.1-4build3_amd64.deb ...
Public + security smoke (production build)	Install Playwright browsers	2026-07-13T20:23:51.1367032Z Unpacking libv4lconvert0t64:amd64 (1.26.1-4build3) ...
Public + security smoke (production build)	Install Playwright browsers	2026-07-13T20:23:51.1571261Z Selecting previously unselected package libv4l-0t64:amd64.
Public + security smoke (production build)	Install Playwright browsers	2026-07-13T20:23:51.1647595Z Preparing to unpack .../097-libv4l-0t64_1.26.1-4build3_amd64.deb ...
Public + security smoke (production build)	Install Playwright browsers	2026-07-13T20:23:51.1662298Z Unpacking libv4l-0t64:amd64 (1.26.1-4build3) ...
Public + security smoke (production build)	Install Playwright browsers	2026-07-13T20:23:51.1841391Z Selecting previously unselected package libwavpack1:amd64.
Public + security smoke (production build)	Install Playwright browsers	2026-07-13T20:23:51.1916957Z Preparing to unpack .../098-libwavpack1_5.6.0-1build1_amd64.deb ...
Public + security smoke (production build)	Install Playwright browsers	2026-07-13T20:23:51.1926278Z Unpacking libwavpack1:amd64 (5.6.0-1build1) ...
Public + security smoke (production build)	Install Playwright browsers	2026-07-13T20:23:51.2073359Z Selecting previously unselected package libsoup-3.0-common.
Public + security smoke (production build)	Install Playwright browsers	2026-07-13T20:23:51.2150046Z Preparing to unpack .../099-libsoup-3.0-common_3.4.4-5ubuntu0.7_all.deb ...
Public + security smoke (production build)	Install Playwright browsers	2026-07-13T20:23:51.2158676Z Unpacking libsoup-3.0-common (3.4.4-5ubuntu0.7) ...
Public + security smoke (production build)	Install Playwright browsers	2026-07-13T20:23:51.2305689Z Selecting previously unselected package libsoup-3.0-0:amd64.
Public + security smoke (production build)	Install Playwright browsers	2026-07-13T20:23:51.2381465Z Preparing to unpack .../100-libsoup-3.0-0_3.4.4-5ubuntu0.7_amd64.deb ...
Public + security smoke (production build)	Install Playwright browsers	2026-07-13T20:23:51.2391060Z Unpacking libsoup-3.0-0:amd64 (3.4.4-5ubuntu0.7) ...
Public + security smoke (production build)	Install Playwright browsers	2026-07-13T20:23:51.2728805Z Selecting previously unselected package gstreamer1.0-plugins-good:amd64.
Public + security smoke (production build)	Install Playwright browsers	2026-07-13T20:23:51.2803913Z Preparing to unpack .../101-gstreamer1.0-plugins-good_1.24.2-1ubuntu1.4_amd64.deb ...
Public + security smoke (production build)	Install Playwright browsers	2026-07-13T20:23:51.2815297Z Unpacking gstreamer1.0-plugins-good:amd64 (1.24.2-1ubuntu1.4) ...
Public + security smoke (production build)	Install Playwright browsers	2026-07-13T20:23:51.3681417Z Selecting previously unselected package libabsl20220623t64:amd64.
Public + security smoke (production build)	Install Playwright browsers	2026-07-13T20:23:51.3759306Z Preparing to unpack .../102-libabsl20220623t64_20220623.1-3.1ubuntu3.2_amd64.deb ...
Public + security smoke (production build)	Install Playwright browsers	2026-07-13T20:23:51.3773063Z Unpacking libabsl20220623t64:amd64 (20220623.1-3.1ubuntu3.2) ...
Public + security smoke (production build)	Install Playwright browsers	2026-07-13T20:23:51.4329212Z Selecting previously unselected package libgav1-1:amd64.
Public + security smoke (production build)	Install Playwright browsers	2026-07-13T20:23:51.4407378Z Preparing to unpack .../103-libgav1-1_0.18.0-1build3_amd64.deb ...
Public + security smoke (production build)	Install Playwright browsers	2026-07-13T20:23:51.4416867Z Unpacking libgav1-1:amd64 (0.18.0-1build3) ...
Public + security smoke (production build)	Install Playwright browsers	2026-07-13T20:23:51.5472869Z Selecting previously unselected package libyuv0:amd64.
Public + security smoke (production build)	Install Playwright browsers	2026-07-13T20:23:51.5552908Z Preparing to unpack .../104-libyuv0_0.0~git202401110.af6ac82-1_amd64.deb ...
Public + security smoke (production build)	Install Playwright browsers	2026-07-13T20:23:51.5613035Z Unpacking libyuv0:amd64 (0.0~git202401110.af6ac82-1) ...
Public + security smoke (production build)	Install Playwright browsers	2026-07-13T20:23:51.5793483Z Selecting previously unselected package libavif16:amd64.
Public + security smoke (production build)	Install Playwright browsers	2026-07-13T20:23:51.5872510Z Preparing to unpack .../105-libavif16_1.0.4-1ubuntu3_amd64.deb ...
Public + security smoke (production build)	Install Playwright browsers	2026-07-13T20:23:51.5882529Z Unpacking libavif16:amd64 (1.0.4-1ubuntu3) ...
Public + security smoke (production build)	Install Playwright browsers	2026-07-13T20:23:51.6055236Z Selecting previously unselected package libavtp0:amd64.
Public + security smoke (production build)	Install Playwright browsers	2026-07-13T20:23:51.6134932Z Preparing to unpack .../106-libavtp0_0.2.0-1build1_amd64.deb ...
Public + security smoke (production build)	Install Playwright browsers	2026-07-13T20:23:51.6144575Z Unpacking libavtp0:amd64 (0.2.0-1build1) ...
Public + security smoke (production build)	Install Playwright browsers	2026-07-13T20:23:51.6298793Z Selecting previously unselected package libcairo-script-interpreter2:amd64.
Public + security smoke (production build)	Install Playwright browsers	2026-07-13T20:23:51.6375599Z Preparing to unpack .../107-libcairo-script-interpreter2_1.18.0-3build1_amd64.deb ...
Public + security smoke (production build)	Install Playwright browsers	2026-07-13T20:23:51.6384035Z Unpacking libcairo-script-interpreter2:amd64 (1.18.0-3build1) ...
Public + security smoke (production build)	Install Playwright browsers	2026-07-13T20:23:51.6550775Z Selecting previously unselected package libdc1394-25:amd64.
Public + security smoke (production build)	Install Playwright browsers	2026-07-13T20:23:51.6626813Z Preparing to unpack .../108-libdc1394-25_2.2.6-4build1_amd64.deb ...
Public + security smoke (production build)	Install Playwright browsers	2026-07-13T20:23:51.6638354Z Unpacking libdc1394-25:amd64 (2.2.6-4build1) ...
Public + security smoke (production build)	Install Playwright browsers	2026-07-13T20:23:51.6792978Z Selecting previously unselected package libde265-0:amd64.
Public + security smoke (production build)	Install Playwright browsers	2026-07-13T20:23:51.6868121Z Preparing to unpack .../109-libde265-0_1.0.15-1build3_amd64.deb ...
Public + security smoke (production build)	Install Playwright browsers	2026-07-13T20:23:51.6876827Z Unpacking libde265-0:amd64 (1.0.15-1build3) ...
Public + security smoke (production build)	Install Playwright browsers	2026-07-13T20:23:51.7048888Z Selecting previously unselected package libdecor-0-0:amd64.
Public + security smoke (production build)	Install Playwright browsers	2026-07-13T20:23:51.7123477Z Preparing to unpack .../110-libdecor-0-0_0.2.2-1build2_amd64.deb ...
Public + security smoke (production build)	Install Playwright browsers	2026-07-13T20:23:51.7137388Z Unpacking libdecor-0-0:amd64 (0.2.2-1build2) ...
Public + security smoke (production build)	Install Playwright browsers	2026-07-13T20:23:51.7288605Z Selecting previously unselected package libgles2:amd64.
Public + security smoke (production build)	Install Playwright browsers	2026-07-13T20:23:51.7363697Z Preparing to unpack .../111-libgles2_1.7.0-1build1_amd64.deb ...
Public + security smoke (production build)	Install Playwright browsers	2026-07-13T20:23:51.7372786Z Unpacking libgles2:amd64 (1.7.0-1build1) ...
Public + security smoke (production build)	Install Playwright browsers	2026-07-13T20:23:51.7559344Z Selecting previously unselected package libdirectfb-1.7-7t64:amd64.
Public + security smoke (production build)	Install Playwright browsers	2026-07-13T20:23:51.7633752Z Preparing to unpack .../112-libdirectfb-1.7-7t64_1.7.7-11.1ubuntu2_amd64.deb ...
Public + security smoke (production build)	Install Playwright browsers	2026-07-13T20:23:51.7842195Z Unpacking libdirectfb-1.7-7t64:amd64 (1.7.7-11.1ubuntu2) ...
Public + security smoke (production build)	Install Playwright browsers	2026-07-13T20:23:51.8234042Z Selecting previously unselected package libdvdread8t64:amd64.
Public + security smoke (production build)	Install Playwright browsers	2026-07-13T20:23:51.8310686Z Preparing to unpack .../113-libdvdread8t64_6.1.3-1.1build1_amd64.deb ...
Public + security smoke (production build)	Install Playwright browsers	2026-07-13T20:23:51.8320231Z Unpacking libdvdread8t64:amd64 (6.1.3-1.1build1) ...
Public + security smoke (production build)	Install Playwright browsers	2026-07-13T20:23:51.8481624Z Selecting previously unselected package libdvdnav4:amd64.
Public + security smoke (production build)	Install Playwright browsers	2026-07-13T20:23:51.8557375Z Preparing to unpack .../114-libdvdnav4_6.1.1-3build1_amd64.deb ...
Public + security smoke (production build)	Install Playwright browsers	2026-07-13T20:23:51.8567188Z Unpacking libdvdnav4:amd64 (6.1.1-3build1) ...
Public + security smoke (production build)	Install Playwright browsers	2026-07-13T20:23:51.8725975Z Selecting previously unselected package libegl-mesa0:amd64.
Public + security smoke (production build)	Install Playwright browsers	2026-07-13T20:23:51.8800894Z Preparing to unpack .../115-libegl-mesa0_25.2.8-0ubuntu0.24.04.2_amd64.deb ...
Public + security smoke (production build)	Install Playwright browsers	2026-07-13T20:23:51.8810823Z Unpacking libegl-mesa0:amd64 (25.2.8-0ubuntu0.24.04.2) ...
Public + security smoke (production build)	Install Playwright browsers	2026-07-13T20:23:51.9083230Z Selecting previously unselected package libevent-2.1-7t64:amd64.
Public + security smoke (production build)	Install Playwright browsers	2026-07-13T20:23:51.9158327Z Preparing to unpack .../116-libevent-2.1-7t64_2.1.12-stable-9ubuntu2_amd64.deb ...
Public + security smoke (production build)	Install Playwright browsers	2026-07-13T20:23:51.9167921Z Unpacking libevent-2.1-7t64:amd64 (2.1.12-stable-9ubuntu2) ...
Public + security smoke (production build)	Install Playwright browsers	2026-07-13T20:23:51.9529014Z Selecting previously unselected package libfaad2:amd64.
Public + security smoke (production build)	Install Playwright browsers	2026-07-13T20:23:51.9604429Z Preparing to unpack .../117-libfaad2_2.11.1-1build1_amd64.deb ...
Public + security smoke (production build)	Install Playwright browsers	2026-07-13T20:23:51.9655175Z Unpacking libfaad2:amd64 (2.11.1-1build1) ...
Public + security smoke (production build)	Install Playwright browsers	2026-07-13T20:23:51.9834843Z Selecting previously unselected package libinstpatch-1.0-2:amd64.
Public + security smoke (production build)	Install Playwright browsers	2026-07-13T20:23:51.9910899Z Preparing to unpack .../118-libinstpatch-1.0-2_1.1.6-1build2_amd64.deb ...
Public + security smoke (production build)	Install Playwright browsers	2026-07-13T20:23:51.9924146Z Unpacking libinstpatch-1.0-2:amd64 (1.1.6-1build2) ...
Public + security smoke (production build)	Install Playwright browsers	2026-07-13T20:23:52.0096768Z Selecting previously unselected package libjack-jackd2-0:amd64.
Public + security smoke (production build)	Install Playwright browsers	2026-07-13T20:23:52.0172371Z Preparing to unpack .../119-libjack-jackd2-0_1.9.21~dfsg-3ubuntu3_amd64.deb ...
Public + security smoke (production build)	Install Playwright browsers	2026-07-13T20:23:52.0182181Z Unpacking libjack-jackd2-0:amd64 (1.9.21~dfsg-3ubuntu3) ...
Public + security smoke (production build)	Install Playwright browsers	2026-07-13T20:23:52.0379933Z Selecting previously unselected package libwebrtc-audio-processing1:amd64.
Public + security smoke (production build)	Install Playwright browsers	2026-07-13T20:23:52.0455151Z Preparing to unpack .../120-libwebrtc-audio-processing1_0.3.1-0ubuntu6_amd64.deb ...
Public + security smoke (production build)	Install Playwright browsers	2026-07-13T20:23:52.0464109Z Unpacking libwebrtc-audio-processing1:amd64 (0.3.1-0ubuntu6) ...
Public + security smoke (production build)	Install Playwright browsers	2026-07-13T20:23:52.0641667Z Selecting previously unselected package libspa-0.2-modules:amd64.
Public + security smoke (production build)	Install Playwright browsers	2026-07-13T20:23:52.0717089Z Preparing to unpack .../121-libspa-0.2-modules_1.0.5-1ubuntu3.2_amd64.deb ...
Public + security smoke (production build)	Install Playwright browsers	2026-07-13T20:23:52.0756741Z Unpacking libspa-0.2-modules:amd64 (1.0.5-1ubuntu3.2) ...
Public + security smoke (production build)	Install Playwright browsers	2026-07-13T20:23:52.0994012Z Selecting previously unselected package libpipewire-0.3-0t64:amd64.
Public + security smoke (production build)	Install Playwright browsers	2026-07-13T20:23:52.1068815Z Preparing to unpack .../122-libpipewire-0.3-0t64_1.0.5-1ubuntu3.2_amd64.deb ...
Public + security smoke (production build)	Install Playwright browsers	2026-07-13T20:23:52.1078267Z Unpacking libpipewire-0.3-0t64:amd64 (1.0.5-1ubuntu3.2) ...
Public + security smoke (production build)	Install Playwright browsers	2026-07-13T20:23:52.1263553Z Selecting previously unselected package libsdl2-2.0-0:amd64.
Public + security smoke (production build)	Install Playwright browsers	2026-07-13T20:23:52.1338443Z Preparing to unpack .../123-libsdl2-2.0-0_2.30.0+dfsg-1ubuntu3.1_amd64.deb ...
Public + security smoke (production build)	Install Playwright browsers	2026-07-13T20:23:52.1451239Z Unpacking libsdl2-2.0-0:amd64 (2.30.0+dfsg-1ubuntu3.1) ...
Public + security smoke (production build)	Install Playwright browsers	2026-07-13T20:23:52.1695253Z Selecting previously unselected package timgm6mb-soundfont.
Public + security smoke (production build)	Install Playwright browsers	2026-07-13T20:23:52.1770680Z Preparing to unpack .../124-timgm6mb-soundfont_1.3-5_all.deb ...
Public + security smoke (production build)	Install Playwright browsers	2026-07-13T20:23:52.1780087Z Unpacking timgm6mb-soundfont (1.3-5) ...
Public + security smoke (production build)	Install Playwright browsers	2026-07-13T20:23:52.4817754Z Selecting previously unselected package libfluidsynth3:amd64.
Public + security smoke (production build)	Install Playwright browsers	2026-07-13T20:23:52.4898864Z Preparing to unpack .../125-libfluidsynth3_2.3.4-1build3_amd64.deb ...
Public + security smoke (production build)	Install Playwright browsers	2026-07-13T20:23:52.5183009Z Unpacking libfluidsynth3:amd64 (2.3.4-1build3) ...
Public + security smoke (production build)	Install Playwright browsers	2026-07-13T20:23:52.5371417Z Selecting previously unselected package libfreeaptx0:amd64.
Public + security smoke (production build)	Install Playwright browsers	2026-07-13T20:23:52.5453017Z Preparing to unpack .../126-libfreeaptx0_0.1.1-2build1_amd64.deb ...
Public + security smoke (production build)	Install Playwright browsers	2026-07-13T20:23:52.5606655Z Unpacking libfreeaptx0:amd64 (0.1.1-2build1) ...
Public + security smoke (production build)	Install Playwright browsers	2026-07-13T20:23:52.5765852Z Selecting previously unselected package libgraphene-1.0-0:amd64.
Public + security smoke (production build)	Install Playwright browsers	2026-07-13T20:23:52.5847268Z Preparing to unpack .../127-libgraphene-1.0-0_1.10.8-3build2_amd64.deb ...
Public + security smoke (production build)	Install Playwright browsers	2026-07-13T20:23:52.5857294Z Unpacking libgraphene-1.0-0:amd64 (1.10.8-3build2) ...
Public + security smoke (production build)	Install Playwright browsers	2026-07-13T20:23:52.6095045Z Selecting previously unselected package libgssdp-1.6-0:amd64.
Public + security smoke (production build)	Install Playwright browsers	2026-07-13T20:23:52.6175123Z Preparing to unpack .../128-libgssdp-1.6-0_1.6.3-1build3_amd64.deb ...
Public + security smoke (production build)	Install Playwright browsers	2026-07-13T20:23:52.6186775Z Unpacking libgssdp-1.6-0:amd64 (1.6.3-1build3) ...
Public + security smoke (production build)	Install Playwright browsers	2026-07-13T20:23:52.6347154Z Selecting previously unselected package libegl1:amd64.
Public + security smoke (production build)	Install Playwright browsers	2026-07-13T20:23:52.6424009Z Preparing to unpack .../129-libegl1_1.7.0-1build1_amd64.deb ...
Public + security smoke (production build)	Install Playwright browsers	2026-07-13T20:23:52.6433020Z Unpacking libegl1:amd64 (1.7.0-1build1) ...
Public + security smoke (production build)	Install Playwright browsers	2026-07-13T20:23:52.6620385Z Selecting previously unselected package libgstreamer-gl1.0-0:amd64.
Public + security smoke (production build)	Install Playwright browsers	2026-07-13T20:23:52.6696174Z Preparing to unpack .../130-libgstreamer-gl1.0-0_1.24.2-1ubuntu0.4_amd64.deb ...
Public + security smoke (production build)	Install Playwright browsers	2026-07-13T20:23:52.6704866Z Unpacking libgstreamer-gl1.0-0:amd64 (1.24.2-1ubuntu0.4) ...
Public + security smoke (production build)	Install Playwright browsers	2026-07-13T20:23:52.6866262Z Selecting previously unselected package libgtk-4-common.
Public + security smoke (production build)	Install Playwright browsers	2026-07-13T20:23:52.6941822Z Preparing to unpack .../131-libgtk-4-common_4.14.5+ds-0ubuntu0.10_all.deb ...
Public + security smoke (production build)	Install Playwright browsers	2026-07-13T20:23:52.6955916Z Unpacking libgtk-4-common (4.14.5+ds-0ubuntu0.10) ...
Public + security smoke (production build)	Install Playwright browsers	2026-07-13T20:23:52.7807079Z Selecting previously unselected package libgtk-4-1:amd64.
Public + security smoke (production build)	Install Playwright browsers	2026-07-13T20:23:52.7885827Z Preparing to unpack .../132-libgtk-4-1_4.14.5+ds-0ubuntu0.10_amd64.deb ...
Public + security smoke (production build)	Install Playwright browsers	2026-07-13T20:23:52.7894965Z Unpacking libgtk-4-1:amd64 (4.14.5+ds-0ubuntu0.10) ...
Public + security smoke (production build)	Install Playwright browsers	2026-07-13T20:23:52.8863194Z Selecting previously unselected package libgupnp-1.6-0:amd64.
Public + security smoke (production build)	Install Playwright browsers	2026-07-13T20:23:52.8943302Z Preparing to unpack .../133-libgupnp-1.6-0_1.6.6-1build3_amd64.deb ...
Public + security smoke (production build)	Install Playwright browsers	2026-07-13T20:23:52.8954165Z Unpacking libgupnp-1.6-0:amd64 (1.6.6-1build3) ...
Public + security smoke (production build)	Install Playwright browsers	2026-07-13T20:23:52.9127251Z Selecting previously unselected package libgupnp-igd-1.6-0:amd64.
Public + security smoke (production build)	Install Playwright browsers	2026-07-13T20:23:52.9206133Z Preparing to unpack .../134-libgupnp-igd-1.6-0_1.6.0-3build3_amd64.deb ...
Public + security smoke (production build)	Install Playwright browsers	2026-07-13T20:23:52.9217145Z Unpacking libgupnp-igd-1.6-0:amd64 (1.6.0-3build3) ...
Public + security smoke (production build)	Install Playwright browsers	2026-07-13T20:23:52.9374555Z Selecting previously unselected package libharfbuzz-icu0:amd64.
Public + security smoke (production build)	Install Playwright browsers	2026-07-13T20:23:52.9451507Z Preparing to unpack .../135-libharfbuzz-icu0_8.3.0-2build2_amd64.deb ...
Public + security smoke (production build)	Install Playwright browsers	2026-07-13T20:23:52.9461230Z Unpacking libharfbuzz-icu0:amd64 (8.3.0-2build2) ...
Public + security smoke (production build)	Install Playwright browsers	2026-07-13T20:23:52.9772461Z Selecting previously unselected package libhyphen0:amd64.
Public + security smoke (production build)	Install Playwright browsers	2026-07-13T20:23:52.9848767Z Preparing to unpack .../136-libhyphen0_2.8.8-7build3_amd64.deb ...
Public + security smoke (production build)	Install Playwright browsers	2026-07-13T20:23:52.9859186Z Unpacking libhyphen0:amd64 (2.8.8-7build3) ...
Public + security smoke (production build)	Install Playwright browsers	2026-07-13T20:23:53.0017531Z Selecting previously unselected package libimath-3-1-29t64:amd64.
Public + security smoke (production build)	Install Playwright browsers	2026-07-13T20:23:53.0093806Z Preparing to unpack .../137-libimath-3-1-29t64_3.1.9-3.1ubuntu2_amd64.deb ...
Public + security smoke (production build)	Install Playwright browsers	2026-07-13T20:23:53.0102603Z Unpacking libimath-3-1-29t64:amd64 (3.1.9-3.1ubuntu2) ...
Public + security smoke (production build)	Install Playwright browsers	2026-07-13T20:23:53.0268335Z Selecting previously unselected package liblc3-1:amd64.
Public + security smoke (production build)	Install Playwright browsers	2026-07-13T20:23:53.0343097Z Preparing to unpack .../138-liblc3-1_1.0.4-3build1_amd64.deb ...
Public + security smoke (production build)	Install Playwright browsers	2026-07-13T20:23:53.0351982Z Unpacking liblc3-1:amd64 (1.0.4-3build1) ...
Public + security smoke (production build)	Install Playwright browsers	2026-07-13T20:23:53.0510796Z Selecting previously unselected package libldacbt-enc2:amd64.
Public + security smoke (production build)	Install Playwright browsers	2026-07-13T20:23:53.0585606Z Preparing to unpack .../139-libldacbt-enc2_2.0.2.3+git20200429+ed310a0-4ubuntu2_amd64.deb ...
Public + security smoke (production build)	Install Playwright browsers	2026-07-13T20:23:53.0594522Z Unpacking libldacbt-enc2:amd64 (2.0.2.3+git20200429+ed310a0-4ubuntu2) ...
Public + security smoke (production build)	Install Playwright browsers	2026-07-13T20:23:53.0759529Z Selecting previously unselected package libraptor2-0:amd64.
Public + security smoke (production build)	Install Playwright browsers	2026-07-13T20:23:53.0834681Z Preparing to unpack .../140-libraptor2-0_2.0.16-3ubuntu0.1_amd64.deb ...
Public + security smoke (production build)	Install Playwright browsers	2026-07-13T20:23:53.0845232Z Unpacking libraptor2-0:amd64 (2.0.16-3ubuntu0.1) ...
Public + security smoke (production build)	Install Playwright browsers	2026-07-13T20:23:53.1011478Z Selecting previously unselected package liblrdf0:amd64.
Public + security smoke (production build)	Install Playwright browsers	2026-07-13T20:23:53.1086288Z Preparing to unpack .../141-liblrdf0_0.6.1-4build1_amd64.deb ...
Public + security smoke (production build)	Install Playwright browsers	2026-07-13T20:23:53.1095685Z Unpacking liblrdf0:amd64 (0.6.1-4build1) ...
Public + security smoke (production build)	Install Playwright browsers	2026-07-13T20:23:53.1360071Z Selecting previously unselected package libltc11:amd64.
Public + security smoke (production build)	Install Playwright browsers	2026-07-13T20:23:53.1435013Z Preparing to unpack .../142-libltc11_1.3.2-1build1_amd64.deb ...
Public + security smoke (production build)	Install Playwright browsers	2026-07-13T20:23:53.1446363Z Unpacking libltc11:amd64 (1.3.2-1build1) ...
Public + security smoke (production build)	Install Playwright browsers	2026-07-13T20:23:53.1599477Z Selecting previously unselected package libmanette-0.2-0:amd64.
Public + security smoke (production build)	Install Playwright browsers	2026-07-13T20:23:53.1674703Z Preparing to unpack .../143-libmanette-0.2-0_0.2.7-1build2_amd64.deb ...
Public + security smoke (production build)	Install Playwright browsers	2026-07-13T20:23:53.1783820Z Unpacking libmanette-0.2-0:amd64 (0.2.7-1build2) ...
Public + security smoke (production build)	Install Playwright browsers	2026-07-13T20:23:53.1951290Z Selecting previously unselected package libmfx1:amd64.
Public + security smoke (production build)	Install Playwright browsers	2026-07-13T20:23:53.2027326Z Preparing to unpack .../144-libmfx1_22.5.4-1_amd64.deb ...
Public + security smoke (production build)	Install Playwright browsers	2026-07-13T20:23:53.2045997Z Unpacking libmfx1:amd64 (22.5.4-1) ...
Public + security smoke (production build)	Install Playwright browsers	2026-07-13T20:23:53.3958653Z Selecting previously unselected package libmjpegutils-2.1-0t64:amd64.
Public + security smoke (production build)	Install Playwright browsers	2026-07-13T20:23:53.4038241Z Preparing to unpack .../145-libmjpegutils-2.1-0t64_1%3a2.1.0+debian-8.1build1_amd64.deb ...
Public + security smoke (production build)	Install Playwright browsers	2026-07-13T20:23:53.4048633Z Unpacking libmjpegutils-2.1-0t64:amd64 (1:2.1.0+debian-8.1build1) ...
Public + security smoke (production build)	Install Playwright browsers	2026-07-13T20:23:53.4413900Z Selecting previously unselected package libmodplug1:amd64.
Public + security smoke (production build)	Install Playwright browsers	2026-07-13T20:23:53.4491817Z Preparing to unpack .../146-libmodplug1_1%3a0.8.9.0-3build1_amd64.deb ...
Public + security smoke (production build)	Install Playwright browsers	2026-07-13T20:23:53.4502699Z Unpacking libmodplug1:amd64 (1:0.8.9.0-3build1) ...
Public + security smoke (production build)	Install Playwright browsers	2026-07-13T20:23:53.4674280Z Selecting previously unselected package libmpcdec6:amd64.
Public + security smoke (production build)	Install Playwright browsers	2026-07-13T20:23:53.4749986Z Preparing to unpack .../147-libmpcdec6_2%3a0.1~r495-2build1_amd64.deb ...
Public + security smoke (production build)	Install Playwright browsers	2026-07-13T20:23:53.4763321Z Unpacking libmpcdec6:amd64 (2:0.1~r495-2build1) ...
Public + security smoke (production build)	Install Playwright browsers	2026-07-13T20:23:53.4919178Z Selecting previously unselected package libmpeg2encpp-2.1-0t64:amd64.
Public + security smoke (production build)	Install Playwright browsers	2026-07-13T20:23:53.4994749Z Preparing to unpack .../148-libmpeg2encpp-2.1-0t64_1%3a2.1.0+debian-8.1build1_amd64.deb ...
Public + security smoke (production build)	Install Playwright browsers	2026-07-13T20:23:53.5005485Z Unpacking libmpeg2encpp-2.1-0t64:amd64 (1:2.1.0+debian-8.1build1) ...
Public + security smoke (production build)	Install Playwright browsers	2026-07-13T20:23:53.7038643Z Selecting previously unselected package libmplex2-2.1-0t64:amd64.
Public + security smoke (production build)	Install Playwright browsers	2026-07-13T20:23:53.7122209Z Preparing to unpack .../149-libmplex2-2.1-0t64_1%3a2.1.0+debian-8.1build1_amd64.deb ...
Public + security smoke (production build)	Install Playwright browsers	2026-07-13T20:23:53.7135676Z Unpacking libmplex2-2.1-0t64:amd64 (1:2.1.0+debian-8.1build1) ...
Public + security smoke (production build)	Install Playwright browsers	2026-07-13T20:23:53.7319944Z Selecting previously unselected package libneon27t64:amd64.
Public + security smoke (production build)	Install Playwright browsers	2026-07-13T20:23:53.7399807Z Preparing to unpack .../150-libneon27t64_0.33.0-1.1build3_amd64.deb ...
Public + security smoke (production build)	Install Playwright browsers	2026-07-13T20:23:53.7411568Z Unpacking libneon27t64:amd64 (0.33.0-1.1build3) ...
Public + security smoke (production build)	Install Playwright browsers	2026-07-13T20:23:53.7613282Z Selecting previously unselected package libnice10:amd64.
Public + security smoke (production build)	Install Playwright browsers	2026-07-13T20:23:53.7689436Z Preparing to unpack .../151-libnice10_0.1.21-2build3_amd64.deb ...
Public + security smoke (production build)	Install Playwright browsers	2026-07-13T20:23:53.7700559Z Unpacking libnice10:amd64 (0.1.21-2build3) ...
Public + security smoke (production build)	Install Playwright browsers	2026-07-13T20:23:53.7941773Z Selecting previously unselected package libopenal-data.
Public + security smoke (production build)	Install Playwright browsers	2026-07-13T20:23:53.8018061Z Preparing to unpack .../152-libopenal-data_1%3a1.23.1-4build1_all.deb ...
Public + security smoke (production build)	Install Playwright browsers	2026-07-13T20:23:53.8029743Z Unpacking libopenal-data (1:1.23.1-4build1) ...
Public + security smoke (production build)	Install Playwright browsers	2026-07-13T20:23:53.8222215Z Selecting previously unselected package libopenexr-3-1-30:amd64.
Public + security smoke (production build)	Install Playwright browsers	2026-07-13T20:23:53.8298183Z Preparing to unpack .../153-libopenexr-3-1-30_3.1.5-5.1build3_amd64.deb ...
Public + security smoke (production build)	Install Playwright browsers	2026-07-13T20:23:53.8308533Z Unpacking libopenexr-3-1-30:amd64 (3.1.5-5.1build3) ...
Public + security smoke (production build)	Install Playwright browsers	2026-07-13T20:23:53.8693593Z Selecting previously unselected package libopenh264-7:amd64.
Public + security smoke (production build)	Install Playwright browsers	2026-07-13T20:23:53.8770012Z Preparing to unpack .../154-libopenh264-7_2.4.1+dfsg-1_amd64.deb ...
Public + security smoke (production build)	Install Playwright browsers	2026-07-13T20:23:53.8780672Z Unpacking libopenh264-7:amd64 (2.4.1+dfsg-1) ...
Public + security smoke (production build)	Install Playwright browsers	2026-07-13T20:23:53.9092285Z Selecting previously unselected package libopenni2-0:amd64.
Public + security smoke (production build)	Install Playwright browsers	2026-07-13T20:23:53.9168522Z Preparing to unpack .../155-libopenni2-0_2.2.0.33+dfsg-18_amd64.deb ...
Public + security smoke (production build)	Install Playwright browsers	2026-07-13T20:23:53.9193027Z Unpacking libopenni2-0:amd64 (2.2.0.33+dfsg-18) ...
Public + security smoke (production build)	Install Playwright browsers	2026-07-13T20:23:53.9397642Z Selecting previously unselected package libqrencode4:amd64.
Public + security smoke (production build)	Install Playwright browsers	2026-07-13T20:23:53.9472821Z Preparing to unpack .../156-libqrencode4_4.1.1-1build2_amd64.deb ...
Public + security smoke (production build)	Install Playwright browsers	2026-07-13T20:23:53.9481828Z Unpacking libqrencode4:amd64 (4.1.1-1build2) ...
Public + security smoke (production build)	Install Playwright browsers	2026-07-13T20:23:53.9642878Z Selecting previously unselected package libsecret-common.
Public + security smoke (production build)	Install Playwright browsers	2026-07-13T20:23:53.9718412Z Preparing to unpack .../157-libsecret-common_0.21.4-1build3_all.deb ...
Public + security smoke (production build)	Install Playwright browsers	2026-07-13T20:23:53.9730448Z Unpacking libsecret-common (0.21.4-1build3) ...
Public + security smoke (production build)	Install Playwright browsers	2026-07-13T20:23:54.0031115Z Selecting previously unselected package libsecret-1-0:amd64.
Public + security smoke (production build)	Install Playwright browsers	2026-07-13T20:23:54.0106601Z Preparing to unpack .../158-libsecret-1-0_0.21.4-1build3_amd64.deb ...
Public + security smoke (production build)	Install Playwright browsers	2026-07-13T20:23:54.0117401Z Unpacking libsecret-1-0:amd64 (0.21.4-1build3) ...
Public + security smoke (production build)	Install Playwright browsers	2026-07-13T20:23:54.0298921Z Selecting previously unselected package libsndio7.0:amd64.
Public + security smoke (production build)	Install Playwright browsers	2026-07-13T20:23:54.0374224Z Preparing to unpack .../159-libsndio7.0_1.9.0-0.3build3_amd64.deb ...
Public + security smoke (production build)	Install Playwright browsers	2026-07-13T20:23:54.0386897Z Unpacking libsndio7.0:amd64 (1.9.0-0.3build3) ...
Public + security smoke (production build)	Install Playwright browsers	2026-07-13T20:23:54.0737192Z Selecting previously unselected package libsoundtouch1:amd64.
Public + security smoke (production build)	Install Playwright browsers	2026-07-13T20:23:54.0812580Z Preparing to unpack .../160-libsoundtouch1_2.3.2+ds1-1build1_amd64.deb ...
Public + security smoke (production build)	Install Playwright browsers	2026-07-13T20:23:54.0824722Z Unpacking libsoundtouch1:amd64 (2.3.2+ds1-1build1) ...
Public + security smoke (production build)	Install Playwright browsers	2026-07-13T20:23:54.1175597Z Selecting previously unselected package libspandsp2t64:amd64.
Public + security smoke (production build)	Install Playwright browsers	2026-07-13T20:23:54.1251006Z Preparing to unpack .../161-libspandsp2t64_0.0.6+dfsg-2.1build1_amd64.deb ...
Public + security smoke (production build)	Install Playwright browsers	2026-07-13T20:23:54.1267690Z Unpacking libspandsp2t64:amd64 (0.0.6+dfsg-2.1build1) ...
Public + security smoke (production build)	Install Playwright browsers	2026-07-13T20:23:54.1455280Z Selecting previously unselected package libsrtp2-1:amd64.
Public + security smoke (production build)	Install Playwright browsers	2026-07-13T20:23:54.1530089Z Preparing to unpack .../162-libsrtp2-1_2.5.0-3build1_amd64.deb ...
Public + security smoke (production build)	Install Playwright browsers	2026-07-13T20:23:54.1542633Z Unpacking libsrtp2-1:amd64 (2.5.0-3build1) ...
Public + security smoke (production build)	Install Playwright browsers	2026-07-13T20:23:54.1746346Z Selecting previously unselected package libwayland-server0:amd64.
Public + security smoke (production build)	Install Playwright browsers	2026-07-13T20:23:54.1820979Z Preparing to unpack .../163-libwayland-server0_1.22.0-2.1build1_amd64.deb ...
Public + security smoke (production build)	Install Playwright browsers	2026-07-13T20:23:54.1831204Z Unpacking libwayland-server0:amd64 (1.22.0-2.1build1) ...
Public + security smoke (production build)	Install Playwright browsers	2026-07-13T20:23:54.1999500Z Selecting previously unselected package libwildmidi2:amd64.
Public + security smoke (production build)	Install Playwright browsers	2026-07-13T20:23:54.2074623Z Preparing to unpack .../164-libwildmidi2_0.4.3-1build3_amd64.deb ...
Public + security smoke (production build)	Install Playwright browsers	2026-07-13T20:23:54.2086606Z Unpacking libwildmidi2:amd64 (0.4.3-1build3) ...
Public + security smoke (production build)	Install Playwright browsers	2026-07-13T20:23:54.2302404Z Selecting previously unselected package libwoff1:amd64.
Public + security smoke (production build)	Install Playwright browsers	2026-07-13T20:23:54.2378616Z Preparing to unpack .../165-libwoff1_1.0.2-2build1_amd64.deb ...
Public + security smoke (production build)	Install Playwright browsers	2026-07-13T20:23:54.2388524Z Unpacking libwoff1:amd64 (1.0.2-2build1) ...
Public + security smoke (production build)	Install Playwright browsers	2026-07-13T20:23:54.2549351Z Selecting previously unselected package libxcb-xkb1:amd64.
Public + security smoke (production build)	Install Playwright browsers	2026-07-13T20:23:54.2624080Z Preparing to unpack .../166-libxcb-xkb1_1.15-1ubuntu2_amd64.deb ...
Public + security smoke (production build)	Install Playwright browsers	2026-07-13T20:23:54.2633122Z Unpacking libxcb-xkb1:amd64 (1.15-1ubuntu2) ...
Public + security smoke (production build)	Install Playwright browsers	2026-07-13T20:23:54.2782825Z Selecting previously unselected package libxkbcommon-x11-0:amd64.
Public + security smoke (production build)	Install Playwright browsers	2026-07-13T20:23:54.2858143Z Preparing to unpack .../167-libxkbcommon-x11-0_1.6.0-1build1_amd64.deb ...
Public + security smoke (production build)	Install Playwright browsers	2026-07-13T20:23:54.2954299Z Unpacking libxkbcommon-x11-0:amd64 (1.6.0-1build1) ...
Public + security smoke (production build)	Install Playwright browsers	2026-07-13T20:23:54.3115252Z Selecting previously unselected package libzbar0t64:amd64.
Public + security smoke (production build)	Install Playwright browsers	2026-07-13T20:23:54.3191060Z Preparing to unpack .../168-libzbar0t64_0.23.93-4build3_amd64.deb ...
Public + security smoke (production build)	Install Playwright browsers	2026-07-13T20:23:54.3200251Z Unpacking libzbar0t64:amd64 (0.23.93-4build3) ...
Public + security smoke (production build)	Install Playwright browsers	2026-07-13T20:23:54.3387909Z Selecting previously unselected package libzxing3:amd64.
Public + security smoke (production build)	Install Playwright browsers	2026-07-13T20:23:54.3462835Z Preparing to unpack .../169-libzxing3_2.2.1-3_amd64.deb ...
Public + security smoke (production build)	Install Playwright browsers	2026-07-13T20:23:54.3472154Z Unpacking libzxing3:amd64 (2.2.1-3) ...
Public + security smoke (production build)	Install Playwright browsers	2026-07-13T20:23:54.4311049Z Selecting previously unselected package xfonts-encodings.
Public + security smoke (production build)	Install Playwright browsers	2026-07-13T20:23:54.4386733Z Preparing to unpack .../170-xfonts-encodings_1%3a1.0.5-0ubuntu2_all.deb ...
Public + security smoke (production build)	Install Playwright browsers	2026-07-13T20:23:54.4397209Z Unpacking xfonts-encodings (1:1.0.5-0ubuntu2) ...
Public + security smoke (production build)	Install Playwright browsers	2026-07-13T20:23:54.4659069Z Selecting previously unselected package xfonts-utils.
Public + security smoke (production build)	Install Playwright browsers	2026-07-13T20:23:54.4734855Z Preparing to unpack .../171-xfonts-utils_1%3a7.7+6build3_amd64.deb ...
Public + security smoke (production build)	Install Playwright browsers	2026-07-13T20:23:54.4745480Z Unpacking xfonts-utils (1:7.7+6build3) ...
Public + security smoke (production build)	Install Playwright browsers	2026-07-13T20:23:54.5204923Z Selecting previously unselected package xfonts-cyrillic.
Public + security smoke (production build)	Install Playwright browsers	2026-07-13T20:23:54.5280876Z Preparing to unpack .../172-xfonts-cyrillic_1%3a1.0.5+nmu1_all.deb ...
Public + security smoke (production build)	Install Playwright browsers	2026-07-13T20:23:54.5300867Z Unpacking xfonts-cyrillic (1:1.0.5+nmu1) ...
Public + security smoke (production build)	Install Playwright browsers	2026-07-13T20:23:54.6267777Z Selecting previously unselected package xfonts-scalable.
Public + security smoke (production build)	Install Playwright browsers	2026-07-13T20:23:54.6344159Z Preparing to unpack .../173-xfonts-scalable_1%3a1.0.3-1.3_all.deb ...
Public + security smoke (production build)	Install Playwright browsers	2026-07-13T20:23:54.6353459Z Unpacking xfonts-scalable (1:1.0.3-1.3) ...
Public + security smoke (production build)	Install Playwright browsers	2026-07-13T20:23:54.6533464Z Selecting previously unselected package libgstreamer-plugins-bad1.0-0:amd64.
Public + security smoke (production build)	Install Playwright browsers	2026-07-13T20:23:54.6609891Z Preparing to unpack .../174-libgstreamer-plugins-bad1.0-0_1.24.2-1ubuntu4_amd64.deb ...
Public + security smoke (production build)	Install Playwright browsers	2026-07-13T20:23:54.6619861Z Unpacking libgstreamer-plugins-bad1.0-0:amd64 (1.24.2-1ubuntu4) ...
Public + security smoke (production build)	Install Playwright browsers	2026-07-13T20:23:54.8837363Z Selecting previously unselected package libdca0:amd64.
Public + security smoke (production build)	Install Playwright browsers	2026-07-13T20:23:54.8916656Z Preparing to unpack .../175-libdca0_0.0.7-2build1_amd64.deb ...
Public + security smoke (production build)	Install Playwright browsers	2026-07-13T20:23:54.8929221Z Unpacking libdca0:amd64 (0.0.7-2build1) ...
Public + security smoke (production build)	Install Playwright browsers	2026-07-13T20:23:55.0549126Z Selecting previously unselected package libopenal1:amd64.
Public + security smoke (production build)	Install Playwright browsers	2026-07-13T20:23:55.0627656Z Preparing to unpack .../176-libopenal1_1%3a1.23.1-4build1_amd64.deb ...
Public + security smoke (production build)	Install Playwright browsers	2026-07-13T20:23:55.0683421Z Unpacking libopenal1:amd64 (1:1.23.1-4build1) ...
Public + security smoke (production build)	Install Playwright browsers	2026-07-13T20:23:55.0915877Z Selecting previously unselected package libsbc1:amd64.
Public + security smoke (production build)	Install Playwright browsers	2026-07-13T20:23:55.0991495Z Preparing to unpack .../177-libsbc1_2.0-1build1_amd64.deb ...
Public + security smoke (production build)	Install Playwright browsers	2026-07-13T20:23:55.1004009Z Unpacking libsbc1:amd64 (2.0-1build1) ...
Public + security smoke (production build)	Install Playwright browsers	2026-07-13T20:23:55.3406935Z Selecting previously unselected package libvo-aacenc0:amd64.
Public + security smoke (production build)	Install Playwright browsers	2026-07-13T20:23:55.3483115Z Preparing to unpack .../178-libvo-aacenc0_0.1.3-2build1_amd64.deb ...
Public + security smoke (production build)	Install Playwright browsers	2026-07-13T20:23:55.3493734Z Unpacking libvo-aacenc0:amd64 (0.1.3-2build1) ...
Public + security smoke (production build)	Install Playwright browsers	2026-07-13T20:23:55.3827550Z Selecting previously unselected package libvo-amrwbenc0:amd64.
Public + security smoke (production build)	Install Playwright browsers	2026-07-13T20:23:55.3903013Z Preparing to unpack .../179-libvo-amrwbenc0_0.1.3-2build1_amd64.deb ...
Public + security smoke (production build)	Install Playwright browsers	2026-07-13T20:23:55.3913763Z Unpacking libvo-amrwbenc0:amd64 (0.1.3-2build1) ...
Public + security smoke (production build)	Install Playwright browsers	2026-07-13T20:23:55.4066996Z Selecting previously unselected package gstreamer1.0-plugins-bad:amd64.
Public + security smoke (production build)	Install Playwright browsers	2026-07-13T20:23:55.4142200Z Preparing to unpack .../180-gstreamer1.0-plugins-bad_1.24.2-1ubuntu4_amd64.deb ...
Public + security smoke (production build)	Install Playwright browsers	2026-07-13T20:23:55.4153642Z Unpacking gstreamer1.0-plugins-bad:amd64 (1.24.2-1ubuntu4) ...
Public + security smoke (production build)	Install Playwright browsers	2026-07-13T20:23:55.6736740Z Setting up libgme0:amd64 (0.6.3-7build1) ...
Public + security smoke (production build)	Install Playwright browsers	2026-07-13T20:23:55.6765422Z Setting up libchromaprint1:amd64 (1.5.1-5) ...
Public + security smoke (production build)	Install Playwright browsers	2026-07-13T20:23:55.6788993Z Setting up libssh-gcrypt-4:amd64 (0.10.6-2ubuntu0.4) ...
Public + security smoke (production build)	Install Playwright browsers	2026-07-13T20:23:55.6813694Z Setting up libhwy1t64:amd64 (1.0.7-8.1build1) ...
Public + security smoke (production build)	Install Playwright browsers	2026-07-13T20:23:55.6840895Z Setting up libcairo-script-interpreter2:amd64 (1.18.0-3build1) ...
Public + security smoke (production build)	Install Playwright browsers	2026-07-13T20:23:55.6866876Z Setting up libfreeaptx0:amd64 (0.1.1-2build1) ...
Public + security smoke (production build)	Install Playwright browsers	2026-07-13T20:23:55.6891491Z Setting up libdvdread8t64:amd64 (6.1.3-1.1build1) ...
Public + security smoke (production build)	Install Playwright browsers	2026-07-13T20:23:55.6915267Z Setting up libudfread0:amd64 (1.1.2-1build1) ...
Public + security smoke (production build)	Install Playwright browsers	2026-07-13T20:23:55.6939067Z Setting up libmodplug1:amd64 (1:0.8.9.0-3build1) ...
Public + security smoke (production build)	Install Playwright browsers	2026-07-13T20:23:55.6962914Z Setting up libcdparanoia0:amd64 (3.10.2+debian-14build3) ...
Public + security smoke (production build)	Install Playwright browsers	2026-07-13T20:23:55.6986182Z Setting up libwayland-server0:amd64 (1.22.0-2.1build1) ...
Public + security smoke (production build)	Install Playwright browsers	2026-07-13T20:23:55.7010753Z Setting up libvo-amrwbenc0:amd64 (0.1.3-2build1) ...
Public + security smoke (production build)	Install Playwright browsers	2026-07-13T20:23:55.7035581Z Setting up session-migration (0.3.9build1) ...
Public + security smoke (production build)	Install Playwright browsers	2026-07-13T20:23:55.7796372Z Created symlink /etc/systemd/user/graphical-session-pre.target.wants/session-migration.service ÔåÆ /usr/lib/systemd/user/session-migration.service.
Public + security smoke (production build)	Install Playwright browsers	2026-07-13T20:23:55.7797164Z 
Public + security smoke (production build)	Install Playwright browsers	2026-07-13T20:23:55.8302605Z Setting up libraw1394-11:amd64 (2.1.2-2build3) ...
Public + security smoke (production build)	Install Playwright browsers	2026-07-13T20:23:55.8333243Z Setting up libsbc1:amd64 (2.0-1build1) ...
Public + security smoke (production build)	Install Playwright browsers	2026-07-13T20:23:55.8367127Z Setting up libproxy1v5:amd64 (0.5.4-4build1) ...
Public + security smoke (production build)	Install Playwright browsers	2026-07-13T20:23:55.8393016Z Setting up libneon27t64:amd64 (0.33.0-1.1build3) ...
Public + security smoke (production build)	Install Playwright browsers	2026-07-13T20:23:55.8418264Z Setting up libtag1v5-vanilla:amd64 (1.13.1-1build1) ...
Public + security smoke (production build)	Install Playwright browsers	2026-07-13T20:23:55.8441628Z Setting up libharfbuzz-icu0:amd64 (8.3.0-2build2) ...
Public + security smoke (production build)	Install Playwright browsers	2026-07-13T20:23:55.8466917Z Setting up libopenni2-0:amd64 (2.2.0.33+dfsg-18) ...
Public + security smoke (production build)	Install Playwright browsers	2026-07-13T20:23:55.8584537Z Setting up libspeex1:amd64 (1.2.1-2ubuntu2.24.04.1) ...
Public + security smoke (production build)	Install Playwright browsers	2026-07-13T20:23:55.8768494Z Setting up libshine3:amd64 (3.1.1-2build1) ...
Public + security smoke (production build)	Install Playwright browsers	2026-07-13T20:23:55.8792597Z Setting up libcaca0:amd64 (0.99.beta20-4ubuntu0.2) ...
Public + security smoke (production build)	Install Playwright browsers	2026-07-13T20:23:55.8816823Z Setting up libvpl2 (2023.3.0-1build1) ...
Public + security smoke (production build)	Install Playwright browsers	2026-07-13T20:23:55.8839659Z Setting up libv4lconvert0t64:amd64 (1.26.1-4build3) ...
Public + security smoke (production build)	Install Playwright browsers	2026-07-13T20:23:55.8864102Z Setting up libx264-164:amd64 (2:0.164.3108+git31e19f9-1) ...
Public + security smoke (production build)	Install Playwright browsers	2026-07-13T20:23:55.8887734Z Setting up libtwolame0:amd64 (0.4.0-2build3) ...
Public + security smoke (production build)	Install Playwright browsers	2026-07-13T20:23:55.8910920Z Setting up libmbedcrypto7t64:amd64 (2.28.8-1) ...
Public + security smoke (production build)	Install Playwright browsers	2026-07-13T20:23:55.8934770Z Setting up libwoff1:amd64 (1.0.2-2build1) ...
Public + security smoke (production build)	Install Playwright browsers	2026-07-13T20:23:55.8968295Z Setting up liblc3-1:amd64 (1.0.4-3build1) ...
Public + security smoke (production build)	Install Playwright browsers	2026-07-13T20:23:55.8992381Z Setting up libqrencode4:amd64 (4.1.1-1build2) ...
Public + security smoke (production build)	Install Playwright browsers	2026-07-13T20:23:55.9015591Z Setting up libhyphen0:amd64 (2.8.8-7build3) ...
Public + security smoke (production build)	Install Playwright browsers	2026-07-13T20:23:55.9040136Z Setting up libgsm1:amd64 (1.0.22-1build1) ...
Public + security smoke (production build)	Install Playwright browsers	2026-07-13T20:23:55.9063935Z Setting up libvisual-0.4-0:amd64 (0.4.2-2build1) ...
Public + security smoke (production build)	Install Playwright browsers	2026-07-13T20:23:55.9283739Z Setting up libsoxr0:amd64 (0.1.3-4build3) ...
Public + security smoke (production build)	Install Playwright browsers	2026-07-13T20:23:55.9309283Z Setting up libzix-0-0:amd64 (0.4.2-2build1) ...
Public + security smoke (production build)	Install Playwright browsers	2026-07-13T20:23:55.9358445Z Setting up libcodec2-1.2:amd64 (1.2.0-2build1) ...
Public + security smoke (production build)	Install Playwright browsers	2026-07-13T20:23:55.9407518Z Setting up libmanette-0.2-0:amd64 (0.2.7-1build2) ...
Public + security smoke (production build)	Install Playwright browsers	2026-07-13T20:23:56.1992164Z Setting up libsrtp2-1:amd64 (2.5.0-3build1) ...
Public + security smoke (production build)	Install Playwright browsers	2026-07-13T20:23:56.2034256Z Setting up libmysofa1:amd64 (1.3.2+dfsg-2ubuntu2) ...
Public + security smoke (production build)	Install Playwright browsers	2026-07-13T20:23:56.2063652Z Setting up libraptor2-0:amd64 (2.0.16-3ubuntu0.1) ...
Public + security smoke (production build)	Install Playwright browsers	2026-07-13T20:23:56.2089228Z Setting up libldacbt-enc2:amd64 (2.0.2.3+git20200429+ed310a0-4ubuntu2) ...
Public + security smoke (production build)	Install Playwright browsers	2026-07-13T20:23:56.2117501Z Setting up fonts-wqy-zenhei (0.9.45-8) ...
Public + security smoke (production build)	Install Playwright browsers	2026-07-13T20:23:56.2238289Z Setting up libwebrtc-audio-processing1:amd64 (0.3.1-0ubuntu6) ...
Public + security smoke (production build)	Install Playwright browsers	2026-07-13T20:23:56.2265558Z Setting up fonts-freefont-ttf (20211204+svn4273-2) ...
Public + security smoke (production build)	Install Playwright browsers	2026-07-13T20:23:56.2291801Z Setting up libevent-2.1-7t64:amd64 (2.1.12-stable-9ubuntu2) ...
Public + security smoke (production build)	Install Playwright browsers	2026-07-13T20:23:56.2320437Z Setting up libsvtav1enc1d1:amd64 (1.7.0+dfsg-2build1) ...
Public + security smoke (production build)	Install Playwright browsers	2026-07-13T20:23:56.2347537Z Setting up libsoup-3.0-common (3.4.4-5ubuntu0.7) ...
Public + security smoke (production build)	Install Playwright browsers	2026-07-13T20:23:56.2373568Z Setting up libmpg123-0t64:amd64 (1.32.5-1ubuntu1.1) ...
Public + security smoke (production build)	Install Playwright browsers	2026-07-13T20:23:56.2410606Z Setting up libcjson1:amd64 (1.7.17-1) ...
Public + security smoke (production build)	Install Playwright browsers	2026-07-13T20:23:56.2439508Z Setting up libxvidcore4:amd64 (2:1.3.7-1build1) ...
Public + security smoke (production build)	Install Playwright browsers	2026-07-13T20:23:56.2469096Z Setting up libmpcdec6:amd64 (2:0.1~r495-2build1) ...
Public + security smoke (production build)	Install Playwright browsers	2026-07-13T20:23:56.2518294Z Setting up libmjpegutils-2.1-0t64:amd64 (1:2.1.0+debian-8.1build1) ...
Public + security smoke (production build)	Install Playwright browsers	2026-07-13T20:23:56.2625353Z Setting up librav1e0:amd64 (0.7.1-2) ...
Public + security smoke (production build)	Install Playwright browsers	2026-07-13T20:23:56.2652301Z Setting up liborc-0.4-0t64:amd64 (1:0.4.38-1ubuntu0.1) ...
Public + security smoke (production build)	Install Playwright browsers	2026-07-13T20:23:56.2677436Z Setting up libxcb-xkb1:amd64 (1.15-1ubuntu2) ...
Public + security smoke (production build)	Install Playwright browsers	2026-07-13T20:23:56.2700502Z Setting up libvo-aacenc0:amd64 (0.1.3-2build1) ...
Public + security smoke (production build)	Install Playwright browsers	2026-07-13T20:23:56.2724657Z Setting up librist4:amd64 (0.2.10+dfsg-2) ...
Public + security smoke (production build)	Install Playwright browsers	2026-07-13T20:23:56.2749648Z Setting up librsvg2-2:amd64 (2.58.0+dfsg-1build1) ...
Public + security smoke (production build)	Install Playwright browsers	2026-07-13T20:23:56.2778625Z Setting up libblas3:amd64 (3.12.0-3build1.1) ...
Public + security smoke (production build)	Install Playwright browsers	2026-07-13T20:23:56.3215639Z update-alternatives: using /usr/lib/x86_64-linux-gnu/blas/libblas.so.3 to provide /usr/lib/x86_64-linux-gnu/libblas.so.3 (libblas.so.3-x86_64-linux-gnu) in auto mode
Public + security smoke (production build)	Install Playwright browsers	2026-07-13T20:23:56.3598490Z Setting up libegl-mesa0:amd64 (25.2.8-0ubuntu0.24.04.2) ...
Public + security smoke (production build)	Install Playwright browsers	2026-07-13T20:23:56.3629871Z Setting up libsoundtouch1:amd64 (2.3.2+ds1-1build1) ...
Public + security smoke (production build)	Install Playwright browsers	2026-07-13T20:23:56.3660214Z Setting up libplacebo338:amd64 (6.338.2-2build1) ...
Public + security smoke (production build)	Install Playwright browsers	2026-07-13T20:23:56.3690972Z Setting up libgles2:amd64 (1.7.0-1build1) ...
Public + security smoke (production build)	Install Playwright browsers	2026-07-13T20:23:56.3720854Z Setting up fonts-tlwg-loma-otf (1:0.7.3-1) ...
Public + security smoke (production build)	Install Playwright browsers	2026-07-13T20:23:56.3746231Z Setting up libva2:amd64 (2.20.0-2ubuntu0.2) ...
Public + security smoke (production build)	Install Playwright browsers	2026-07-13T20:23:56.3771626Z Setting up libspa-0.2-modules:amd64 (1.0.5-1ubuntu3.2) ...
Public + security smoke (production build)	Install Playwright browsers	2026-07-13T20:23:56.3968984Z Setting up libzxing3:amd64 (2.2.1-3) ...
Public + security smoke (production build)	Install Playwright browsers	2026-07-13T20:23:56.3998458Z Setting up xfonts-encodings (1:1.0.5-0ubuntu2) ...
Public + security smoke (production build)	Install Playwright browsers	2026-07-13T20:23:56.4025553Z Setting up libopus0:amd64 (1.4-1build1) ...
Public + security smoke (production build)	Install Playwright browsers	2026-07-13T20:23:56.4054600Z Setting up libfaad2:amd64 (2.11.1-1build1) ...
Public + security smoke (production build)	Install Playwright browsers	2026-07-13T20:23:56.4079710Z Setting up libxkbcommon-x11-0:amd64 (1.6.0-1build1) ...
Public + security smoke (production build)	Install Playwright browsers	2026-07-13T20:23:56.4105854Z Setting up libdc1394-25:amd64 (2.2.6-4build1) ...
Public + security smoke (production build)	Install Playwright browsers	2026-07-13T20:23:56.4130322Z Setting up libimath-3-1-29t64:amd64 (3.1.9-3.1ubuntu2) ...
Public + security smoke (production build)	Install Playwright browsers	2026-07-13T20:23:56.4158156Z Setting up libunibreak5:amd64 (5.1-2build1) ...
Public + security smoke (production build)	Install Playwright browsers	2026-07-13T20:23:56.4183357Z Setting up libdv4t64:amd64 (1.0.0-17.1build1) ...
Public + security smoke (production build)	Install Playwright browsers	2026-07-13T20:23:56.4208625Z Setting up libjxl0.7:amd64 (0.7.0-10.2ubuntu6.1) ...
Public + security smoke (production build)	Install Playwright browsers	2026-07-13T20:23:56.4231690Z Setting up libopenh264-7:amd64 (2.4.1+dfsg-1) ...
Public + security smoke (production build)	Install Playwright browsers	2026-07-13T20:23:56.4260410Z Setting up libltc11:amd64 (1.3.2-1build1) ...
Public + security smoke (production build)	Install Playwright browsers	2026-07-13T20:23:56.4286971Z Setting up libx265-199:amd64 (3.5-2build1) ...
Public + security smoke (production build)	Install Playwright browsers	2026-07-13T20:23:56.4312527Z Setting up libv4l-0t64:amd64 (1.26.1-4build3) ...
Public + security smoke (production build)	Install Playwright browsers	2026-07-13T20:23:56.4337968Z Setting up libavtp0:amd64 (0.2.0-1build1) ...
Public + security smoke (production build)	Install Playwright browsers	2026-07-13T20:23:56.4364140Z Setting up libsndio7.0:amd64 (1.9.0-0.3build3) ...
Public + security smoke (production build)	Install Playwright browsers	2026-07-13T20:23:56.4467757Z Setting up libdirectfb-1.7-7t64:amd64 (1.7.7-11.1ubuntu2) ...
Public + security smoke (production build)	Install Playwright browsers	2026-07-13T20:23:56.4491837Z Setting up libspandsp2t64:amd64 (0.0.6+dfsg-2.1build1) ...
Public + security smoke (production build)	Install Playwright browsers	2026-07-13T20:23:56.4515780Z Setting up libvidstab1.1:amd64 (1.1.0-2build1) ...
Public + security smoke (production build)	Install Playwright browsers	2026-07-13T20:23:56.4538884Z Setting up libvpx9:amd64 (1.14.0-1ubuntu2.3) ...
Public + security smoke (production build)	Install Playwright browsers	2026-07-13T20:23:56.4563587Z Setting up libsrt1.5-gnutls:amd64 (1.5.3-1build2) ...
Public + security smoke (production build)	Install Playwright browsers	2026-07-13T20:23:56.4588274Z Setting up libtag1v5:amd64 (1.13.1-1build1) ...
Public + security smoke (production build)	Install Playwright browsers	2026-07-13T20:23:56.4612020Z Setting up libflite1:amd64 (2.2-6build3) ...
Public + security smoke (production build)	Install Playwright browsers	2026-07-13T20:23:56.4635076Z Setting up libdav1d7:amd64 (1.4.1-1build1) ...
Public + security smoke (production build)	Install Playwright browsers	2026-07-13T20:23:56.4670566Z Setting up libva-drm2:amd64 (2.20.0-2ubuntu0.2) ...
Public + security smoke (production build)	Install Playwright browsers	2026-07-13T20:23:57.0767477Z Setting up fonts-ipafont-gothic (00303-21ubuntu1) ...
Public + security smoke (production build)	Install Playwright browsers	2026-07-13T20:23:57.0847248Z update-alternatives: using /usr/share/fonts/opentype/ipafont-gothic/ipag.ttf to provide /usr/share/fonts/truetype/fonts-japanese-gothic.ttf (fonts-japanese-gothic.ttf) in auto mode
Public + security smoke (production build)	Install Playwright browsers	2026-07-13T20:23:57.0878374Z Setting up ocl-icd-libopencl1:amd64 (2.3.2-1build1) ...
Public + security smoke (production build)	Install Playwright browsers	2026-07-13T20:23:57.0913845Z Setting up libasyncns0:amd64 (0.8-6build4) ...
Public + security smoke (production build)	Install Playwright browsers	2026-07-13T20:23:57.0942182Z Setting up libwildmidi2:amd64 (0.4.3-1build3) ...
Public + security smoke (production build)	Install Playwright browsers	2026-07-13T20:23:57.0973226Z Setting up libvdpau1:amd64 (1.5-2build1) ...
Public + security smoke (production build)	Install Playwright browsers	2026-07-13T20:23:57.1009295Z Setting up libwavpack1:amd64 (5.6.0-1build1) ...
Public + security smoke (production build)	Install Playwright browsers	2026-07-13T20:23:57.1038995Z Setting up libbs2b0:amd64 (3.1.0+dfsg-7build1) ...
Public + security smoke (production build)	Install Playwright browsers	2026-07-13T20:23:57.1067671Z Setting up libtheora0:amd64 (1.1.1+dfsg.1-16.1build3) ...
Public + security smoke (production build)	Install Playwright browsers	2026-07-13T20:23:57.1097337Z Setting up libegl1:amd64 (1.7.0-1build1) ...
Public + security smoke (production build)	Install Playwright browsers	2026-07-13T20:23:57.1125637Z Setting up libdecor-0-0:amd64 (0.2.2-1build2) ...
Public + security smoke (production build)	Install Playwright browsers	2026-07-13T20:23:57.1155216Z Setting up libdca0:amd64 (0.0.7-2build1) ...
Public + security smoke (production build)	Install Playwright browsers	2026-07-13T20:23:57.1184716Z Setting up libzimg2:amd64 (3.0.5+ds1-1build1) ...
Public + security smoke (production build)	Install Playwright browsers	2026-07-13T20:23:57.1215443Z Setting up libopenal-data (1:1.23.1-4build1) ...
Public + security smoke (production build)	Install Playwright browsers	2026-07-13T20:23:57.1256132Z Setting up libabsl20220623t64:amd64 (20220623.1-3.1ubuntu3.2) ...
Public + security smoke (production build)	Install Playwright browsers	2026-07-13T20:23:57.1285420Z Setting up libflac12t64:amd64 (1.4.3+ds-2.1ubuntu2) ...
Public + security smoke (production build)	Install Playwright browsers	2026-07-13T20:23:57.1311658Z Setting up libgtk-4-common (4.14.5+ds-0ubuntu0.10) ...
Public + security smoke (production build)	Install Playwright browsers	2026-07-13T20:23:57.1339765Z Setting up libmpeg2encpp-2.1-0t64:amd64 (1:2.1.0+debian-8.1build1) ...
Public + security smoke (production build)	Install Playwright browsers	2026-07-13T20:23:57.1380312Z Setting up glib-networking-common (2.80.0-1build1) ...
Public + security smoke (production build)	Install Playwright browsers	2026-07-13T20:23:57.1408472Z Setting up libmfx1:amd64 (22.5.4-1) ...
Public + security smoke (production build)	Install Playwright browsers	2026-07-13T20:23:57.1433262Z Setting up libbluray2:amd64 (1:1.3.4-1build1) ...
Public + security smoke (production build)	Install Playwright browsers	2026-07-13T20:23:57.1459963Z Setting up libde265-0:amd64 (1.0.15-1build3) ...
Public + security smoke (production build)	Install Playwright browsers	2026-07-13T20:23:57.1486768Z Setting up libsamplerate0:amd64 (0.2.2-4build1) ...
Public + security smoke (production build)	Install Playwright browsers	2026-07-13T20:23:57.1514058Z Setting up timgm6mb-soundfont (1.3-5) ...
Public + security smoke (production build)	Install Playwright browsers	2026-07-13T20:23:57.2760642Z update-alternatives: using /usr/share/sounds/sf2/TimGM6mb.sf2 to provide /usr/share/sounds/sf2/default-GM.sf2 (default-GM.sf2) in auto mode
Public + security smoke (production build)	Install Playwright browsers	2026-07-13T20:23:57.2787735Z update-alternatives: using /usr/share/sounds/sf2/TimGM6mb.sf2 to provide /usr/share/sounds/sf3/default-GM.sf3 (default-GM.sf3) in auto mode
Public + security smoke (production build)	Install Playwright browsers	2026-07-13T20:23:57.2807094Z Setting up libva-x11-2:amd64 (2.20.0-2ubuntu0.2) ...
Public + security smoke (production build)	Install Playwright browsers	2026-07-13T20:23:57.2838665Z Setting up libyuv0:amd64 (0.0~git202401110.af6ac82-1) ...
Public + security smoke (production build)	Install Playwright browsers	2026-07-13T20:23:57.2871043Z Setting up libmplex2-2.1-0t64:amd64 (1:2.1.0+debian-8.1build1) ...
Public + security smoke (production build)	Install Playwright browsers	2026-07-13T20:23:57.2901982Z Setting up libpipewire-0.3-0t64:amd64 (1.0.5-1ubuntu3.2) ...
Public + security smoke (production build)	Install Playwright browsers	2026-07-13T20:23:57.2932543Z Setting up libopenmpt0t64:amd64 (0.7.3-1.1build3) ...
Public + security smoke (production build)	Install Playwright browsers	2026-07-13T20:23:57.3010960Z Setting up libzvbi-common (0.2.42-2) ...
Public + security smoke (production build)	Install Playwright browsers	2026-07-13T20:23:57.3090747Z Setting up libsecret-common (0.21.4-1build3) ...
Public + security smoke (production build)	Install Playwright browsers	2026-07-13T20:23:57.3119461Z Setting up libmp3lame0:amd64 (3.100-6build1) ...
Public + security smoke (production build)	Install Playwright browsers	2026-07-13T20:23:57.3147103Z Setting up libgraphene-1.0-0:amd64 (1.10.8-3build2) ...
Public + security smoke (production build)	Install Playwright browsers	2026-07-13T20:23:57.3172888Z Setting up libvorbisenc2:amd64 (1.3.7-1build3) ...
Public + security smoke (production build)	Install Playwright browsers	2026-07-13T20:23:57.3198145Z Setting up libdvdnav4:amd64 (6.1.1-3build1) ...
Public + security smoke (production build)	Install Playwright browsers	2026-07-13T20:23:57.3225328Z Setting up fonts-unifont (1:15.1.01-1build1) ...
Public + security smoke (production build)	Install Playwright browsers	2026-07-13T20:23:57.3252521Z Setting up libaa1:amd64 (1.4p5-51.1) ...
Public + security smoke (production build)	Install Playwright browsers	2026-07-13T20:23:57.3279716Z Setting up libiec61883-0:amd64 (1.2.0-6build1) ...
Public + security smoke (production build)	Install Playwright browsers	2026-07-13T20:23:57.3303915Z Setting up libserd-0-0:amd64 (0.32.2-1) ...
Public + security smoke (production build)	Install Playwright browsers	2026-07-13T20:23:57.3330867Z Setting up libavc1394-0:amd64 (0.5.4-5build3) ...
Public + security smoke (production build)	Install Playwright browsers	2026-07-13T20:23:57.3357505Z Setting up gsettings-desktop-schemas (46.1-0ubuntu1) ...
Public + security smoke (production build)	Install Playwright browsers	2026-07-13T20:23:57.3385508Z Setting up glib-networking-services (2.80.0-1build1) ...
Public + security smoke (production build)	Install Playwright browsers	2026-07-13T20:23:57.3410475Z Setting up liblapack3:amd64 (3.12.0-3build1.1) ...
Public + security smoke (production build)	Install Playwright browsers	2026-07-13T20:23:57.3456176Z update-alternatives: using /usr/lib/x86_64-linux-gnu/lapack/liblapack.so.3 to provide /usr/lib/x86_64-linux-gnu/liblapack.so.3 (liblapack.so.3-x86_64-linux-gnu) in auto mode
Public + security smoke (production build)	Install Playwright browsers	2026-07-13T20:23:57.3473919Z Setting up libzvbi0t64:amd64 (0.2.42-2) ...
Public + security smoke (production build)	Install Playwright browsers	2026-07-13T20:23:57.3505496Z Setting up liblrdf0:amd64 (0.6.1-4build1) ...
Public + security smoke (production build)	Install Playwright browsers	2026-07-13T20:23:57.3533428Z Setting up libzbar0t64:amd64 (0.23.93-4build3) ...
Public + security smoke (production build)	Install Playwright browsers	2026-07-13T20:23:57.3561114Z Setting up libgstreamer-plugins-base1.0-0:amd64 (1.24.2-1ubuntu0.4) ...
Public + security smoke (production build)	Install Playwright browsers	2026-07-13T20:23:57.3585480Z Setting up libavutil58:amd64 (7:6.1.1-3ubuntu5) ...
Public + security smoke (production build)	Install Playwright browsers	2026-07-13T20:23:57.3614641Z Setting up libopenal1:amd64 (1:1.23.1-4build1) ...
Public + security smoke (production build)	Install Playwright browsers	2026-07-13T20:23:57.3642540Z Setting up xfonts-utils (1:7.7+6build3) ...
Public + security smoke (production build)	Install Playwright browsers	2026-07-13T20:23:57.3685121Z Setting up libsecret-1-0:amd64 (0.21.4-1build3) ...
Public + security smoke (production build)	Install Playwright browsers	2026-07-13T20:23:57.3709638Z Setting up libgstreamer-plugins-good1.0-0:amd64 (1.24.2-1ubuntu1.4) ...
Public + security smoke (production build)	Install Playwright browsers	2026-07-13T20:23:57.3735645Z Setting up libgstreamer-gl1.0-0:amd64 (1.24.2-1ubuntu0.4) ...
Public + security smoke (production build)	Install Playwright browsers	2026-07-13T20:23:57.3763036Z Setting up gstreamer1.0-plugins-base:amd64 (1.24.2-1ubuntu0.4) ...
Public + security smoke (production build)	Install Playwright browsers	2026-07-13T20:23:57.3791291Z Setting up libass9:amd64 (1:0.17.1-2build1) ...
Public + security smoke (production build)	Install Playwright browsers	2026-07-13T20:23:57.3818977Z Setting up libswresample4:amd64 (7:6.1.1-3ubuntu5) ...
Public + security smoke (production build)	Install Playwright browsers	2026-07-13T20:23:57.3844125Z Setting up libopenexr-3-1-30:amd64 (3.1.5-5.1build3) ...
Public + security smoke (production build)	Install Playwright browsers	2026-07-13T20:23:57.3871986Z Setting up libshout3:amd64 (2.4.6-1build2) ...
Public + security smoke (production build)	Install Playwright browsers	2026-07-13T20:23:57.3899208Z Setting up libgav1-1:amd64 (0.18.0-1build3) ...
Public + security smoke (production build)	Install Playwright browsers	2026-07-13T20:23:57.3926773Z Setting up libavcodec60:amd64 (7:6.1.1-3ubuntu5) ...
Public + security smoke (production build)	Install Playwright browsers	2026-07-13T20:23:57.3953762Z Setting up librubberband2:amd64 (3.3.0+dfsg-2build1) ...
Public + security smoke (production build)	Install Playwright browsers	2026-07-13T20:23:57.3982614Z Setting up libjack-jackd2-0:amd64 (1.9.21~dfsg-3ubuntu3) ...
Public + security smoke (production build)	Install Playwright browsers	2026-07-13T20:23:57.4010329Z Setting up libsord-0-0:amd64 (0.16.16-2build1) ...
Public + security smoke (production build)	Install Playwright browsers	2026-07-13T20:23:57.4038068Z Setting up xfonts-cyrillic (1:1.0.5+nmu1) ...
Public + security smoke (production build)	Install Playwright browsers	2026-07-13T20:23:57.4300220Z Setting up libpostproc57:amd64 (7:6.1.1-3ubuntu5) ...
Public + security smoke (production build)	Install Playwright browsers	2026-07-13T20:23:57.4329068Z Setting up libsratom-0-0:amd64 (0.6.16-1build1) ...
Public + security smoke (production build)	Install Playwright browsers	2026-07-13T20:23:57.4359453Z Setting up libsndfile1:amd64 (1.2.2-1ubuntu5.24.04.1) ...
Public + security smoke (production build)	Install Playwright browsers	2026-07-13T20:23:57.4387487Z Setting up liblilv-0-0:amd64 (0.24.22-1build1) ...
Public + security smoke (production build)	Install Playwright browsers	2026-07-13T20:23:57.4414355Z Setting up libinstpatch-1.0-2:amd64 (1.1.6-1build2) ...
Public + security smoke (production build)	Install Playwright browsers	2026-07-13T20:23:57.4441152Z Setting up xfonts-scalable (1:1.0.3-1.3) ...
Public + security smoke (production build)	Install Playwright browsers	2026-07-13T20:23:57.4767715Z Setting up libswscale7:amd64 (7:6.1.1-3ubuntu5) ...
Public + security smoke (production build)	Install Playwright browsers	2026-07-13T20:23:57.4793281Z Setting up libavif16:amd64 (1.0.4-1ubuntu3) ...
Public + security smoke (production build)	Install Playwright browsers	2026-07-13T20:23:57.4818459Z Setting up libpulse0:amd64 (1:16.1+dfsg1-2ubuntu10.1) ...
Public + security smoke (production build)	Install Playwright browsers	2026-07-13T20:23:57.4934541Z Setting up libavformat60:amd64 (7:6.1.1-3ubuntu5) ...
Public + security smoke (production build)	Install Playwright browsers	2026-07-13T20:23:57.4970992Z Setting up libsphinxbase3t64:amd64 (0.8+5prealpha+1-17build2) ...
Public + security smoke (production build)	Install Playwright browsers	2026-07-13T20:23:57.4994806Z Setting up libsdl2-2.0-0:amd64 (2.30.0+dfsg-1ubuntu3.1) ...
Public + security smoke (production build)	Install Playwright browsers	2026-07-13T20:23:57.5019537Z Setting up libfluidsynth3:amd64 (2.3.4-1build3) ...
Public + security smoke (production build)	Install Playwright browsers	2026-07-13T20:23:57.5044315Z Setting up libpocketsphinx3:amd64 (0.8.0+real5prealpha+1-15ubuntu5) ...
Public + security smoke (production build)	Install Playwright browsers	2026-07-13T20:23:57.5068830Z Setting up libavfilter9:amd64 (7:6.1.1-3ubuntu5) ...
Public + security smoke (production build)	Install Playwright browsers	2026-07-13T20:23:57.5095129Z Setting up gstreamer1.0-libav:amd64 (1.24.1-1build1) ...
Public + security smoke (production build)	Install Playwright browsers	2026-07-13T20:23:57.5600351Z Processing triggers for fontconfig (2.15.0-1.1ubuntu2) ...
Public + security smoke (production build)	Install Playwright browsers	2026-07-13T20:23:57.7408274Z Processing triggers for libc-bin (2.39-0ubuntu8.7) ...
Public + security smoke (production build)	Install Playwright browsers	2026-07-13T20:24:00.7065134Z Processing triggers for man-db (2.12.0-4build2) ...
Public + security smoke (production build)	Install Playwright browsers	2026-07-13T20:24:00.7091368Z Not building database; man-db/auto-update is not 'true'.
Public + security smoke (production build)	Install Playwright browsers	2026-07-13T20:24:00.7216855Z Processing triggers for libglib2.0-0t64:amd64 (2.80.0-6ubuntu3.8) ...
Public + security smoke (production build)	Install Playwright browsers	2026-07-13T20:24:00.8259223Z Setting up libgtk-4-1:amd64 (4.14.5+ds-0ubuntu0.10) ...
Public + security smoke (production build)	Install Playwright browsers	2026-07-13T20:24:00.8453107Z Setting up glib-networking:amd64 (2.80.0-1build1) ...
Public + security smoke (production build)	Install Playwright browsers	2026-07-13T20:24:00.8495154Z Setting up libsoup-3.0-0:amd64 (3.4.4-5ubuntu0.7) ...
Public + security smoke (production build)	Install Playwright browsers	2026-07-13T20:24:00.8534819Z Setting up libgssdp-1.6-0:amd64 (1.6.3-1build3) ...
Public + security smoke (production build)	Install Playwright browsers	2026-07-13T20:24:00.8611665Z Setting up gstreamer1.0-plugins-good:amd64 (1.24.2-1ubuntu1.4) ...
Public + security smoke (production build)	Install Playwright browsers	2026-07-13T20:24:00.8647163Z Setting up libgupnp-1.6-0:amd64 (1.6.6-1build3) ...
Public + security smoke (production build)	Install Playwright browsers	2026-07-13T20:24:00.8720112Z Setting up libgupnp-igd-1.6-0:amd64 (1.6.0-3build3) ...
Public + security smoke (production build)	Install Playwright browsers	2026-07-13T20:24:00.8763422Z Setting up libnice10:amd64 (0.1.21-2build3) ...
Public + security smoke (production build)	Install Playwright browsers	2026-07-13T20:24:00.8819097Z Setting up libgstreamer-plugins-bad1.0-0:amd64 (1.24.2-1ubuntu4) ...
Public + security smoke (production build)	Install Playwright browsers	2026-07-13T20:24:00.8867915Z Setting up gstreamer1.0-plugins-bad:amd64 (1.24.2-1ubuntu4) ...
Public + security smoke (production build)	Install Playwright browsers	2026-07-13T20:24:00.8907281Z Processing triggers for libc-bin (2.39-0ubuntu8.7) ...
Public + security smoke (production build)	Install Playwright browsers	2026-07-13T20:24:01.9743484Z 
Public + security smoke (production build)	Install Playwright browsers	2026-07-13T20:24:01.9744286Z Running kernel seems to be up-to-date.
Public + security smoke (production build)	Install Playwright browsers	2026-07-13T20:24:01.9744568Z 
Public + security smoke (production build)	Install Playwright browsers	2026-07-13T20:24:01.9744708Z No services need to be restarted.
Public + security smoke (production build)	Install Playwright browsers	2026-07-13T20:24:01.9744852Z 
Public + security smoke (production build)	Install Playwright browsers	2026-07-13T20:24:01.9745008Z No containers need to be restarted.
Public + security smoke (production build)	Install Playwright browsers	2026-07-13T20:24:01.9745185Z 
Public + security smoke (production build)	Install Playwright browsers	2026-07-13T20:24:01.9745314Z No user sessions are running outdated binaries.
Public + security smoke (production build)	Install Playwright browsers	2026-07-13T20:24:01.9745495Z 
Public + security smoke (production build)	Install Playwright browsers	2026-07-13T20:24:01.9745689Z No VM guests are running outdated hypervisor (qemu) binaries on this host.
Public + security smoke (production build)	Install Playwright browsers	2026-07-13T20:24:02.5285980Z Downloading Chrome for Testing 145.0.7632.6 (playwright chromium v1208) from https://cdn.playwright.dev/builds/cft/145.0.7632.6/linux64/chrome-linux64.zip
Public + security smoke (production build)	Install Playwright browsers	2026-07-13T20:24:02.7546820Z |                                                                                |   0% of 167.3 MiB
Public + security smoke (production build)	Install Playwright browsers	2026-07-13T20:24:03.0448499Z |ÔûáÔûáÔûáÔûáÔûáÔûáÔûáÔûá                                                                        |  10% of 167.3 MiB
Public + security smoke (production build)	Install Playwright browsers	2026-07-13T20:24:03.1342117Z |ÔûáÔûáÔûáÔûáÔûáÔûáÔûáÔûáÔûáÔûáÔûáÔûáÔûáÔûáÔûáÔûá                                                                |  20% of 167.3 MiB
Public + security smoke (production build)	Install Playwright browsers	2026-07-13T20:24:03.1813297Z |ÔûáÔûáÔûáÔûáÔûáÔûáÔûáÔûáÔûáÔûáÔûáÔûáÔûáÔûáÔûáÔûáÔûáÔûáÔûáÔûáÔûáÔûáÔûáÔûá                                                        |  30% of 167.3 MiB
Public + security smoke (production build)	Install Playwright browsers	2026-07-13T20:24:03.2224226Z |ÔûáÔûáÔûáÔûáÔûáÔûáÔûáÔûáÔûáÔûáÔûáÔûáÔûáÔûáÔûáÔûáÔûáÔûáÔûáÔûáÔûáÔûáÔûáÔûáÔûáÔûáÔûáÔûáÔûáÔûáÔûáÔûá                                                |  40% of 167.3 MiB
Public + security smoke (production build)	Install Playwright browsers	2026-07-13T20:24:03.2589161Z |ÔûáÔûáÔûáÔûáÔûáÔûáÔûáÔûáÔûáÔûáÔûáÔûáÔûáÔûáÔûáÔûáÔûáÔûáÔûáÔûáÔûáÔûáÔûáÔûáÔûáÔûáÔûáÔûáÔûáÔûáÔûáÔûáÔûáÔûáÔûáÔûáÔûáÔûáÔûáÔûá                                        |  50% of 167.3 MiB
Public + security smoke (production build)	Install Playwright browsers	2026-07-13T20:24:03.3557673Z |ÔûáÔûáÔûáÔûáÔûáÔûáÔûáÔûáÔûáÔûáÔûáÔûáÔûáÔûáÔûáÔûáÔûáÔûáÔûáÔûáÔûáÔûáÔûáÔûáÔûáÔûáÔûáÔûáÔûáÔûáÔûáÔûáÔûáÔûáÔûáÔûáÔûáÔûáÔûáÔûáÔûáÔûáÔûáÔûáÔûáÔûáÔûáÔûá                                |  60% of 167.3 MiB
Public + security smoke (production build)	Install Playwright browsers	2026-07-13T20:24:03.3997933Z |ÔûáÔûáÔûáÔûáÔûáÔûáÔûáÔûáÔûáÔûáÔûáÔûáÔûáÔûáÔûáÔûáÔûáÔûáÔûáÔûáÔûáÔûáÔûáÔûáÔûáÔûáÔûáÔûáÔûáÔûáÔûáÔûáÔûáÔûáÔûáÔûáÔûáÔûáÔûáÔûáÔûáÔûáÔûáÔûáÔûáÔûáÔûáÔûáÔûáÔûáÔûáÔûáÔûáÔûáÔûáÔûá                        |  70% of 167.3 MiB
Public + security smoke (production build)	Install Playwright browsers	2026-07-13T20:24:03.4364706Z |ÔûáÔûáÔûáÔûáÔûáÔûáÔûáÔûáÔûáÔûáÔûáÔûáÔûáÔûáÔûáÔûáÔûáÔûáÔûáÔûáÔûáÔûáÔûáÔûáÔûáÔûáÔûáÔûáÔûáÔûáÔûáÔûáÔûáÔûáÔûáÔûáÔûáÔûáÔûáÔûáÔûáÔûáÔûáÔûáÔûáÔûáÔûáÔûáÔûáÔûáÔûáÔûáÔûáÔûáÔûáÔûáÔûáÔûáÔûáÔûáÔûáÔûáÔûáÔûá                |  80% of 167.3 MiB
Public + security smoke (production build)	Install Playwright browsers	2026-07-13T20:24:03.5043775Z |ÔûáÔûáÔûáÔûáÔûáÔûáÔûáÔûáÔûáÔûáÔûáÔûáÔûáÔûáÔûáÔûáÔûáÔûáÔûáÔûáÔûáÔûáÔûáÔûáÔûáÔûáÔûáÔûáÔûáÔûáÔûáÔûáÔûáÔûáÔûáÔûáÔûáÔûáÔûáÔûáÔûáÔûáÔûáÔûáÔûáÔûáÔûáÔûáÔûáÔûáÔûáÔûáÔûáÔûáÔûáÔûáÔûáÔûáÔûáÔûáÔûáÔûáÔûáÔûáÔûáÔûáÔûáÔûáÔûáÔûáÔûáÔûá        |  90% of 167.3 MiB
Public + security smoke (production build)	Install Playwright browsers	2026-07-13T20:24:03.5448004Z |ÔûáÔûáÔûáÔûáÔûáÔûáÔûáÔûáÔûáÔûáÔûáÔûáÔûáÔûáÔûáÔûáÔûáÔûáÔûáÔûáÔûáÔûáÔûáÔûáÔûáÔûáÔûáÔûáÔûáÔûáÔûáÔûáÔûáÔûáÔûáÔûáÔûáÔûáÔûáÔûáÔûáÔûáÔûáÔûáÔûáÔûáÔûáÔûáÔûáÔûáÔûáÔûáÔûáÔûáÔûáÔûáÔûáÔûáÔûáÔûáÔûáÔûáÔûáÔûáÔûáÔûáÔûáÔûáÔûáÔûáÔûáÔûáÔûáÔûáÔûáÔûáÔûáÔûáÔûáÔûá| 100% of 167.3 MiB
Public + security smoke (production build)	Install Playwright browsers	2026-07-13T20:24:06.0590686Z Chrome for Testing 145.0.7632.6 (playwright chromium v1208) downloaded to /home/runner/.cache/ms-playwright/chromium-1208
Public + security smoke (production build)	Install Playwright browsers	2026-07-13T20:24:06.0593381Z Downloading FFmpeg (playwright ffmpeg v1011) from https://cdn.playwright.dev/dbazure/download/playwright/builds/ffmpeg/1011/ffmpeg-linux.zip
Public + security smoke (production build)	Install Playwright browsers	2026-07-13T20:24:06.2942317Z |                                                                                |   0% of 2.3 MiB
Public + security smoke (production build)	Install Playwright browsers	2026-07-13T20:24:06.3455047Z |ÔûáÔûáÔûáÔûáÔûáÔûáÔûáÔûá                                                                        |  10% of 2.3 MiB
Public + security smoke (production build)	Install Playwright browsers	2026-07-13T20:24:06.3817049Z |ÔûáÔûáÔûáÔûáÔûáÔûáÔûáÔûáÔûáÔûáÔûáÔûáÔûáÔûáÔûáÔûá                                                                |  20% of 2.3 MiB
Public + security smoke (production build)	Install Playwright browsers	2026-07-13T20:24:06.4022562Z |ÔûáÔûáÔûáÔûáÔûáÔûáÔûáÔûáÔûáÔûáÔûáÔûáÔûáÔûáÔûáÔûáÔûáÔûáÔûáÔûáÔûáÔûáÔûáÔûá                                                        |  30% of 2.3 MiB
Public + security smoke (production build)	Install Playwright browsers	2026-07-13T20:24:06.4108232Z |ÔûáÔûáÔûáÔûáÔûáÔûáÔûáÔûáÔûáÔûáÔûáÔûáÔûáÔûáÔûáÔûáÔûáÔûáÔûáÔûáÔûáÔûáÔûáÔûáÔûáÔûáÔûáÔûáÔûáÔûáÔûáÔûá                                                |  40% of 2.3 MiB
Public + security smoke (production build)	Install Playwright browsers	2026-07-13T20:24:06.4277050Z |ÔûáÔûáÔûáÔûáÔûáÔûáÔûáÔûáÔûáÔûáÔûáÔûáÔûáÔûáÔûáÔûáÔûáÔûáÔûáÔûáÔûáÔûáÔûáÔûáÔûáÔûáÔûáÔûáÔûáÔûáÔûáÔûáÔûáÔûáÔûáÔûáÔûáÔûáÔûáÔûá                                        |  50% of 2.3 MiB
Public + security smoke (production build)	Install Playwright browsers	2026-07-13T20:24:06.4343615Z |ÔûáÔûáÔûáÔûáÔûáÔûáÔûáÔûáÔûáÔûáÔûáÔûáÔûáÔûáÔûáÔûáÔûáÔûáÔûáÔûáÔûáÔûáÔûáÔûáÔûáÔûáÔûáÔûáÔûáÔûáÔûáÔûáÔûáÔûáÔûáÔûáÔûáÔûáÔûáÔûáÔûáÔûáÔûáÔûáÔûáÔûáÔûáÔûá                                |  60% of 2.3 MiB
Public + security smoke (production build)	Install Playwright browsers	2026-07-13T20:24:06.4494529Z |ÔûáÔûáÔûáÔûáÔûáÔûáÔûáÔûáÔûáÔûáÔûáÔûáÔûáÔûáÔûáÔûáÔûáÔûáÔûáÔûáÔûáÔûáÔûáÔûáÔûáÔûáÔûáÔûáÔûáÔûáÔûáÔûáÔûáÔûáÔûáÔûáÔûáÔûáÔûáÔûáÔûáÔûáÔûáÔûáÔûáÔûáÔûáÔûáÔûáÔûáÔûáÔûáÔûáÔûáÔûáÔûá                        |  70% of 2.3 MiB
Public + security smoke (production build)	Install Playwright browsers	2026-07-13T20:24:06.4539151Z |ÔûáÔûáÔûáÔûáÔûáÔûáÔûáÔûáÔûáÔûáÔûáÔûáÔûáÔûáÔûáÔûáÔûáÔûáÔûáÔûáÔûáÔûáÔûáÔûáÔûáÔûáÔûáÔûáÔûáÔûáÔûáÔûáÔûáÔûáÔûáÔûáÔûáÔûáÔûáÔûáÔûáÔûáÔûáÔûáÔûáÔûáÔûáÔûáÔûáÔûáÔûáÔûáÔûáÔûáÔûáÔûáÔûáÔûáÔûáÔûáÔûáÔûáÔûáÔûá                |  80% of 2.3 MiB
Public + security smoke (production build)	Install Playwright browsers	2026-07-13T20:24:06.4623569Z |ÔûáÔûáÔûáÔûáÔûáÔûáÔûáÔûáÔûáÔûáÔûáÔûáÔûáÔûáÔûáÔûáÔûáÔûáÔûáÔûáÔûáÔûáÔûáÔûáÔûáÔûáÔûáÔûáÔûáÔûáÔûáÔûáÔûáÔûáÔûáÔûáÔûáÔûáÔûáÔûáÔûáÔûáÔûáÔûáÔûáÔûáÔûáÔûáÔûáÔûáÔûáÔûáÔûáÔûáÔûáÔûáÔûáÔûáÔûáÔûáÔûáÔûáÔûáÔûáÔûáÔûáÔûáÔûáÔûáÔûáÔûáÔûá        |  90% of 2.3 MiB
Public + security smoke (production build)	Install Playwright browsers	2026-07-13T20:24:06.4724231Z |ÔûáÔûáÔûáÔûáÔûáÔûáÔûáÔûáÔûáÔûáÔûáÔûáÔûáÔûáÔûáÔûáÔûáÔûáÔûáÔûáÔûáÔûáÔûáÔûáÔûáÔûáÔûáÔûáÔûáÔûáÔûáÔûáÔûáÔûáÔûáÔûáÔûáÔûáÔûáÔûáÔûáÔûáÔûáÔûáÔûáÔûáÔûáÔûáÔûáÔûáÔûáÔûáÔûáÔûáÔûáÔûáÔûáÔûáÔûáÔûáÔûáÔûáÔûáÔûáÔûáÔûáÔûáÔûáÔûáÔûáÔûáÔûáÔûáÔûáÔûáÔûáÔûáÔûáÔûáÔûá| 100% of 2.3 MiB
Public + security smoke (production build)	Install Playwright browsers	2026-07-13T20:24:06.5194135Z FFmpeg (playwright ffmpeg v1011) downloaded to /home/runner/.cache/ms-playwright/ffmpeg-1011
Public + security smoke (production build)	Install Playwright browsers	2026-07-13T20:24:06.5197818Z Downloading Chrome Headless Shell 145.0.7632.6 (playwright chromium-headless-shell v1208) from https://cdn.playwright.dev/builds/cft/145.0.7632.6/linux64/chrome-headless-shell-linux64.zip
Public + security smoke (production build)	Install Playwright browsers	2026-07-13T20:24:06.7421035Z |                                                                                |   0% of 110.9 MiB
Public + security smoke (production build)	Install Playwright browsers	2026-07-13T20:24:07.0758493Z |ÔûáÔûáÔûáÔûáÔûáÔûáÔûáÔûá                                                                        |  10% of 110.9 MiB
Public + security smoke (production build)	Install Playwright browsers	2026-07-13T20:24:07.1284877Z |ÔûáÔûáÔûáÔûáÔûáÔûáÔûáÔûáÔûáÔûáÔûáÔûáÔûáÔûáÔûáÔûá                                                                |  20% of 110.9 MiB
Public + security smoke (production build)	Install Playwright browsers	2026-07-13T20:24:07.2341403Z |ÔûáÔûáÔûáÔûáÔûáÔûáÔûáÔûáÔûáÔûáÔûáÔûáÔûáÔûáÔûáÔûáÔûáÔûáÔûáÔûáÔûáÔûáÔûáÔûá                                                        |  30% of 110.9 MiB
Public + security smoke (production build)	Install Playwright browsers	2026-07-13T20:24:07.2758907Z |ÔûáÔûáÔûáÔûáÔûáÔûáÔûáÔûáÔûáÔûáÔûáÔûáÔûáÔûáÔûáÔûáÔûáÔûáÔûáÔûáÔûáÔûáÔûáÔûáÔûáÔûáÔûáÔûáÔûáÔûáÔûáÔûá                                                |  40% of 110.9 MiB
Public + security smoke (production build)	Install Playwright browsers	2026-07-13T20:24:07.3638447Z |ÔûáÔûáÔûáÔûáÔûáÔûáÔûáÔûáÔûáÔûáÔûáÔûáÔûáÔûáÔûáÔûáÔûáÔûáÔûáÔûáÔûáÔûáÔûáÔûáÔûáÔûáÔûáÔûáÔûáÔûáÔûáÔûáÔûáÔûáÔûáÔûáÔûáÔûáÔûáÔûá                                        |  50% of 110.9 MiB
Public + security smoke (production build)	Install Playwright browsers	2026-07-13T20:24:07.4275058Z |ÔûáÔûáÔûáÔûáÔûáÔûáÔûáÔûáÔûáÔûáÔûáÔûáÔûáÔûáÔûáÔûáÔûáÔûáÔûáÔûáÔûáÔûáÔûáÔûáÔûáÔûáÔûáÔûáÔûáÔûáÔûáÔûáÔûáÔûáÔûáÔûáÔûáÔûáÔûáÔûáÔûáÔûáÔûáÔûáÔûáÔûáÔûáÔûá                                |  60% of 110.9 MiB
Public + security smoke (production build)	Install Playwright browsers	2026-07-13T20:24:07.4833067Z |ÔûáÔûáÔûáÔûáÔûáÔûáÔûáÔûáÔûáÔûáÔûáÔûáÔûáÔûáÔûáÔûáÔûáÔûáÔûáÔûáÔûáÔûáÔûáÔûáÔûáÔûáÔûáÔûáÔûáÔûáÔûáÔûáÔûáÔûáÔûáÔûáÔûáÔûáÔûáÔûáÔûáÔûáÔûáÔûáÔûáÔûáÔûáÔûáÔûáÔûáÔûáÔûáÔûáÔûáÔûáÔûá                        |  70% of 110.9 MiB
Public + security smoke (production build)	Install Playwright browsers	2026-07-13T20:24:07.5201368Z |ÔûáÔûáÔûáÔûáÔûáÔûáÔûáÔûáÔûáÔûáÔûáÔûáÔûáÔûáÔûáÔûáÔûáÔûáÔûáÔûáÔûáÔûáÔûáÔûáÔûáÔûáÔûáÔûáÔûáÔûáÔûáÔûáÔûáÔûáÔûáÔûáÔûáÔûáÔûáÔûáÔûáÔûáÔûáÔûáÔûáÔûáÔûáÔûáÔûáÔûáÔûáÔûáÔûáÔûáÔûáÔûáÔûáÔûáÔûáÔûáÔûáÔûáÔûáÔûá                |  80% of 110.9 MiB
Public + security smoke (production build)	Install Playwright browsers	2026-07-13T20:24:07.5608654Z |ÔûáÔûáÔûáÔûáÔûáÔûáÔûáÔûáÔûáÔûáÔûáÔûáÔûáÔûáÔûáÔûáÔûáÔûáÔûáÔûáÔûáÔûáÔûáÔûáÔûáÔûáÔûáÔûáÔûáÔûáÔûáÔûáÔûáÔûáÔûáÔûáÔûáÔûáÔûáÔûáÔûáÔûáÔûáÔûáÔûáÔûáÔûáÔûáÔûáÔûáÔûáÔûáÔûáÔûáÔûáÔûáÔûáÔûáÔûáÔûáÔûáÔûáÔûáÔûáÔûáÔûáÔûáÔûáÔûáÔûáÔûáÔûá        |  90% of 110.9 MiB
Public + security smoke (production build)	Install Playwright browsers	2026-07-13T20:24:07.6160505Z |ÔûáÔûáÔûáÔûáÔûáÔûáÔûáÔûáÔûáÔûáÔûáÔûáÔûáÔûáÔûáÔûáÔûáÔûáÔûáÔûáÔûáÔûáÔûáÔûáÔûáÔûáÔûáÔûáÔûáÔûáÔûáÔûáÔûáÔûáÔûáÔûáÔûáÔûáÔûáÔûáÔûáÔûáÔûáÔûáÔûáÔûáÔûáÔûáÔûáÔûáÔûáÔûáÔûáÔûáÔûáÔûáÔûáÔûáÔûáÔûáÔûáÔûáÔûáÔûáÔûáÔûáÔûáÔûáÔûáÔûáÔûáÔûáÔûáÔûáÔûáÔûáÔûáÔûáÔûáÔûá| 100% of 110.9 MiB
Public + security smoke (production build)	Install Playwright browsers	2026-07-13T20:24:09.4243257Z Chrome Headless Shell 145.0.7632.6 (playwright chromium-headless-shell v1208) downloaded to /home/runner/.cache/ms-playwright/chromium_headless_shell-1208
Public + security smoke (production build)	Install Playwright browsers	2026-07-13T20:24:09.4246212Z Downloading Firefox 146.0.1 (playwright firefox v1509) from https://cdn.playwright.dev/dbazure/download/playwright/builds/firefox/1509/firefox-ubuntu-24.04.zip
Public + security smoke (production build)	Install Playwright browsers	2026-07-13T20:24:09.6988946Z |                                                                                |   0% of 99.5 MiB
Public + security smoke (production build)	Install Playwright browsers	2026-07-13T20:24:09.9723331Z |ÔûáÔûáÔûáÔûáÔûáÔûáÔûáÔûá                                                                        |  10% of 99.5 MiB
Public + security smoke (production build)	Install Playwright browsers	2026-07-13T20:24:10.0508028Z |ÔûáÔûáÔûáÔûáÔûáÔûáÔûáÔûáÔûáÔûáÔûáÔûáÔûáÔûáÔûáÔûá                                                                |  20% of 99.5 MiB
Public + security smoke (production build)	Install Playwright browsers	2026-07-13T20:24:10.1184949Z |ÔûáÔûáÔûáÔûáÔûáÔûáÔûáÔûáÔûáÔûáÔûáÔûáÔûáÔûáÔûáÔûáÔûáÔûáÔûáÔûáÔûáÔûáÔûáÔûá                                                        |  30% of 99.5 MiB
Public + security smoke (production build)	Install Playwright browsers	2026-07-13T20:24:10.2015038Z |ÔûáÔûáÔûáÔûáÔûáÔûáÔûáÔûáÔûáÔûáÔûáÔûáÔûáÔûáÔûáÔûáÔûáÔûáÔûáÔûáÔûáÔûáÔûáÔûáÔûáÔûáÔûáÔûáÔûáÔûáÔûáÔûá                                                |  40% of 99.5 MiB
Public + security smoke (production build)	Install Playwright browsers	2026-07-13T20:24:10.2730704Z |ÔûáÔûáÔûáÔûáÔûáÔûáÔûáÔûáÔûáÔûáÔûáÔûáÔûáÔûáÔûáÔûáÔûáÔûáÔûáÔûáÔûáÔûáÔûáÔûáÔûáÔûáÔûáÔûáÔûáÔûáÔûáÔûáÔûáÔûáÔûáÔûáÔûáÔûáÔûáÔûá                                        |  50% of 99.5 MiB
Public + security smoke (production build)	Install Playwright browsers	2026-07-13T20:24:10.3576558Z |ÔûáÔûáÔûáÔûáÔûáÔûáÔûáÔûáÔûáÔûáÔûáÔûáÔûáÔûáÔûáÔûáÔûáÔûáÔûáÔûáÔûáÔûáÔûáÔûáÔûáÔûáÔûáÔûáÔûáÔûáÔûáÔûáÔûáÔûáÔûáÔûáÔûáÔûáÔûáÔûáÔûáÔûáÔûáÔûáÔûáÔûáÔûáÔûá                                |  60% of 99.5 MiB
Public + security smoke (production build)	Install Playwright browsers	2026-07-13T20:24:10.4248290Z |ÔûáÔûáÔûáÔûáÔûáÔûáÔûáÔûáÔûáÔûáÔûáÔûáÔûáÔûáÔûáÔûáÔûáÔûáÔûáÔûáÔûáÔûáÔûáÔûáÔûáÔûáÔûáÔûáÔûáÔûáÔûáÔûáÔûáÔûáÔûáÔûáÔûáÔûáÔûáÔûáÔûáÔûáÔûáÔûáÔûáÔûáÔûáÔûáÔûáÔûáÔûáÔûáÔûáÔûáÔûáÔûá                        |  70% of 99.5 MiB
Public + security smoke (production build)	Install Playwright browsers	2026-07-13T20:24:10.5062966Z |ÔûáÔûáÔûáÔûáÔûáÔûáÔûáÔûáÔûáÔûáÔûáÔûáÔûáÔûáÔûáÔûáÔûáÔûáÔûáÔûáÔûáÔûáÔûáÔûáÔûáÔûáÔûáÔûáÔûáÔûáÔûáÔûáÔûáÔûáÔûáÔûáÔûáÔûáÔûáÔûáÔûáÔûáÔûáÔûáÔûáÔûáÔûáÔûáÔûáÔûáÔûáÔûáÔûáÔûáÔûáÔûáÔûáÔûáÔûáÔûáÔûáÔûáÔûáÔûá                |  80% of 99.5 MiB
Public + security smoke (production build)	Install Playwright browsers	2026-07-13T20:24:10.5869395Z |ÔûáÔûáÔûáÔûáÔûáÔûáÔûáÔûáÔûáÔûáÔûáÔûáÔûáÔûáÔûáÔûáÔûáÔûáÔûáÔûáÔûáÔûáÔûáÔûáÔûáÔûáÔûáÔûáÔûáÔûáÔûáÔûáÔûáÔûáÔûáÔûáÔûáÔûáÔûáÔûáÔûáÔûáÔûáÔûáÔûáÔûáÔûáÔûáÔûáÔûáÔûáÔûáÔûáÔûáÔûáÔûáÔûáÔûáÔûáÔûáÔûáÔûáÔûáÔûáÔûáÔûáÔûáÔûáÔûáÔûáÔûáÔûá        |  90% of 99.5 MiB
Public + security smoke (production build)	Install Playwright browsers	2026-07-13T20:24:10.6567481Z |ÔûáÔûáÔûáÔûáÔûáÔûáÔûáÔûáÔûáÔûáÔûáÔûáÔûáÔûáÔûáÔûáÔûáÔûáÔûáÔûáÔûáÔûáÔûáÔûáÔûáÔûáÔûáÔûáÔûáÔûáÔûáÔûáÔûáÔûáÔûáÔûáÔûáÔûáÔûáÔûáÔûáÔûáÔûáÔûáÔûáÔûáÔûáÔûáÔûáÔûáÔûáÔûáÔûáÔûáÔûáÔûáÔûáÔûáÔûáÔûáÔûáÔûáÔûáÔûáÔûáÔûáÔûáÔûáÔûáÔûáÔûáÔûáÔûáÔûáÔûáÔûáÔûáÔûáÔûáÔûá| 100% of 99.5 MiB
Public + security smoke (production build)	Install Playwright browsers	2026-07-13T20:24:12.4774182Z Firefox 146.0.1 (playwright firefox v1509) downloaded to /home/runner/.cache/ms-playwright/firefox-1509
Public + security smoke (production build)	Install Playwright browsers	2026-07-13T20:24:12.4777276Z Downloading WebKit 26.0 (playwright webkit v2248) from https://cdn.playwright.dev/dbazure/download/playwright/builds/webkit/2248/webkit-ubuntu-24.04.zip
Public + security smoke (production build)	Install Playwright browsers	2026-07-13T20:24:12.7130512Z |                                                                                |   0% of 99.2 MiB
Public + security smoke (production build)	Install Playwright browsers	2026-07-13T20:24:13.0133806Z |ÔûáÔûáÔûáÔûáÔûáÔûáÔûáÔûá                                                                        |  10% of 99.2 MiB
Public + security smoke (production build)	Install Playwright browsers	2026-07-13T20:24:13.1026579Z |ÔûáÔûáÔûáÔûáÔûáÔûáÔûáÔûáÔûáÔûáÔûáÔûáÔûáÔûáÔûáÔûá                                                                |  20% of 99.2 MiB
Public + security smoke (production build)	Install Playwright browsers	2026-07-13T20:24:13.1899100Z |ÔûáÔûáÔûáÔûáÔûáÔûáÔûáÔûáÔûáÔûáÔûáÔûáÔûáÔûáÔûáÔûáÔûáÔûáÔûáÔûáÔûáÔûáÔûáÔûá                                                        |  30% of 99.2 MiB
Public + security smoke (production build)	Install Playwright browsers	2026-07-13T20:24:13.2769118Z |ÔûáÔûáÔûáÔûáÔûáÔûáÔûáÔûáÔûáÔûáÔûáÔûáÔûáÔûáÔûáÔûáÔûáÔûáÔûáÔûáÔûáÔûáÔûáÔûáÔûáÔûáÔûáÔûáÔûáÔûáÔûáÔûá                                                |  40% of 99.2 MiB
Public + security smoke (production build)	Install Playwright browsers	2026-07-13T20:24:13.3587849Z |ÔûáÔûáÔûáÔûáÔûáÔûáÔûáÔûáÔûáÔûáÔûáÔûáÔûáÔûáÔûáÔûáÔûáÔûáÔûáÔûáÔûáÔûáÔûáÔûáÔûáÔûáÔûáÔûáÔûáÔûáÔûáÔûáÔûáÔûáÔûáÔûáÔûáÔûáÔûáÔûá                                        |  50% of 99.2 MiB
Public + security smoke (production build)	Install Playwright browsers	2026-07-13T20:24:13.4331056Z |ÔûáÔûáÔûáÔûáÔûáÔûáÔûáÔûáÔûáÔûáÔûáÔûáÔûáÔûáÔûáÔûáÔûáÔûáÔûáÔûáÔûáÔûáÔûáÔûáÔûáÔûáÔûáÔûáÔûáÔûáÔûáÔûáÔûáÔûáÔûáÔûáÔûáÔûáÔûáÔûáÔûáÔûáÔûáÔûáÔûáÔûáÔûáÔûá                                |  60% of 99.2 MiB
Public + security smoke (production build)	Install Playwright browsers	2026-07-13T20:24:13.5198469Z |ÔûáÔûáÔûáÔûáÔûáÔûáÔûáÔûáÔûáÔûáÔûáÔûáÔûáÔûáÔûáÔûáÔûáÔûáÔûáÔûáÔûáÔûáÔûáÔûáÔûáÔûáÔûáÔûáÔûáÔûáÔûáÔûáÔûáÔûáÔûáÔûáÔûáÔûáÔûáÔûáÔûáÔûáÔûáÔûáÔûáÔûáÔûáÔûáÔûáÔûáÔûáÔûáÔûáÔûáÔûáÔûá                        |  70% of 99.2 MiB
Public + security smoke (production build)	Install Playwright browsers	2026-07-13T20:24:13.6073408Z |ÔûáÔûáÔûáÔûáÔûáÔûáÔûáÔûáÔûáÔûáÔûáÔûáÔûáÔûáÔûáÔûáÔûáÔûáÔûáÔûáÔûáÔûáÔûáÔûáÔûáÔûáÔûáÔûáÔûáÔûáÔûáÔûáÔûáÔûáÔûáÔûáÔûáÔûáÔûáÔûáÔûáÔûáÔûáÔûáÔûáÔûáÔûáÔûáÔûáÔûáÔûáÔûáÔûáÔûáÔûáÔûáÔûáÔûáÔûáÔûáÔûáÔûáÔûáÔûá                |  80% of 99.2 MiB
Public + security smoke (production build)	Install Playwright browsers	2026-07-13T20:24:13.6874039Z |ÔûáÔûáÔûáÔûáÔûáÔûáÔûáÔûáÔûáÔûáÔûáÔûáÔûáÔûáÔûáÔûáÔûáÔûáÔûáÔûáÔûáÔûáÔûáÔûáÔûáÔûáÔûáÔûáÔûáÔûáÔûáÔûáÔûáÔûáÔûáÔûáÔûáÔûáÔûáÔûáÔûáÔûáÔûáÔûáÔûáÔûáÔûáÔûáÔûáÔûáÔûáÔûáÔûáÔûáÔûáÔûáÔûáÔûáÔûáÔûáÔûáÔûáÔûáÔûáÔûáÔûáÔûáÔûáÔûáÔûáÔûáÔûá        |  90% of 99.2 MiB
Public + security smoke (production build)	Install Playwright browsers	2026-07-13T20:24:13.7750513Z |ÔûáÔûáÔûáÔûáÔûáÔûáÔûáÔûáÔûáÔûáÔûáÔûáÔûáÔûáÔûáÔûáÔûáÔûáÔûáÔûáÔûáÔûáÔûáÔûáÔûáÔûáÔûáÔûáÔûáÔûáÔûáÔûáÔûáÔûáÔûáÔûáÔûáÔûáÔûáÔûáÔûáÔûáÔûáÔûáÔûáÔûáÔûáÔûáÔûáÔûáÔûáÔûáÔûáÔûáÔûáÔûáÔûáÔûáÔûáÔûáÔûáÔûáÔûáÔûáÔûáÔûáÔûáÔûáÔûáÔûáÔûáÔûáÔûáÔûáÔûáÔûáÔûáÔûáÔûáÔûá| 100% of 99.2 MiB
Public + security smoke (production build)	Install Playwright browsers	2026-07-13T20:24:15.4621619Z WebKit 26.0 (playwright webkit v2248) downloaded to /home/runner/.cache/ms-playwright/webkit-2248
Public + security smoke (production build)	Production build	´╗┐2026-07-13T20:24:15.6602265Z ##[group]Run pnpm run build
Public + security smoke (production build)	Production build	2026-07-13T20:24:15.6602616Z ^[[36;1mpnpm run build^[[0m
Public + security smoke (production build)	Production build	2026-07-13T20:24:15.6619235Z shell: /usr/bin/bash -e {0}
Public + security smoke (production build)	Production build	2026-07-13T20:24:15.6619522Z env:
Public + security smoke (production build)	Production build	2026-07-13T20:24:15.6619736Z   SKIP_ENV_VALIDATION: 1
Public + security smoke (production build)	Production build	2026-07-13T20:24:15.6911413Z   FI_E2E_BASE_URL: http://127.0.0.1:3000
Public + security smoke (production build)	Production build	2026-07-13T20:24:15.6911760Z   NEXT_PUBLIC_SUPABASE_URL: https://ci-placeholder.supabase.co
Public + security smoke (production build)	Production build	2026-07-13T20:24:15.6912325Z   NEXT_PUBLIC_SUPABASE_ANON_KEY: ***
Public + security smoke (production build)	Production build	2026-07-13T20:24:15.6912736Z   SUPABASE_SERVICE_ROLE_KEY: ***
Public + security smoke (production build)	Production build	2026-07-13T20:24:15.6912959Z   PNPM_HOME: /home/runner/setup-pnpm/node_modules/.bin
Public + security smoke (production build)	Production build	2026-07-13T20:24:15.6913225Z   NODE_ENV: production
Public + security smoke (production build)	Production build	2026-07-13T20:24:15.6913388Z ##[endgroup]
Public + security smoke (production build)	Production build	2026-07-13T20:24:15.9179281Z 
Public + security smoke (production build)	Production build	2026-07-13T20:24:15.9179837Z > follicleintelligence@0.1.0 build /home/runner/work/G-follicleintelligence/G-follicleintelligence
Public + security smoke (production build)	Production build	2026-07-13T20:24:15.9180187Z > next build
Public + security smoke (production build)	Production build	2026-07-13T20:24:15.9180272Z 
Public + security smoke (production build)	Production build	2026-07-13T20:24:16.2394425Z ÔÜá No build cache found. Please configure build caching for faster rebuilds. Read more: https://nextjs.org/docs/messages/no-cache
Public + security smoke (production build)	Production build	2026-07-13T20:24:16.3349517Z Attention: Next.js now collects completely anonymous telemetry regarding usage.
Public + security smoke (production build)	Production build	2026-07-13T20:24:16.3350154Z This information is used to shape Next.js' roadmap and prioritize features.
Public + security smoke (production build)	Production build	2026-07-13T20:24:16.3350975Z You can learn more, including how to opt-out if you'd not like to participate in this anonymous program, by visiting the following URL:
Public + security smoke (production build)	Production build	2026-07-13T20:24:16.3351592Z https://nextjs.org/telemetry
Public + security smoke (production build)	Production build	2026-07-13T20:24:16.3351752Z 
Public + security smoke (production build)	Production build	2026-07-13T20:24:16.3653886Z   Ôû▓ Next.js 14.2.35
Public + security smoke (production build)	Production build	2026-07-13T20:24:16.3654269Z 
Public + security smoke (production build)	Production build	2026-07-13T20:24:16.4275810Z    Creating an optimized production build ...
Public + security smoke (production build)	Production build	2026-07-13T20:25:51.4308577Z <w> [webpack.cache.PackFileCacheStrategy] Serializing big strings (102kiB) impacts deserialization performance (consider using Buffer instead and decode when needed)
Public + security smoke (production build)	Production build	2026-07-13T20:25:51.4327706Z <w> [webpack.cache.PackFileCacheStrategy] Serializing big strings (244kiB) impacts deserialization performance (consider using Buffer instead and decode when needed)
Public + security smoke (production build)	Production build	2026-07-13T20:25:53.9932376Z 
Public + security smoke (production build)	Production build	2026-07-13T20:25:53.9933816Z ^[[1m^[[33mwarn^[[39m^[[22m - Your `content` configuration includes a pattern which looks like it's accidentally matching all of `node_modules` and can cause serious performance issues.
Public + security smoke (production build)	Production build	2026-07-13T20:25:53.9934462Z ^[[1m^[[33mwarn^[[39m^[[22m - Pattern: `./packages/**/*.js`
Public + security smoke (production build)	Production build	2026-07-13T20:25:53.9934825Z ^[[1m^[[33mwarn^[[39m^[[22m - See our documentation for recommendations:
Public + security smoke (production build)	Production build	2026-07-13T20:25:53.9935340Z ^[[1m^[[33mwarn^[[39m^[[22m - https://tailwindcss.com/docs/content-configuration#pattern-recommendations
Public + security smoke (production build)	Production build	2026-07-13T20:26:14.6185379Z  ÔÜá Compiled with warnings
Public + security smoke (production build)	Production build	2026-07-13T20:26:14.6187357Z 
Public + security smoke (production build)	Production build	2026-07-13T20:26:14.6188421Z ./node_modules/.pnpm/@supabase+supabase-js@2.108.1/node_modules/@supabase/supabase-js/dist/index.mjs
Public + security smoke (production build)	Production build	2026-07-13T20:26:14.6189207Z A Node.js API is used (process.version at line: 27) which is not supported in the Edge Runtime.
Public + security smoke (production build)	Production build	2026-07-13T20:26:14.6189810Z Learn more: https://nextjs.org/docs/api-reference/edge-runtime
Public + security smoke (production build)	Production build	2026-07-13T20:26:14.6190131Z 
Public + security smoke (production build)	Production build	2026-07-13T20:26:14.6190286Z Import trace for requested module:
Public + security smoke (production build)	Production build	2026-07-13T20:26:14.6190814Z ./node_modules/.pnpm/@supabase+supabase-js@2.108.1/node_modules/@supabase/supabase-js/dist/index.mjs
Public + security smoke (production build)	Production build	2026-07-13T20:26:14.6191588Z ./node_modules/.pnpm/@supabase+ssr@0.5.2_@supabase+supabase-js@2.108.1/node_modules/@supabase/ssr/dist/module/createBrowserClient.js
Public + security smoke (production build)	Production build	2026-07-13T20:26:14.6192457Z ./node_modules/.pnpm/@supabase+ssr@0.5.2_@supabase+supabase-js@2.108.1/node_modules/@supabase/ssr/dist/module/index.js
Public + security smoke (production build)	Production build	2026-07-13T20:26:14.6192893Z 
Public + security smoke (production build)	Production build	2026-07-13T20:26:14.6196063Z    Linting and checking validity of types ...
Public + security smoke (production build)	Production build	2026-07-13T20:26:55.0767382Z 
Public + security smoke (production build)	Production build	2026-07-13T20:26:55.0768554Z ./src/components/fi/TenantConfigurationPanel.tsx
Public + security smoke (production build)	Production build	2026-07-13T20:26:55.0769644Z 202:5  Warning: React Hook useMemo has an unnecessary dependency: 'brandingRevisionKey'. Either exclude it or remove the dependency array.  react-hooks/exhaustive-deps
Public + security smoke (production build)	Production build	2026-07-13T20:26:55.0770272Z 
Public + security smoke (production build)	Production build	2026-07-13T20:26:55.0770433Z ./src/components/fi-os/FiOsModuleNav.tsx
Public + security smoke (production build)	Production build	2026-07-13T20:26:55.0772407Z 206:6  Warning: React Hook useEffect has a missing dependency: 'activeGroupId'. Either include it or remove the dependency array. If 'setExpandedGroups' needs the current value of 'activeGroupId', you can also switch to useReducer instead of useState and read 'activeGroupId' in the reducer.  react-hooks/exhaustive-deps
Public + security smoke (production build)	Production build	2026-07-13T20:26:55.0773618Z 
Public + security smoke (production build)	Production build	2026-07-13T20:26:55.0774195Z info  - Need to disable some ESLint rules? Learn more here: https://nextjs.org/docs/basic-features/eslint#disabling-rules
Public + security smoke (production build)	Production build	2026-07-13T20:27:21.1997835Z    Collecting page data ...
Public + security smoke (production build)	Production build	2026-07-13T20:27:22.2920181Z  ÔÜá Using edge runtime on a page currently disables static generation for that page
Public + security smoke (production build)	Production build	2026-07-13T20:27:26.4722361Z    Generating static pages (0/86) ...
Public + security smoke (production build)	Production build	2026-07-13T20:27:36.3541519Z    Generating static pages (21/86) 
Public + security smoke (production build)	Production build	2026-07-13T20:27:38.1229142Z    Generating static pages (42/86) 
Public + security smoke (production build)	Production build	2026-07-13T20:27:39.9649931Z    Generating static pages (64/86) 
Public + security smoke (production build)	Production build	2026-07-13T20:27:41.9911156Z  Ô£ô Generating static pages (86/86)
Public + security smoke (production build)	Production build	2026-07-13T20:27:42.0671209Z    Finalizing page optimization ...
Public + security smoke (production build)	Production build	2026-07-13T20:27:42.0672638Z    Collecting build traces ...
Public + security smoke (production build)	Production build	2026-07-13T20:27:42.0768264Z 
Public + security smoke (production build)	Production build	2026-07-13T20:27:42.1034680Z Route (app)                                                                                         Size     First Load JS
Public + security smoke (production build)	Production build	2026-07-13T20:27:42.1036054Z Ôöî Ôùï /                                                                                               11.9 kB         158 kB
Public + security smoke (production build)	Production build	2026-07-13T20:27:42.1037001Z Ôö£ Ôùï /_not-found                                                                                     878 B          89.4 kB
Public + security smoke (production build)	Production build	2026-07-13T20:27:42.1037784Z Ôö£ ãÆ /[indexnowKeyFile]                                                                              0 B                0 B
Public + security smoke (production build)	Production build	2026-07-13T20:27:42.1038556Z Ôö£ Ôùï /about                                                                                          880 B           147 kB
Public + security smoke (production build)	Production build	2026-07-13T20:27:42.1039674Z Ôö£ Ôùï /academy                                                                                        8.88 kB         155 kB
Public + security smoke (production build)	Production build	2026-07-13T20:27:42.1040444Z Ôö£ Ôùï /admin/platform/tenants                                                                         240 B          88.7 kB
Public + security smoke (production build)	Production build	2026-07-13T20:27:42.1041394Z Ôö£ Ôùï /ai-hair-transplant-analysis                                                                    880 B           147 kB
Public + security smoke (production build)	Production build	2026-07-13T20:27:42.1042583Z Ôö£ ãÆ /api/cron/fi-imaging-ai-analysis                                                                0 B                0 B
Public + security smoke (production build)	Production build	2026-07-13T20:27:42.1043759Z Ôö£ ãÆ /api/cron/fi-payments/reminders                                                                 0 B                0 B
Public + security smoke (production build)	Production build	2026-07-13T20:27:42.1045301Z Ôö£ ãÆ /api/cron/fi-photo-protocol-alerts                                                              0 B                0 B
Public + security smoke (production build)	Production build	2026-07-13T20:27:42.1046266Z Ôö£ ãÆ /api/cron/fi-reminder-jobs                                                                      0 B                0 B
Public + security smoke (production build)	Production build	2026-07-13T20:27:42.1048138Z Ôö£ ãÆ /api/cron/financial-os/automation                                                               0 B                0 B
Public + security smoke (production build)	Production build	2026-07-13T20:27:42.1049585Z Ôö£ ãÆ /api/cron/financial-os/clearance-snapshots                                                      0 B                0 B
Public + security smoke (production build)	Production build	2026-07-13T20:27:42.1050978Z Ôö£ ãÆ /api/cron/financial-os/expense-ocr                                                              0 B                0 B
Public + security smoke (production build)	Production build	2026-07-13T20:27:42.1052392Z Ôö£ ãÆ /api/cron/financial-os/pathway-task-escalation                                                  0 B                0 B
Public + security smoke (production build)	Production build	2026-07-13T20:27:42.1053765Z Ôö£ ãÆ /api/cron/google-calendar/sync                                                                  0 B                0 B
Public + security smoke (production build)	Production build	2026-07-13T20:27:42.1055103Z Ôö£ ãÆ /api/cron/iiohr-hr-perth-staff-sync                                                             0 B                0 B
Public + security smoke (production build)	Production build	2026-07-13T20:27:42.1055820Z Ôö£ ãÆ /api/cron/leadflow/process-hubspot-events                                                       0 B                0 B
Public + security smoke (production build)	Production build	2026-07-13T20:27:42.1058117Z Ôö£ ãÆ /api/cron/platform-events/process                                                               0 B                0 B
Public + security smoke (production build)	Production build	2026-07-13T20:27:42.1059474Z Ôö£ ãÆ /api/cron/reports/scheduled-runs                                                                0 B                0 B
Public + security smoke (production build)	Production build	2026-07-13T20:27:42.1060500Z Ôö£ ãÆ /api/cron/seo-indexnow                                                                          0 B                0 B
Public + security smoke (production build)	Production build	2026-07-13T20:27:42.1061834Z Ôö£ ãÆ /api/cron/workforce-compliance-audit                                                            0 B                0 B
Public + security smoke (production build)	Production build	2026-07-13T20:27:42.1062515Z Ôö£ ãÆ /api/cron/workforce-time-clock-auto-close                                                       0 B                0 B
Public + security smoke (production build)	Production build	2026-07-13T20:27:42.1063824Z Ôö£ ãÆ /api/fi-os/impersonation/start                                                                  0 B                0 B
Public + security smoke (production build)	Production build	2026-07-13T20:27:42.1064419Z Ôö£ ãÆ /api/fi-os/impersonation/stop                                                                   0 B                0 B
Public + security smoke (production build)	Production build	2026-07-13T20:27:42.1065113Z Ôö£ ãÆ /api/fi-payments/stripe/webhook                                                                 0 B                0 B
Public + security smoke (production build)	Production build	2026-07-13T20:27:42.1065688Z Ôö£ ãÆ /api/fi-staff-pin/login                                                                         0 B                0 B
Public + security smoke (production build)	Production build	2026-07-13T20:27:42.1066240Z Ôö£ ãÆ /api/fi-staff-pin/logout                                                                        0 B                0 B
Public + security smoke (production build)	Production build	2026-07-13T20:27:42.1066917Z Ôö£ ãÆ /api/fi/audit/approve                                                                           0 B                0 B
Public + security smoke (production build)	Production build	2026-07-13T20:27:42.1067819Z Ôö£ ãÆ /api/fi/audit/dashboard                                                                         0 B                0 B
Public + security smoke (production build)	Production build	2026-07-13T20:27:42.1068379Z Ôö£ ãÆ /api/fi/audit/queue                                                                             0 B                0 B
Public + security smoke (production build)	Production build	2026-07-13T20:27:42.1068911Z Ôö£ ãÆ /api/fi/audit/reject                                                                            0 B                0 B
Public + security smoke (production build)	Production build	2026-07-13T20:27:42.1069447Z Ôö£ ãÆ /api/fi/cases                                                                                   0 B                0 B
Public + security smoke (production build)	Production build	2026-07-13T20:27:42.1070399Z Ôö£ ãÆ /api/fi/copy-check                                                                              0 B                0 B
Public + security smoke (production build)	Production build	2026-07-13T20:27:42.1071372Z Ôö£ ãÆ /api/fi/events                                                                                  0 B                0 B
Public + security smoke (production build)	Production build	2026-07-13T20:27:42.1071923Z Ôö£ ãÆ /api/fi/partners                                                                                0 B                0 B
Public + security smoke (production build)	Production build	2026-07-13T20:27:42.1073337Z Ôö£ ãÆ /api/fi/patient-twin/[patientId]                                                                0 B                0 B
Public + security smoke (production build)	Production build	2026-07-13T20:27:42.1074297Z Ôö£ ãÆ /api/fi/report                                                                                  0 B                0 B
Public + security smoke (production build)	Production build	2026-07-13T20:27:42.1075588Z Ôö£ ãÆ /api/fi/run-model                                                                               0 B                0 B
Public + security smoke (production build)	Production build	2026-07-13T20:27:42.1076553Z Ôö£ ãÆ /api/fi/submit                                                                                  0 B                0 B
Public + security smoke (production build)	Production build	2026-07-13T20:27:42.1077824Z Ôö£ ãÆ /api/fi/uploads                                                                                 0 B                0 B
Public + security smoke (production build)	Production build	2026-07-13T20:27:42.1079139Z Ôö£ ãÆ /api/google-calendar/oauth/callback                                                             0 B                0 B
Public + security smoke (production build)	Production build	2026-07-13T20:27:42.1079798Z Ôö£ ãÆ /api/google/calendar/webhook                                                                    0 B                0 B
Public + security smoke (production build)	Production build	2026-07-13T20:27:42.1080809Z Ôö£ ãÆ /api/health/iiohr-hr-staff-sync                                                                 0 B                0 B
Public + security smoke (production build)	Production build	2026-07-13T20:27:42.1082218Z Ôö£ ãÆ /api/ingest/[tenantId]/partners                                                                 0 B                0 B
Public + security smoke (production build)	Production build	2026-07-13T20:27:42.1083718Z Ôö£ ãÆ /api/integrations/iiohr/competency-export                                                       0 B                0 B
Public + security smoke (production build)	Production build	2026-07-13T20:27:42.1085180Z Ôö£ ãÆ /api/integrations/pathology-email/inbound                                                       0 B                0 B
Public + security smoke (production build)	Production build	2026-07-13T20:27:42.1086737Z Ôö£ ãÆ /api/internal/hairaudit/image-classify                                                          0 B                0 B
Public + security smoke (production build)	Production build	2026-07-13T20:27:42.1088100Z Ôö£ ãÆ /api/internal/imaging/classify                                                                  0 B                0 B
Public + security smoke (production build)	Production build	2026-07-13T20:27:42.1089442Z Ôö£ ãÆ /api/internal/leadflow/process-hubspot-events                                                   0 B                0 B
Public + security smoke (production build)	Production build	2026-07-13T20:27:42.1090420Z Ôö£ ãÆ /api/nexus/iiohr/provision                                                                      0 B                0 B
Public + security smoke (production build)	Production build	2026-07-13T20:27:42.1091712Z Ôö£ ãÆ /api/nexus/iiohr/rollback                                                                       0 B                0 B
Public + security smoke (production build)	Production build	2026-07-13T20:27:42.1093136Z Ôö£ ãÆ /api/nexus/iiohr/state                                                                          0 B                0 B
Public + security smoke (production build)	Production build	2026-07-13T20:27:42.1094193Z Ôö£ ãÆ /api/patient/[tenantId]/images                                                                  0 B                0 B
Public + security smoke (production build)	Production build	2026-07-13T20:27:42.1094775Z Ôö£ ãÆ /api/public/booking-arrival                                                                     0 B                0 B
Public + security smoke (production build)	Production build	2026-07-13T20:27:42.1095319Z Ôö£ ãÆ /api/tenants                                                                                    0 B                0 B
Public + security smoke (production build)	Production build	2026-07-13T20:27:42.1095862Z Ôö£ ãÆ /api/tenants/[tenantId]/appointments                                                            0 B                0 B
Public + security smoke (production build)	Production build	2026-07-13T20:27:42.1096714Z Ôö£ ãÆ /api/tenants/[tenantId]/appointments/[appointmentId]                                            0 B                0 B
Public + security smoke (production build)	Production build	2026-07-13T20:27:42.1097712Z Ôö£ ãÆ /api/tenants/[tenantId]/bookings                                                                0 B                0 B
Public + security smoke (production build)	Production build	2026-07-13T20:27:42.1098369Z Ôö£ ãÆ /api/tenants/[tenantId]/bookings/[bookingId]                                                    0 B                0 B
Public + security smoke (production build)	Production build	2026-07-13T20:27:42.1098986Z Ôö£ ãÆ /api/tenants/[tenantId]/bookings/[bookingId]/cancel                                             0 B                0 B
Public + security smoke (production build)	Production build	2026-07-13T20:27:42.1099684Z Ôö£ ãÆ /api/tenants/[tenantId]/bookings/[bookingId]/complete                                           0 B                0 B
Public + security smoke (production build)	Production build	2026-07-13T20:27:42.1100345Z Ôö£ ãÆ /api/tenants/[tenantId]/calendar/appointments                                                   0 B                0 B
Public + security smoke (production build)	Production build	2026-07-13T20:27:42.1101383Z Ôö£ ãÆ /api/tenants/[tenantId]/cases                                                                   0 B                0 B
Public + security smoke (production build)	Production build	2026-07-13T20:27:42.1102307Z Ôö£ ãÆ /api/tenants/[tenantId]/cases/[caseId]                                                          0 B                0 B
Public + security smoke (production build)	Production build	2026-07-13T20:27:42.1103855Z Ôö£ ãÆ /api/tenants/[tenantId]/cases/[caseId]/run-model                                                0 B                0 B
Public + security smoke (production build)	Production build	2026-07-13T20:27:42.1105216Z Ôö£ ãÆ /api/tenants/[tenantId]/cases/[caseId]/submit                                                   0 B                0 B
Public + security smoke (production build)	Production build	2026-07-13T20:27:42.1107161Z Ôö£ ãÆ /api/tenants/[tenantId]/cases/[caseId]/uploads                                                  0 B                0 B
Public + security smoke (production build)	Production build	2026-07-13T20:27:42.1108479Z Ôö£ ãÆ /api/tenants/[tenantId]/clinic-os/global-search                                                 0 B                0 B
Public + security smoke (production build)	Production build	2026-07-13T20:27:42.1109786Z Ôö£ ãÆ /api/tenants/[tenantId]/consultations/search-links                                              0 B                0 B
Public + security smoke (production build)	Production build	2026-07-13T20:27:42.1111233Z Ôö£ ãÆ /api/tenants/[tenantId]/crm/leads                                                               0 B                0 B
Public + security smoke (production build)	Production build	2026-07-13T20:27:42.1112567Z Ôö£ ãÆ /api/tenants/[tenantId]/crm/leads/[leadId]                                                      0 B                0 B
Public + security smoke (production build)	Production build	2026-07-13T20:27:42.1114516Z Ôö£ ãÆ /api/tenants/[tenantId]/crm/leads/[leadId]/activity                                             0 B                0 B
Public + security smoke (production build)	Production build	2026-07-13T20:27:42.1115962Z Ôö£ ãÆ /api/tenants/[tenantId]/crm/leads/[leadId]/communications                                       0 B                0 B
Public + security smoke (production build)	Production build	2026-07-13T20:27:42.1117452Z Ôö£ ãÆ /api/tenants/[tenantId]/crm/leads/[leadId]/communications/[communicationId]                     0 B                0 B
Public + security smoke (production build)	Production build	2026-07-13T20:27:42.1118602Z Ôö£ ãÆ /api/tenants/[tenantId]/crm/leads/[leadId]/communications/[communicationId]/archive             0 B                0 B
Public + security smoke (production build)	Production build	2026-07-13T20:27:42.1119978Z Ôö£ ãÆ /api/tenants/[tenantId]/crm/leads/[leadId]/convert                                              0 B                0 B
Public + security smoke (production build)	Production build	2026-07-13T20:27:42.1121339Z Ôö£ ãÆ /api/tenants/[tenantId]/crm/leads/[leadId]/messages/preview                                     0 B                0 B
Public + security smoke (production build)	Production build	2026-07-13T20:27:42.1122386Z Ôö£ ãÆ /api/tenants/[tenantId]/crm/leads/[leadId]/notes                                                0 B                0 B
Public + security smoke (production build)	Production build	2026-07-13T20:27:42.1123095Z Ôö£ ãÆ /api/tenants/[tenantId]/crm/leads/[leadId]/notes/[noteId]                                       0 B                0 B
Public + security smoke (production build)	Production build	2026-07-13T20:27:42.1123741Z Ôö£ ãÆ /api/tenants/[tenantId]/crm/leads/[leadId]/notes/[noteId]/archive                               0 B                0 B
Public + security smoke (production build)	Production build	2026-07-13T20:27:42.1124393Z Ôö£ ãÆ /api/tenants/[tenantId]/crm/leads/[leadId]/previews                                             0 B                0 B
Public + security smoke (production build)	Production build	2026-07-13T20:27:42.1125015Z Ôö£ ãÆ /api/tenants/[tenantId]/crm/leads/[leadId]/stage                                                0 B                0 B
Public + security smoke (production build)	Production build	2026-07-13T20:27:42.1125955Z Ôö£ ãÆ /api/tenants/[tenantId]/crm/leads/[leadId]/tasks                                                0 B                0 B
Public + security smoke (production build)	Production build	2026-07-13T20:27:42.1126718Z Ôö£ ãÆ /api/tenants/[tenantId]/crm/leads/[leadId]/tasks/[taskId]                                       0 B                0 B
Public + security smoke (production build)	Production build	2026-07-13T20:27:42.1127378Z Ôö£ ãÆ /api/tenants/[tenantId]/crm/pipeline-stages                                                     0 B                0 B
Public + security smoke (production build)	Production build	2026-07-13T20:27:42.1127995Z Ôö£ ãÆ /api/tenants/[tenantId]/financial-os                                                            0 B                0 B
Public + security smoke (production build)	Production build	2026-07-13T20:27:42.1128614Z Ôö£ ãÆ /api/tenants/[tenantId]/financial-os/expense-links                                              0 B                0 B
Public + security smoke (production build)	Production build	2026-07-13T20:27:42.1129254Z Ôö£ ãÆ /api/tenants/[tenantId]/foundation-integrity                                                    0 B                0 B
Public + security smoke (production build)	Production build	2026-07-13T20:27:42.1129936Z Ôö£ ãÆ /api/tenants/[tenantId]/integrations/generic-email/ingest                                       0 B                0 B
Public + security smoke (production build)	Production build	2026-07-13T20:27:42.1130629Z Ôö£ ãÆ /api/tenants/[tenantId]/integrations/google-calendar/oauth/start                                0 B                0 B
Public + security smoke (production build)	Production build	2026-07-13T20:27:42.1131311Z Ôö£ ãÆ /api/tenants/[tenantId]/integrations/google-calendar/validate                                   0 B                0 B
Public + security smoke (production build)	Production build	2026-07-13T20:27:42.1131984Z Ôö£ ãÆ /api/tenants/[tenantId]/integrations/hubspot/contact                                            0 B                0 B
Public + security smoke (production build)	Production build	2026-07-13T20:27:42.1132613Z Ôö£ ãÆ /api/tenants/[tenantId]/integrations/hubspot/deal                                               0 B                0 B
Public + security smoke (production build)	Production build	2026-07-13T20:27:42.1133247Z Ôö£ ãÆ /api/tenants/[tenantId]/integrations/hubspot/email-event                                        0 B                0 B
Public + security smoke (production build)	Production build	2026-07-13T20:27:42.1133963Z Ôö£ ãÆ /api/tenants/[tenantId]/integrations/hubspot/webhook                                            0 B                0 B
Public + security smoke (production build)	Production build	2026-07-13T20:27:42.1134708Z Ôö£ ãÆ /api/tenants/[tenantId]/integrations/iiohr-hr/staff-sync                                        0 B                0 B
Public + security smoke (production build)	Production build	2026-07-13T20:27:42.1135372Z Ôö£ ãÆ /api/tenants/[tenantId]/integrations/timely/appointment                                         0 B                0 B
Public + security smoke (production build)	Production build	2026-07-13T20:27:42.1136029Z Ôö£ ãÆ /api/tenants/[tenantId]/integrations/timely/discovery                                           0 B                0 B
Public + security smoke (production build)	Production build	2026-07-13T20:27:42.1136844Z Ôö£ ãÆ /api/tenants/[tenantId]/integrations/timely/patient                                             0 B                0 B
Public + security smoke (production build)	Production build	2026-07-13T20:27:42.1137494Z Ôö£ ãÆ /api/tenants/[tenantId]/pathology-email-routes                                                  0 B                0 B
Public + security smoke (production build)	Production build	2026-07-13T20:27:42.1138147Z Ôö£ ãÆ /api/tenants/[tenantId]/pathology-email-routes/[routeId]                                        0 B                0 B
Public + security smoke (production build)	Production build	2026-07-13T20:27:42.1138826Z Ôö£ ãÆ /api/tenants/[tenantId]/pathology-extraction-jobs/[jobId]/dismiss                               0 B                0 B
Public + security smoke (production build)	Production build	2026-07-13T20:27:42.1139522Z Ôö£ ãÆ /api/tenants/[tenantId]/pathology-extraction-jobs/[jobId]/retry                                 0 B                0 B
Public + security smoke (production build)	Production build	2026-07-13T20:27:42.1140165Z Ôö£ ãÆ /api/tenants/[tenantId]/pathology-inbox                                                         0 B                0 B
Public + security smoke (production build)	Production build	2026-07-13T20:27:42.1140812Z Ôö£ ãÆ /api/tenants/[tenantId]/pathology-inbox/[documentId]/create-draft                               0 B                0 B
Public + security smoke (production build)	Production build	2026-07-13T20:27:42.1141572Z Ôö£ ãÆ /api/tenants/[tenantId]/pathology-inbox/[documentId]/extract                                    0 B                0 B
Public + security smoke (production build)	Production build	2026-07-13T20:27:42.1142300Z Ôö£ ãÆ /api/tenants/[tenantId]/pathology-inbox/[documentId]/match                                      0 B                0 B
Public + security smoke (production build)	Production build	2026-07-13T20:27:42.1142982Z Ôö£ ãÆ /api/tenants/[tenantId]/pathology-inbox/[documentId]/promote                                    0 B                0 B
Public + security smoke (production build)	Production build	2026-07-13T20:27:42.1143662Z Ôö£ ãÆ /api/tenants/[tenantId]/patient-directory/[patientId]                                           0 B                0 B
Public + security smoke (production build)	Production build	2026-07-13T20:27:42.1144385Z Ôö£ ãÆ /api/tenants/[tenantId]/patient-directory/[patientId]/clinical-details                          0 B                0 B
Public + security smoke (production build)	Production build	2026-07-13T20:27:42.1145096Z Ôö£ ãÆ /api/tenants/[tenantId]/patient-directory/[patientId]/images                                    0 B                0 B
Public + security smoke (production build)	Production build	2026-07-13T20:27:42.1145799Z Ôö£ ãÆ /api/tenants/[tenantId]/patient-directory/[patientId]/images/[imageId]                          0 B                0 B
Public + security smoke (production build)	Production build	2026-07-13T20:27:42.1146662Z Ôö£ ãÆ /api/tenants/[tenantId]/patient-directory/[patientId]/images/[imageId]/archive                  0 B                0 B
Public + security smoke (production build)	Production build	2026-07-13T20:27:42.1147383Z Ôö£ ãÆ /api/tenants/[tenantId]/patients/[patientId]                                                    0 B                0 B
Public + security smoke (production build)	Production build	2026-07-13T20:27:42.1148046Z Ôö£ ãÆ /api/tenants/[tenantId]/patients/[patientId]/clinical-details                                   0 B                0 B
Public + security smoke (production build)	Production build	2026-07-13T20:27:42.1148730Z Ôö£ ãÆ /api/tenants/[tenantId]/patients/[patientId]/documents                                          0 B                0 B
Public + security smoke (production build)	Production build	2026-07-13T20:27:42.1149405Z Ôö£ ãÆ /api/tenants/[tenantId]/patients/[patientId]/images                                             0 B                0 B
Public + security smoke (production build)	Production build	2026-07-13T20:27:42.1150073Z Ôö£ ãÆ /api/tenants/[tenantId]/patients/[patientId]/images/[imageId]                                   0 B                0 B
Public + security smoke (production build)	Production build	2026-07-13T20:27:42.1150774Z Ôö£ ãÆ /api/tenants/[tenantId]/patients/[patientId]/images/[imageId]/archive                           0 B                0 B
Public + security smoke (production build)	Production build	2026-07-13T20:27:42.1151483Z Ôö£ ãÆ /api/tenants/[tenantId]/patients/[patientId]/imaging/handout/pdf                                0 B                0 B
Public + security smoke (production build)	Production build	2026-07-13T20:27:42.1152207Z Ôö£ ãÆ /api/tenants/[tenantId]/patients/[patientId]/imaging/visual-summary/pdf                         0 B                0 B
Public + security smoke (production build)	Production build	2026-07-13T20:27:42.1152947Z Ôö£ ãÆ /api/tenants/[tenantId]/patients/[patientId]/imaging/visual-summary/share                       0 B                0 B
Public + security smoke (production build)	Production build	2026-07-13T20:27:42.1153638Z Ôö£ ãÆ /api/tenants/[tenantId]/patients/[patientId]/pathology-requests                                 0 B                0 B
Public + security smoke (production build)	Production build	2026-07-13T20:27:42.1154325Z Ôö£ ãÆ /api/tenants/[tenantId]/patients/[patientId]/pathology-requests/[requestId]                     0 B                0 B
Public + security smoke (production build)	Production build	2026-07-13T20:27:42.1155158Z Ôö£ ãÆ /api/tenants/[tenantId]/patients/[patientId]/pathology-requests/[requestId]/cancel              0 B                0 B
Public + security smoke (production build)	Production build	2026-07-13T20:27:42.1156007Z Ôö£ ãÆ /api/tenants/[tenantId]/patients/[patientId]/pathology-requests/[requestId]/pdf                 0 B                0 B
Public + security smoke (production build)	Production build	2026-07-13T20:27:42.1156811Z Ôö£ ãÆ /api/tenants/[tenantId]/patients/[patientId]/pathology-requests/[requestId]/send-to-patient     0 B                0 B
Public + security smoke (production build)	Production build	2026-07-13T20:27:42.1157531Z Ôö£ ãÆ /api/tenants/[tenantId]/patients/[patientId]/pathology-results                                  0 B                0 B
Public + security smoke (production build)	Production build	2026-07-13T20:27:42.1158242Z Ôö£ ãÆ /api/tenants/[tenantId]/patients/[patientId]/pathology-results/[resultId]                       0 B                0 B
Public + security smoke (production build)	Production build	2026-07-13T20:27:42.1158960Z Ôö£ ãÆ /api/tenants/[tenantId]/patients/[patientId]/pathology-results/[resultId]/ai-interpretation     0 B                0 B
Public + security smoke (production build)	Production build	2026-07-13T20:27:42.1159689Z Ôö£ ãÆ /api/tenants/[tenantId]/patients/[patientId]/prescriptions/[prescriptionId]/pharmacy-order-pdf  0 B                0 B
Public + security smoke (production build)	Production build	2026-07-13T20:27:42.1160398Z Ôö£ ãÆ /api/tenants/[tenantId]/patients/[patientId]/vie/capture/accept                                 0 B                0 B
Public + security smoke (production build)	Production build	2026-07-13T20:27:42.1161084Z Ôö£ ãÆ /api/tenants/[tenantId]/patients/[patientId]/vie/capture/reference                              0 B                0 B
Public + security smoke (production build)	Production build	2026-07-13T20:27:42.1161761Z Ôö£ ãÆ /api/tenants/[tenantId]/patients/[patientId]/vie/capture/retake                                 0 B                0 B
Public + security smoke (production build)	Production build	2026-07-13T20:27:42.1162461Z Ôö£ ãÆ /api/tenants/[tenantId]/patients/[patientId]/voice-notes/process                                0 B                0 B
Public + security smoke (production build)	Production build	2026-07-13T20:27:42.1163096Z Ôö£ ãÆ /api/tenants/[tenantId]/procedure-day                                                           0 B                0 B
Public + security smoke (production build)	Production build	2026-07-13T20:27:42.1163699Z Ôö£ ãÆ /api/tenants/[tenantId]/reception-board                                                         0 B                0 B
Public + security smoke (production build)	Production build	2026-07-13T20:27:42.1164290Z Ôö£ ãÆ /api/tenants/[tenantId]/reception-os                                                            0 B                0 B
Public + security smoke (production build)	Production build	2026-07-13T20:27:42.1164890Z Ôö£ ãÆ /api/tenants/[tenantId]/reception-os/export                                                     0 B                0 B
Public + security smoke (production build)	Production build	2026-07-13T20:27:42.1165501Z Ôö£ ãÆ /api/tenants/[tenantId]/reception-tasks                                                         0 B                0 B
Public + security smoke (production build)	Production build	2026-07-13T20:27:42.1166086Z Ôö£ ãÆ /api/tenants/[tenantId]/seed                                                                    0 B                0 B
Public + security smoke (production build)	Production build	2026-07-13T20:27:42.1166724Z Ôö£ ãÆ /api/tenants/[tenantId]/staff                                                                   0 B                0 B
Public + security smoke (production build)	Production build	2026-07-13T20:27:42.1167319Z Ôö£ ãÆ /api/tenants/[tenantId]/staff-uat/telemetry                                                     0 B                0 B
Public + security smoke (production build)	Production build	2026-07-13T20:27:42.1167908Z Ôö£ ãÆ /api/tenants/[tenantId]/staff/[staffId]                                                         0 B                0 B
Public + security smoke (production build)	Production build	2026-07-13T20:27:42.1168496Z Ôö£ ãÆ /api/tenants/[tenantId]/surgery-os                                                              0 B                0 B
Public + security smoke (production build)	Production build	2026-07-13T20:27:42.1169080Z Ôö£ ãÆ /api/tenants/[tenantId]/tick-jobs                                                               0 B                0 B
Public + security smoke (production build)	Production build	2026-07-13T20:27:42.1169675Z Ôö£ ãÆ /api/tenants/[tenantId]/today-signal/revision                                                   0 B                0 B
Public + security smoke (production build)	Production build	2026-07-13T20:27:42.1170314Z Ôö£ ãÆ /api/tenants/[tenantId]/workforce-os/payroll-export                                             0 B                0 B
Public + security smoke (production build)	Production build	2026-07-13T20:27:42.1170902Z Ôö£ Ôùï /apple-icon.png                                                                                 0 B                0 B
Public + security smoke (production build)	Production build	2026-07-13T20:27:42.1171422Z Ôö£ Ôùï /arrival                                                                                        1.14 kB        89.6 kB
Public + security smoke (production build)	Production build	2026-07-13T20:27:42.1171938Z Ôö£ Ôùï /audit-network                                                                                  9.38 kB         156 kB
Public + security smoke (production build)	Production build	2026-07-13T20:27:42.1172478Z Ôö£ Ôùï /clinic-owners                                                                                  9.75 kB         156 kB
Public + security smoke (production build)	Production build	2026-07-13T20:27:42.1173102Z Ôö£ Ôùï /contact                                                                                        880 B           147 kB
Public + security smoke (production build)	Production build	2026-07-13T20:27:42.1173654Z Ôö£ ãÆ /crm_operator                                                                                   240 B          88.7 kB
Public + security smoke (production build)	Production build	2026-07-13T20:27:42.1174193Z Ôö£ Ôùï /dashboard-demo                                                                                 880 B           147 kB
Public + security smoke (production build)	Production build	2026-07-13T20:27:42.1174736Z Ôö£ ãÆ /dashboard/calendar                                                                             249 B           347 kB
Public + security smoke (production build)	Production build	2026-07-13T20:27:42.1175256Z Ôö£ Ôùï /demo                                                                                           732 B           147 kB
Public + security smoke (production build)	Production build	2026-07-13T20:27:42.1175764Z Ôö£ Ôùï /design-system                                                                                  9.11 kB         115 kB
Public + security smoke (production build)	Production build	2026-07-13T20:27:42.1176299Z Ôö£ Ôùï /enterprise                                                                                     9.53 kB         156 kB
Public + security smoke (production build)	Production build	2026-07-13T20:27:42.1176923Z Ôö£ ãÆ /fi_clinic_admin                                                                                240 B          88.7 kB
Public + security smoke (production build)	Production build	2026-07-13T20:27:42.1177441Z Ôö£ ãÆ /fi-admin                                                                                       4.54 kB         110 kB
Public + security smoke (production build)	Production build	2026-07-13T20:27:42.1177959Z Ôö£ ãÆ /fi-admin/[tenantId]                                                                            10.3 kB         245 kB
Public + security smoke (production build)	Production build	2026-07-13T20:27:42.1178515Z Ôö£ ãÆ /fi-admin/[tenantId]/analytics                                                                  262 B          97.5 kB
Public + security smoke (production build)	Production build	2026-07-13T20:27:42.1179089Z Ôö£ ãÆ /fi-admin/[tenantId]/appointments                                                               10.4 kB         183 kB
Public + security smoke (production build)	Production build	2026-07-13T20:27:42.1179704Z Ôö£ ãÆ /fi-admin/[tenantId]/appointments/[appointmentId]                                               11 kB           194 kB
Public + security smoke (production build)	Production build	2026-07-13T20:27:42.1180293Z Ôö£ ãÆ /fi-admin/[tenantId]/audit                                                                      149 B           116 kB
Public + security smoke (production build)	Production build	2026-07-13T20:27:42.1180876Z Ôö£ ãÆ /fi-admin/[tenantId]/audit/[reportId]                                                           2.54 kB        99.8 kB
Public + security smoke (production build)	Production build	2026-07-13T20:27:42.1181443Z Ôö£ ãÆ /fi-admin/[tenantId]/bookings                                                                   7.17 kB         130 kB
Public + security smoke (production build)	Production build	2026-07-13T20:27:42.1182005Z Ôö£ ãÆ /fi-admin/[tenantId]/bookings/new                                                               259 B          97.5 kB
Public + security smoke (production build)	Production build	2026-07-13T20:27:42.1182581Z Ôö£ ãÆ /fi-admin/[tenantId]/calendar                                                                   4.69 kB         351 kB
Public + security smoke (production build)	Production build	2026-07-13T20:27:42.1183153Z Ôö£ ãÆ /fi-admin/[tenantId]/calendar/testing                                                           8.88 kB         115 kB
Public + security smoke (production build)	Production build	2026-07-13T20:27:42.1183717Z Ôö£ ãÆ /fi-admin/[tenantId]/cases                                                                      581 B          97.8 kB
Public + security smoke (production build)	Production build	2026-07-13T20:27:42.1184283Z Ôö£ ãÆ /fi-admin/[tenantId]/cases/[caseId]                                                             27.7 kB         236 kB
Public + security smoke (production build)	Production build	2026-07-13T20:27:42.1184873Z Ôö£ ãÆ /fi-admin/[tenantId]/cases/[caseId]/summary                                                     428 B          97.7 kB
Public + security smoke (production build)	Production build	2026-07-13T20:27:42.1185449Z Ôö£ ãÆ /fi-admin/[tenantId]/cases/new                                                                  3.48 kB         101 kB
Public + security smoke (production build)	Production build	2026-07-13T20:27:42.1186014Z Ôö£ ãÆ /fi-admin/[tenantId]/configuration                                                              19.8 kB         143 kB
Public + security smoke (production build)	Production build	2026-07-13T20:27:42.1186705Z Ôö£ ãÆ /fi-admin/[tenantId]/configuration/pathology-email                                              4.03 kB         110 kB
Public + security smoke (production build)	Production build	2026-07-13T20:27:42.1187361Z Ôö£ ãÆ /fi-admin/[tenantId]/consultation-conversion                                                    240 B          88.7 kB
Public + security smoke (production build)	Production build	2026-07-13T20:27:42.1187969Z Ôö£ ãÆ /fi-admin/[tenantId]/consultations                                                              259 B          97.5 kB
Public + security smoke (production build)	Production build	2026-07-13T20:27:42.1188692Z Ôö£ ãÆ /fi-admin/[tenantId]/consultations/[consultationId]                                             9.31 kB         152 kB
Public + security smoke (production build)	Production build	2026-07-13T20:27:42.1189345Z Ôö£ ãÆ /fi-admin/[tenantId]/consultations/[consultationId]/forms                                       154 B           153 kB
Public + security smoke (production build)	Production build	2026-07-13T20:27:42.1190021Z Ôö£ ãÆ /fi-admin/[tenantId]/consultations/[consultationId]/forms/female-hair-loss                      154 B           153 kB
Public + security smoke (production build)	Production build	2026-07-13T20:27:42.1190716Z Ôö£ ãÆ /fi-admin/[tenantId]/consultations/[consultationId]/forms/follow-up                             154 B           153 kB
Public + security smoke (production build)	Production build	2026-07-13T20:27:42.1191415Z Ôö£ ãÆ /fi-admin/[tenantId]/consultations/[consultationId]/forms/hair-loss-treatment                   154 B           153 kB
Public + security smoke (production build)	Production build	2026-07-13T20:27:42.1192125Z Ôö£ ãÆ /fi-admin/[tenantId]/consultations/[consultationId]/forms/pathology                             154 B           153 kB
Public + security smoke (production build)	Production build	2026-07-13T20:27:42.1192808Z Ôö£ ãÆ /fi-admin/[tenantId]/consultations/[consultationId]/forms/repair                                154 B           153 kB
Public + security smoke (production build)	Production build	2026-07-13T20:27:42.1193453Z Ôö£ ãÆ /fi-admin/[tenantId]/consultations/new                                                          5.49 kB         124 kB
Public + security smoke (production build)	Production build	2026-07-13T20:27:42.1194023Z Ôö£ ãÆ /fi-admin/[tenantId]/crm                                                                        26.2 kB         242 kB
Public + security smoke (production build)	Production build	2026-07-13T20:27:42.1194591Z Ôö£ ãÆ /fi-admin/[tenantId]/crm/leads/[leadId]                                                         18.3 kB         199 kB
Public + security smoke (production build)	Production build	2026-07-13T20:27:42.1195166Z Ôö£ ãÆ /fi-admin/[tenantId]/directory                                                                  6.05 kB         112 kB
Public + security smoke (production build)	Production build	2026-07-13T20:27:42.1195723Z Ôö£ ãÆ /fi-admin/[tenantId]/doctor                                                                     259 B          97.5 kB
Public + security smoke (production build)	Production build	2026-07-13T20:27:42.1196285Z Ôö£ ãÆ /fi-admin/[tenantId]/financial                                                                  240 B          88.7 kB
Public + security smoke (production build)	Production build	2026-07-13T20:27:42.1196951Z Ôö£ ãÆ /fi-admin/[tenantId]/financial-os                                                               154 B           125 kB
Public + security smoke (production build)	Production build	2026-07-13T20:27:42.1197581Z Ôö£ ãÆ /fi-admin/[tenantId]/financial-os/accounts-receivable                                           3.19 kB         115 kB
Public + security smoke (production build)	Production build	2026-07-13T20:27:42.1198222Z Ôö£ ãÆ /fi-admin/[tenantId]/financial-os/cost-models                                                   3 kB            113 kB
Public + security smoke (production build)	Production build	2026-07-13T20:27:42.1198849Z Ôö£ ãÆ /fi-admin/[tenantId]/financial-os/executive                                                     3.21 kB         114 kB
Public + security smoke (production build)	Production build	2026-07-13T20:27:42.1199456Z Ôö£ ãÆ /fi-admin/[tenantId]/financial/dashboard                                                        1.41 kB         112 kB
Public + security smoke (production build)	Production build	2026-07-13T20:27:42.1200062Z Ôö£ ãÆ /fi-admin/[tenantId]/financial/deposit-rules                                                    240 B          88.7 kB
Public + security smoke (production build)	Production build	2026-07-13T20:27:42.1200668Z Ôö£ ãÆ /fi-admin/[tenantId]/financial/expenses                                                         10.3 kB         121 kB
Public + security smoke (production build)	Production build	2026-07-13T20:27:42.1201312Z Ôö£ ãÆ /fi-admin/[tenantId]/financial/expenses/imports/[importId]                                      3.56 kB         114 kB
Public + security smoke (production build)	Production build	2026-07-13T20:27:42.1201962Z Ôö£ ãÆ /fi-admin/[tenantId]/financial/finance-applications                                             4.28 kB         106 kB
Public + security smoke (production build)	Production build	2026-07-13T20:27:42.1202589Z Ôö£ ãÆ /fi-admin/[tenantId]/financial/installments                                                     1.41 kB         103 kB
Public + security smoke (production build)	Production build	2026-07-13T20:27:42.1203619Z Ôö£ ãÆ /fi-admin/[tenantId]/financial/international-transfers                                          5.36 kB         107 kB
Public + security smoke (production build)	Production build	2026-07-13T20:27:42.1204269Z Ôö£ ãÆ /fi-admin/[tenantId]/financial/invoices                                                         1.01 kB        98.2 kB
Public + security smoke (production build)	Production build	2026-07-13T20:27:42.1204884Z Ôö£ ãÆ /fi-admin/[tenantId]/financial/pathway-inbox                                                    4.68 kB         115 kB
Public + security smoke (production build)	Production build	2026-07-13T20:27:42.1205556Z Ôö£ ãÆ /fi-admin/[tenantId]/financial/payment-pathways                                                 3.35 kB         105 kB
Public + security smoke (production build)	Production build	2026-07-13T20:27:42.1206362Z Ôö£ ãÆ /fi-admin/[tenantId]/financial/payment-requests                                                 259 B          97.5 kB
Public + security smoke (production build)	Production build	2026-07-13T20:27:42.1207067Z Ôö£ ãÆ /fi-admin/[tenantId]/financial/payments                                                         240 B          88.7 kB
Public + security smoke (production build)	Production build	2026-07-13T20:27:42.1207668Z Ôö£ ãÆ /fi-admin/[tenantId]/financial/providers                                                        2.58 kB         104 kB
Public + security smoke (production build)	Production build	2026-07-13T20:27:42.1208271Z Ôö£ ãÆ /fi-admin/[tenantId]/financial/super-release                                                    4.61 kB         106 kB
Public + security smoke (production build)	Production build	2026-07-13T20:27:42.1208891Z Ôö£ ãÆ /fi-admin/[tenantId]/foundation-integrity                                                       7.1 kB          113 kB
Public + security smoke (production build)	Production build	2026-07-13T20:27:42.1209478Z Ôö£ ãÆ /fi-admin/[tenantId]/front-desk                                                                 13.9 kB         144 kB
Public + security smoke (production build)	Production build	2026-07-13T20:27:42.1210060Z Ôö£ ãÆ /fi-admin/[tenantId]/front-desk/clinic-flow                                                     240 B          88.7 kB
Public + security smoke (production build)	Production build	2026-07-13T20:27:42.1210692Z Ôö£ ãÆ /fi-admin/[tenantId]/front-desk/reception-board                                                 240 B          88.7 kB
Public + security smoke (production build)	Production build	2026-07-13T20:27:42.1211302Z Ôö£ ãÆ /fi-admin/[tenantId]/front-desk/tomorrow                                                        264 B           113 kB
Public + security smoke (production build)	Production build	2026-07-13T20:27:42.1211904Z Ôö£ ãÆ /fi-admin/[tenantId]/global-command-centre                                                      5.35 kB         111 kB
Public + security smoke (production build)	Production build	2026-07-13T20:27:42.1212547Z Ôö£ ãÆ /fi-admin/[tenantId]/global-command-centre/presentation                                         6.25 kB         112 kB
Public + security smoke (production build)	Production build	2026-07-13T20:27:42.1213160Z Ôö£ ãÆ /fi-admin/[tenantId]/hr-os                                                                      1.01 kB         107 kB
Public + security smoke (production build)	Production build	2026-07-13T20:27:42.1213732Z Ôö£ ãÆ /fi-admin/[tenantId]/hr-os/certifications                                                       1.67 kB         112 kB
Public + security smoke (production build)	Production build	2026-07-13T20:27:42.1214335Z Ôö£ ãÆ /fi-admin/[tenantId]/hr-os/compliance                                                           1.39 kB         112 kB
Public + security smoke (production build)	Production build	2026-07-13T20:27:42.1214924Z Ôö£ ãÆ /fi-admin/[tenantId]/hr-os/credentials                                                          1.65 kB         112 kB
Public + security smoke (production build)	Production build	2026-07-13T20:27:42.1215519Z Ôö£ ãÆ /fi-admin/[tenantId]/hr-os/duplicates                                                           1.89 kB         112 kB
Public + security smoke (production build)	Production build	2026-07-13T20:27:42.1216180Z Ôö£ ãÆ /fi-admin/[tenantId]/hr-os/offboarding                                                          2.5 kB          113 kB
Public + security smoke (production build)	Production build	2026-07-13T20:27:42.1216887Z Ôö£ ãÆ /fi-admin/[tenantId]/hr-os/onboarding                                                           162 B           130 kB
Public + security smoke (production build)	Production build	2026-07-13T20:27:42.1217506Z Ôö£ ãÆ /fi-admin/[tenantId]/hr-os/roster                                                               240 B          88.7 kB
Public + security smoke (production build)	Production build	2026-07-13T20:27:42.1218125Z Ôö£ ãÆ /fi-admin/[tenantId]/hr-os/staff-reconciliation                                                 6.14 kB         112 kB
Public + security smoke (production build)	Production build	2026-07-13T20:27:42.1218765Z Ôö£ ãÆ /fi-admin/[tenantId]/hr-os/sync-health                                                          155 B           118 kB
Public + security smoke (production build)	Production build	2026-07-13T20:27:42.1219372Z Ôö£ ãÆ /fi-admin/[tenantId]/hr/staff-import                                                            10.2 kB         116 kB
Public + security smoke (production build)	Production build	2026-07-13T20:27:42.1220003Z Ôö£ ãÆ /fi-admin/[tenantId]/hr/staff-import/payroll                                                    6.14 kB         112 kB
Public + security smoke (production build)	Production build	2026-07-13T20:27:42.1220628Z Ôö£ ãÆ /fi-admin/[tenantId]/hr/staff-readiness                                                         5.33 kB         122 kB
Public + security smoke (production build)	Production build	2026-07-13T20:27:42.1221235Z Ôö£ ãÆ /fi-admin/[tenantId]/hr/sync-health                                                             155 B           118 kB
Public + security smoke (production build)	Production build	2026-07-13T20:27:42.1221835Z Ôö£ ãÆ /fi-admin/[tenantId]/imaging/ai-jobs                                                            3.81 kB         101 kB
Public + security smoke (production build)	Production build	2026-07-13T20:27:42.1222453Z Ôö£ ãÆ /fi-admin/[tenantId]/imaging/review                                                             6.39 kB         110 kB
Public + security smoke (production build)	Production build	2026-07-13T20:27:42.1223197Z Ôö£ ãÆ /fi-admin/[tenantId]/intelligence/d6-bake                                                       5.67 kB         111 kB
Public + security smoke (production build)	Production build	2026-07-13T20:27:42.1223847Z Ôö£ ãÆ /fi-admin/[tenantId]/intelligence/navigation-audit                                              4.62 kB         110 kB
Public + security smoke (production build)	Production build	2026-07-13T20:27:42.1224505Z Ôö£ ãÆ /fi-admin/[tenantId]/intelligence/presence                                                      3.98 kB         110 kB
Public + security smoke (production build)	Production build	2026-07-13T20:27:42.1225149Z Ôö£ ãÆ /fi-admin/[tenantId]/intelligence/signal-learning                                               4.29 kB         110 kB
Public + security smoke (production build)	Production build	2026-07-13T20:27:42.1225767Z Ôö£ ãÆ /fi-admin/[tenantId]/leadflow                                                                   239 B          88.7 kB
Public + security smoke (production build)	Production build	2026-07-13T20:27:42.1226472Z Ôö£ ãÆ /fi-admin/[tenantId]/medication-reorders                                                        1.79 kB        90.3 kB
Public + security smoke (production build)	Production build	2026-07-13T20:27:42.1227117Z Ôö£ ãÆ /fi-admin/[tenantId]/module-unavailable                                                         2.53 kB        99.8 kB
Public + security smoke (production build)	Production build	2026-07-13T20:27:42.1227752Z Ôö£ ãÆ /fi-admin/[tenantId]/onboarding-os/import-review                                                2.83 kB         100 kB
Public + security smoke (production build)	Production build	2026-07-13T20:27:42.1228373Z Ôö£ ãÆ /fi-admin/[tenantId]/onboarding/invite/[token]                                                  8.08 kB         119 kB
Public + security smoke (production build)	Production build	2026-07-13T20:27:42.1229028Z Ôö£ ãÆ /fi-admin/[tenantId]/operations                                                                 240 B          88.7 kB
Public + security smoke (production build)	Production build	2026-07-13T20:27:42.1229621Z Ôö£ ãÆ /fi-admin/[tenantId]/pathology/inbox                                                            6.6 kB          112 kB
Public + security smoke (production build)	Production build	2026-07-13T20:27:42.1230200Z Ôö£ ãÆ /fi-admin/[tenantId]/patients                                                                   6.04 kB         205 kB
Public + security smoke (production build)	Production build	2026-07-13T20:27:42.1230780Z Ôö£ ãÆ /fi-admin/[tenantId]/patients/[patientId]                                                       26.6 kB         229 kB
Public + security smoke (production build)	Production build	2026-07-13T20:27:42.1231420Z Ôö£ ãÆ /fi-admin/[tenantId]/patients/[patientId]/blood-request                                         3.32 kB         101 kB
Public + security smoke (production build)	Production build	2026-07-13T20:27:42.1232087Z Ôö£ ãÆ /fi-admin/[tenantId]/patients/[patientId]/blood-request/[requestId]                             2.87 kB         100 kB
Public + security smoke (production build)	Production build	2026-07-13T20:27:42.1232763Z Ôö£ ãÆ /fi-admin/[tenantId]/patients/[patientId]/blood-results/[resultId]                              6.61 kB         104 kB
Public + security smoke (production build)	Production build	2026-07-13T20:27:42.1233424Z Ôö£ ãÆ /fi-admin/[tenantId]/patients/[patientId]/blood-results/new                                     3.25 kB         100 kB
Public + security smoke (production build)	Production build	2026-07-13T20:27:42.1234075Z Ôö£ ãÆ /fi-admin/[tenantId]/patients/[patientId]/imaging                                               19.3 kB         139 kB
Public + security smoke (production build)	Production build	2026-07-13T20:27:42.1234703Z Ôö£ ãÆ /fi-admin/[tenantId]/patients/[patientId]/timeline                                              259 B          97.5 kB
Public + security smoke (production build)	Production build	2026-07-13T20:27:42.1235327Z Ôö£ ãÆ /fi-admin/[tenantId]/patients/[patientId]/twin                                                  16 kB           133 kB
Public + security smoke (production build)	Production build	2026-07-13T20:27:42.1235934Z Ôö£ ãÆ /fi-admin/[tenantId]/patients/new                                                               3.75 kB         110 kB
Public + security smoke (production build)	Production build	2026-07-13T20:27:42.1236601Z Ôö£ ãÆ /fi-admin/[tenantId]/patients/returning                                                         8.86 kB         128 kB
Public + security smoke (production build)	Production build	2026-07-13T20:27:42.1237249Z Ôö£ ãÆ /fi-admin/[tenantId]/payments                                                                   1.02 kB        98.2 kB
Public + security smoke (production build)	Production build	2026-07-13T20:27:42.1237826Z Ôö£ ãÆ /fi-admin/[tenantId]/prescriptions                                                              259 B          97.5 kB
Public + security smoke (production build)	Production build	2026-07-13T20:27:42.1238444Z Ôö£ ãÆ /fi-admin/[tenantId]/prescriptions/[prescriptionId]                                             194 B           123 kB
Public + security smoke (production build)	Production build	2026-07-13T20:27:42.1239062Z Ôö£ ãÆ /fi-admin/[tenantId]/prescriptions/new                                                          1.61 kB         125 kB
Public + security smoke (production build)	Production build	2026-07-13T20:27:42.1239648Z Ôö£ ãÆ /fi-admin/[tenantId]/procedure-day                                                              154 B           128 kB
Public + security smoke (production build)	Production build	2026-07-13T20:27:42.1240332Z Ôö£ ãÆ /fi-admin/[tenantId]/reception                                                                  240 B          88.7 kB
Public + security smoke (production build)	Production build	2026-07-13T20:27:42.1240919Z Ôö£ ãÆ /fi-admin/[tenantId]/reception-board                                                            240 B          88.7 kB
Public + security smoke (production build)	Production build	2026-07-13T20:27:42.1241503Z Ôö£ ãÆ /fi-admin/[tenantId]/reception-os                                                               26.3 kB         152 kB
Public + security smoke (production build)	Production build	2026-07-13T20:27:42.1242063Z Ôö£ ãÆ /fi-admin/[tenantId]/reports                                                                    259 B          97.5 kB
Public + security smoke (production build)	Production build	2026-07-13T20:27:42.1242627Z Ôö£ ãÆ /fi-admin/[tenantId]/reports/admin                                                              262 B          97.5 kB
Public + security smoke (production build)	Production build	2026-07-13T20:27:42.1243217Z Ôö£ ãÆ /fi-admin/[tenantId]/reports/analytics                                                          262 B          97.5 kB
Public + security smoke (production build)	Production build	2026-07-13T20:27:42.1243804Z Ôö£ ãÆ /fi-admin/[tenantId]/reports/library                                                            6.29 kB         117 kB
Public + security smoke (production build)	Production build	2026-07-13T20:27:42.1244407Z Ôö£ ãÆ /fi-admin/[tenantId]/reports/performance                                                        154 B           125 kB
Public + security smoke (production build)	Production build	2026-07-13T20:27:42.1245009Z Ôö£ ãÆ /fi-admin/[tenantId]/reports/quality                                                            148 B           116 kB
Public + security smoke (production build)	Production build	2026-07-13T20:27:42.1245583Z Ôö£ ãÆ /fi-admin/[tenantId]/reports/surgery                                                            149 B           111 kB
Public + security smoke (production build)	Production build	2026-07-13T20:27:42.1246147Z Ôö£ ãÆ /fi-admin/[tenantId]/rooms                                                                      4.58 kB         114 kB
Public + security smoke (production build)	Production build	2026-07-13T20:27:42.1246790Z Ôö£ ãÆ /fi-admin/[tenantId]/services                                                                   7.53 kB         117 kB
Public + security smoke (production build)	Production build	2026-07-13T20:27:42.1247388Z Ôö£ ãÆ /fi-admin/[tenantId]/settings/admin-users                                                       3.25 kB         100 kB
Public + security smoke (production build)	Production build	2026-07-13T20:27:42.1248002Z Ôö£ ãÆ /fi-admin/[tenantId]/settings/calendar                                                          2.13 kB        99.4 kB
Public + security smoke (production build)	Production build	2026-07-13T20:27:42.1248600Z Ôö£ ãÆ /fi-admin/[tenantId]/settings/clinic-setup                                                      7.42 kB         124 kB
Public + security smoke (production build)	Production build	2026-07-13T20:27:42.1249223Z Ôö£ ãÆ /fi-admin/[tenantId]/settings/hairaudit-discovery                                               2.23 kB        99.5 kB
Public + security smoke (production build)	Production build	2026-07-13T20:27:42.1249874Z Ôö£ ãÆ /fi-admin/[tenantId]/settings/imports/hubspot                                                   4.66 kB         110 kB
Public + security smoke (production build)	Production build	2026-07-13T20:27:42.1250485Z Ôö£ ãÆ /fi-admin/[tenantId]/settings/integrations                                                      16.7 kB         163 kB
Public + security smoke (production build)	Production build	2026-07-13T20:27:42.1251105Z Ôö£ ãÆ /fi-admin/[tenantId]/settings/integrations/timely                                               259 B          97.5 kB
Public + security smoke (production build)	Production build	2026-07-13T20:27:42.1251759Z Ôö£ ãÆ /fi-admin/[tenantId]/settings/integrations/timely/discovery                                     1.39 kB        98.6 kB
Public + security smoke (production build)	Production build	2026-07-13T20:27:42.1252400Z Ôö£ ãÆ /fi-admin/[tenantId]/settings/payments                                                          259 B          97.5 kB
Public + security smoke (production build)	Production build	2026-07-13T20:27:42.1252988Z Ôö£ ãÆ /fi-admin/[tenantId]/settings/reminders                                                         239 B          88.7 kB
Public + security smoke (production build)	Production build	2026-07-13T20:27:42.1253588Z Ôö£ ãÆ /fi-admin/[tenantId]/settings/staff-access                                                      7.35 kB         105 kB
Public + security smoke (production build)	Production build	2026-07-13T20:27:42.1254207Z Ôö£ ãÆ /fi-admin/[tenantId]/settings/tax-localisation                                                  3.55 kB         101 kB
Public + security smoke (production build)	Production build	2026-07-13T20:27:42.1254819Z Ôö£ ãÆ /fi-admin/[tenantId]/settings/templates                                                         7.33 kB         117 kB
Public + security smoke (production build)	Production build	2026-07-13T20:27:42.1255390Z Ôö£ ãÆ /fi-admin/[tenantId]/staff                                                                      169 B           151 kB
Public + security smoke (production build)	Production build	2026-07-13T20:27:42.1255959Z Ôö£ ãÆ /fi-admin/[tenantId]/staff-pin-login                                                            6.43 kB         109 kB
Public + security smoke (production build)	Production build	2026-07-13T20:27:42.1256748Z Ôö£ ãÆ /fi-admin/[tenantId]/staff-time-clock                                                           4.2 kB          101 kB
Public + security smoke (production build)	Production build	2026-07-13T20:27:42.1257346Z Ôö£ ãÆ /fi-admin/[tenantId]/staff/[staffId]/twin                                                       9.36 kB         125 kB
Public + security smoke (production build)	Production build	2026-07-13T20:27:42.1257940Z Ôö£ ãÆ /fi-admin/[tenantId]/staff/import/iiohr-hr                                                      239 B          88.7 kB
Public + security smoke (production build)	Production build	2026-07-13T20:27:42.1258536Z Ôö£ ãÆ /fi-admin/[tenantId]/staff/link-users                                                           3.3 kB          101 kB
Public + security smoke (production build)	Production build	2026-07-13T20:27:42.1259106Z Ôö£ ãÆ /fi-admin/[tenantId]/staff/me/hr                                                                259 B          97.5 kB
Public + security smoke (production build)	Production build	2026-07-13T20:27:42.1259674Z Ôö£ ãÆ /fi-admin/[tenantId]/staff/role-review                                                          5.2 kB          121 kB
Public + security smoke (production build)	Production build	2026-07-13T20:27:42.1260236Z Ôö£ ãÆ /fi-admin/[tenantId]/surgery                                                                    188 B           185 kB
Public + security smoke (production build)	Production build	2026-07-13T20:27:42.1260828Z Ôö£ ãÆ /fi-admin/[tenantId]/surgery-booking                                                            3.32 kB         121 kB
Public + security smoke (production build)	Production build	2026-07-13T20:27:42.1261398Z Ôö£ ãÆ /fi-admin/[tenantId]/surgery-os                                                                 186 B           185 kB
Public + security smoke (production build)	Production build	2026-07-13T20:27:42.1261998Z Ôö£ ãÆ /fi-admin/[tenantId]/surgery-os/graft-counting                                                  10.8 kB         146 kB
Public + security smoke (production build)	Production build	2026-07-13T20:27:42.1262629Z Ôö£ ãÆ /fi-admin/[tenantId]/surgery-os/intelligence                                                    149 B           111 kB
Public + security smoke (production build)	Production build	2026-07-13T20:27:42.1263239Z Ôö£ ãÆ /fi-admin/[tenantId]/surgery-readiness                                                          6.46 kB         123 kB
Public + security smoke (production build)	Production build	2026-07-13T20:27:42.1263817Z Ôö£ ãÆ /fi-admin/[tenantId]/surgery/cases                                                              581 B          97.8 kB
Public + security smoke (production build)	Production build	2026-07-13T20:27:42.1264414Z Ôö£ ãÆ /fi-admin/[tenantId]/surgery/procedure-day                                                      154 B           128 kB
Public + security smoke (production build)	Production build	2026-07-13T20:27:42.1265016Z Ôö£ ãÆ /fi-admin/[tenantId]/surgery/review                                                             149 B           111 kB
Public + security smoke (production build)	Production build	2026-07-13T20:27:42.1265592Z Ôö£ ãÆ /fi-admin/[tenantId]/system-status                                                              259 B          97.5 kB
Public + security smoke (production build)	Production build	2026-07-13T20:27:42.1266152Z Ôö£ ãÆ /fi-admin/[tenantId]/team                                                                       148 B           119 kB
Public + security smoke (production build)	Production build	2026-07-13T20:27:42.1266814Z Ôö£ ãÆ /fi-admin/[tenantId]/team/compliance                                                            1.39 kB         112 kB
Public + security smoke (production build)	Production build	2026-07-13T20:27:42.1267419Z Ôö£ ãÆ /fi-admin/[tenantId]/team/identity                                                              214 B           128 kB
Public + security smoke (production build)	Production build	2026-07-13T20:27:42.1268009Z Ôö£ ãÆ /fi-admin/[tenantId]/team/onboarding                                                            162 B           130 kB
Public + security smoke (production build)	Production build	2026-07-13T20:27:42.1268611Z Ôö£ ãÆ /fi-admin/[tenantId]/team/roster                                                                163 B           145 kB
Public + security smoke (production build)	Production build	2026-07-13T20:27:42.1269190Z Ôö£ ãÆ /fi-admin/[tenantId]/team/staff                                                                 169 B           151 kB
Public + security smoke (production build)	Production build	2026-07-13T20:27:42.1269771Z Ôö£ ãÆ /fi-admin/[tenantId]/team/training                                                              1.68 kB         112 kB
Public + security smoke (production build)	Production build	2026-07-13T20:27:42.1270358Z Ôö£ ãÆ /fi-admin/[tenantId]/tomorrow                                                                   240 B          88.7 kB
Public + security smoke (production build)	Production build	2026-07-13T20:27:42.1270939Z Ôö£ ãÆ /fi-admin/[tenantId]/workforce-os                                                               148 B           119 kB
Public + security smoke (production build)	Production build	2026-07-13T20:27:42.1271556Z Ôö£ ãÆ /fi-admin/[tenantId]/workforce-os/directory                                                     4.22 kB         110 kB
Public + security smoke (production build)	Production build	2026-07-13T20:27:42.1272197Z Ôö£ ãÆ /fi-admin/[tenantId]/workforce-os/hr-reconciliation                                             7.07 kB         113 kB
Public + security smoke (production build)	Production build	2026-07-13T20:27:42.1272938Z Ôö£ ãÆ /fi-admin/[tenantId]/workforce-os/hr-task-map                                                   2.42 kB         124 kB
Public + security smoke (production build)	Production build	2026-07-13T20:27:42.1273553Z Ôö£ ãÆ /fi-admin/[tenantId]/workforce-os/payroll                                                       10.4 kB         116 kB
Public + security smoke (production build)	Production build	2026-07-13T20:27:42.1274179Z Ôö£ ãÆ /fi-admin/[tenantId]/workforce-os/planning                                                      6.25 kB         112 kB
Public + security smoke (production build)	Production build	2026-07-13T20:27:42.1274821Z Ôö£ ãÆ /fi-admin/[tenantId]/workforce-os/procedure-staffing                                            5.8 kB          112 kB
Public + security smoke (production build)	Production build	2026-07-13T20:27:42.1275461Z Ôö£ ãÆ /fi-admin/[tenantId]/workforce-os/recruitment                                                   7.23 kB         113 kB
Public + security smoke (production build)	Production build	2026-07-13T20:27:42.1276085Z Ôö£ ãÆ /fi-admin/[tenantId]/workforce-os/roster                                                        163 B           145 kB
Public + security smoke (production build)	Production build	2026-07-13T20:27:42.1276810Z Ôö£ ãÆ /fi-admin/[tenantId]/workforce-os/roster/standard-hours                                         213 B           134 kB
Public + security smoke (production build)	Production build	2026-07-13T20:27:42.1277492Z Ôö£ ãÆ /fi-admin/[tenantId]/workforce-os/roster/standard-hours/[staffId]                               214 B           134 kB
Public + security smoke (production build)	Production build	2026-07-13T20:27:42.1278129Z Ôö£ ãÆ /fi-admin/[tenantId]/workforce-os/shift-cost                                                    4.24 kB         110 kB
Public + security smoke (production build)	Production build	2026-07-13T20:27:42.1278750Z Ôö£ ãÆ /fi-admin/[tenantId]/workforce-os/staff-access                                                  201 B           128 kB
Public + security smoke (production build)	Production build	2026-07-13T20:27:42.1279387Z Ôö£ ãÆ /fi-admin/[tenantId]/workforce-os/staff-access/accept/[token]                                   8.29 kB         119 kB
Public + security smoke (production build)	Production build	2026-07-13T20:27:42.1280058Z Ôö£ ãÆ /fi-admin/[tenantId]/workforce-os/staff-access/pin-setup/[setupToken]                           4.87 kB         111 kB
Public + security smoke (production build)	Production build	2026-07-13T20:27:42.1280726Z Ôö£ ãÆ /fi-admin/[tenantId]/workforce-os/staff-identity-audit                                          3.36 kB         109 kB
Public + security smoke (production build)	Production build	2026-07-13T20:27:42.1281378Z Ôö£ ãÆ /fi-admin/[tenantId]/workforce-os/staff/[staffId]                                               12.6 kB         137 kB
Public + security smoke (production build)	Production build	2026-07-13T20:27:42.1281999Z Ôö£ ãÆ /fi-admin/ihrg-global/global-command-centre                                                     240 B          88.7 kB
Public + security smoke (production build)	Production build	2026-07-13T20:27:42.1282651Z Ôö£ ãÆ /fi-admin/ihrg-global/global-command-centre/presentation                                        240 B          88.7 kB
Public + security smoke (production build)	Production build	2026-07-13T20:27:42.1283291Z Ôö£ ãÆ /fi-admin/platform/deployments                                                                  259 B          97.5 kB
Public + security smoke (production build)	Production build	2026-07-13T20:27:42.1283865Z Ôö£ ãÆ /fi-admin/platform/onboarding                                                                   259 B          97.5 kB
Public + security smoke (production build)	Production build	2026-07-13T20:27:42.1284454Z Ôö£ ãÆ /fi-admin/platform/onboarding/[sessionId]                                                       3.36 kB         117 kB
Public + security smoke (production build)	Production build	2026-07-13T20:27:42.1285044Z Ôö£ ãÆ /fi-admin/platform/onboarding/new                                                               2.64 kB         104 kB
Public + security smoke (production build)	Production build	2026-07-13T20:27:42.1285673Z Ôö£ ãÆ /fi-admin/system                                                                                259 B          97.5 kB
Public + security smoke (production build)	Production build	2026-07-13T20:27:42.1286207Z Ôö£ ãÆ /fi-admin/system/academy                                                                        259 B          97.5 kB
Public + security smoke (production build)	Production build	2026-07-13T20:27:42.1286851Z Ôö£ ãÆ /fi-admin/system/audit-logs                                                                     259 B          97.5 kB
Public + security smoke (production build)	Production build	2026-07-13T20:27:42.1287410Z Ôö£ ãÆ /fi-admin/system/clinics                                                                        259 B          97.5 kB
Public + security smoke (production build)	Production build	2026-07-13T20:27:42.1287963Z Ôö£ ãÆ /fi-admin/system/doctors                                                                        259 B          97.5 kB
Public + security smoke (production build)	Production build	2026-07-13T20:27:42.1288517Z Ôö£ ãÆ /fi-admin/system/integrations                                                                   240 B          88.7 kB
Public + security smoke (production build)	Production build	2026-07-13T20:27:42.1289112Z Ôö£ ãÆ /fi-admin/system/intelligence-event-logs                                                        240 B          88.7 kB
Public + security smoke (production build)	Production build	2026-07-13T20:27:42.1289824Z Ôö£ ãÆ /fi-admin/system/intelligence-event-logs/replay                                                 259 B          97.5 kB
Public + security smoke (production build)	Production build	2026-07-13T20:27:42.1290453Z Ôö£ ãÆ /fi-admin/system/medication-catalogue                                                           259 B          97.5 kB
Public + security smoke (production build)	Production build	2026-07-13T20:27:42.1291042Z Ôö£ ãÆ /fi-admin/system/permissions                                                                    239 B          88.7 kB
Public + security smoke (production build)	Production build	2026-07-13T20:27:42.1291600Z Ôö£ ãÆ /fi-admin/system/services                                                                       259 B          97.5 kB
Public + security smoke (production build)	Production build	2026-07-13T20:27:42.1292159Z Ôö£ ãÆ /fi-admin/system/staff                                                                          259 B          97.5 kB
Public + security smoke (production build)	Production build	2026-07-13T20:27:42.1292723Z Ôö£ ãÆ /fi-admin/system/system-settings                                                                239 B          88.7 kB
Public + security smoke (production build)	Production build	2026-07-13T20:27:42.1293295Z Ôö£ ãÆ /fi-admin/system/tenants                                                                        3.8 kB          101 kB
Public + security smoke (production build)	Production build	2026-07-13T20:27:42.1293839Z Ôö£ ãÆ /fi-admin/system/users                                                                          2.92 kB        91.4 kB
Public + security smoke (production build)	Production build	2026-07-13T20:27:42.1294372Z Ôö£ ãÆ /fi-login                                                                                       240 B          88.7 kB
Public + security smoke (production build)	Production build	2026-07-13T20:27:42.1294931Z Ôö£ Ôùï /follicle-intelligence/auth/confirm                                                             3.25 kB         165 kB
Public + security smoke (production build)	Production build	2026-07-13T20:27:42.1295547Z Ôö£ Ôùï /follicle-intelligence/forgot-password                                                          1.44 kB        98.7 kB
Public + security smoke (production build)	Production build	2026-07-13T20:27:42.1296157Z Ôö£ ãÆ /follicle-intelligence/login                                                                    3.6 kB          165 kB
Public + security smoke (production build)	Production build	2026-07-13T20:27:42.1296857Z Ôö£ ãÆ /follicle-intelligence/settings/imports/hubspot                                                 240 B          88.7 kB
Public + security smoke (production build)	Production build	2026-07-13T20:27:42.1297512Z Ôö£ Ôùï /follicle-intelligence/update-password                                                          3.67 kB         165 kB
Public + security smoke (production build)	Production build	2026-07-13T20:27:42.1298090Z Ôö£ Ôùï /future-verticals                                                                               880 B           147 kB
Public + security smoke (production build)	Production build	2026-07-13T20:27:42.1298631Z Ôö£ ãÆ /hair-audit/admin                                                                               259 B          97.5 kB
Public + security smoke (production build)	Production build	2026-07-13T20:27:42.1299168Z Ôö£ Ôùï /hair-intelligence                                                                              880 B           147 kB
Public + security smoke (production build)	Production build	2026-07-13T20:27:42.1299685Z Ôö£ Ôùï /icon.png                                                                                       0 B                0 B
Public + security smoke (production build)	Production build	2026-07-13T20:27:42.1300191Z Ôö£ Ôùï /integration                                                                                    880 B           147 kB
Public + security smoke (production build)	Production build	2026-07-13T20:27:42.1300717Z Ôö£ Ôùï /intelligence                                                                                   10.4 kB         157 kB
Public + security smoke (production build)	Production build	2026-07-13T20:27:42.1301305Z Ôö£ Ôùï /investors                                                                                      10.1 kB         156 kB
Public + security smoke (production build)	Production build	2026-07-13T20:27:42.1301818Z Ôö£ Ôùï /licensing                                                                                      880 B           147 kB
Public + security smoke (production build)	Production build	2026-07-13T20:27:42.1302341Z Ôö£ Ôùï /methodology                                                                                    880 B           147 kB
Public + security smoke (production build)	Production build	2026-07-13T20:27:42.1302846Z Ôö£ Ôùï /modules                                                                                        2.46 kB         149 kB
Public + security smoke (production build)	Production build	2026-07-13T20:27:42.1303367Z Ôö£ ãÆ /opengraph-image                                                                                0 B                0 B
Public + security smoke (production build)	Production build	2026-07-13T20:27:42.1303887Z Ôö£ Ôùï /partners                                                                                       9.29 kB         156 kB
Public + security smoke (production build)	Production build	2026-07-13T20:27:42.1304408Z Ôö£ Ôùï /patient-twin                                                                                   734 B           147 kB
Public + security smoke (production build)	Production build	2026-07-13T20:27:42.1305013Z Ôö£ ãÆ /patient/[tenantId]                                                                             241 B          88.7 kB
Public + security smoke (production build)	Production build	2026-07-13T20:27:42.1305555Z Ôö£ ãÆ /patient/[tenantId]/imaging                                                                     2.14 kB         104 kB
Public + security smoke (production build)	Production build	2026-07-13T20:27:42.1306119Z Ôö£ ãÆ /patient/[tenantId]/medications                                                                 3.21 kB         100 kB
Public + security smoke (production build)	Production build	2026-07-13T20:27:42.1306777Z Ôö£ ãÆ /patient/[tenantId]/sign-in                                                                     1.73 kB          99 kB
Public + security smoke (production build)	Production build	2026-07-13T20:27:42.1307350Z Ôö£ ãÆ /patient/[tenantId]/visual-summary                                                              1.13 kB         106 kB
Public + security smoke (production build)	Production build	2026-07-13T20:27:42.1307945Z Ôö£ ãÆ /patient/[tenantId]/visual-summary/pdf                                                          0 B                0 B
Public + security smoke (production build)	Production build	2026-07-13T20:27:42.1308581Z Ôö£ ãÆ /patient/[tenantId]/visual-summary/shared/pdf                                                   0 B                0 B
Public + security smoke (production build)	Production build	2026-07-13T20:27:42.1309182Z Ôö£ ãÆ /pay/[paymentRequestToken]                                                                      1.34 kB        98.6 kB
Public + security smoke (production build)	Production build	2026-07-13T20:27:42.1309720Z Ôö£ Ôùï /platform                                                                                       11.2 kB         158 kB
Public + security smoke (production build)	Production build	2026-07-13T20:27:42.1310257Z Ôö£ Ôùï /platform/analytics-os                                                                          732 B           147 kB
Public + security smoke (production build)	Production build	2026-07-13T20:27:42.1310874Z Ôö£ Ôùï /platform/clinic-os                                                                             732 B           147 kB
Public + security smoke (production build)	Production build	2026-07-13T20:27:42.1311429Z Ôö£ Ôùï /platform/ecosystem                                                                             11.8 kB         158 kB
Public + security smoke (production build)	Production build	2026-07-13T20:27:42.1312087Z Ôö£ Ôùï /platform/imaging-os                                                                            732 B           147 kB
Public + security smoke (production build)	Production build	2026-07-13T20:27:42.1312665Z Ôö£ Ôùï /platform/leadflow                                                                              732 B           147 kB
Public + security smoke (production build)	Production build	2026-07-13T20:27:42.1313245Z Ôö£ Ôùï /platform/patient-os                                                                            732 B           147 kB
Public + security smoke (production build)	Production build	2026-07-13T20:27:42.1313811Z Ôö£ Ôùï /platform/progress                                                                              6.72 kB         166 kB
Public + security smoke (production build)	Production build	2026-07-13T20:27:42.1314379Z Ôö£ Ôùï /platform/surgery-os                                                                            732 B           147 kB
Public + security smoke (production build)	Production build	2026-07-13T20:27:42.1314944Z Ôö£ Ôùï /pricing                                                                                        880 B           147 kB
Public + security smoke (production build)	Production build	2026-07-13T20:27:42.1315469Z Ôö£ Ôùï /research                                                                                       9.91 kB         156 kB
Public + security smoke (production build)	Production build	2026-07-13T20:27:42.1316001Z Ôö£ Ôùï /robots.txt                                                                                     0 B                0 B
Public + security smoke (production build)	Production build	2026-07-13T20:27:42.1316687Z Ôö£ Ôùï /security                                                                                       880 B           147 kB
Public + security smoke (production build)	Production build	2026-07-13T20:27:42.1317246Z Ôö£ Ôùï /sitemap.xml                                                                                    0 B                0 B
Public + security smoke (production build)	Production build	2026-07-13T20:27:42.1317782Z Ôö£ Ôùï /solutions                                                                                      880 B           147 kB
Public + security smoke (production build)	Production build	2026-07-13T20:27:42.1318310Z Ôö£ Ôùï /surgeons                                                                                       9.34 kB         156 kB
Public + security smoke (production build)	Production build	2026-07-13T20:27:42.1318848Z Ôö£ Ôùï /technology                                                                                     4.01 kB         150 kB
Public + security smoke (production build)	Production build	2026-07-13T20:27:42.1319449Z Ôö£ Ôùï /the-future-of-hair-restoration                                                                 9.39 kB         156 kB
Public + security smoke (production build)	Production build	2026-07-13T20:27:42.1320040Z Ôö£ Ôùï /twitter-image.png                                                                              0 B                0 B
Public + security smoke (production build)	Production build	2026-07-13T20:27:42.1320690Z Ôö£ Ôùï /use-cases                                                                                      880 B           147 kB
Public + security smoke (production build)	Production build	2026-07-13T20:27:42.1321232Z Ôö£ Ôùï /vision                                                                                         844 B           152 kB
Public + security smoke (production build)	Production build	2026-07-13T20:27:42.1321764Z Ôö£ Ôùï /white-label                                                                                    880 B           147 kB
Public + security smoke (production build)	Production build	2026-07-13T20:27:42.1322341Z Ôöö Ôùï /why-follicle-intelligence                                                                      8.96 kB         155 kB
Public + security smoke (production build)	Production build	2026-07-13T20:27:42.1322862Z + First Load JS shared by all                                                                       88.5 kB
Public + security smoke (production build)	Production build	2026-07-13T20:27:42.1323428Z   Ôö£ chunks/3095-ed6981acb69013c7.js                                                                 31.9 kB
Public + security smoke (production build)	Production build	2026-07-13T20:27:42.1323987Z   Ôö£ chunks/fbc43724-e8c9c5e32dabbff4.js                                                             53.6 kB
Public + security smoke (production build)	Production build	2026-07-13T20:27:42.1324525Z   Ôöö other shared chunks (total)                                                                     2.93 kB
Public + security smoke (production build)	Production build	2026-07-13T20:27:42.1324782Z 
Public + security smoke (production build)	Production build	2026-07-13T20:27:42.1324789Z 
Public + security smoke (production build)	Production build	2026-07-13T20:27:42.1325080Z ãÆ Middleware                                                                                        82.6 kB
Public + security smoke (production build)	Production build	2026-07-13T20:27:42.1325298Z 
Public + security smoke (production build)	Production build	2026-07-13T20:27:42.1325488Z Ôùï  (Static)   prerendered as static content
Public + security smoke (production build)	Production build	2026-07-13T20:27:42.1325813Z ãÆ  (Dynamic)  server-rendered on demand
Public + security smoke (production build)	Production build	2026-07-13T20:27:42.1325983Z 
Public + security smoke (production build)	E2E smoke (build + start + Playwright)	´╗┐2026-07-13T20:27:42.3042103Z ##[group]Run node scripts/run-e2e-smoke-production.mjs --skip-build --port=3000
Public + security smoke (production build)	E2E smoke (build + start + Playwright)	2026-07-13T20:27:42.3042706Z ^[[36;1mnode scripts/run-e2e-smoke-production.mjs --skip-build --port=3000^[[0m
Public + security smoke (production build)	E2E smoke (build + start + Playwright)	2026-07-13T20:27:42.4297352Z shell: /usr/bin/bash -e {0}
Public + security smoke (production build)	E2E smoke (build + start + Playwright)	2026-07-13T20:27:42.4297586Z env:
Public + security smoke (production build)	E2E smoke (build + start + Playwright)	2026-07-13T20:27:42.4297761Z   SKIP_ENV_VALIDATION: 1
Public + security smoke (production build)	E2E smoke (build + start + Playwright)	2026-07-13T20:27:42.4297977Z   FI_E2E_BASE_URL: http://127.0.0.1:3000
Public + security smoke (production build)	E2E smoke (build + start + Playwright)	2026-07-13T20:27:42.4298298Z   NEXT_PUBLIC_SUPABASE_URL: https://ci-placeholder.supabase.co
Public + security smoke (production build)	E2E smoke (build + start + Playwright)	2026-07-13T20:27:42.4298894Z   NEXT_PUBLIC_SUPABASE_ANON_KEY: ***
Public + security smoke (production build)	E2E smoke (build + start + Playwright)	2026-07-13T20:27:42.4299326Z   SUPABASE_SERVICE_ROLE_KEY: ***
Public + security smoke (production build)	E2E smoke (build + start + Playwright)	2026-07-13T20:27:42.4299566Z   PNPM_HOME: /home/runner/setup-pnpm/node_modules/.bin
Public + security smoke (production build)	E2E smoke (build + start + Playwright)	2026-07-13T20:27:42.4299813Z   NODE_ENV: production
Public + security smoke (production build)	E2E smoke (build + start + Playwright)	2026-07-13T20:27:42.4299981Z ##[endgroup]
Public + security smoke (production build)	E2E smoke (build + start + Playwright)	2026-07-13T20:27:42.4710358Z ÔåÆ Starting production server at http://127.0.0.1:3000 ÔÇª
Public + security smoke (production build)	E2E smoke (build + start + Playwright)	2026-07-13T20:27:42.9621251Z   Ôû▓ Next.js 14.2.35
Public + security smoke (production build)	E2E smoke (build + start + Playwright)	2026-07-13T20:27:42.9622964Z   - Local:        http://localhost:3000
Public + security smoke (production build)	E2E smoke (build + start + Playwright)	2026-07-13T20:27:42.9623334Z 
Public + security smoke (production build)	E2E smoke (build + start + Playwright)	2026-07-13T20:27:42.9623848Z  Ô£ô Starting...
Public + security smoke (production build)	E2E smoke (build + start + Playwright)	2026-07-13T20:27:43.1215446Z  Ô£ô Ready in 613ms
Public + security smoke (production build)	E2E smoke (build + start + Playwright)	2026-07-13T20:27:43.2541708Z ÔåÆ Server ready. Running Playwright smoke + security suiteÔÇª
Public + security smoke (production build)	E2E smoke (build + start + Playwright)	2026-07-13T20:27:44.7751400Z TAP version 13
Public + security smoke (production build)	E2E smoke (build + start + Playwright)	2026-07-13T20:27:44.7756356Z # Subtest: hasDemoCredentials
Public + security smoke (production build)	E2E smoke (build + start + Playwright)	2026-07-13T20:27:44.7757531Z     # Subtest: returns false when any credential is unset
Public + security smoke (production build)	E2E smoke (build + start + Playwright)	2026-07-13T20:27:44.7762146Z     ok 1 - returns false when any credential is unset
Public + security smoke (production build)	E2E smoke (build + start + Playwright)	2026-07-13T20:27:44.7762579Z       ---
Public + security smoke (production build)	E2E smoke (build + start + Playwright)	2026-07-13T20:27:44.7762781Z       duration_ms: 0.618835
Public + security smoke (production build)	E2E smoke (build + start + Playwright)	2026-07-13T20:27:44.7762972Z       ...
Public + security smoke (production build)	E2E smoke (build + start + Playwright)	2026-07-13T20:27:44.7764131Z     # Subtest: returns false when email/password/tenant are whitespace-only
Public + security smoke (production build)	E2E smoke (build + start + Playwright)	2026-07-13T20:27:44.7764613Z     ok 2 - returns false when email/password/tenant are whitespace-only
Public + security smoke (production build)	E2E smoke (build + start + Playwright)	2026-07-13T20:27:44.7764909Z       ---
Public + security smoke (production build)	E2E smoke (build + start + Playwright)	2026-07-13T20:27:44.7765080Z       duration_ms: 0.215555
Public + security smoke (production build)	E2E smoke (build + start + Playwright)	2026-07-13T20:27:44.7765270Z       ...
Public + security smoke (production build)	E2E smoke (build + start + Playwright)	2026-07-13T20:27:44.7766740Z     # Subtest: returns true when email, password, and tenant are non-empty
Public + security smoke (production build)	E2E smoke (build + start + Playwright)	2026-07-13T20:27:44.7767438Z     ok 3 - returns true when email, password, and tenant are non-empty
Public + security smoke (production build)	E2E smoke (build + start + Playwright)	2026-07-13T20:27:44.7768013Z       ---
Public + security smoke (production build)	E2E smoke (build + start + Playwright)	2026-07-13T20:27:44.7768194Z       duration_ms: 0.140286
Public + security smoke (production build)	E2E smoke (build + start + Playwright)	2026-07-13T20:27:44.7768388Z       ...
Public + security smoke (production build)	E2E smoke (build + start + Playwright)	2026-07-13T20:27:44.7768632Z     1..3
Public + security smoke (production build)	E2E smoke (build + start + Playwright)	2026-07-13T20:27:44.7799863Z ok 1 - hasDemoCredentials
Public + security smoke (production build)	E2E smoke (build + start + Playwright)	2026-07-13T20:27:44.7800387Z   ---
Public + security smoke (production build)	E2E smoke (build + start + Playwright)	2026-07-13T20:27:44.7800551Z   duration_ms: 1.524125
Public + security smoke (production build)	E2E smoke (build + start + Playwright)	2026-07-13T20:27:44.7800725Z   type: 'suite'
Public + security smoke (production build)	E2E smoke (build + start + Playwright)	2026-07-13T20:27:44.7800870Z   ...
Public + security smoke (production build)	E2E smoke (build + start + Playwright)	2026-07-13T20:27:45.0880288Z 
Public + security smoke (production build)	E2E smoke (build + start + Playwright)	2026-07-13T20:27:45.0880801Z Running 276 tests using 2 workers
Public + security smoke (production build)	E2E smoke (build + start + Playwright)	2026-07-13T20:27:45.0881013Z 
Public + security smoke (production build)	E2E smoke (build + start + Playwright)	2026-07-13T20:27:45.9992826Z   Ô£ô    2 [chromium] ÔÇ║ e2e/fi-operational-day.spec.ts:43:7 ÔÇ║ FI operational day ÔÇö security @smoke ÔÇ║ reception-board API rejects unauthenticated access (154ms)
Public + security smoke (production build)	E2E smoke (build + start + Playwright)	2026-07-13T20:27:47.3324433Z   Ô£ô    1 [chromium] ÔÇ║ e2e/fi-operational-day.spec.ts:23:7 ÔÇ║ FI operational day ÔÇö security @smoke ÔÇ║ reception board requires authentication (495ms)
Public + security smoke (production build)	E2E smoke (build + start + Playwright)	2026-07-13T20:27:47.6071640Z   Ô£ÿ    4 [chromium] ÔÇ║ e2e/fi-operational-day.spec.ts:35:7 ÔÇ║ FI operational day ÔÇö security @smoke ÔÇ║ procedure day route hidden or denied when flag off (248ms)
Public + security smoke (production build)	E2E smoke (build + start + Playwright)	2026-07-13T20:28:03.6681225Z   Ô£ÿ    5 [chromium] ÔÇ║ e2e/fi-ux-audit-labels.spec.ts:94:7 ÔÇ║ FI-UX S3.4 Front Desk cutover @smoke ÔÇ║ legacy /tomorrow redirects to /front-desk/tomorrow (15.2s)
Public + security smoke (production build)	E2E smoke (build + start + Playwright)	2026-07-13T20:28:17.2955938Z   Ô£ÿ    3 [chromium] ÔÇ║ e2e/fi-ux-audit-labels.spec.ts:19:7 ÔÇ║ FI-UX S3.4 Front Desk cutover @smoke ÔÇ║ /front-desk renders Today board (not ReceptionOS dashboard) (30.4s)
Public + security smoke (production build)	E2E smoke (build + start + Playwright)	2026-07-13T20:28:19.7666888Z   Ô£ÿ    6 [chromium] ÔÇ║ e2e/fi-ux-audit-labels.spec.ts:99:7 ÔÇ║ FI-UX S3.4 Front Desk cutover @smoke ÔÇ║ legacy front-desk subroutes redirect to Today (15.3s)
Public + security smoke (production build)	E2E smoke (build + start + Playwright)	2026-07-13T20:28:20.8944463Z   Ô£ô    8 [chromium] ÔÇ║ e2e/fi-ux-audit-labels.spec.ts:106:7 ÔÇ║ FI-UX S3.4 Front Desk cutover @smoke ÔÇ║ staff cannot open /reception-os (not found) (338ms)
Public + security smoke (production build)	E2E smoke (build + start + Playwright)	2026-07-13T20:28:48.4306666Z   Ô£ÿ    7 [chromium] ÔÇ║ e2e/fi-ux-audit-labels.spec.ts:30:7 ÔÇ║ FI-UX S3.4 Front Desk cutover @smoke ÔÇ║ exactly two Front Desk tabs: Today and Tomorrow (30.2s)
Public + security smoke (production build)	E2E smoke (build + start + Playwright)	2026-07-13T20:28:51.1264786Z   Ô£ÿ    9 [chromium] ÔÇ║ e2e/fi-ux-audit-labels.spec.ts:121:7 ÔÇ║ FI-UX S3.4 Front Desk cutover @smoke ÔÇ║ top bar search and quick create remain available (30.2s)
Public + security smoke (production build)	E2E smoke (build + start + Playwright)	2026-07-13T20:29:19.5271171Z   Ô£ÿ   10 [chromium] ÔÇ║ e2e/fi-ux-audit-labels.spec.ts:47:7 ÔÇ║ FI-UX S3.4 Front Desk cutover @smoke ÔÇ║ Today tab is active on /front-desk (30.3s)
Public + security smoke (production build)	E2E smoke (build + start + Playwright)	2026-07-13T20:29:22.1171797Z   Ô£ÿ   11 [chromium] ÔÇ║ e2e/fi-ux-audit-labels.spec.ts:133:7 ÔÇ║ FI-UX S3.4 Front Desk cutover @smoke ÔÇ║ tablet 768├ù1024 has no horizontal document overflow on Today (30.2s)
Public + security smoke (production build)	E2E smoke (build + start + Playwright)	2026-07-13T20:29:22.8250402Z   Ô£ô   13 [chromium] ÔÇ║ e2e/fi-ux-d6-realtime-signals.spec.ts:55:7 ÔÇ║ FI-UX-REBUILD D6 Today signal revision @smoke ÔÇ║ revision API rejects unauthenticated access (33ms)
Public + security smoke (production build)	E2E smoke (build + start + Playwright)	2026-07-13T20:29:22.8583103Z   Ô£ô   14 [chromium] ÔÇ║ e2e/fi-ux-d6-realtime-signals.spec.ts:61:7 ÔÇ║ FI-UX-REBUILD D6 Today signal revision @smoke ÔÇ║ public booking-arrival rejects invalid token (13ms)
Public + security smoke (production build)	E2E smoke (build + start + Playwright)	2026-07-13T20:29:22.8789632Z   -   15 [chromium] ÔÇ║ e2e/fi-ux-nav-collapse.spec.ts:37:7 ÔÇ║ FI-UX-REBUILD D2 navigation collapse @smoke ÔÇ║ minimal rail replaces legacy sidebar on desktop
Public + security smoke (production build)	E2E smoke (build + start + Playwright)	2026-07-13T20:29:22.8846596Z   -   16 [chromium] ÔÇ║ e2e/fi-ux-nav-collapse.spec.ts:55:7 ÔÇ║ FI-UX-REBUILD D2 navigation collapse @smoke ÔÇ║ More opens legacy module navigation with RBAC-filtered items
Public + security smoke (production build)	E2E smoke (build + start + Playwright)	2026-07-13T20:29:22.8901962Z   -   17 [chromium] ÔÇ║ e2e/fi-ux-nav-collapse.spec.ts:73:7 ÔÇ║ FI-UX-REBUILD D2 navigation collapse @smoke ÔÇ║ calendar route still renders full page with minimal rail
Public + security smoke (production build)	E2E smoke (build + start + Playwright)	2026-07-13T20:29:22.9020100Z   -   18 [chromium] ÔÇ║ e2e/fi-ux-nav-collapse.spec.ts:83:7 ÔÇ║ FI-UX-REBUILD D2 navigation collapse @smoke ÔÇ║ mobile shows bottom bar instead of hamburger
Public + security smoke (production build)	E2E smoke (build + start + Playwright)	2026-07-13T20:29:22.9108431Z   -   19 [chromium] ÔÇ║ e2e/fi-ux-nav-collapse.spec.ts:93:7 ÔÇ║ FI-UX-REBUILD D2 navigation collapse @smoke ÔÇ║ top bar uses New label in collapsed shell mode
Public + security smoke (production build)	E2E smoke (build + start + Playwright)	2026-07-13T20:29:22.9246659Z   -   20 [chromium] ÔÇ║ e2e/fi-ux-today-surface.spec.ts:43:7 ÔÇ║ FI-UX-REBUILD-1D Today surface @smoke ÔÇ║ home renders Today surface, not the legacy Clinic Command Center
Public + security smoke (production build)	E2E smoke (build + start + Playwright)	2026-07-13T20:29:22.9298434Z   -   21 [chromium] ÔÇ║ e2e/fi-ux-today-surface.spec.ts:52:7 ÔÇ║ FI-UX-REBUILD-1D Today surface @smoke ÔÇ║ Right now / Up next / Coming up sections all render
Public + security smoke (production build)	E2E smoke (build + start + Playwright)	2026-07-13T20:29:22.9408775Z   -   22 [chromium] ÔÇ║ e2e/fi-ux-today-surface.spec.ts:60:7 ÔÇ║ FI-UX-REBUILD-1D Today surface @smoke ÔÇ║ Coming up section is collapsed by default
Public + security smoke (production build)	E2E smoke (build + start + Playwright)	2026-07-13T20:29:22.9463964Z   -   23 [chromium] ÔÇ║ e2e/fi-ux-today-surface.spec.ts:69:7 ÔÇ║ FI-UX-REBUILD-1D Today surface @smoke ÔÇ║ no KPI cards or module tiles on the Today surface
Public + security smoke (production build)	E2E smoke (build + start + Playwright)	2026-07-13T20:29:22.9614115Z   -   24 [chromium] ÔÇ║ e2e/fi-ux-workspace-shell-validation.spec.ts:305:7 ÔÇ║ FI-UX-REBUILD D1B Calendar guard @smoke ÔÇ║ Calendar route unchanged ÔÇö full page, no workspace on load
Public + security smoke (production build)	E2E smoke (build + start + Playwright)	2026-07-13T20:29:22.9615184Z   -   25 [chromium] ÔÇ║ e2e/fi-ux-workspace-shell.spec.ts:28:7 ÔÇ║ FI-UX-REBUILD D1 Workspace shell @smoke ÔÇ║ opens patient workspace from shallow URL without route change
Public + security smoke (production build)	E2E smoke (build + start + Playwright)	2026-07-13T20:29:23.4476037Z   Ô£ô   26 [chromium] ÔÇ║ e2e/journeys/accessibility-smoke.spec.ts:16:7 ÔÇ║ accessibility smoke @smoke @a11y ÔÇ║ login form is keyboard reachable and submittable (374ms)
Public + security smoke (production build)	E2E smoke (build + start + Playwright)	2026-07-13T20:29:23.7447196Z   Ô£ô   27 [chromium] ÔÇ║ e2e/journeys/accessibility-smoke.spec.ts:36:7 ÔÇ║ accessibility smoke @smoke @a11y ÔÇ║ login page has a single primary heading (288ms)
Public + security smoke (production build)	E2E smoke (build + start + Playwright)	2026-07-13T20:29:24.2714226Z   Ô£ô   28 [chromium] ÔÇ║ e2e/journeys/accessibility-smoke.spec.ts:42:7 ÔÇ║ accessibility smoke @smoke @a11y ÔÇ║ invalid payment page has accessible unavailable message (510ms)
Public + security smoke (production build)	E2E smoke (build + start + Playwright)	2026-07-13T20:29:25.4689393Z   Ô£ô   29 [chromium] ÔÇ║ e2e/journeys/navigation-routing.spec.ts:16:7 ÔÇ║ marketing navigation @smoke ÔÇ║ homepage ÔåÆ pricing ÔåÆ platform routes load (1.2s)
Public + security smoke (production build)	E2E smoke (build + start + Playwright)	2026-07-13T20:29:25.8028051Z   Ô£ô   30 [chromium] ÔÇ║ e2e/journeys/navigation-routing.spec.ts:29:7 ÔÇ║ marketing navigation @smoke ÔÇ║ unknown admin route redirects unauthenticated users away (312ms)
Public + security smoke (production build)	E2E smoke (build + start + Playwright)	2026-07-13T20:29:26.4795029Z   Ô£ô   31 [chromium] ÔÇ║ e2e/journeys/performance-smoke.spec.ts:17:7 ÔÇ║ performance smoke @smoke ÔÇ║ homepage loads within budget (654ms)
Public + security smoke (production build)	E2E smoke (build + start + Playwright)	2026-07-13T20:29:26.7770589Z   Ô£ô   32 [chromium] ÔÇ║ e2e/journeys/performance-smoke.spec.ts:21:7 ÔÇ║ performance smoke @smoke ÔÇ║ login page loads within budget (289ms)
Public + security smoke (production build)	E2E smoke (build + start + Playwright)	2026-07-13T20:29:27.2319446Z   Ô£ô   33 [chromium] ÔÇ║ e2e/journeys/performance-smoke.spec.ts:25:7 ÔÇ║ performance smoke @smoke ÔÇ║ pricing page loads within budget (439ms)
Public + security smoke (production build)	E2E smoke (build + start + Playwright)	2026-07-13T20:29:27.8536829Z   Ô£ô   34 [chromium] ÔÇ║ e2e/journeys/public-surfaces.spec.ts:19:7 ÔÇ║ public surfaces @smoke ÔÇ║ marketing homepage loads with primary value proposition (607ms)
Public + security smoke (production build)	E2E smoke (build + start + Playwright)	2026-07-13T20:29:28.1293490Z   Ô£ô   35 [chromium] ÔÇ║ e2e/journeys/public-surfaces.spec.ts:25:7 ÔÇ║ public surfaces @smoke ÔÇ║ staff login surface is reachable and interactive (267ms)
Public + security smoke (production build)	E2E smoke (build + start + Playwright)	2026-07-13T20:29:28.4468524Z   Ô£ô   36 [chromium] ÔÇ║ e2e/journeys/public-surfaces.spec.ts:31:7 ÔÇ║ public surfaces @smoke ÔÇ║ fi-login redirect lands on OS login (296ms)
Public + security smoke (production build)	E2E smoke (build + start + Playwright)	2026-07-13T20:29:28.8881452Z   Ô£ô   37 [chromium] ÔÇ║ e2e/journeys/public-surfaces.spec.ts:37:7 ÔÇ║ public surfaces @smoke ÔÇ║ invalid payment link shows unavailable state (no crash) (433ms)
Public + security smoke (production build)	E2E smoke (build + start + Playwright)	2026-07-13T20:29:29.1663623Z   Ô£ô   38 [chromium] ÔÇ║ e2e/security/unauthenticated-access.spec.ts:25:7 ÔÇ║ unauthenticated access ÔÇö fails closed @security ÔÇ║ platform admin shell (/fi-admin/system) is not reachable without a session (260ms)
Public + security smoke (production build)	E2E smoke (build + start + Playwright)	2026-07-13T20:29:29.4152330Z   Ô£ô   39 [chromium] ÔÇ║ e2e/security/unauthenticated-access.spec.ts:32:7 ÔÇ║ unauthenticated access ÔÇö fails closed @security ÔÇ║ tenant clinic dashboard is not reachable without a session (240ms)
Public + security smoke (production build)	E2E smoke (build + start + Playwright)	2026-07-13T20:29:29.4302202Z   Ô£ô   40 [chromium] ÔÇ║ e2e/security/unauthenticated-access.spec.ts:39:7 ÔÇ║ unauthenticated access ÔÇö fails closed @security ÔÇ║ protected tenant API route (cases list) fails closed without a session (10ms)
Public + security smoke (production build)	E2E smoke (build + start + Playwright)	2026-07-13T20:29:29.7297622Z   Ô£ô   41 [chromium] ÔÇ║ e2e/security/unauthenticated-access.spec.ts:56:7 ÔÇ║ unauthenticated access ÔÇö fails closed @security ÔÇ║ public login route still loads (292ms)
Public + security smoke (production build)	E2E smoke (build + start + Playwright)	2026-07-13T20:29:29.7761793Z   Ô£ÿ   42 [chromium] ÔÇ║ e2e/security/unauthenticated-access.spec.ts:63:7 ÔÇ║ unauthenticated access ÔÇö fails closed @security ÔÇ║ protected tenant patients API fails closed without a session (20ms)
Public + security smoke (production build)	E2E smoke (build + start + Playwright)	2026-07-13T20:29:30.5009576Z   Ô£ÿ   43 [chromium] ÔÇ║ e2e/security/unauthenticated-access.spec.ts:78:7 ÔÇ║ unauthenticated access ÔÇö fails closed @security ÔÇ║ cron reminder route rejects unauthenticated calls (27ms)
Public + security smoke (production build)	E2E smoke (build + start + Playwright)	2026-07-13T20:29:50.5808248Z   Ô£ÿ   12 [chromium] ÔÇ║ e2e/fi-ux-audit-labels.spec.ts:56:7 ÔÇ║ FI-UX S3.4 Front Desk cutover @smoke ÔÇ║ Tomorrow tab is active on /front-desk/tomorrow (30.2s)
Public + security smoke (production build)	E2E smoke (build + start + Playwright)	2026-07-13T20:30:06.6146247Z   Ô£ÿ   45 [chromium] ÔÇ║ e2e/fi-ux-audit-labels.spec.ts:68:7 ÔÇ║ FI-UX S3.4 Front Desk cutover @smoke ÔÇ║ legacy /reception redirects to /front-desk and preserves bookingId/date (15.2s)
Public + security smoke (production build)	E2E smoke (build + start + Playwright)	2026-07-13T20:30:22.6781208Z   Ô£ÿ   46 [chromium] ÔÇ║ e2e/fi-ux-audit-labels.spec.ts:87:7 ÔÇ║ FI-UX S3.4 Front Desk cutover @smoke ÔÇ║ legacy /reception-board and /operations redirect to Today (15.2s)
Public + security smoke (production build)	E2E smoke (build + start + Playwright)	2026-07-13T20:30:26.5061989Z   Ô£ô   44 [chromium] ÔÇ║ e2e/security/unauthenticated-access.spec.ts:92:7 ÔÇ║ unauthenticated access ÔÇö fails closed @security ÔÇ║ patient portal medications page is public but does not expose tenant APIs (55.2s)
Public + security smoke (production build)	E2E smoke (build + start + Playwright)	2026-07-13T20:30:27.2312811Z   Ô£ô   48 [edge] ÔÇ║ e2e/fi-operational-day.spec.ts:43:7 ÔÇ║ FI operational day ÔÇö security @smoke ÔÇ║ reception-board API rejects unauthenticated access (24ms)
Public + security smoke (production build)	E2E smoke (build + start + Playwright)	2026-07-13T20:30:34.1634901Z   Ô£ô   47 [edge] ÔÇ║ e2e/fi-operational-day.spec.ts:23:7 ÔÇ║ FI operational day ÔÇö security @smoke ÔÇ║ reception board requires authentication (637ms)
Public + security smoke (production build)	E2E smoke (build + start + Playwright)	2026-07-13T20:30:34.6428691Z   Ô£ÿ   50 [edge] ÔÇ║ e2e/fi-operational-day.spec.ts:35:7 ÔÇ║ FI operational day ÔÇö security @smoke ÔÇ║ procedure day route hidden or denied when flag off (353ms)
Public + security smoke (production build)	E2E smoke (build + start + Playwright)	2026-07-13T20:30:51.0097816Z   Ô£ÿ   51 [edge] ÔÇ║ e2e/fi-ux-audit-labels.spec.ts:94:7 ÔÇ║ FI-UX S3.4 Front Desk cutover @smoke ÔÇ║ legacy /tomorrow redirects to /front-desk/tomorrow (15.3s)
Public + security smoke (production build)	E2E smoke (build + start + Playwright)	2026-07-13T20:31:04.2128794Z   Ô£ÿ   49 [edge] ÔÇ║ e2e/fi-ux-audit-labels.spec.ts:19:7 ÔÇ║ FI-UX S3.4 Front Desk cutover @smoke ÔÇ║ /front-desk renders Today board (not ReceptionOS dashboard) (30.6s)
Public + security smoke (production build)	E2E smoke (build + start + Playwright)	2026-07-13T20:31:07.4068252Z   Ô£ÿ   52 [edge] ÔÇ║ e2e/fi-ux-audit-labels.spec.ts:99:7 ÔÇ║ FI-UX S3.4 Front Desk cutover @smoke ÔÇ║ legacy front-desk subroutes redirect to Today (15.3s)
Public + security smoke (production build)	E2E smoke (build + start + Playwright)	2026-07-13T20:31:08.7222123Z   Ô£ô   54 [edge] ÔÇ║ e2e/fi-ux-audit-labels.spec.ts:106:7 ÔÇ║ FI-UX S3.4 Front Desk cutover @smoke ÔÇ║ staff cannot open /reception-os (not found) (424ms)
Public + security smoke (production build)	E2E smoke (build + start + Playwright)	2026-07-13T20:31:35.5310769Z   Ô£ÿ   53 [edge] ÔÇ║ e2e/fi-ux-audit-labels.spec.ts:30:7 ÔÇ║ FI-UX S3.4 Front Desk cutover @smoke ÔÇ║ exactly two Front Desk tabs: Today and Tomorrow (30.3s)
Public + security smoke (production build)	E2E smoke (build + start + Playwright)	2026-07-13T20:31:39.1171680Z   Ô£ÿ   55 [edge] ÔÇ║ e2e/fi-ux-audit-labels.spec.ts:121:7 ÔÇ║ FI-UX S3.4 Front Desk cutover @smoke ÔÇ║ top bar search and quick create remain available (30.3s)
Public + security smoke (production build)	E2E smoke (build + start + Playwright)	2026-07-13T20:32:06.8755392Z   Ô£ÿ   56 [edge] ÔÇ║ e2e/fi-ux-audit-labels.spec.ts:47:7 ÔÇ║ FI-UX S3.4 Front Desk cutover @smoke ÔÇ║ Today tab is active on /front-desk (30.4s)
Public + security smoke (production build)	E2E smoke (build + start + Playwright)	2026-07-13T20:32:10.4720941Z   Ô£ÿ   57 [edge] ÔÇ║ e2e/fi-ux-audit-labels.spec.ts:133:7 ÔÇ║ FI-UX S3.4 Front Desk cutover @smoke ÔÇ║ tablet 768├ù1024 has no horizontal document overflow on Today (30.3s)
Public + security smoke (production build)	E2E smoke (build + start + Playwright)	2026-07-13T20:32:11.1682249Z   Ô£ô   59 [edge] ÔÇ║ e2e/fi-ux-d6-realtime-signals.spec.ts:55:7 ÔÇ║ FI-UX-REBUILD D6 Today signal revision @smoke ÔÇ║ revision API rejects unauthenticated access (24ms)
Public + security smoke (production build)	E2E smoke (build + start + Playwright)	2026-07-13T20:32:11.1971216Z   Ô£ô   60 [edge] ÔÇ║ e2e/fi-ux-d6-realtime-signals.spec.ts:61:7 ÔÇ║ FI-UX-REBUILD D6 Today signal revision @smoke ÔÇ║ public booking-arrival rejects invalid token (10ms)
Public + security smoke (production build)	E2E smoke (build + start + Playwright)	2026-07-13T20:32:11.2172426Z   -   61 [edge] ÔÇ║ e2e/fi-ux-nav-collapse.spec.ts:37:7 ÔÇ║ FI-UX-REBUILD D2 navigation collapse @smoke ÔÇ║ minimal rail replaces legacy sidebar on desktop
Public + security smoke (production build)	E2E smoke (build + start + Playwright)	2026-07-13T20:32:11.2227152Z   -   62 [edge] ÔÇ║ e2e/fi-ux-nav-collapse.spec.ts:55:7 ÔÇ║ FI-UX-REBUILD D2 navigation collapse @smoke ÔÇ║ More opens legacy module navigation with RBAC-filtered items
Public + security smoke (production build)	E2E smoke (build + start + Playwright)	2026-07-13T20:32:11.2278318Z   -   63 [edge] ÔÇ║ e2e/fi-ux-nav-collapse.spec.ts:73:7 ÔÇ║ FI-UX-REBUILD D2 navigation collapse @smoke ÔÇ║ calendar route still renders full page with minimal rail
Public + security smoke (production build)	E2E smoke (build + start + Playwright)	2026-07-13T20:32:11.2384529Z   -   64 [edge] ÔÇ║ e2e/fi-ux-nav-collapse.spec.ts:83:7 ÔÇ║ FI-UX-REBUILD D2 navigation collapse @smoke ÔÇ║ mobile shows bottom bar instead of hamburger
Public + security smoke (production build)	E2E smoke (build + start + Playwright)	2026-07-13T20:32:11.2442594Z   -   65 [edge] ÔÇ║ e2e/fi-ux-nav-collapse.spec.ts:93:7 ÔÇ║ FI-UX-REBUILD D2 navigation collapse @smoke ÔÇ║ top bar uses New label in collapsed shell mode
Public + security smoke (production build)	E2E smoke (build + start + Playwright)	2026-07-13T20:32:11.2562063Z   -   66 [edge] ÔÇ║ e2e/fi-ux-today-surface.spec.ts:43:7 ÔÇ║ FI-UX-REBUILD-1D Today surface @smoke ÔÇ║ home renders Today surface, not the legacy Clinic Command Center
Public + security smoke (production build)	E2E smoke (build + start + Playwright)	2026-07-13T20:32:11.2615048Z   -   67 [edge] ÔÇ║ e2e/fi-ux-today-surface.spec.ts:52:7 ÔÇ║ FI-UX-REBUILD-1D Today surface @smoke ÔÇ║ Right now / Up next / Coming up sections all render
Public + security smoke (production build)	E2E smoke (build + start + Playwright)	2026-07-13T20:32:11.2724628Z   -   68 [edge] ÔÇ║ e2e/fi-ux-today-surface.spec.ts:60:7 ÔÇ║ FI-UX-REBUILD-1D Today surface @smoke ÔÇ║ Coming up section is collapsed by default
Public + security smoke (production build)	E2E smoke (build + start + Playwright)	2026-07-13T20:32:11.2781848Z   -   69 [edge] ÔÇ║ e2e/fi-ux-today-surface.spec.ts:69:7 ÔÇ║ FI-UX-REBUILD-1D Today surface @smoke ÔÇ║ no KPI cards or module tiles on the Today surface
Public + security smoke (production build)	E2E smoke (build + start + Playwright)	2026-07-13T20:32:11.2910376Z   -   70 [edge] ÔÇ║ e2e/fi-ux-workspace-shell-validation.spec.ts:305:7 ÔÇ║ FI-UX-REBUILD D1B Calendar guard @smoke ÔÇ║ Calendar route unchanged ÔÇö full page, no workspace on load
Public + security smoke (production build)	E2E smoke (build + start + Playwright)	2026-07-13T20:32:11.2912684Z   -   71 [edge] ÔÇ║ e2e/fi-ux-workspace-shell.spec.ts:28:7 ÔÇ║ FI-UX-REBUILD D1 Workspace shell @smoke ÔÇ║ opens patient workspace from shallow URL without route change
Public + security smoke (production build)	E2E smoke (build + start + Playwright)	2026-07-13T20:32:11.9194595Z   Ô£ô   72 [edge] ÔÇ║ e2e/journeys/accessibility-smoke.spec.ts:16:7 ÔÇ║ accessibility smoke @smoke @a11y ÔÇ║ login form is keyboard reachable and submittable (428ms)
Public + security smoke (production build)	E2E smoke (build + start + Playwright)	2026-07-13T20:32:12.2883047Z   Ô£ô   73 [edge] ÔÇ║ e2e/journeys/accessibility-smoke.spec.ts:36:7 ÔÇ║ accessibility smoke @smoke @a11y ÔÇ║ login page has a single primary heading (361ms)
Public + security smoke (production build)	E2E smoke (build + start + Playwright)	2026-07-13T20:32:12.7834417Z   Ô£ô   74 [edge] ÔÇ║ e2e/journeys/accessibility-smoke.spec.ts:42:7 ÔÇ║ accessibility smoke @smoke @a11y ÔÇ║ invalid payment page has accessible unavailable message (475ms)
Public + security smoke (production build)	E2E smoke (build + start + Playwright)	2026-07-13T20:32:14.2158689Z   Ô£ô   75 [edge] ÔÇ║ e2e/journeys/navigation-routing.spec.ts:16:7 ÔÇ║ marketing navigation @smoke ÔÇ║ homepage ÔåÆ pricing ÔåÆ platform routes load (1.4s)
Public + security smoke (production build)	E2E smoke (build + start + Playwright)	2026-07-13T20:32:14.5658663Z   Ô£ô   76 [edge] ÔÇ║ e2e/journeys/navigation-routing.spec.ts:29:7 ÔÇ║ marketing navigation @smoke ÔÇ║ unknown admin route redirects unauthenticated users away (329ms)
Public + security smoke (production build)	E2E smoke (build + start + Playwright)	2026-07-13T20:32:15.2581212Z   Ô£ô   77 [edge] ÔÇ║ e2e/journeys/performance-smoke.spec.ts:17:7 ÔÇ║ performance smoke @smoke ÔÇ║ homepage loads within budget (670ms)
Public + security smoke (production build)	E2E smoke (build + start + Playwright)	2026-07-13T20:32:15.5934683Z   Ô£ô   78 [edge] ÔÇ║ e2e/journeys/performance-smoke.spec.ts:21:7 ÔÇ║ performance smoke @smoke ÔÇ║ login page loads within budget (327ms)
Public + security smoke (production build)	E2E smoke (build + start + Playwright)	2026-07-13T20:32:16.1552986Z   Ô£ô   79 [edge] ÔÇ║ e2e/journeys/performance-smoke.spec.ts:25:7 ÔÇ║ performance smoke @smoke ÔÇ║ pricing page loads within budget (540ms)
Public + security smoke (production build)	E2E smoke (build + start + Playwright)	2026-07-13T20:32:16.8752527Z   Ô£ô   80 [edge] ÔÇ║ e2e/journeys/public-surfaces.spec.ts:19:7 ÔÇ║ public surfaces @smoke ÔÇ║ marketing homepage loads with primary value proposition (703ms)
Public + security smoke (production build)	E2E smoke (build + start + Playwright)	2026-07-13T20:32:17.2273054Z   Ô£ô   81 [edge] ÔÇ║ e2e/journeys/public-surfaces.spec.ts:25:7 ÔÇ║ public surfaces @smoke ÔÇ║ staff login surface is reachable and interactive (341ms)
Public + security smoke (production build)	E2E smoke (build + start + Playwright)	2026-07-13T20:32:17.5840521Z   Ô£ô   82 [edge] ÔÇ║ e2e/journeys/public-surfaces.spec.ts:31:7 ÔÇ║ public surfaces @smoke ÔÇ║ fi-login redirect lands on OS login (338ms)
Public + security smoke (production build)	E2E smoke (build + start + Playwright)	2026-07-13T20:32:18.0841013Z   Ô£ô   83 [edge] ÔÇ║ e2e/journeys/public-surfaces.spec.ts:37:7 ÔÇ║ public surfaces @smoke ÔÇ║ invalid payment link shows unavailable state (no crash) (486ms)
Public + security smoke (production build)	E2E smoke (build + start + Playwright)	2026-07-13T20:32:18.4293627Z   Ô£ô   84 [edge] ÔÇ║ e2e/security/unauthenticated-access.spec.ts:25:7 ÔÇ║ unauthenticated access ÔÇö fails closed @security ÔÇ║ platform admin shell (/fi-admin/system) is not reachable without a session (324ms)
Public + security smoke (production build)	E2E smoke (build + start + Playwright)	2026-07-13T20:32:18.7697377Z   Ô£ô   85 [edge] ÔÇ║ e2e/security/unauthenticated-access.spec.ts:32:7 ÔÇ║ unauthenticated access ÔÇö fails closed @security ÔÇ║ tenant clinic dashboard is not reachable without a session (331ms)
Public + security smoke (production build)	E2E smoke (build + start + Playwright)	2026-07-13T20:32:18.7872950Z   Ô£ô   86 [edge] ÔÇ║ e2e/security/unauthenticated-access.spec.ts:39:7 ÔÇ║ unauthenticated access ÔÇö fails closed @security ÔÇ║ protected tenant API route (cases list) fails closed without a session (12ms)
Public + security smoke (production build)	E2E smoke (build + start + Playwright)	2026-07-13T20:32:19.1524077Z   Ô£ô   87 [edge] ÔÇ║ e2e/security/unauthenticated-access.spec.ts:56:7 ÔÇ║ unauthenticated access ÔÇö fails closed @security ÔÇ║ public login route still loads (354ms)
Public + security smoke (production build)	E2E smoke (build + start + Playwright)	2026-07-13T20:32:19.2857061Z   Ô£ÿ   88 [edge] ÔÇ║ e2e/security/unauthenticated-access.spec.ts:63:7 ÔÇ║ unauthenticated access ÔÇö fails closed @security ÔÇ║ protected tenant patients API fails closed without a session (23ms)
Public + security smoke (production build)	E2E smoke (build + start + Playwright)	2026-07-13T20:32:19.9980875Z   Ô£ÿ   89 [edge] ÔÇ║ e2e/security/unauthenticated-access.spec.ts:78:7 ÔÇ║ unauthenticated access ÔÇö fails closed @security ÔÇ║ cron reminder route rejects unauthenticated calls (24ms)
Public + security smoke (production build)	E2E smoke (build + start + Playwright)	2026-07-13T20:32:38.3276648Z   Ô£ÿ   58 [edge] ÔÇ║ e2e/fi-ux-audit-labels.spec.ts:56:7 ÔÇ║ FI-UX S3.4 Front Desk cutover @smoke ÔÇ║ Tomorrow tab is active on /front-desk/tomorrow (30.4s)
Public + security smoke (production build)	E2E smoke (build + start + Playwright)	2026-07-13T20:32:54.6115483Z   Ô£ÿ   91 [edge] ÔÇ║ e2e/fi-ux-audit-labels.spec.ts:68:7 ÔÇ║ FI-UX S3.4 Front Desk cutover @smoke ÔÇ║ legacy /reception redirects to /front-desk and preserves bookingId/date (15.3s)
Public + security smoke (production build)	E2E smoke (build + start + Playwright)	2026-07-13T20:33:10.9319143Z   Ô£ÿ   92 [edge] ÔÇ║ e2e/fi-ux-audit-labels.spec.ts:87:7 ÔÇ║ FI-UX S3.4 Front Desk cutover @smoke ÔÇ║ legacy /reception-board and /operations redirect to Today (15.3s)
Public + security smoke (production build)	E2E smoke (build + start + Playwright)	2026-07-13T20:33:12.7930131Z   Ô£ô   93 [firefox] ÔÇ║ e2e/fi-operational-day.spec.ts:23:7 ÔÇ║ FI operational day ÔÇö security @smoke ÔÇ║ reception board requires authentication (890ms)
Public + security smoke (production build)	E2E smoke (build + start + Playwright)	2026-07-13T20:33:13.5913448Z   Ô£ÿ   94 [firefox] ÔÇ║ e2e/fi-operational-day.spec.ts:35:7 ÔÇ║ FI operational day ÔÇö security @smoke ÔÇ║ procedure day route hidden or denied when flag off (384ms)
Public + security smoke (production build)	E2E smoke (build + start + Playwright)	2026-07-13T20:33:14.2960009Z   Ô£ô   95 [firefox] ÔÇ║ e2e/fi-operational-day.spec.ts:43:7 ÔÇ║ FI operational day ÔÇö security @smoke ÔÇ║ reception-board API rejects unauthenticated access (23ms)
Public + security smoke (production build)	E2E smoke (build + start + Playwright)	2026-07-13T20:33:16.1674841Z   Ô£ô   90 [edge] ÔÇ║ e2e/security/unauthenticated-access.spec.ts:92:7 ÔÇ║ unauthenticated access ÔÇö fails closed @security ÔÇ║ patient portal medications page is public but does not expose tenant APIs (55.3s)
Public + security smoke (production build)	E2E smoke (build + start + Playwright)	2026-07-13T20:33:33.6864138Z   Ô£ÿ   97 [firefox] ÔÇ║ e2e/fi-ux-audit-labels.spec.ts:94:7 ÔÇ║ FI-UX S3.4 Front Desk cutover @smoke ÔÇ║ legacy /tomorrow redirects to /front-desk/tomorrow (15.9s)
Public + security smoke (production build)	E2E smoke (build + start + Playwright)	2026-07-13T20:33:45.7454640Z   Ô£ÿ   96 [firefox] ÔÇ║ e2e/fi-ux-audit-labels.spec.ts:19:7 ÔÇ║ FI-UX S3.4 Front Desk cutover @smoke ÔÇ║ /front-desk renders Today board (not ReceptionOS dashboard) (30.8s)
Public + security smoke (production build)	E2E smoke (build + start + Playwright)	2026-07-13T20:33:50.9237300Z   Ô£ÿ   98 [firefox] ÔÇ║ e2e/fi-ux-audit-labels.spec.ts:99:7 ÔÇ║ FI-UX S3.4 Front Desk cutover @smoke ÔÇ║ legacy front-desk subroutes redirect to Today (15.9s)
Public + security smoke (production build)	E2E smoke (build + start + Playwright)	2026-07-13T20:33:53.3248832Z   Ô£ô  100 [firefox] ÔÇ║ e2e/fi-ux-audit-labels.spec.ts:106:7 ÔÇ║ FI-UX S3.4 Front Desk cutover @smoke ÔÇ║ staff cannot open /reception-os (not found) (1.3s)
Public + security smoke (production build)	E2E smoke (build + start + Playwright)	2026-07-13T20:34:17.8349107Z   Ô£ÿ   99 [firefox] ÔÇ║ e2e/fi-ux-audit-labels.spec.ts:30:7 ÔÇ║ FI-UX S3.4 Front Desk cutover @smoke ÔÇ║ exactly two Front Desk tabs: Today and Tomorrow (30.8s)
Public + security smoke (production build)	E2E smoke (build + start + Playwright)	2026-07-13T20:34:24.0842346Z   Ô£ÿ  101 [firefox] ÔÇ║ e2e/fi-ux-audit-labels.spec.ts:121:7 ÔÇ║ FI-UX S3.4 Front Desk cutover @smoke ÔÇ║ top bar search and quick create remain available (30.4s)
Public + security smoke (production build)	E2E smoke (build + start + Playwright)	2026-07-13T20:34:50.0674342Z   Ô£ÿ  102 [firefox] ÔÇ║ e2e/fi-ux-audit-labels.spec.ts:47:7 ÔÇ║ FI-UX S3.4 Front Desk cutover @smoke ÔÇ║ Today tab is active on /front-desk (30.9s)
Public + security smoke (production build)	E2E smoke (build + start + Playwright)	2026-07-13T20:34:56.2739884Z   Ô£ÿ  103 [firefox] ÔÇ║ e2e/fi-ux-audit-labels.spec.ts:133:7 ÔÇ║ FI-UX S3.4 Front Desk cutover @smoke ÔÇ║ tablet 768├ù1024 has no horizontal document overflow on Today (30.8s)
Public + security smoke (production build)	E2E smoke (build + start + Playwright)	2026-07-13T20:34:56.9842193Z   Ô£ô  105 [firefox] ÔÇ║ e2e/fi-ux-d6-realtime-signals.spec.ts:55:7 ÔÇ║ FI-UX-REBUILD D6 Today signal revision @smoke ÔÇ║ revision API rejects unauthenticated access (24ms)
Public + security smoke (production build)	E2E smoke (build + start + Playwright)	2026-07-13T20:34:57.0228495Z   Ô£ô  106 [firefox] ÔÇ║ e2e/fi-ux-d6-realtime-signals.spec.ts:61:7 ÔÇ║ FI-UX-REBUILD D6 Today signal revision @smoke ÔÇ║ public booking-arrival rejects invalid token (14ms)
Public + security smoke (production build)	E2E smoke (build + start + Playwright)	2026-07-13T20:34:57.0507688Z   -  107 [firefox] ÔÇ║ e2e/fi-ux-nav-collapse.spec.ts:37:7 ÔÇ║ FI-UX-REBUILD D2 navigation collapse @smoke ÔÇ║ minimal rail replaces legacy sidebar on desktop
Public + security smoke (production build)	E2E smoke (build + start + Playwright)	2026-07-13T20:34:57.0568650Z   -  108 [firefox] ÔÇ║ e2e/fi-ux-nav-collapse.spec.ts:55:7 ÔÇ║ FI-UX-REBUILD D2 navigation collapse @smoke ÔÇ║ More opens legacy module navigation with RBAC-filtered items
Public + security smoke (production build)	E2E smoke (build + start + Playwright)	2026-07-13T20:34:57.0621964Z   -  109 [firefox] ÔÇ║ e2e/fi-ux-nav-collapse.spec.ts:73:7 ÔÇ║ FI-UX-REBUILD D2 navigation collapse @smoke ÔÇ║ calendar route still renders full page with minimal rail
Public + security smoke (production build)	E2E smoke (build + start + Playwright)	2026-07-13T20:34:57.0742283Z   -  110 [firefox] ÔÇ║ e2e/fi-ux-nav-collapse.spec.ts:83:7 ÔÇ║ FI-UX-REBUILD D2 navigation collapse @smoke ÔÇ║ mobile shows bottom bar instead of hamburger
Public + security smoke (production build)	E2E smoke (build + start + Playwright)	2026-07-13T20:34:57.0832512Z   -  111 [firefox] ÔÇ║ e2e/fi-ux-nav-collapse.spec.ts:93:7 ÔÇ║ FI-UX-REBUILD D2 navigation collapse @smoke ÔÇ║ top bar uses New label in collapsed shell mode
Public + security smoke (production build)	E2E smoke (build + start + Playwright)	2026-07-13T20:34:57.0961500Z   -  112 [firefox] ÔÇ║ e2e/fi-ux-today-surface.spec.ts:43:7 ÔÇ║ FI-UX-REBUILD-1D Today surface @smoke ÔÇ║ home renders Today surface, not the legacy Clinic Command Center
Public + security smoke (production build)	E2E smoke (build + start + Playwright)	2026-07-13T20:34:57.1021324Z   -  113 [firefox] ÔÇ║ e2e/fi-ux-today-surface.spec.ts:52:7 ÔÇ║ FI-UX-REBUILD-1D Today surface @smoke ÔÇ║ Right now / Up next / Coming up sections all render
Public + security smoke (production build)	E2E smoke (build + start + Playwright)	2026-07-13T20:34:57.1149545Z   -  114 [firefox] ÔÇ║ e2e/fi-ux-today-surface.spec.ts:60:7 ÔÇ║ FI-UX-REBUILD-1D Today surface @smoke ÔÇ║ Coming up section is collapsed by default
Public + security smoke (production build)	E2E smoke (build + start + Playwright)	2026-07-13T20:34:57.1198844Z   -  115 [firefox] ÔÇ║ e2e/fi-ux-today-surface.spec.ts:69:7 ÔÇ║ FI-UX-REBUILD-1D Today surface @smoke ÔÇ║ no KPI cards or module tiles on the Today surface
Public + security smoke (production build)	E2E smoke (build + start + Playwright)	2026-07-13T20:34:57.1351186Z   -  116 [firefox] ÔÇ║ e2e/fi-ux-workspace-shell-validation.spec.ts:305:7 ÔÇ║ FI-UX-REBUILD D1B Calendar guard @smoke ÔÇ║ Calendar route unchanged ÔÇö full page, no workspace on load
Public + security smoke (production build)	E2E smoke (build + start + Playwright)	2026-07-13T20:34:57.1352526Z   -  117 [firefox] ÔÇ║ e2e/fi-ux-workspace-shell.spec.ts:28:7 ÔÇ║ FI-UX-REBUILD D1 Workspace shell @smoke ÔÇ║ opens patient workspace from shallow URL without route change
Public + security smoke (production build)	E2E smoke (build + start + Playwright)	2026-07-13T20:34:58.4539761Z   Ô£ô  118 [firefox] ÔÇ║ e2e/journeys/accessibility-smoke.spec.ts:16:7 ÔÇ║ accessibility smoke @smoke @a11y ÔÇ║ login form is keyboard reachable and submittable (1.1s)
Public + security smoke (production build)	E2E smoke (build + start + Playwright)	2026-07-13T20:34:58.8248920Z   Ô£ô  119 [firefox] ÔÇ║ e2e/journeys/accessibility-smoke.spec.ts:36:7 ÔÇ║ accessibility smoke @smoke @a11y ÔÇ║ login page has a single primary heading (362ms)
Public + security smoke (production build)	E2E smoke (build + start + Playwright)	2026-07-13T20:34:59.2320127Z   Ô£ô  120 [firefox] ÔÇ║ e2e/journeys/accessibility-smoke.spec.ts:42:7 ÔÇ║ accessibility smoke @smoke @a11y ÔÇ║ invalid payment page has accessible unavailable message (387ms)
Public + security smoke (production build)	E2E smoke (build + start + Playwright)	2026-07-13T20:35:00.0589369Z   Ô£ô  121 [firefox] ÔÇ║ e2e/journeys/navigation-routing.spec.ts:16:7 ÔÇ║ marketing navigation @smoke ÔÇ║ homepage ÔåÆ pricing ÔåÆ platform routes load (806ms)
Public + security smoke (production build)	E2E smoke (build + start + Playwright)	2026-07-13T20:35:00.3844787Z   Ô£ô  122 [firefox] ÔÇ║ e2e/journeys/navigation-routing.spec.ts:29:7 ÔÇ║ marketing navigation @smoke ÔÇ║ unknown admin route redirects unauthenticated users away (304ms)
Public + security smoke (production build)	E2E smoke (build + start + Playwright)	2026-07-13T20:35:00.7828205Z   Ô£ô  123 [firefox] ÔÇ║ e2e/journeys/performance-smoke.spec.ts:17:7 ÔÇ║ performance smoke @smoke ÔÇ║ homepage loads within budget (372ms)
Public + security smoke (production build)	E2E smoke (build + start + Playwright)	2026-07-13T20:35:01.0873924Z   Ô£ô  124 [firefox] ÔÇ║ e2e/journeys/performance-smoke.spec.ts:21:7 ÔÇ║ performance smoke @smoke ÔÇ║ login page loads within budget (297ms)
Public + security smoke (production build)	E2E smoke (build + start + Playwright)	2026-07-13T20:35:01.4562465Z   Ô£ô  125 [firefox] ÔÇ║ e2e/journeys/performance-smoke.spec.ts:25:7 ÔÇ║ performance smoke @smoke ÔÇ║ pricing page loads within budget (351ms)
Public + security smoke (production build)	E2E smoke (build + start + Playwright)	2026-07-13T20:35:01.8899461Z   Ô£ô  126 [firefox] ÔÇ║ e2e/journeys/public-surfaces.spec.ts:19:7 ÔÇ║ public surfaces @smoke ÔÇ║ marketing homepage loads with primary value proposition (413ms)
Public + security smoke (production build)	E2E smoke (build + start + Playwright)	2026-07-13T20:35:02.2399753Z   Ô£ô  127 [firefox] ÔÇ║ e2e/journeys/public-surfaces.spec.ts:25:7 ÔÇ║ public surfaces @smoke ÔÇ║ staff login surface is reachable and interactive (343ms)
Public + security smoke (production build)	E2E smoke (build + start + Playwright)	2026-07-13T20:35:02.6403512Z   Ô£ô  128 [firefox] ÔÇ║ e2e/journeys/public-surfaces.spec.ts:31:7 ÔÇ║ public surfaces @smoke ÔÇ║ fi-login redirect lands on OS login (382ms)
Public + security smoke (production build)	E2E smoke (build + start + Playwright)	2026-07-13T20:35:03.0831864Z   Ô£ô  129 [firefox] ÔÇ║ e2e/journeys/public-surfaces.spec.ts:37:7 ÔÇ║ public surfaces @smoke ÔÇ║ invalid payment link shows unavailable state (no crash) (435ms)
Public + security smoke (production build)	E2E smoke (build + start + Playwright)	2026-07-13T20:35:03.5768649Z   Ô£ô  130 [firefox] ÔÇ║ e2e/security/unauthenticated-access.spec.ts:25:7 ÔÇ║ unauthenticated access ÔÇö fails closed @security ÔÇ║ platform admin shell (/fi-admin/system) is not reachable without a session (468ms)
Public + security smoke (production build)	E2E smoke (build + start + Playwright)	2026-07-13T20:35:03.8922832Z   Ô£ô  131 [firefox] ÔÇ║ e2e/security/unauthenticated-access.spec.ts:32:7 ÔÇ║ unauthenticated access ÔÇö fails closed @security ÔÇ║ tenant clinic dashboard is not reachable without a session (312ms)
Public + security smoke (production build)	E2E smoke (build + start + Playwright)	2026-07-13T20:35:03.9103071Z   Ô£ô  132 [firefox] ÔÇ║ e2e/security/unauthenticated-access.spec.ts:39:7 ÔÇ║ unauthenticated access ÔÇö fails closed @security ÔÇ║ protected tenant API route (cases list) fails closed without a session (11ms)
Public + security smoke (production build)	E2E smoke (build + start + Playwright)	2026-07-13T20:35:04.2407414Z   Ô£ô  133 [firefox] ÔÇ║ e2e/security/unauthenticated-access.spec.ts:56:7 ÔÇ║ unauthenticated access ÔÇö fails closed @security ÔÇ║ public login route still loads (325ms)
Public + security smoke (production build)	E2E smoke (build + start + Playwright)	2026-07-13T20:35:04.7129686Z   Ô£ÿ  134 [firefox] ÔÇ║ e2e/security/unauthenticated-access.spec.ts:63:7 ÔÇ║ unauthenticated access ÔÇö fails closed @security ÔÇ║ protected tenant patients API fails closed without a session (23ms)
Public + security smoke (production build)	E2E smoke (build + start + Playwright)	2026-07-13T20:35:05.4234315Z   Ô£ÿ  135 [firefox] ÔÇ║ e2e/security/unauthenticated-access.spec.ts:78:7 ÔÇ║ unauthenticated access ÔÇö fails closed @security ÔÇ║ cron reminder route rejects unauthenticated calls (25ms)
Public + security smoke (production build)	E2E smoke (build + start + Playwright)	2026-07-13T20:35:22.2884142Z   Ô£ÿ  104 [firefox] ÔÇ║ e2e/fi-ux-audit-labels.spec.ts:56:7 ÔÇ║ FI-UX S3.4 Front Desk cutover @smoke ÔÇ║ Tomorrow tab is active on /front-desk/tomorrow (30.9s)
Public + security smoke (production build)	E2E smoke (build + start + Playwright)	2026-07-13T20:35:39.5515533Z   Ô£ÿ  137 [firefox] ÔÇ║ e2e/fi-ux-audit-labels.spec.ts:68:7 ÔÇ║ FI-UX S3.4 Front Desk cutover @smoke ÔÇ║ legacy /reception redirects to /front-desk and preserves bookingId/date (15.9s)
Public + security smoke (production build)	E2E smoke (build + start + Playwright)	2026-07-13T20:35:56.6711443Z   Ô£ÿ  138 [firefox] ÔÇ║ e2e/fi-ux-audit-labels.spec.ts:87:7 ÔÇ║ FI-UX S3.4 Front Desk cutover @smoke ÔÇ║ legacy /reception-board and /operations redirect to Today (15.8s)
Public + security smoke (production build)	E2E smoke (build + start + Playwright)	2026-07-13T20:35:58.8929508Z   Ô£ô  139 [webkit] ÔÇ║ e2e/fi-operational-day.spec.ts:23:7 ÔÇ║ FI operational day ÔÇö security @smoke ÔÇ║ reception board requires authentication (1.2s)
Public + security smoke (production build)	E2E smoke (build + start + Playwright)	2026-07-13T20:36:00.0432397Z   Ô£ÿ  140 [webkit] ÔÇ║ e2e/fi-operational-day.spec.ts:35:7 ÔÇ║ FI operational day ÔÇö security @smoke ÔÇ║ procedure day route hidden or denied when flag off (938ms)
Public + security smoke (production build)	E2E smoke (build + start + Playwright)	2026-07-13T20:36:00.8621888Z   Ô£ô  141 [webkit] ÔÇ║ e2e/fi-operational-day.spec.ts:43:7 ÔÇ║ FI operational day ÔÇö security @smoke ÔÇ║ reception-board API rejects unauthenticated access (25ms)
Public + security smoke (production build)	E2E smoke (build + start + Playwright)	2026-07-13T20:36:02.0777020Z   Ô£ô  136 [firefox] ÔÇ║ e2e/security/unauthenticated-access.spec.ts:92:7 ÔÇ║ unauthenticated access ÔÇö fails closed @security ÔÇ║ patient portal medications page is public but does not expose tenant APIs (55.7s)
Public + security smoke (production build)	E2E smoke (build + start + Playwright)	2026-07-13T20:36:19.6674547Z   Ô£ÿ  143 [webkit] ÔÇ║ e2e/fi-ux-audit-labels.spec.ts:94:7 ÔÇ║ FI-UX S3.4 Front Desk cutover @smoke ÔÇ║ legacy /tomorrow redirects to /front-desk/tomorrow (15.9s)
Public + security smoke (production build)	E2E smoke (build + start + Playwright)	2026-07-13T20:36:31.7868217Z   Ô£ÿ  142 [webkit] ÔÇ║ e2e/fi-ux-audit-labels.spec.ts:19:7 ÔÇ║ FI-UX S3.4 Front Desk cutover @smoke ÔÇ║ /front-desk renders Today board (not ReceptionOS dashboard) (30.7s)
Public + security smoke (production build)	E2E smoke (build + start + Playwright)	2026-07-13T20:36:36.6090596Z   Ô£ÿ  144 [webkit] ÔÇ║ e2e/fi-ux-audit-labels.spec.ts:99:7 ÔÇ║ FI-UX S3.4 Front Desk cutover @smoke ÔÇ║ legacy front-desk subroutes redirect to Today (15.8s)
Public + security smoke (production build)	E2E smoke (build + start + Playwright)	2026-07-13T20:36:38.5609557Z   Ô£ô  146 [webkit] ÔÇ║ e2e/fi-ux-audit-labels.spec.ts:106:7 ÔÇ║ FI-UX S3.4 Front Desk cutover @smoke ÔÇ║ staff cannot open /reception-os (not found) (908ms)
Public + security smoke (production build)	E2E smoke (build + start + Playwright)	2026-07-13T20:37:03.7188918Z   Ô£ÿ  145 [webkit] ÔÇ║ e2e/fi-ux-audit-labels.spec.ts:30:7 ÔÇ║ FI-UX S3.4 Front Desk cutover @smoke ÔÇ║ exactly two Front Desk tabs: Today and Tomorrow (30.8s)
Public + security smoke (production build)	E2E smoke (build + start + Playwright)	2026-07-13T20:37:09.4616892Z   Ô£ÿ  147 [webkit] ÔÇ║ e2e/fi-ux-audit-labels.spec.ts:121:7 ÔÇ║ FI-UX S3.4 Front Desk cutover @smoke ÔÇ║ top bar search and quick create remain available (30.8s)
Public + security smoke (production build)	E2E smoke (build + start + Playwright)	2026-07-13T20:37:35.6660557Z   Ô£ÿ  148 [webkit] ÔÇ║ e2e/fi-ux-audit-labels.spec.ts:47:7 ÔÇ║ FI-UX S3.4 Front Desk cutover @smoke ÔÇ║ Today tab is active on /front-desk (30.8s)
Public + security smoke (production build)	E2E smoke (build + start + Playwright)	2026-07-13T20:37:41.3341007Z   Ô£ÿ  149 [webkit] ÔÇ║ e2e/fi-ux-audit-labels.spec.ts:133:7 ÔÇ║ FI-UX S3.4 Front Desk cutover @smoke ÔÇ║ tablet 768├ù1024 has no horizontal document overflow on Today (30.8s)
Public + security smoke (production build)	E2E smoke (build + start + Playwright)	2026-07-13T20:37:42.3625759Z   Ô£ô  151 [webkit] ÔÇ║ e2e/fi-ux-d6-realtime-signals.spec.ts:55:7 ÔÇ║ FI-UX-REBUILD D6 Today signal revision @smoke ÔÇ║ revision API rejects unauthenticated access (42ms)
Public + security smoke (production build)	E2E smoke (build + start + Playwright)	2026-07-13T20:37:42.4078913Z   Ô£ô  152 [webkit] ÔÇ║ e2e/fi-ux-d6-realtime-signals.spec.ts:61:7 ÔÇ║ FI-UX-REBUILD D6 Today signal revision @smoke ÔÇ║ public booking-arrival rejects invalid token (14ms)
Public + security smoke (production build)	E2E smoke (build + start + Playwright)	2026-07-13T20:37:42.4395962Z   -  153 [webkit] ÔÇ║ e2e/fi-ux-nav-collapse.spec.ts:37:7 ÔÇ║ FI-UX-REBUILD D2 navigation collapse @smoke ÔÇ║ minimal rail replaces legacy sidebar on desktop
Public + security smoke (production build)	E2E smoke (build + start + Playwright)	2026-07-13T20:37:42.4484087Z   -  154 [webkit] ÔÇ║ e2e/fi-ux-nav-collapse.spec.ts:55:7 ÔÇ║ FI-UX-REBUILD D2 navigation collapse @smoke ÔÇ║ More opens legacy module navigation with RBAC-filtered items
Public + security smoke (production build)	E2E smoke (build + start + Playwright)	2026-07-13T20:37:42.4575917Z   -  155 [webkit] ÔÇ║ e2e/fi-ux-nav-collapse.spec.ts:73:7 ÔÇ║ FI-UX-REBUILD D2 navigation collapse @smoke ÔÇ║ calendar route still renders full page with minimal rail
Public + security smoke (production build)	E2E smoke (build + start + Playwright)	2026-07-13T20:37:42.4797872Z   -  156 [webkit] ÔÇ║ e2e/fi-ux-nav-collapse.spec.ts:83:7 ÔÇ║ FI-UX-REBUILD D2 navigation collapse @smoke ÔÇ║ mobile shows bottom bar instead of hamburger
Public + security smoke (production build)	E2E smoke (build + start + Playwright)	2026-07-13T20:37:42.4850751Z   -  157 [webkit] ÔÇ║ e2e/fi-ux-nav-collapse.spec.ts:93:7 ÔÇ║ FI-UX-REBUILD D2 navigation collapse @smoke ÔÇ║ top bar uses New label in collapsed shell mode
Public + security smoke (production build)	E2E smoke (build + start + Playwright)	2026-07-13T20:37:42.5067840Z   -  158 [webkit] ÔÇ║ e2e/fi-ux-today-surface.spec.ts:43:7 ÔÇ║ FI-UX-REBUILD-1D Today surface @smoke ÔÇ║ home renders Today surface, not the legacy Clinic Command Center
Public + security smoke (production build)	E2E smoke (build + start + Playwright)	2026-07-13T20:37:42.5137603Z   -  159 [webkit] ÔÇ║ e2e/fi-ux-today-surface.spec.ts:52:7 ÔÇ║ FI-UX-REBUILD-1D Today surface @smoke ÔÇ║ Right now / Up next / Coming up sections all render
Public + security smoke (production build)	E2E smoke (build + start + Playwright)	2026-07-13T20:37:42.5317500Z   -  160 [webkit] ÔÇ║ e2e/fi-ux-today-surface.spec.ts:60:7 ÔÇ║ FI-UX-REBUILD-1D Today surface @smoke ÔÇ║ Coming up section is collapsed by default
Public + security smoke (production build)	E2E smoke (build + start + Playwright)	2026-07-13T20:37:42.5383583Z   -  161 [webkit] ÔÇ║ e2e/fi-ux-today-surface.spec.ts:69:7 ÔÇ║ FI-UX-REBUILD-1D Today surface @smoke ÔÇ║ no KPI cards or module tiles on the Today surface
Public + security smoke (production build)	E2E smoke (build + start + Playwright)	2026-07-13T20:37:42.5569103Z   -  162 [webkit] ÔÇ║ e2e/fi-ux-workspace-shell-validation.spec.ts:305:7 ÔÇ║ FI-UX-REBUILD D1B Calendar guard @smoke ÔÇ║ Calendar route unchanged ÔÇö full page, no workspace on load
Public + security smoke (production build)	E2E smoke (build + start + Playwright)	2026-07-13T20:37:42.5570558Z   -  163 [webkit] ÔÇ║ e2e/fi-ux-workspace-shell.spec.ts:28:7 ÔÇ║ FI-UX-REBUILD D1 Workspace shell @smoke ÔÇ║ opens patient workspace from shallow URL without route change
Public + security smoke (production build)	E2E smoke (build + start + Playwright)	2026-07-13T20:37:43.6197813Z   Ô£ô  164 [webkit] ÔÇ║ e2e/journeys/accessibility-smoke.spec.ts:16:7 ÔÇ║ accessibility smoke @smoke @a11y ÔÇ║ login form is keyboard reachable and submittable (964ms)
Public + security smoke (production build)	E2E smoke (build + start + Playwright)	2026-07-13T20:37:44.4611426Z   Ô£ô  165 [webkit] ÔÇ║ e2e/journeys/accessibility-smoke.spec.ts:36:7 ÔÇ║ accessibility smoke @smoke @a11y ÔÇ║ login page has a single primary heading (830ms)
Public + security smoke (production build)	E2E smoke (build + start + Playwright)	2026-07-13T20:37:45.3288880Z   Ô£ô  166 [webkit] ÔÇ║ e2e/journeys/accessibility-smoke.spec.ts:42:7 ÔÇ║ accessibility smoke @smoke @a11y ÔÇ║ invalid payment page has accessible unavailable message (831ms)
Public + security smoke (production build)	E2E smoke (build + start + Playwright)	2026-07-13T20:37:47.0263044Z   Ô£ô  167 [webkit] ÔÇ║ e2e/journeys/navigation-routing.spec.ts:16:7 ÔÇ║ marketing navigation @smoke ÔÇ║ homepage ÔåÆ pricing ÔåÆ platform routes load (1.7s)
Public + security smoke (production build)	E2E smoke (build + start + Playwright)	2026-07-13T20:37:48.0682672Z   Ô£ô  168 [webkit] ÔÇ║ e2e/journeys/navigation-routing.spec.ts:29:7 ÔÇ║ marketing navigation @smoke ÔÇ║ unknown admin route redirects unauthenticated users away (999ms)
Public + security smoke (production build)	E2E smoke (build + start + Playwright)	2026-07-13T20:37:49.1320724Z   Ô£ô  169 [webkit] ÔÇ║ e2e/journeys/performance-smoke.spec.ts:17:7 ÔÇ║ performance smoke @smoke ÔÇ║ homepage loads within budget (1.0s)
Public + security smoke (production build)	E2E smoke (build + start + Playwright)	2026-07-13T20:37:50.0618633Z   Ô£ô  170 [webkit] ÔÇ║ e2e/journeys/performance-smoke.spec.ts:21:7 ÔÇ║ performance smoke @smoke ÔÇ║ login page loads within budget (908ms)
Public + security smoke (production build)	E2E smoke (build + start + Playwright)	2026-07-13T20:37:50.8399005Z   Ô£ô  171 [webkit] ÔÇ║ e2e/journeys/performance-smoke.spec.ts:25:7 ÔÇ║ performance smoke @smoke ÔÇ║ pricing page loads within budget (738ms)
Public + security smoke (production build)	E2E smoke (build + start + Playwright)	2026-07-13T20:37:51.9779056Z   Ô£ô  172 [webkit] ÔÇ║ e2e/journeys/public-surfaces.spec.ts:19:7 ÔÇ║ public surfaces @smoke ÔÇ║ marketing homepage loads with primary value proposition (1.1s)
Public + security smoke (production build)	E2E smoke (build + start + Playwright)	2026-07-13T20:37:52.9320295Z   Ô£ô  173 [webkit] ÔÇ║ e2e/journeys/public-surfaces.spec.ts:25:7 ÔÇ║ public surfaces @smoke ÔÇ║ staff login surface is reachable and interactive (936ms)
Public + security smoke (production build)	E2E smoke (build + start + Playwright)	2026-07-13T20:37:53.8218445Z   Ô£ô  174 [webkit] ÔÇ║ e2e/journeys/public-surfaces.spec.ts:31:7 ÔÇ║ public surfaces @smoke ÔÇ║ fi-login redirect lands on OS login (864ms)
Public + security smoke (production build)	E2E smoke (build + start + Playwright)	2026-07-13T20:37:54.5678590Z   Ô£ô  175 [webkit] ÔÇ║ e2e/journeys/public-surfaces.spec.ts:37:7 ÔÇ║ public surfaces @smoke ÔÇ║ invalid payment link shows unavailable state (no crash) (709ms)
Public + security smoke (production build)	E2E smoke (build + start + Playwright)	2026-07-13T20:37:55.4168669Z   Ô£ô  176 [webkit] ÔÇ║ e2e/security/unauthenticated-access.spec.ts:25:7 ÔÇ║ unauthenticated access ÔÇö fails closed @security ÔÇ║ platform admin shell (/fi-admin/system) is not reachable without a session (815ms)
Public + security smoke (production build)	E2E smoke (build + start + Playwright)	2026-07-13T20:37:56.3133210Z   Ô£ô  177 [webkit] ÔÇ║ e2e/security/unauthenticated-access.spec.ts:32:7 ÔÇ║ unauthenticated access ÔÇö fails closed @security ÔÇ║ tenant clinic dashboard is not reachable without a session (881ms)
Public + security smoke (production build)	E2E smoke (build + start + Playwright)	2026-07-13T20:37:56.3588173Z   Ô£ô  178 [webkit] ÔÇ║ e2e/security/unauthenticated-access.spec.ts:39:7 ÔÇ║ unauthenticated access ÔÇö fails closed @security ÔÇ║ protected tenant API route (cases list) fails closed without a session (30ms)
Public + security smoke (production build)	E2E smoke (build + start + Playwright)	2026-07-13T20:37:57.2483034Z   Ô£ô  179 [webkit] ÔÇ║ e2e/security/unauthenticated-access.spec.ts:56:7 ÔÇ║ unauthenticated access ÔÇö fails closed @security ÔÇ║ public login route still loads (873ms)
Public + security smoke (production build)	E2E smoke (build + start + Playwright)	2026-07-13T20:37:57.3709211Z   Ô£ÿ  180 [webkit] ÔÇ║ e2e/security/unauthenticated-access.spec.ts:63:7 ÔÇ║ unauthenticated access ÔÇö fails closed @security ÔÇ║ protected tenant patients API fails closed without a session (49ms)
Public + security smoke (production build)	E2E smoke (build + start + Playwright)	2026-07-13T20:37:58.3778041Z   Ô£ÿ  181 [webkit] ÔÇ║ e2e/security/unauthenticated-access.spec.ts:78:7 ÔÇ║ unauthenticated access ÔÇö fails closed @security ÔÇ║ cron reminder route rejects unauthenticated calls (35ms)
Public + security smoke (production build)	E2E smoke (build + start + Playwright)	2026-07-13T20:38:07.5307958Z   Ô£ÿ  150 [webkit] ÔÇ║ e2e/fi-ux-audit-labels.spec.ts:56:7 ÔÇ║ FI-UX S3.4 Front Desk cutover @smoke ÔÇ║ Tomorrow tab is active on /front-desk/tomorrow (30.8s)
Public + security smoke (production build)	E2E smoke (build + start + Playwright)	2026-07-13T20:38:23.9792577Z   Ô£ÿ  183 [webkit] ÔÇ║ e2e/fi-ux-audit-labels.spec.ts:68:7 ÔÇ║ FI-UX S3.4 Front Desk cutover @smoke ÔÇ║ legacy /reception redirects to /front-desk and preserves bookingId/date (15.6s)
Public + security smoke (production build)	E2E smoke (build + start + Playwright)	2026-07-13T20:38:40.6296383Z   Ô£ÿ  184 [webkit] ÔÇ║ e2e/fi-ux-audit-labels.spec.ts:87:7 ÔÇ║ FI-UX S3.4 Front Desk cutover @smoke ÔÇ║ legacy /reception-board and /operations redirect to Today (15.8s)
Public + security smoke (production build)	E2E smoke (build + start + Playwright)	2026-07-13T20:38:42.1343993Z   Ô£ô  185 [mobile-chrome] ÔÇ║ e2e/fi-operational-day.spec.ts:23:7 ÔÇ║ FI operational day ÔÇö security @smoke ÔÇ║ reception board requires authentication (600ms)
Public + security smoke (production build)	E2E smoke (build + start + Playwright)	2026-07-13T20:38:42.7080851Z   Ô£ÿ  186 [mobile-chrome] ÔÇ║ e2e/fi-operational-day.spec.ts:35:7 ÔÇ║ FI operational day ÔÇö security @smoke ÔÇ║ procedure day route hidden or denied when flag off (537ms)
Public + security smoke (production build)	E2E smoke (build + start + Playwright)	2026-07-13T20:38:43.5530995Z   Ô£ô  187 [mobile-chrome] ÔÇ║ e2e/fi-operational-day.spec.ts:43:7 ÔÇ║ FI operational day ÔÇö security @smoke ÔÇ║ reception-board API rejects unauthenticated access (25ms)
Public + security smoke (production build)	E2E smoke (build + start + Playwright)	2026-07-13T20:38:54.7903020Z   Ô£ô  182 [webkit] ÔÇ║ e2e/security/unauthenticated-access.spec.ts:92:7 ÔÇ║ unauthenticated access ÔÇö fails closed @security ÔÇ║ patient portal medications page is public but does not expose tenant APIs (55.4s)
Public + security smoke (production build)	E2E smoke (build + start + Playwright)	2026-07-13T20:39:11.3578942Z   Ô£ÿ  189 [mobile-chrome] ÔÇ║ e2e/fi-ux-audit-labels.spec.ts:94:7 ÔÇ║ FI-UX S3.4 Front Desk cutover @smoke ÔÇ║ legacy /tomorrow redirects to /front-desk/tomorrow (15.4s)
Public + security smoke (production build)	E2E smoke (build + start + Playwright)	2026-07-13T20:39:14.2392870Z   Ô£ÿ  188 [mobile-chrome] ÔÇ║ e2e/fi-ux-audit-labels.spec.ts:19:7 ÔÇ║ FI-UX S3.4 Front Desk cutover @smoke ÔÇ║ /front-desk renders Today board (not ReceptionOS dashboard) (30.5s)
Public + security smoke (production build)	E2E smoke (build + start + Playwright)	2026-07-13T20:39:27.6163704Z   Ô£ÿ  190 [mobile-chrome] ÔÇ║ e2e/fi-ux-audit-labels.spec.ts:99:7 ÔÇ║ FI-UX S3.4 Front Desk cutover @smoke ÔÇ║ legacy front-desk subroutes redirect to Today (15.4s)
Public + security smoke (production build)	E2E smoke (build + start + Playwright)	2026-07-13T20:39:28.9203086Z   Ô£ô  192 [mobile-chrome] ÔÇ║ e2e/fi-ux-audit-labels.spec.ts:106:7 ÔÇ║ FI-UX S3.4 Front Desk cutover @smoke ÔÇ║ staff cannot open /reception-os (not found) (509ms)
Public + security smoke (production build)	E2E smoke (build + start + Playwright)	2026-07-13T20:39:45.5690426Z   Ô£ÿ  191 [mobile-chrome] ÔÇ║ e2e/fi-ux-audit-labels.spec.ts:30:7 ÔÇ║ FI-UX S3.4 Front Desk cutover @smoke ÔÇ║ exactly two Front Desk tabs: Today and Tomorrow (30.4s)
Public + security smoke (production build)	E2E smoke (build + start + Playwright)	2026-07-13T20:39:59.3876629Z   Ô£ÿ  193 [mobile-chrome] ÔÇ║ e2e/fi-ux-audit-labels.spec.ts:121:7 ÔÇ║ FI-UX S3.4 Front Desk cutover @smoke ÔÇ║ top bar search and quick create remain available (30.4s)
Public + security smoke (production build)	E2E smoke (build + start + Playwright)	2026-07-13T20:40:16.8868946Z   Ô£ÿ  194 [mobile-chrome] ÔÇ║ e2e/fi-ux-audit-labels.spec.ts:47:7 ÔÇ║ FI-UX S3.4 Front Desk cutover @smoke ÔÇ║ Today tab is active on /front-desk (30.5s)
Public + security smoke (production build)	E2E smoke (build + start + Playwright)	2026-07-13T20:40:30.8724543Z   Ô£ÿ  195 [mobile-chrome] ÔÇ║ e2e/fi-ux-audit-labels.spec.ts:133:7 ÔÇ║ FI-UX S3.4 Front Desk cutover @smoke ÔÇ║ tablet 768├ù1024 has no horizontal document overflow on Today (30.7s)
Public + security smoke (production build)	E2E smoke (build + start + Playwright)	2026-07-13T20:40:31.5748760Z   Ô£ô  197 [mobile-chrome] ÔÇ║ e2e/fi-ux-d6-realtime-signals.spec.ts:55:7 ÔÇ║ FI-UX-REBUILD D6 Today signal revision @smoke ÔÇ║ revision API rejects unauthenticated access (24ms)
Public + security smoke (production build)	E2E smoke (build + start + Playwright)	2026-07-13T20:40:31.6034759Z   Ô£ô  198 [mobile-chrome] ÔÇ║ e2e/fi-ux-d6-realtime-signals.spec.ts:61:7 ÔÇ║ FI-UX-REBUILD D6 Today signal revision @smoke ÔÇ║ public booking-arrival rejects invalid token (10ms)
Public + security smoke (production build)	E2E smoke (build + start + Playwright)	2026-07-13T20:40:31.6218340Z   -  199 [mobile-chrome] ÔÇ║ e2e/fi-ux-nav-collapse.spec.ts:37:7 ÔÇ║ FI-UX-REBUILD D2 navigation collapse @smoke ÔÇ║ minimal rail replaces legacy sidebar on desktop
Public + security smoke (production build)	E2E smoke (build + start + Playwright)	2026-07-13T20:40:31.6276238Z   -  200 [mobile-chrome] ÔÇ║ e2e/fi-ux-nav-collapse.spec.ts:55:7 ÔÇ║ FI-UX-REBUILD D2 navigation collapse @smoke ÔÇ║ More opens legacy module navigation with RBAC-filtered items
Public + security smoke (production build)	E2E smoke (build + start + Playwright)	2026-07-13T20:40:31.6328523Z   -  201 [mobile-chrome] ÔÇ║ e2e/fi-ux-nav-collapse.spec.ts:73:7 ÔÇ║ FI-UX-REBUILD D2 navigation collapse @smoke ÔÇ║ calendar route still renders full page with minimal rail
Public + security smoke (production build)	E2E smoke (build + start + Playwright)	2026-07-13T20:40:31.6437091Z   -  202 [mobile-chrome] ÔÇ║ e2e/fi-ux-nav-collapse.spec.ts:83:7 ÔÇ║ FI-UX-REBUILD D2 navigation collapse @smoke ÔÇ║ mobile shows bottom bar instead of hamburger
Public + security smoke (production build)	E2E smoke (build + start + Playwright)	2026-07-13T20:40:31.6490452Z   -  203 [mobile-chrome] ÔÇ║ e2e/fi-ux-nav-collapse.spec.ts:93:7 ÔÇ║ FI-UX-REBUILD D2 navigation collapse @smoke ÔÇ║ top bar uses New label in collapsed shell mode
Public + security smoke (production build)	E2E smoke (build + start + Playwright)	2026-07-13T20:40:31.6636971Z   -  204 [mobile-chrome] ÔÇ║ e2e/fi-ux-today-surface.spec.ts:43:7 ÔÇ║ FI-UX-REBUILD-1D Today surface @smoke ÔÇ║ home renders Today surface, not the legacy Clinic Command Center
Public + security smoke (production build)	E2E smoke (build + start + Playwright)	2026-07-13T20:40:31.6704448Z   -  205 [mobile-chrome] ÔÇ║ e2e/fi-ux-today-surface.spec.ts:52:7 ÔÇ║ FI-UX-REBUILD-1D Today surface @smoke ÔÇ║ Right now / Up next / Coming up sections all render
Public + security smoke (production build)	E2E smoke (build + start + Playwright)	2026-07-13T20:40:31.6808399Z   -  206 [mobile-chrome] ÔÇ║ e2e/fi-ux-today-surface.spec.ts:60:7 ÔÇ║ FI-UX-REBUILD-1D Today surface @smoke ÔÇ║ Coming up section is collapsed by default
Public + security smoke (production build)	E2E smoke (build + start + Playwright)	2026-07-13T20:40:31.6861103Z   -  207 [mobile-chrome] ÔÇ║ e2e/fi-ux-today-surface.spec.ts:69:7 ÔÇ║ FI-UX-REBUILD-1D Today surface @smoke ÔÇ║ no KPI cards or module tiles on the Today surface
Public + security smoke (production build)	E2E smoke (build + start + Playwright)	2026-07-13T20:40:31.7002067Z   -  208 [mobile-chrome] ÔÇ║ e2e/fi-ux-workspace-shell-validation.spec.ts:305:7 ÔÇ║ FI-UX-REBUILD D1B Calendar guard @smoke ÔÇ║ Calendar route unchanged ÔÇö full page, no workspace on load
Public + security smoke (production build)	E2E smoke (build + start + Playwright)	2026-07-13T20:40:31.7004006Z   -  209 [mobile-chrome] ÔÇ║ e2e/fi-ux-workspace-shell.spec.ts:28:7 ÔÇ║ FI-UX-REBUILD D1 Workspace shell @smoke ÔÇ║ opens patient workspace from shallow URL without route change
Public + security smoke (production build)	E2E smoke (build + start + Playwright)	2026-07-13T20:40:32.3875880Z   Ô£ô  210 [mobile-chrome] ÔÇ║ e2e/journeys/accessibility-smoke.spec.ts:16:7 ÔÇ║ accessibility smoke @smoke @a11y ÔÇ║ login form is keyboard reachable and submittable (571ms)
Public + security smoke (production build)	E2E smoke (build + start + Playwright)	2026-07-13T20:40:32.9118322Z   Ô£ô  211 [mobile-chrome] ÔÇ║ e2e/journeys/accessibility-smoke.spec.ts:36:7 ÔÇ║ accessibility smoke @smoke @a11y ÔÇ║ login page has a single primary heading (511ms)
Public + security smoke (production build)	E2E smoke (build + start + Playwright)	2026-07-13T20:40:33.6674879Z   Ô£ô  212 [mobile-chrome] ÔÇ║ e2e/journeys/accessibility-smoke.spec.ts:42:7 ÔÇ║ accessibility smoke @smoke @a11y ÔÇ║ invalid payment page has accessible unavailable message (741ms)
Public + security smoke (production build)	E2E smoke (build + start + Playwright)	2026-07-13T20:40:35.1890236Z   Ô£ô  213 [mobile-chrome] ÔÇ║ e2e/journeys/navigation-routing.spec.ts:16:7 ÔÇ║ marketing navigation @smoke ÔÇ║ homepage ÔåÆ pricing ÔåÆ platform routes load (1.5s)
Public + security smoke (production build)	E2E smoke (build + start + Playwright)	2026-07-13T20:40:35.6945018Z   Ô£ô  214 [mobile-chrome] ÔÇ║ e2e/journeys/navigation-routing.spec.ts:29:7 ÔÇ║ marketing navigation @smoke ÔÇ║ unknown admin route redirects unauthenticated users away (486ms)
Public + security smoke (production build)	E2E smoke (build + start + Playwright)	2026-07-13T20:40:36.7115767Z   Ô£ô  215 [mobile-chrome] ÔÇ║ e2e/journeys/performance-smoke.spec.ts:17:7 ÔÇ║ performance smoke @smoke ÔÇ║ homepage loads within budget (1.0s)
Public + security smoke (production build)	E2E smoke (build + start + Playwright)	2026-07-13T20:40:37.2246287Z   Ô£ô  216 [mobile-chrome] ÔÇ║ e2e/journeys/performance-smoke.spec.ts:21:7 ÔÇ║ performance smoke @smoke ÔÇ║ login page loads within budget (503ms)
Public + security smoke (production build)	E2E smoke (build + start + Playwright)	2026-07-13T20:40:38.1648636Z   Ô£ô  217 [mobile-chrome] ÔÇ║ e2e/journeys/performance-smoke.spec.ts:25:7 ÔÇ║ performance smoke @smoke ÔÇ║ pricing page loads within budget (924ms)
Public + security smoke (production build)	E2E smoke (build + start + Playwright)	2026-07-13T20:40:39.1707002Z   Ô£ô  218 [mobile-chrome] ÔÇ║ e2e/journeys/public-surfaces.spec.ts:19:7 ÔÇ║ public surfaces @smoke ÔÇ║ marketing homepage loads with primary value proposition (989ms)
Public + security smoke (production build)	E2E smoke (build + start + Playwright)	2026-07-13T20:40:39.6734067Z   Ô£ô  219 [mobile-chrome] ÔÇ║ e2e/journeys/public-surfaces.spec.ts:25:7 ÔÇ║ public surfaces @smoke ÔÇ║ staff login surface is reachable and interactive (494ms)
Public + security smoke (production build)	E2E smoke (build + start + Playwright)	2026-07-13T20:40:40.1989713Z   Ô£ô  220 [mobile-chrome] ÔÇ║ e2e/journeys/public-surfaces.spec.ts:31:7 ÔÇ║ public surfaces @smoke ÔÇ║ fi-login redirect lands on OS login (509ms)
Public + security smoke (production build)	E2E smoke (build + start + Playwright)	2026-07-13T20:40:40.8778873Z   Ô£ô  221 [mobile-chrome] ÔÇ║ e2e/journeys/public-surfaces.spec.ts:37:7 ÔÇ║ public surfaces @smoke ÔÇ║ invalid payment link shows unavailable state (no crash) (670ms)
Public + security smoke (production build)	E2E smoke (build + start + Playwright)	2026-07-13T20:40:41.4088233Z   Ô£ô  222 [mobile-chrome] ÔÇ║ e2e/security/unauthenticated-access.spec.ts:25:7 ÔÇ║ unauthenticated access ÔÇö fails closed @security ÔÇ║ platform admin shell (/fi-admin/system) is not reachable without a session (509ms)
Public + security smoke (production build)	E2E smoke (build + start + Playwright)	2026-07-13T20:40:41.9413051Z   Ô£ô  223 [mobile-chrome] ÔÇ║ e2e/security/unauthenticated-access.spec.ts:32:7 ÔÇ║ unauthenticated access ÔÇö fails closed @security ÔÇ║ tenant clinic dashboard is not reachable without a session (524ms)
Public + security smoke (production build)	E2E smoke (build + start + Playwright)	2026-07-13T20:40:41.9554793Z   Ô£ô  224 [mobile-chrome] ÔÇ║ e2e/security/unauthenticated-access.spec.ts:39:7 ÔÇ║ unauthenticated access ÔÇö fails closed @security ÔÇ║ protected tenant API route (cases list) fails closed without a session (9ms)
Public + security smoke (production build)	E2E smoke (build + start + Playwright)	2026-07-13T20:40:42.4468399Z   Ô£ô  225 [mobile-chrome] ÔÇ║ e2e/security/unauthenticated-access.spec.ts:56:7 ÔÇ║ unauthenticated access ÔÇö fails closed @security ÔÇ║ public login route still loads (485ms)
Public + security smoke (production build)	E2E smoke (build + start + Playwright)	2026-07-13T20:40:42.4975107Z   Ô£ÿ  226 [mobile-chrome] ÔÇ║ e2e/security/unauthenticated-access.spec.ts:63:7 ÔÇ║ unauthenticated access ÔÇö fails closed @security ÔÇ║ protected tenant patients API fails closed without a session (23ms)
Public + security smoke (production build)	E2E smoke (build + start + Playwright)	2026-07-13T20:40:43.2057892Z   Ô£ÿ  227 [mobile-chrome] ÔÇ║ e2e/security/unauthenticated-access.spec.ts:78:7 ÔÇ║ unauthenticated access ÔÇö fails closed @security ÔÇ║ cron reminder route rejects unauthenticated calls (22ms)
Public + security smoke (production build)	E2E smoke (build + start + Playwright)	2026-07-13T20:40:48.1668955Z   Ô£ÿ  196 [mobile-chrome] ÔÇ║ e2e/fi-ux-audit-labels.spec.ts:56:7 ÔÇ║ FI-UX S3.4 Front Desk cutover @smoke ÔÇ║ Tomorrow tab is active on /front-desk/tomorrow (30.5s)
Public + security smoke (production build)	E2E smoke (build + start + Playwright)	2026-07-13T20:41:04.4122540Z   Ô£ÿ  229 [mobile-chrome] ÔÇ║ e2e/fi-ux-audit-labels.spec.ts:68:7 ÔÇ║ FI-UX S3.4 Front Desk cutover @smoke ÔÇ║ legacy /reception redirects to /front-desk and preserves bookingId/date (15.4s)
Public + security smoke (production build)	E2E smoke (build + start + Playwright)	2026-07-13T20:41:20.6993396Z   Ô£ÿ  230 [mobile-chrome] ÔÇ║ e2e/fi-ux-audit-labels.spec.ts:87:7 ÔÇ║ FI-UX S3.4 Front Desk cutover @smoke ÔÇ║ legacy /reception-board and /operations redirect to Today (15.5s)
Public + security smoke (production build)	E2E smoke (build + start + Playwright)	2026-07-13T20:41:21.9398814Z   Ô£ô  231 [mobile-safari] ÔÇ║ e2e/fi-operational-day.spec.ts:23:7 ÔÇ║ FI operational day ÔÇö security @smoke ÔÇ║ reception board requires authentication (494ms)
Public + security smoke (production build)	E2E smoke (build + start + Playwright)	2026-07-13T20:41:22.4234454Z   Ô£ÿ  232 [mobile-safari] ÔÇ║ e2e/fi-operational-day.spec.ts:35:7 ÔÇ║ FI operational day ÔÇö security @smoke ÔÇ║ procedure day route hidden or denied when flag off (389ms)
Public + security smoke (production build)	E2E smoke (build + start + Playwright)	2026-07-13T20:41:23.1247165Z   Ô£ô  233 [mobile-safari] ÔÇ║ e2e/fi-operational-day.spec.ts:43:7 ÔÇ║ FI operational day ÔÇö security @smoke ÔÇ║ reception-board API rejects unauthenticated access (21ms)
Public + security smoke (production build)	E2E smoke (build + start + Playwright)	2026-07-13T20:41:39.8178653Z   Ô£ô  228 [mobile-chrome] ÔÇ║ e2e/security/unauthenticated-access.spec.ts:92:7 ÔÇ║ unauthenticated access ÔÇö fails closed @security ÔÇ║ patient portal medications page is public but does not expose tenant APIs (55.8s)
Public + security smoke (production build)	E2E smoke (build + start + Playwright)	2026-07-13T20:41:53.8466274Z   Ô£ÿ  234 [mobile-safari] ÔÇ║ e2e/fi-ux-audit-labels.spec.ts:19:7 ÔÇ║ FI-UX S3.4 Front Desk cutover @smoke ÔÇ║ /front-desk renders Today board (not ReceptionOS dashboard) (30.6s)
Public + security smoke (production build)	E2E smoke (build + start + Playwright)	2026-07-13T20:41:56.8207598Z   Ô£ÿ  235 [mobile-safari] ÔÇ║ e2e/fi-ux-audit-labels.spec.ts:94:7 ÔÇ║ FI-UX S3.4 Front Desk cutover @smoke ÔÇ║ legacy /tomorrow redirects to /front-desk/tomorrow (15.8s)
Public + security smoke (production build)	E2E smoke (build + start + Playwright)	2026-07-13T20:42:13.8755593Z   Ô£ÿ  237 [mobile-safari] ÔÇ║ e2e/fi-ux-audit-labels.spec.ts:99:7 ÔÇ║ FI-UX S3.4 Front Desk cutover @smoke ÔÇ║ legacy front-desk subroutes redirect to Today (15.8s)
Public + security smoke (production build)	E2E smoke (build + start + Playwright)	2026-07-13T20:42:15.7718819Z   Ô£ô  238 [mobile-safari] ÔÇ║ e2e/fi-ux-audit-labels.spec.ts:106:7 ÔÇ║ FI-UX S3.4 Front Desk cutover @smoke ÔÇ║ staff cannot open /reception-os (not found) (828ms)
Public + security smoke (production build)	E2E smoke (build + start + Playwright)	2026-07-13T20:42:26.0835746Z   Ô£ÿ  236 [mobile-safari] ÔÇ║ e2e/fi-ux-audit-labels.spec.ts:30:7 ÔÇ║ FI-UX S3.4 Front Desk cutover @smoke ÔÇ║ exactly two Front Desk tabs: Today and Tomorrow (30.7s)
Public + security smoke (production build)	E2E smoke (build + start + Playwright)	2026-07-13T20:42:46.5494498Z   Ô£ÿ  239 [mobile-safari] ÔÇ║ e2e/fi-ux-audit-labels.spec.ts:121:7 ÔÇ║ FI-UX S3.4 Front Desk cutover @smoke ÔÇ║ top bar search and quick create remain available (30.7s)
Public + security smoke (production build)	E2E smoke (build + start + Playwright)	2026-07-13T20:42:57.9691864Z   Ô£ÿ  240 [mobile-safari] ÔÇ║ e2e/fi-ux-audit-labels.spec.ts:47:7 ÔÇ║ FI-UX S3.4 Front Desk cutover @smoke ÔÇ║ Today tab is active on /front-desk (30.8s)
Public + security smoke (production build)	E2E smoke (build + start + Playwright)	2026-07-13T20:43:18.9037119Z   Ô£ÿ  241 [mobile-safari] ÔÇ║ e2e/fi-ux-audit-labels.spec.ts:133:7 ÔÇ║ FI-UX S3.4 Front Desk cutover @smoke ÔÇ║ tablet 768├ù1024 has no horizontal document overflow on Today (31.2s)
Public + security smoke (production build)	E2E smoke (build + start + Playwright)	2026-07-13T20:43:19.9317945Z   Ô£ô  243 [mobile-safari] ÔÇ║ e2e/fi-ux-d6-realtime-signals.spec.ts:55:7 ÔÇ║ FI-UX-REBUILD D6 Today signal revision @smoke ÔÇ║ revision API rejects unauthenticated access (30ms)
Public + security smoke (production build)	E2E smoke (build + start + Playwright)	2026-07-13T20:43:19.9801779Z   Ô£ô  244 [mobile-safari] ÔÇ║ e2e/fi-ux-d6-realtime-signals.spec.ts:61:7 ÔÇ║ FI-UX-REBUILD D6 Today signal revision @smoke ÔÇ║ public booking-arrival rejects invalid token (13ms)
Public + security smoke (production build)	E2E smoke (build + start + Playwright)	2026-07-13T20:43:20.0217825Z   -  245 [mobile-safari] ÔÇ║ e2e/fi-ux-nav-collapse.spec.ts:37:7 ÔÇ║ FI-UX-REBUILD D2 navigation collapse @smoke ÔÇ║ minimal rail replaces legacy sidebar on desktop
Public + security smoke (production build)	E2E smoke (build + start + Playwright)	2026-07-13T20:43:20.0358441Z   -  246 [mobile-safari] ÔÇ║ e2e/fi-ux-nav-collapse.spec.ts:55:7 ÔÇ║ FI-UX-REBUILD D2 navigation collapse @smoke ÔÇ║ More opens legacy module navigation with RBAC-filtered items
Public + security smoke (production build)	E2E smoke (build + start + Playwright)	2026-07-13T20:43:20.0420675Z   -  247 [mobile-safari] ÔÇ║ e2e/fi-ux-nav-collapse.spec.ts:73:7 ÔÇ║ FI-UX-REBUILD D2 navigation collapse @smoke ÔÇ║ calendar route still renders full page with minimal rail
Public + security smoke (production build)	E2E smoke (build + start + Playwright)	2026-07-13T20:43:20.0592359Z   -  248 [mobile-safari] ÔÇ║ e2e/fi-ux-nav-collapse.spec.ts:83:7 ÔÇ║ FI-UX-REBUILD D2 navigation collapse @smoke ÔÇ║ mobile shows bottom bar instead of hamburger
Public + security smoke (production build)	E2E smoke (build + start + Playwright)	2026-07-13T20:43:20.0697862Z   -  249 [mobile-safari] ÔÇ║ e2e/fi-ux-nav-collapse.spec.ts:93:7 ÔÇ║ FI-UX-REBUILD D2 navigation collapse @smoke ÔÇ║ top bar uses New label in collapsed shell mode
Public + security smoke (production build)	E2E smoke (build + start + Playwright)	2026-07-13T20:43:20.0991492Z   -  250 [mobile-safari] ÔÇ║ e2e/fi-ux-today-surface.spec.ts:43:7 ÔÇ║ FI-UX-REBUILD-1D Today surface @smoke ÔÇ║ home renders Today surface, not the legacy Clinic Command Center
Public + security smoke (production build)	E2E smoke (build + start + Playwright)	2026-07-13T20:43:20.1075700Z   -  251 [mobile-safari] ÔÇ║ e2e/fi-ux-today-surface.spec.ts:52:7 ÔÇ║ FI-UX-REBUILD-1D Today surface @smoke ÔÇ║ Right now / Up next / Coming up sections all render
Public + security smoke (production build)	E2E smoke (build + start + Playwright)	2026-07-13T20:43:20.1267564Z   -  252 [mobile-safari] ÔÇ║ e2e/fi-ux-today-surface.spec.ts:60:7 ÔÇ║ FI-UX-REBUILD-1D Today surface @smoke ÔÇ║ Coming up section is collapsed by default
Public + security smoke (production build)	E2E smoke (build + start + Playwright)	2026-07-13T20:43:20.1294937Z   -  253 [mobile-safari] ÔÇ║ e2e/fi-ux-today-surface.spec.ts:69:7 ÔÇ║ FI-UX-REBUILD-1D Today surface @smoke ÔÇ║ no KPI cards or module tiles on the Today surface
Public + security smoke (production build)	E2E smoke (build + start + Playwright)	2026-07-13T20:43:20.1481249Z   -  254 [mobile-safari] ÔÇ║ e2e/fi-ux-workspace-shell-validation.spec.ts:305:7 ÔÇ║ FI-UX-REBUILD D1B Calendar guard @smoke ÔÇ║ Calendar route unchanged ÔÇö full page, no workspace on load
Public + security smoke (production build)	E2E smoke (build + start + Playwright)	2026-07-13T20:43:20.1482829Z   -  255 [mobile-safari] ÔÇ║ e2e/fi-ux-workspace-shell.spec.ts:28:7 ÔÇ║ FI-UX-REBUILD D1 Workspace shell @smoke ÔÇ║ opens patient workspace from shallow URL without route change
Public + security smoke (production build)	E2E smoke (build + start + Playwright)	2026-07-13T20:43:21.1485935Z   Ô£ô  256 [mobile-safari] ÔÇ║ e2e/journeys/accessibility-smoke.spec.ts:16:7 ÔÇ║ accessibility smoke @smoke @a11y ÔÇ║ login form is keyboard reachable and submittable (910ms)
Public + security smoke (production build)	E2E smoke (build + start + Playwright)	2026-07-13T20:43:21.9858232Z   Ô£ô  257 [mobile-safari] ÔÇ║ e2e/journeys/accessibility-smoke.spec.ts:36:7 ÔÇ║ accessibility smoke @smoke @a11y ÔÇ║ login page has a single primary heading (819ms)
Public + security smoke (production build)	E2E smoke (build + start + Playwright)	2026-07-13T20:43:22.7788295Z   Ô£ô  258 [mobile-safari] ÔÇ║ e2e/journeys/accessibility-smoke.spec.ts:42:7 ÔÇ║ accessibility smoke @smoke @a11y ÔÇ║ invalid payment page has accessible unavailable message (741ms)
Public + security smoke (production build)	E2E smoke (build + start + Playwright)	2026-07-13T20:43:24.2221729Z   Ô£ô  259 [mobile-safari] ÔÇ║ e2e/journeys/navigation-routing.spec.ts:16:7 ÔÇ║ marketing navigation @smoke ÔÇ║ homepage ÔåÆ pricing ÔåÆ platform routes load (1.4s)
Public + security smoke (production build)	E2E smoke (build + start + Playwright)	2026-07-13T20:43:25.0272582Z   Ô£ô  260 [mobile-safari] ÔÇ║ e2e/journeys/navigation-routing.spec.ts:29:7 ÔÇ║ marketing navigation @smoke ÔÇ║ unknown admin route redirects unauthenticated users away (773ms)
Public + security smoke (production build)	E2E smoke (build + start + Playwright)	2026-07-13T20:43:25.9336642Z   Ô£ô  261 [mobile-safari] ÔÇ║ e2e/journeys/performance-smoke.spec.ts:17:7 ÔÇ║ performance smoke @smoke ÔÇ║ homepage loads within budget (870ms)
Public + security smoke (production build)	E2E smoke (build + start + Playwright)	2026-07-13T20:43:26.6890129Z   Ô£ô  262 [mobile-safari] ÔÇ║ e2e/journeys/performance-smoke.spec.ts:21:7 ÔÇ║ performance smoke @smoke ÔÇ║ login page loads within budget (737ms)
Public + security smoke (production build)	E2E smoke (build + start + Playwright)	2026-07-13T20:43:27.4037134Z   Ô£ô  263 [mobile-safari] ÔÇ║ e2e/journeys/performance-smoke.spec.ts:25:7 ÔÇ║ performance smoke @smoke ÔÇ║ pricing page loads within budget (679ms)
Public + security smoke (production build)	E2E smoke (build + start + Playwright)	2026-07-13T20:43:28.5087804Z   Ô£ô  264 [mobile-safari] ÔÇ║ e2e/journeys/public-surfaces.spec.ts:19:7 ÔÇ║ public surfaces @smoke ÔÇ║ marketing homepage loads with primary value proposition (1.0s)
Public + security smoke (production build)	E2E smoke (build + start + Playwright)	2026-07-13T20:43:29.3143999Z   Ô£ô  265 [mobile-safari] ÔÇ║ e2e/journeys/public-surfaces.spec.ts:25:7 ÔÇ║ public surfaces @smoke ÔÇ║ staff login surface is reachable and interactive (796ms)
Public + security smoke (production build)	E2E smoke (build + start + Playwright)	2026-07-13T20:43:29.8568632Z   Ô£ÿ  242 [mobile-safari] ÔÇ║ e2e/fi-ux-audit-labels.spec.ts:56:7 ÔÇ║ FI-UX S3.4 Front Desk cutover @smoke ÔÇ║ Tomorrow tab is active on /front-desk/tomorrow (30.7s)
Public + security smoke (production build)	E2E smoke (build + start + Playwright)	2026-07-13T20:43:30.1860607Z   Ô£ô  266 [mobile-safari] ÔÇ║ e2e/journeys/public-surfaces.spec.ts:31:7 ÔÇ║ public surfaces @smoke ÔÇ║ fi-login redirect lands on OS login (846ms)
Public + security smoke (production build)	E2E smoke (build + start + Playwright)	2026-07-13T20:43:30.7662218Z   Ô£ô  267 [mobile-safari] ÔÇ║ e2e/journeys/public-surfaces.spec.ts:37:7 ÔÇ║ public surfaces @smoke ÔÇ║ invalid payment link shows unavailable state (no crash) (565ms)
Public + security smoke (production build)	E2E smoke (build + start + Playwright)	2026-07-13T20:43:31.4685728Z   Ô£ô  268 [mobile-safari] ÔÇ║ e2e/security/unauthenticated-access.spec.ts:25:7 ÔÇ║ unauthenticated access ÔÇö fails closed @security ÔÇ║ platform admin shell (/fi-admin/system) is not reachable without a session (673ms)
Public + security smoke (production build)	E2E smoke (build + start + Playwright)	2026-07-13T20:43:32.2789515Z   Ô£ô  270 [mobile-safari] ÔÇ║ e2e/security/unauthenticated-access.spec.ts:32:7 ÔÇ║ unauthenticated access ÔÇö fails closed @security ÔÇ║ tenant clinic dashboard is not reachable without a session (795ms)
Public + security smoke (production build)	E2E smoke (build + start + Playwright)	2026-07-13T20:43:32.3198422Z   Ô£ô  271 [mobile-safari] ÔÇ║ e2e/security/unauthenticated-access.spec.ts:39:7 ÔÇ║ unauthenticated access ÔÇö fails closed @security ÔÇ║ protected tenant API route (cases list) fails closed without a session (26ms)
Public + security smoke (production build)	E2E smoke (build + start + Playwright)	2026-07-13T20:43:33.0808567Z   Ô£ô  272 [mobile-safari] ÔÇ║ e2e/security/unauthenticated-access.spec.ts:56:7 ÔÇ║ unauthenticated access ÔÇö fails closed @security ÔÇ║ public login route still loads (742ms)
Public + security smoke (production build)	E2E smoke (build + start + Playwright)	2026-07-13T20:43:33.2168230Z   Ô£ÿ  273 [mobile-safari] ÔÇ║ e2e/security/unauthenticated-access.spec.ts:63:7 ÔÇ║ unauthenticated access ÔÇö fails closed @security ÔÇ║ protected tenant patients API fails closed without a session (43ms)
Public + security smoke (production build)	E2E smoke (build + start + Playwright)	2026-07-13T20:43:34.2513296Z   Ô£ÿ  274 [mobile-safari] ÔÇ║ e2e/security/unauthenticated-access.spec.ts:78:7 ÔÇ║ unauthenticated access ÔÇö fails closed @security ÔÇ║ cron reminder route rejects unauthenticated calls (32ms)
Public + security smoke (production build)	E2E smoke (build + start + Playwright)	2026-07-13T20:43:46.6654934Z   Ô£ÿ  269 [mobile-safari] ÔÇ║ e2e/fi-ux-audit-labels.spec.ts:68:7 ÔÇ║ FI-UX S3.4 Front Desk cutover @smoke ÔÇ║ legacy /reception redirects to /front-desk and preserves bookingId/date (15.7s)
Public + security smoke (production build)	E2E smoke (build + start + Playwright)	2026-07-13T20:44:03.0988595Z   Ô£ÿ  276 [mobile-safari] ÔÇ║ e2e/fi-ux-audit-labels.spec.ts:87:7 ÔÇ║ FI-UX S3.4 Front Desk cutover @smoke ÔÇ║ legacy /reception-board and /operations redirect to Today (15.6s)
Public + security smoke (production build)	E2E smoke (build + start + Playwright)	2026-07-13T20:44:30.6648154Z   Ô£ô  275 [mobile-safari] ÔÇ║ e2e/security/unauthenticated-access.spec.ts:92:7 ÔÇ║ unauthenticated access ÔÇö fails closed @security ÔÇ║ patient portal medications page is public but does not expose tenant APIs (55.3s)
Public + security smoke (production build)	E2E smoke (build + start + Playwright)	2026-07-13T20:44:30.7435289Z 
Public + security smoke (production build)	E2E smoke (build + start + Playwright)	2026-07-13T20:44:30.7453898Z 
Public + security smoke (production build)	E2E smoke (build + start + Playwright)	2026-07-13T20:44:30.7461253Z   1) [chromium] ÔÇ║ e2e/fi-operational-day.spec.ts:35:7 ÔÇ║ FI operational day ÔÇö security @smoke ÔÇ║ procedure day route hidden or denied when flag off 
Public + security smoke (production build)	E2E smoke (build + start + Playwright)	2026-07-13T20:44:30.7461750Z 
Public + security smoke (production build)	E2E smoke (build + start + Playwright)	2026-07-13T20:44:30.7462228Z     Error: ^[[2mexpect(^[[22m^[[31mreceived^[[39m^[[2m).^[[22mtoContain^[[2m(^[[22m^[[32mexpected^[[39m^[[2m) // indexOf^[[22m
Public + security smoke (production build)	E2E smoke (build + start + Playwright)	2026-07-13T20:44:30.7462597Z 
Public + security smoke (production build)	E2E smoke (build + start + Playwright)	2026-07-13T20:44:30.7462752Z     Expected value: ^[[32m200^[[39m
Public + security smoke (production build)	E2E smoke (build + start + Playwright)	2026-07-13T20:44:30.7463115Z     Received array: ^[[31m[404, 302, 303, 307, 401, 403]^[[39m
Public + security smoke (production build)	E2E smoke (build + start + Playwright)	2026-07-13T20:44:30.7463322Z 
Public + security smoke (production build)	E2E smoke (build + start + Playwright)	2026-07-13T20:44:30.7463610Z       38 |     const res = await page.goto(`/fi-admin/${tid}/procedure-day`, { waitUntil: "commit" });
Public + security smoke (production build)	E2E smoke (build + start + Playwright)	2026-07-13T20:44:30.7464038Z       39 |     const status = res?.status() ?? 0;
Public + security smoke (production build)	E2E smoke (build + start + Playwright)	2026-07-13T20:44:30.7464392Z     > 40 |     expect([404, 302, 303, 307, 401, 403]).toContain(status);
Public + security smoke (production build)	E2E smoke (build + start + Playwright)	2026-07-13T20:44:30.7464722Z          |                                            ^
Public + security smoke (production build)	E2E smoke (build + start + Playwright)	2026-07-13T20:44:30.7464989Z       41 |   });
Public + security smoke (production build)	E2E smoke (build + start + Playwright)	2026-07-13T20:44:30.7465169Z       42 |
Public + security smoke (production build)	E2E smoke (build + start + Playwright)	2026-07-13T20:44:30.7465522Z       43 |   test("reception-board API rejects unauthenticated access", async ({ request }) => {
Public + security smoke (production build)	E2E smoke (build + start + Playwright)	2026-07-13T20:44:30.7466163Z         at /home/runner/work/G-follicleintelligence/G-follicleintelligence/e2e/fi-operational-day.spec.ts:40:44
Public + security smoke (production build)	E2E smoke (build + start + Playwright)	2026-07-13T20:44:30.7466891Z 
Public + security smoke (production build)	E2E smoke (build + start + Playwright)	2026-07-13T20:44:30.7467259Z     attachment #1: screenshot (image/png) ÔöÇÔöÇÔöÇÔöÇÔöÇÔöÇÔöÇÔöÇÔöÇÔöÇÔöÇÔöÇÔöÇÔöÇÔöÇÔöÇÔöÇÔöÇÔöÇÔöÇÔöÇÔöÇÔöÇÔöÇÔöÇÔöÇÔöÇÔöÇÔöÇÔöÇÔöÇÔöÇÔöÇÔöÇÔöÇÔöÇÔöÇÔöÇÔöÇÔöÇÔöÇÔöÇÔöÇÔöÇÔöÇÔöÇÔöÇÔöÇÔöÇÔöÇÔöÇÔöÇÔöÇÔöÇÔöÇÔöÇÔöÇÔöÇ
Public + security smoke (production build)	E2E smoke (build + start + Playwright)	2026-07-13T20:44:30.7467895Z     test-results/fi-operational-day-FI-oper-108b9-den-or-denied-when-flag-off-chromium/test-failed-1.png
Public + security smoke (production build)	E2E smoke (build + start + Playwright)	2026-07-13T20:44:30.7468570Z     ÔöÇÔöÇÔöÇÔöÇÔöÇÔöÇÔöÇÔöÇÔöÇÔöÇÔöÇÔöÇÔöÇÔöÇÔöÇÔöÇÔöÇÔöÇÔöÇÔöÇÔöÇÔöÇÔöÇÔöÇÔöÇÔöÇÔöÇÔöÇÔöÇÔöÇÔöÇÔöÇÔöÇÔöÇÔöÇÔöÇÔöÇÔöÇÔöÇÔöÇÔöÇÔöÇÔöÇÔöÇÔöÇÔöÇÔöÇÔöÇÔöÇÔöÇÔöÇÔöÇÔöÇÔöÇÔöÇÔöÇÔöÇÔöÇÔöÇÔöÇÔöÇÔöÇÔöÇÔöÇÔöÇÔöÇÔöÇÔöÇÔöÇÔöÇÔöÇÔöÇÔöÇÔöÇÔöÇÔöÇÔöÇÔöÇÔöÇÔöÇÔöÇÔöÇÔöÇÔöÇÔöÇÔöÇÔöÇÔöÇÔöÇÔöÇÔöÇÔöÇÔöÇÔöÇÔöÇÔöÇ
Public + security smoke (production build)	E2E smoke (build + start + Playwright)	2026-07-13T20:44:30.7468810Z 
Public + security smoke (production build)	E2E smoke (build + start + Playwright)	2026-07-13T20:44:30.7469203Z     Error Context: test-results/fi-operational-day-FI-oper-108b9-den-or-denied-when-flag-off-chromium/error-context.md
Public + security smoke (production build)	E2E smoke (build + start + Playwright)	2026-07-13T20:44:30.7469615Z 
Public + security smoke (production build)	E2E smoke (build + start + Playwright)	2026-07-13T20:44:30.7470169Z   2) [chromium] ÔÇ║ e2e/fi-ux-audit-labels.spec.ts:19:7 ÔÇ║ FI-UX S3.4 Front Desk cutover @smoke ÔÇ║ /front-desk renders Today board (not ReceptionOS dashboard) 
Public + security smoke (production build)	E2E smoke (build + start + Playwright)	2026-07-13T20:44:30.7470623Z 
Public + security smoke (production build)	E2E smoke (build + start + Playwright)	2026-07-13T20:44:30.7470918Z     Error: ^[[2mexpect(^[[22m^[[31mlocator^[[39m^[[2m).^[[22mtoBeVisible^[[2m(^[[22m^[[2m)^[[22m failed
Public + security smoke (production build)	E2E smoke (build + start + Playwright)	2026-07-13T20:44:30.7471187Z 
Public + security smoke (production build)	E2E smoke (build + start + Playwright)	2026-07-13T20:44:30.7471373Z     Locator: getByRole('heading', { name: 'Today', level: 1 })
Public + security smoke (production build)	E2E smoke (build + start + Playwright)	2026-07-13T20:44:30.7471658Z     Expected: visible
Public + security smoke (production build)	E2E smoke (build + start + Playwright)	2026-07-13T20:44:30.7471863Z     Timeout: 30000ms
Public + security smoke (production build)	E2E smoke (build + start + Playwright)	2026-07-13T20:44:30.7472078Z     Error: element(s) not found
Public + security smoke (production build)	E2E smoke (build + start + Playwright)	2026-07-13T20:44:30.7472225Z 
Public + security smoke (production build)	E2E smoke (build + start + Playwright)	2026-07-13T20:44:30.7472348Z     Call log:
Public + security smoke (production build)	E2E smoke (build + start + Playwright)	2026-07-13T20:44:30.7472636Z     ^[[2m  - Expect "toBeVisible" with timeout 30000ms^[[22m
Public + security smoke (production build)	E2E smoke (build + start + Playwright)	2026-07-13T20:44:30.7473109Z     ^[[2m  - waiting for getByRole('heading', { name: 'Today', level: 1 })^[[22m
Public + security smoke (production build)	E2E smoke (build + start + Playwright)	2026-07-13T20:44:30.7473349Z 
Public + security smoke (production build)	E2E smoke (build + start + Playwright)	2026-07-13T20:44:30.7473355Z 
Public + security smoke (production build)	E2E smoke (build + start + Playwright)	2026-07-13T20:44:30.7473617Z       19 |   test("/front-desk renders Today board (not ReceptionOS dashboard)", async ({ page }) => {
Public + security smoke (production build)	E2E smoke (build + start + Playwright)	2026-07-13T20:44:30.7474273Z       20 |     await page.goto(`${BASE()}/front-desk`, { waitUntil: "domcontentloaded", timeout: 60_000 });
Public + security smoke (production build)	E2E smoke (build + start + Playwright)	2026-07-13T20:44:30.7474825Z     > 21 |     await expect(page.getByRole("heading", { name: "Today", level: 1 })).toBeVisible({
Public + security smoke (production build)	E2E smoke (build + start + Playwright)	2026-07-13T20:44:30.7475251Z          |                                                                          ^
Public + security smoke (production build)	E2E smoke (build + start + Playwright)	2026-07-13T20:44:30.7475552Z       22 |       timeout: 30_000,
Public + security smoke (production build)	E2E smoke (build + start + Playwright)	2026-07-13T20:44:30.7475760Z       23 |     });
Public + security smoke (production build)	E2E smoke (build + start + Playwright)	2026-07-13T20:44:30.7476068Z       24 |     await expect(page.getByText("Front desk").first()).toBeVisible();
Public + security smoke (production build)	E2E smoke (build + start + Playwright)	2026-07-13T20:44:30.7476738Z         at /home/runner/work/G-follicleintelligence/G-follicleintelligence/e2e/fi-ux-audit-labels.spec.ts:21:74
Public + security smoke (production build)	E2E smoke (build + start + Playwright)	2026-07-13T20:44:30.7477116Z 
Public + security smoke (production build)	E2E smoke (build + start + Playwright)	2026-07-13T20:44:30.7477472Z     attachment #1: screenshot (image/png) ÔöÇÔöÇÔöÇÔöÇÔöÇÔöÇÔöÇÔöÇÔöÇÔöÇÔöÇÔöÇÔöÇÔöÇÔöÇÔöÇÔöÇÔöÇÔöÇÔöÇÔöÇÔöÇÔöÇÔöÇÔöÇÔöÇÔöÇÔöÇÔöÇÔöÇÔöÇÔöÇÔöÇÔöÇÔöÇÔöÇÔöÇÔöÇÔöÇÔöÇÔöÇÔöÇÔöÇÔöÇÔöÇÔöÇÔöÇÔöÇÔöÇÔöÇÔöÇÔöÇÔöÇÔöÇÔöÇÔöÇÔöÇÔöÇ
Public + security smoke (production build)	E2E smoke (build + start + Playwright)	2026-07-13T20:44:30.7478103Z     test-results/fi-ux-audit-labels-FI-UX-S-d494e--not-ReceptionOS-dashboard--chromium/test-failed-1.png
Public + security smoke (production build)	E2E smoke (build + start + Playwright)	2026-07-13T20:44:30.7478867Z     ÔöÇÔöÇÔöÇÔöÇÔöÇÔöÇÔöÇÔöÇÔöÇÔöÇÔöÇÔöÇÔöÇÔöÇÔöÇÔöÇÔöÇÔöÇÔöÇÔöÇÔöÇÔöÇÔöÇÔöÇÔöÇÔöÇÔöÇÔöÇÔöÇÔöÇÔöÇÔöÇÔöÇÔöÇÔöÇÔöÇÔöÇÔöÇÔöÇÔöÇÔöÇÔöÇÔöÇÔöÇÔöÇÔöÇÔöÇÔöÇÔöÇÔöÇÔöÇÔöÇÔöÇÔöÇÔöÇÔöÇÔöÇÔöÇÔöÇÔöÇÔöÇÔöÇÔöÇÔöÇÔöÇÔöÇÔöÇÔöÇÔöÇÔöÇÔöÇÔöÇÔöÇÔöÇÔöÇÔöÇÔöÇÔöÇÔöÇÔöÇÔöÇÔöÇÔöÇÔöÇÔöÇÔöÇÔöÇÔöÇÔöÇÔöÇÔöÇÔöÇÔöÇÔöÇÔöÇÔöÇ
Public + security smoke (production build)	E2E smoke (build + start + Playwright)	2026-07-13T20:44:30.7479221Z 
Public + security smoke (production build)	E2E smoke (build + start + Playwright)	2026-07-13T20:44:30.7479715Z     Error Context: test-results/fi-ux-audit-labels-FI-UX-S-d494e--not-ReceptionOS-dashboard--chromium/error-context.md
Public + security smoke (production build)	E2E smoke (build + start + Playwright)	2026-07-13T20:44:30.7480150Z 
Public + security smoke (production build)	E2E smoke (build + start + Playwright)	2026-07-13T20:44:30.7480657Z   3) [chromium] ÔÇ║ e2e/fi-ux-audit-labels.spec.ts:30:7 ÔÇ║ FI-UX S3.4 Front Desk cutover @smoke ÔÇ║ exactly two Front Desk tabs: Today and Tomorrow 
Public + security smoke (production build)	E2E smoke (build + start + Playwright)	2026-07-13T20:44:30.7481067Z 
Public + security smoke (production build)	E2E smoke (build + start + Playwright)	2026-07-13T20:44:30.7481353Z     Error: ^[[2mexpect(^[[22m^[[31mlocator^[[39m^[[2m).^[[22mtoBeVisible^[[2m(^[[22m^[[2m)^[[22m failed
Public + security smoke (production build)	E2E smoke (build + start + Playwright)	2026-07-13T20:44:30.7481632Z 
Public + security smoke (production build)	E2E smoke (build + start + Playwright)	2026-07-13T20:44:30.7481820Z     Locator: getByRole('navigation', { name: 'Front desk navigation' })
Public + security smoke (production build)	E2E smoke (build + start + Playwright)	2026-07-13T20:44:30.7482136Z     Expected: visible
Public + security smoke (production build)	E2E smoke (build + start + Playwright)	2026-07-13T20:44:30.7482331Z     Timeout: 30000ms
Public + security smoke (production build)	E2E smoke (build + start + Playwright)	2026-07-13T20:44:30.7482542Z     Error: element(s) not found
Public + security smoke (production build)	E2E smoke (build + start + Playwright)	2026-07-13T20:44:30.7482734Z 
Public + security smoke (production build)	E2E smoke (build + start + Playwright)	2026-07-13T20:44:30.7482809Z     Call log:
Public + security smoke (production build)	E2E smoke (build + start + Playwright)	2026-07-13T20:44:30.7483101Z     ^[[2m  - Expect "toBeVisible" with timeout 30000ms^[[22m
Public + security smoke (production build)	E2E smoke (build + start + Playwright)	2026-07-13T20:44:30.7483553Z     ^[[2m  - waiting for getByRole('navigation', { name: 'Front desk navigation' })^[[22m
Public + security smoke (production build)	E2E smoke (build + start + Playwright)	2026-07-13T20:44:30.7483825Z 
Public + security smoke (production build)	E2E smoke (build + start + Playwright)	2026-07-13T20:44:30.7483831Z 
Public + security smoke (production build)	E2E smoke (build + start + Playwright)	2026-07-13T20:44:30.7484090Z       31 |     await page.goto(`${BASE()}/front-desk`, { waitUntil: "domcontentloaded", timeout: 60_000 });
Public + security smoke (production build)	E2E smoke (build + start + Playwright)	2026-07-13T20:44:30.7484741Z       32 |     const subNav = page.getByRole("navigation", { name: "Front desk navigation" });
Public + security smoke (production build)	E2E smoke (build + start + Playwright)	2026-07-13T20:44:30.7485190Z     > 33 |     await expect(subNav).toBeVisible({ timeout: 30_000 });
Public + security smoke (production build)	E2E smoke (build + start + Playwright)	2026-07-13T20:44:30.7485489Z          |                          ^
Public + security smoke (production build)	E2E smoke (build + start + Playwright)	2026-07-13T20:44:30.7485848Z       34 |     await expect(subNav.getByRole("link", { name: "Today" })).toBeVisible();
Public + security smoke (production build)	E2E smoke (build + start + Playwright)	2026-07-13T20:44:30.7486334Z       35 |     await expect(subNav.getByRole("link", { name: "Tomorrow" })).toBeVisible();
Public + security smoke (production build)	E2E smoke (build + start + Playwright)	2026-07-13T20:44:30.7486881Z       36 |     await expect(subNav.getByRole("link")).toHaveCount(2);
Public + security smoke (production build)	E2E smoke (build + start + Playwright)	2026-07-13T20:44:30.7487446Z         at /home/runner/work/G-follicleintelligence/G-follicleintelligence/e2e/fi-ux-audit-labels.spec.ts:33:26
Public + security smoke (production build)	E2E smoke (build + start + Playwright)	2026-07-13T20:44:30.7487825Z 
Public + security smoke (production build)	E2E smoke (build + start + Playwright)	2026-07-13T20:44:30.7488188Z     attachment #1: screenshot (image/png) ÔöÇÔöÇÔöÇÔöÇÔöÇÔöÇÔöÇÔöÇÔöÇÔöÇÔöÇÔöÇÔöÇÔöÇÔöÇÔöÇÔöÇÔöÇÔöÇÔöÇÔöÇÔöÇÔöÇÔöÇÔöÇÔöÇÔöÇÔöÇÔöÇÔöÇÔöÇÔöÇÔöÇÔöÇÔöÇÔöÇÔöÇÔöÇÔöÇÔöÇÔöÇÔöÇÔöÇÔöÇÔöÇÔöÇÔöÇÔöÇÔöÇÔöÇÔöÇÔöÇÔöÇÔöÇÔöÇÔöÇÔöÇÔöÇ
Public + security smoke (production build)	E2E smoke (build + start + Playwright)	2026-07-13T20:44:30.7488792Z     test-results/fi-ux-audit-labels-FI-UX-S-d86a3-esk-tabs-Today-and-Tomorrow-chromium/test-failed-1.png
Public + security smoke (production build)	E2E smoke (build + start + Playwright)	2026-07-13T20:44:30.7489387Z     ÔöÇÔöÇÔöÇÔöÇÔöÇÔöÇÔöÇÔöÇÔöÇÔöÇÔöÇÔöÇÔöÇÔöÇÔöÇÔöÇÔöÇÔöÇÔöÇÔöÇÔöÇÔöÇÔöÇÔöÇÔöÇÔöÇÔöÇÔöÇÔöÇÔöÇÔöÇÔöÇÔöÇÔöÇÔöÇÔöÇÔöÇÔöÇÔöÇÔöÇÔöÇÔöÇÔöÇÔöÇÔöÇÔöÇÔöÇÔöÇÔöÇÔöÇÔöÇÔöÇÔöÇÔöÇÔöÇÔöÇÔöÇÔöÇÔöÇÔöÇÔöÇÔöÇÔöÇÔöÇÔöÇÔöÇÔöÇÔöÇÔöÇÔöÇÔöÇÔöÇÔöÇÔöÇÔöÇÔöÇÔöÇÔöÇÔöÇÔöÇÔöÇÔöÇÔöÇÔöÇÔöÇÔöÇÔöÇÔöÇÔöÇÔöÇÔöÇÔöÇÔöÇÔöÇÔöÇÔöÇ
Public + security smoke (production build)	E2E smoke (build + start + Playwright)	2026-07-13T20:44:30.7489603Z 
Public + security smoke (production build)	E2E smoke (build + start + Playwright)	2026-07-13T20:44:30.7489966Z     Error Context: test-results/fi-ux-audit-labels-FI-UX-S-d86a3-esk-tabs-Today-and-Tomorrow-chromium/error-context.md
Public + security smoke (production build)	E2E smoke (build + start + Playwright)	2026-07-13T20:44:30.7490361Z 
Public + security smoke (production build)	E2E smoke (build + start + Playwright)	2026-07-13T20:44:30.7490808Z   4) [chromium] ÔÇ║ e2e/fi-ux-audit-labels.spec.ts:47:7 ÔÇ║ FI-UX S3.4 Front Desk cutover @smoke ÔÇ║ Today tab is active on /front-desk 
Public + security smoke (production build)	E2E smoke (build + start + Playwright)	2026-07-13T20:44:30.7491156Z 
Public + security smoke (production build)	E2E smoke (build + start + Playwright)	2026-07-13T20:44:30.7491587Z     Error: ^[[2mexpect(^[[22m^[[31mlocator^[[39m^[[2m).^[[22mtoBeVisible^[[2m(^[[22m^[[2m)^[[22m failed
Public + security smoke (production build)	E2E smoke (build + start + Playwright)	2026-07-13T20:44:30.7491842Z 
Public + security smoke (production build)	E2E smoke (build + start + Playwright)	2026-07-13T20:44:30.7492121Z     Locator: getByRole('navigation', { name: 'Front desk navigation' }).getByRole('link', { name: 'Today' })
Public + security smoke (production build)	E2E smoke (build + start + Playwright)	2026-07-13T20:44:30.7492514Z     Expected: visible
Public + security smoke (production build)	E2E smoke (build + start + Playwright)	2026-07-13T20:44:30.7492715Z     Timeout: 30000ms
Public + security smoke (production build)	E2E smoke (build + start + Playwright)	2026-07-13T20:44:30.7492939Z     Error: element(s) not found
Public + security smoke (production build)	E2E smoke (build + start + Playwright)	2026-07-13T20:44:30.7493111Z 
Public + security smoke (production build)	E2E smoke (build + start + Playwright)	2026-07-13T20:44:30.7493182Z     Call log:
Public + security smoke (production build)	E2E smoke (build + start + Playwright)	2026-07-13T20:44:30.7493451Z     ^[[2m  - Expect "toBeVisible" with timeout 30000ms^[[22m
Public + security smoke (production build)	E2E smoke (build + start + Playwright)	2026-07-13T20:44:30.7493972Z     ^[[2m  - waiting for getByRole('navigation', { name: 'Front desk navigation' }).getByRole('link', { name: 'Today' })^[[22m
Public + security smoke (production build)	E2E smoke (build + start + Playwright)	2026-07-13T20:44:30.7494514Z 
Public + security smoke (production build)	E2E smoke (build + start + Playwright)	2026-07-13T20:44:30.7494529Z 
Public + security smoke (production build)	E2E smoke (build + start + Playwright)	2026-07-13T20:44:30.7494804Z       50 |       .getByRole("navigation", { name: "Front desk navigation" })
Public + security smoke (production build)	E2E smoke (build + start + Playwright)	2026-07-13T20:44:30.7495871Z       51 |       .getByRole("link", { name: "Today" });
Public + security smoke (production build)	E2E smoke (build + start + Playwright)	2026-07-13T20:44:30.7496230Z     > 52 |     await expect(today).toBeVisible({ timeout: 30_000 });
Public + security smoke (production build)	E2E smoke (build + start + Playwright)	2026-07-13T20:44:30.7496706Z          |                         ^
Public + security smoke (production build)	E2E smoke (build + start + Playwright)	2026-07-13T20:44:30.7497018Z       53 |     await expect(today).toHaveClass(/22C1FF|bg-\[#22C1FF/);
Public + security smoke (production build)	E2E smoke (build + start + Playwright)	2026-07-13T20:44:30.7497311Z       54 |   });
Public + security smoke (production build)	E2E smoke (build + start + Playwright)	2026-07-13T20:44:30.7497487Z       55 |
Public + security smoke (production build)	E2E smoke (build + start + Playwright)	2026-07-13T20:44:30.7497923Z         at /home/runner/work/G-follicleintelligence/G-follicleintelligence/e2e/fi-ux-audit-labels.spec.ts:52:25
Public + security smoke (production build)	E2E smoke (build + start + Playwright)	2026-07-13T20:44:30.7498286Z 
Public + security smoke (production build)	E2E smoke (build + start + Playwright)	2026-07-13T20:44:30.7498655Z     attachment #1: screenshot (image/png) ÔöÇÔöÇÔöÇÔöÇÔöÇÔöÇÔöÇÔöÇÔöÇÔöÇÔöÇÔöÇÔöÇÔöÇÔöÇÔöÇÔöÇÔöÇÔöÇÔöÇÔöÇÔöÇÔöÇÔöÇÔöÇÔöÇÔöÇÔöÇÔöÇÔöÇÔöÇÔöÇÔöÇÔöÇÔöÇÔöÇÔöÇÔöÇÔöÇÔöÇÔöÇÔöÇÔöÇÔöÇÔöÇÔöÇÔöÇÔöÇÔöÇÔöÇÔöÇÔöÇÔöÇÔöÇÔöÇÔöÇÔöÇÔöÇ
Public + security smoke (production build)	E2E smoke (build + start + Playwright)	2026-07-13T20:44:30.7499293Z     test-results/fi-ux-audit-labels-FI-UX-S-961ff-tab-is-active-on-front-desk-chromium/test-failed-1.png
Public + security smoke (production build)	E2E smoke (build + start + Playwright)	2026-07-13T20:44:30.7499901Z     ÔöÇÔöÇÔöÇÔöÇÔöÇÔöÇÔöÇÔöÇÔöÇÔöÇÔöÇÔöÇÔöÇÔöÇÔöÇÔöÇÔöÇÔöÇÔöÇÔöÇÔöÇÔöÇÔöÇÔöÇÔöÇÔöÇÔöÇÔöÇÔöÇÔöÇÔöÇÔöÇÔöÇÔöÇÔöÇÔöÇÔöÇÔöÇÔöÇÔöÇÔöÇÔöÇÔöÇÔöÇÔöÇÔöÇÔöÇÔöÇÔöÇÔöÇÔöÇÔöÇÔöÇÔöÇÔöÇÔöÇÔöÇÔöÇÔöÇÔöÇÔöÇÔöÇÔöÇÔöÇÔöÇÔöÇÔöÇÔöÇÔöÇÔöÇÔöÇÔöÇÔöÇÔöÇÔöÇÔöÇÔöÇÔöÇÔöÇÔöÇÔöÇÔöÇÔöÇÔöÇÔöÇÔöÇÔöÇÔöÇÔöÇÔöÇÔöÇÔöÇÔöÇÔöÇÔöÇÔöÇ
Public + security smoke (production build)	E2E smoke (build + start + Playwright)	2026-07-13T20:44:30.7500176Z 
Public + security smoke (production build)	E2E smoke (build + start + Playwright)	2026-07-13T20:44:30.7500569Z     Error Context: test-results/fi-ux-audit-labels-FI-UX-S-961ff-tab-is-active-on-front-desk-chromium/error-context.md
Public + security smoke (production build)	E2E smoke (build + start + Playwright)	2026-07-13T20:44:30.7501007Z 
Public + security smoke (production build)	E2E smoke (build + start + Playwright)	2026-07-13T20:44:30.7501800Z   5) [chromium] ÔÇ║ e2e/fi-ux-audit-labels.spec.ts:56:7 ÔÇ║ FI-UX S3.4 Front Desk cutover @smoke ÔÇ║ Tomorrow tab is active on /front-desk/tomorrow 
Public + security smoke (production build)	E2E smoke (build + start + Playwright)	2026-07-13T20:44:30.7502113Z 
Public + security smoke (production build)	E2E smoke (build + start + Playwright)	2026-07-13T20:44:30.7502348Z     Error: ^[[2mexpect(^[[22m^[[31mlocator^[[39m^[[2m).^[[22mtoBeVisible^[[2m(^[[22m^[[2m)^[[22m failed
Public + security smoke (production build)	E2E smoke (build + start + Playwright)	2026-07-13T20:44:30.7502765Z 
Public + security smoke (production build)	E2E smoke (build + start + Playwright)	2026-07-13T20:44:30.7503056Z     Locator: getByRole('navigation', { name: 'Front desk navigation' }).getByRole('link', { name: 'Tomorrow' })
Public + security smoke (production build)	E2E smoke (build + start + Playwright)	2026-07-13T20:44:30.7503480Z     Expected: visible
Public + security smoke (production build)	E2E smoke (build + start + Playwright)	2026-07-13T20:44:30.7503647Z     Timeout: 30000ms
Public + security smoke (production build)	E2E smoke (build + start + Playwright)	2026-07-13T20:44:30.7503822Z     Error: element(s) not found
Public + security smoke (production build)	E2E smoke (build + start + Playwright)	2026-07-13T20:44:30.7503940Z 
Public + security smoke (production build)	E2E smoke (build + start + Playwright)	2026-07-13T20:44:30.7503996Z     Call log:
Public + security smoke (production build)	E2E smoke (build + start + Playwright)	2026-07-13T20:44:30.7504251Z     ^[[2m  - Expect "toBeVisible" with timeout 30000ms^[[22m
Public + security smoke (production build)	E2E smoke (build + start + Playwright)	2026-07-13T20:44:30.7504717Z     ^[[2m  - waiting for getByRole('navigation', { name: 'Front desk navigation' }).getByRole('link', { name: 'Tomorrow' })^[[22m
Public + security smoke (production build)	E2E smoke (build + start + Playwright)	2026-07-13T20:44:30.7505047Z 
Public + security smoke (production build)	E2E smoke (build + start + Playwright)	2026-07-13T20:44:30.7505056Z 
Public + security smoke (production build)	E2E smoke (build + start + Playwright)	2026-07-13T20:44:30.7505239Z       62 |       .getByRole("navigation", { name: "Front desk navigation" })
Public + security smoke (production build)	E2E smoke (build + start + Playwright)	2026-07-13T20:44:30.7505574Z       63 |       .getByRole("link", { name: "Tomorrow" });
Public + security smoke (production build)	E2E smoke (build + start + Playwright)	2026-07-13T20:44:30.7505859Z     > 64 |     await expect(tomorrow).toBeVisible({ timeout: 30_000 });
Public + security smoke (production build)	E2E smoke (build + start + Playwright)	2026-07-13T20:44:30.7506114Z          |                            ^
Public + security smoke (production build)	E2E smoke (build + start + Playwright)	2026-07-13T20:44:30.7506507Z       65 |     await expect(page).toHaveURL(new RegExp(`/front-desk/tomorrow`));
Public + security smoke (production build)	E2E smoke (build + start + Playwright)	2026-07-13T20:44:30.7506801Z       66 |   });
Public + security smoke (production build)	E2E smoke (build + start + Playwright)	2026-07-13T20:44:30.7506957Z       67 |
Public + security smoke (production build)	E2E smoke (build + start + Playwright)	2026-07-13T20:44:30.7507292Z         at /home/runner/work/G-follicleintelligence/G-follicleintelligence/e2e/fi-ux-audit-labels.spec.ts:64:28
Public + security smoke (production build)	E2E smoke (build + start + Playwright)	2026-07-13T20:44:30.7507567Z 
Public + security smoke (production build)	E2E smoke (build + start + Playwright)	2026-07-13T20:44:30.7507830Z     attachment #1: screenshot (image/png) ÔöÇÔöÇÔöÇÔöÇÔöÇÔöÇÔöÇÔöÇÔöÇÔöÇÔöÇÔöÇÔöÇÔöÇÔöÇÔöÇÔöÇÔöÇÔöÇÔöÇÔöÇÔöÇÔöÇÔöÇÔöÇÔöÇÔöÇÔöÇÔöÇÔöÇÔöÇÔöÇÔöÇÔöÇÔöÇÔöÇÔöÇÔöÇÔöÇÔöÇÔöÇÔöÇÔöÇÔöÇÔöÇÔöÇÔöÇÔöÇÔöÇÔöÇÔöÇÔöÇÔöÇÔöÇÔöÇÔöÇÔöÇÔöÇ
Public + security smoke (production build)	E2E smoke (build + start + Playwright)	2026-07-13T20:44:30.7508398Z     test-results/fi-ux-audit-labels-FI-UX-S-3f667-tive-on-front-desk-tomorrow-chromium/test-failed-1.png
Public + security smoke (production build)	E2E smoke (build + start + Playwright)	2026-07-13T20:44:30.7509089Z     ÔöÇÔöÇÔöÇÔöÇÔöÇÔöÇÔöÇÔöÇÔöÇÔöÇÔöÇÔöÇÔöÇÔöÇÔöÇÔöÇÔöÇÔöÇÔöÇÔöÇÔöÇÔöÇÔöÇÔöÇÔöÇÔöÇÔöÇÔöÇÔöÇÔöÇÔöÇÔöÇÔöÇÔöÇÔöÇÔöÇÔöÇÔöÇÔöÇÔöÇÔöÇÔöÇÔöÇÔöÇÔöÇÔöÇÔöÇÔöÇÔöÇÔöÇÔöÇÔöÇÔöÇÔöÇÔöÇÔöÇÔöÇÔöÇÔöÇÔöÇÔöÇÔöÇÔöÇÔöÇÔöÇÔöÇÔöÇÔöÇÔöÇÔöÇÔöÇÔöÇÔöÇÔöÇÔöÇÔöÇÔöÇÔöÇÔöÇÔöÇÔöÇÔöÇÔöÇÔöÇÔöÇÔöÇÔöÇÔöÇÔöÇÔöÇÔöÇÔöÇÔöÇÔöÇÔöÇÔöÇ
Public + security smoke (production build)	E2E smoke (build + start + Playwright)	2026-07-13T20:44:30.7509290Z 
Public + security smoke (production build)	E2E smoke (build + start + Playwright)	2026-07-13T20:44:30.7509593Z     Error Context: test-results/fi-ux-audit-labels-FI-UX-S-3f667-tive-on-front-desk-tomorrow-chromium/error-context.md
Public + security smoke (production build)	E2E smoke (build + start + Playwright)	2026-07-13T20:44:30.7509925Z 
Public + security smoke (production build)	E2E smoke (build + start + Playwright)	2026-07-13T20:44:30.7510357Z   6) [chromium] ÔÇ║ e2e/fi-ux-audit-labels.spec.ts:68:7 ÔÇ║ FI-UX S3.4 Front Desk cutover @smoke ÔÇ║ legacy /reception redirects to /front-desk and preserves bookingId/date 
Public + security smoke (production build)	E2E smoke (build + start + Playwright)	2026-07-13T20:44:30.7510723Z 
Public + security smoke (production build)	E2E smoke (build + start + Playwright)	2026-07-13T20:44:30.7510992Z     Error: ^[[2mexpect(^[[22m^[[31mpage^[[39m^[[2m).^[[22mtoHaveURL^[[2m(^[[22m^[[32mexpected^[[39m^[[2m)^[[22m failed
Public + security smoke (production build)	E2E smoke (build + start + Playwright)	2026-07-13T20:44:30.7511226Z 
Public + security smoke (production build)	E2E smoke (build + start + Playwright)	2026-07-13T20:44:30.7511359Z     Expected pattern: ^[[32m/\/front-desk\?/^[[39m
Public + security smoke (production build)	E2E smoke (build + start + Playwright)	2026-07-13T20:44:30.7511945Z     Received string:  ^[[31m"http://127.0.0.1:3000/follicle-intelligence/login?next=%2Ffi-admin%2F00000000-0000-4000-8000-000000000000%2Freception"^[[39m
Public + security smoke (production build)	E2E smoke (build + start + Playwright)	2026-07-13T20:44:30.7512362Z     Timeout: 15000ms
Public + security smoke (production build)	E2E smoke (build + start + Playwright)	2026-07-13T20:44:30.7512454Z 
Public + security smoke (production build)	E2E smoke (build + start + Playwright)	2026-07-13T20:44:30.7512518Z     Call log:
Public + security smoke (production build)	E2E smoke (build + start + Playwright)	2026-07-13T20:44:30.7512739Z     ^[[2m  - Expect "toHaveURL" with timeout 15000ms^[[22m
Public + security smoke (production build)	E2E smoke (build + start + Playwright)	2026-07-13T20:44:30.7513290Z     ^[[2m    19 ├ù unexpected value "http://127.0.0.1:3000/follicle-intelligence/login?next=%2Ffi-admin%2F00000000-0000-4000-8000-000000000000%2Freception"^[[22m
Public + security smoke (production build)	E2E smoke (build + start + Playwright)	2026-07-13T20:44:30.7513719Z 
Public + security smoke (production build)	E2E smoke (build + start + Playwright)	2026-07-13T20:44:30.7513758Z 
Public + security smoke (production build)	E2E smoke (build + start + Playwright)	2026-07-13T20:44:30.7513851Z       73 |       timeout: 60_000,
Public + security smoke (production build)	E2E smoke (build + start + Playwright)	2026-07-13T20:44:30.7514022Z       74 |     });
Public + security smoke (production build)	E2E smoke (build + start + Playwright)	2026-07-13T20:44:30.7514247Z     > 75 |     await expect(page).toHaveURL(new RegExp(`/front-desk\\?`));
Public + security smoke (production build)	E2E smoke (build + start + Playwright)	2026-07-13T20:44:30.7514510Z          |                        ^
Public + security smoke (production build)	E2E smoke (build + start + Playwright)	2026-07-13T20:44:30.7514718Z       76 |     const url = new URL(page.url());
Public + security smoke (production build)	E2E smoke (build + start + Playwright)	2026-07-13T20:44:30.7515000Z       77 |     expect(url.pathname.endsWith("/front-desk")).toBeTruthy();
Public + security smoke (production build)	E2E smoke (build + start + Playwright)	2026-07-13T20:44:30.7515402Z       78 |     expect(url.searchParams.get("bookingId")).toBe("abc");
Public + security smoke (production build)	E2E smoke (build + start + Playwright)	2026-07-13T20:44:30.7515980Z         at /home/runner/work/G-follicleintelligence/G-follicleintelligence/e2e/fi-ux-audit-labels.spec.ts:75:24
Public + security smoke (production build)	E2E smoke (build + start + Playwright)	2026-07-13T20:44:30.7516344Z 
Public + security smoke (production build)	E2E smoke (build + start + Playwright)	2026-07-13T20:44:30.7516836Z     attachment #1: screenshot (image/png) ÔöÇÔöÇÔöÇÔöÇÔöÇÔöÇÔöÇÔöÇÔöÇÔöÇÔöÇÔöÇÔöÇÔöÇÔöÇÔöÇÔöÇÔöÇÔöÇÔöÇÔöÇÔöÇÔöÇÔöÇÔöÇÔöÇÔöÇÔöÇÔöÇÔöÇÔöÇÔöÇÔöÇÔöÇÔöÇÔöÇÔöÇÔöÇÔöÇÔöÇÔöÇÔöÇÔöÇÔöÇÔöÇÔöÇÔöÇÔöÇÔöÇÔöÇÔöÇÔöÇÔöÇÔöÇÔöÇÔöÇÔöÇÔöÇ
Public + security smoke (production build)	E2E smoke (build + start + Playwright)	2026-07-13T20:44:30.7517476Z     test-results/fi-ux-audit-labels-FI-UX-S-9fdb6-nd-preserves-bookingId-date-chromium/test-failed-1.png
Public + security smoke (production build)	E2E smoke (build + start + Playwright)	2026-07-13T20:44:30.7518240Z     ÔöÇÔöÇÔöÇÔöÇÔöÇÔöÇÔöÇÔöÇÔöÇÔöÇÔöÇÔöÇÔöÇÔöÇÔöÇÔöÇÔöÇÔöÇÔöÇÔöÇÔöÇÔöÇÔöÇÔöÇÔöÇÔöÇÔöÇÔöÇÔöÇÔöÇÔöÇÔöÇÔöÇÔöÇÔöÇÔöÇÔöÇÔöÇÔöÇÔöÇÔöÇÔöÇÔöÇÔöÇÔöÇÔöÇÔöÇÔöÇÔöÇÔöÇÔöÇÔöÇÔöÇÔöÇÔöÇÔöÇÔöÇÔöÇÔöÇÔöÇÔöÇÔöÇÔöÇÔöÇÔöÇÔöÇÔöÇÔöÇÔöÇÔöÇÔöÇÔöÇÔöÇÔöÇÔöÇÔöÇÔöÇÔöÇÔöÇÔöÇÔöÇÔöÇÔöÇÔöÇÔöÇÔöÇÔöÇÔöÇÔöÇÔöÇÔöÇÔöÇÔöÇÔöÇÔöÇÔöÇ
Public + security smoke (production build)	E2E smoke (build + start + Playwright)	2026-07-13T20:44:30.7518560Z 
Public + security smoke (production build)	E2E smoke (build + start + Playwright)	2026-07-13T20:44:30.7519023Z     Error Context: test-results/fi-ux-audit-labels-FI-UX-S-9fdb6-nd-preserves-bookingId-date-chromium/error-context.md
Public + security smoke (production build)	E2E smoke (build + start + Playwright)	2026-07-13T20:44:30.7519550Z 
Public + security smoke (production build)	E2E smoke (build + start + Playwright)	2026-07-13T20:44:30.7520128Z   7) [chromium] ÔÇ║ e2e/fi-ux-audit-labels.spec.ts:87:7 ÔÇ║ FI-UX S3.4 Front Desk cutover @smoke ÔÇ║ legacy /reception-board and /operations redirect to Today 
Public + security smoke (production build)	E2E smoke (build + start + Playwright)	2026-07-13T20:44:30.7520579Z 
Public + security smoke (production build)	E2E smoke (build + start + Playwright)	2026-07-13T20:44:30.7521058Z     Error: ^[[2mexpect(^[[22m^[[31mpage^[[39m^[[2m).^[[22mtoHaveURL^[[2m(^[[22m^[[32mexpected^[[39m^[[2m)^[[22m failed
Public + security smoke (production build)	E2E smoke (build + start + Playwright)	2026-07-13T20:44:30.7521350Z 
Public + security smoke (production build)	E2E smoke (build + start + Playwright)	2026-07-13T20:44:30.7521533Z     Expected pattern: ^[[32m/\/front-desk$/^[[39m
Public + security smoke (production build)	E2E smoke (build + start + Playwright)	2026-07-13T20:44:30.7522299Z     Received string:  ^[[31m"http://127.0.0.1:3000/follicle-intelligence/login?next=%2Ffi-admin%2F00000000-0000-4000-8000-000000000000%2Freception-board"^[[39m
Public + security smoke (production build)	E2E smoke (build + start + Playwright)	2026-07-13T20:44:30.7522864Z     Timeout: 15000ms
Public + security smoke (production build)	E2E smoke (build + start + Playwright)	2026-07-13T20:44:30.7522990Z 
Public + security smoke (production build)	E2E smoke (build + start + Playwright)	2026-07-13T20:44:30.7523067Z     Call log:
Public + security smoke (production build)	E2E smoke (build + start + Playwright)	2026-07-13T20:44:30.7523353Z     ^[[2m  - Expect "toHaveURL" with timeout 15000ms^[[22m
Public + security smoke (production build)	E2E smoke (build + start + Playwright)	2026-07-13T20:44:30.7524129Z     ^[[2m    19 ├ù unexpected value "http://127.0.0.1:3000/follicle-intelligence/login?next=%2Ffi-admin%2F00000000-0000-4000-8000-000000000000%2Freception-board"^[[22m
Public + security smoke (production build)	E2E smoke (build + start + Playwright)	2026-07-13T20:44:30.7524572Z 
Public + security smoke (production build)	E2E smoke (build + start + Playwright)	2026-07-13T20:44:30.7524577Z 
Public + security smoke (production build)	E2E smoke (build + start + Playwright)	2026-07-13T20:44:30.7524753Z       88 |     for (const path of ["reception-board", "operations"]) {
Public + security smoke (production build)	E2E smoke (build + start + Playwright)	2026-07-13T20:44:30.7525205Z       89 |       await page.goto(`${BASE()}/${path}`, { waitUntil: "domcontentloaded", timeout: 60_000 });
Public + security smoke (production build)	E2E smoke (build + start + Playwright)	2026-07-13T20:44:30.7525701Z     > 90 |       await expect(page).toHaveURL(new RegExp(`/front-desk$`));
Public + security smoke (production build)	E2E smoke (build + start + Playwright)	2026-07-13T20:44:30.7526039Z          |                          ^
Public + security smoke (production build)	E2E smoke (build + start + Playwright)	2026-07-13T20:44:30.7526287Z       91 |     }
Public + security smoke (production build)	E2E smoke (build + start + Playwright)	2026-07-13T20:44:30.7526676Z       92 |   });
Public + security smoke (production build)	E2E smoke (build + start + Playwright)	2026-07-13T20:44:30.7526868Z       93 |
Public + security smoke (production build)	E2E smoke (build + start + Playwright)	2026-07-13T20:44:30.7527362Z         at /home/runner/work/G-follicleintelligence/G-follicleintelligence/e2e/fi-ux-audit-labels.spec.ts:90:26
Public + security smoke (production build)	E2E smoke (build + start + Playwright)	2026-07-13T20:44:30.7527813Z 
Public + security smoke (production build)	E2E smoke (build + start + Playwright)	2026-07-13T20:44:30.7528259Z     attachment #1: screenshot (image/png) ÔöÇÔöÇÔöÇÔöÇÔöÇÔöÇÔöÇÔöÇÔöÇÔöÇÔöÇÔöÇÔöÇÔöÇÔöÇÔöÇÔöÇÔöÇÔöÇÔöÇÔöÇÔöÇÔöÇÔöÇÔöÇÔöÇÔöÇÔöÇÔöÇÔöÇÔöÇÔöÇÔöÇÔöÇÔöÇÔöÇÔöÇÔöÇÔöÇÔöÇÔöÇÔöÇÔöÇÔöÇÔöÇÔöÇÔöÇÔöÇÔöÇÔöÇÔöÇÔöÇÔöÇÔöÇÔöÇÔöÇÔöÇÔöÇ
Public + security smoke (production build)	E2E smoke (build + start + Playwright)	2026-07-13T20:44:30.7528996Z     test-results/fi-ux-audit-labels-FI-UX-S-3e308-perations-redirect-to-Today-chromium/test-failed-1.png
Public + security smoke (production build)	E2E smoke (build + start + Playwright)	2026-07-13T20:44:30.7529787Z     ÔöÇÔöÇÔöÇÔöÇÔöÇÔöÇÔöÇÔöÇÔöÇÔöÇÔöÇÔöÇÔöÇÔöÇÔöÇÔöÇÔöÇÔöÇÔöÇÔöÇÔöÇÔöÇÔöÇÔöÇÔöÇÔöÇÔöÇÔöÇÔöÇÔöÇÔöÇÔöÇÔöÇÔöÇÔöÇÔöÇÔöÇÔöÇÔöÇÔöÇÔöÇÔöÇÔöÇÔöÇÔöÇÔöÇÔöÇÔöÇÔöÇÔöÇÔöÇÔöÇÔöÇÔöÇÔöÇÔöÇÔöÇÔöÇÔöÇÔöÇÔöÇÔöÇÔöÇÔöÇÔöÇÔöÇÔöÇÔöÇÔöÇÔöÇÔöÇÔöÇÔöÇÔöÇÔöÇÔöÇÔöÇÔöÇÔöÇÔöÇÔöÇÔöÇÔöÇÔöÇÔöÇÔöÇÔöÇÔöÇÔöÇÔöÇÔöÇÔöÇÔöÇÔöÇÔöÇÔöÇ
Public + security smoke (production build)	E2E smoke (build + start + Playwright)	2026-07-13T20:44:30.7530078Z 
Public + security smoke (production build)	E2E smoke (build + start + Playwright)	2026-07-13T20:44:30.7530534Z     Error Context: test-results/fi-ux-audit-labels-FI-UX-S-3e308-perations-redirect-to-Today-chromium/error-context.md
Public + security smoke (production build)	E2E smoke (build + start + Playwright)	2026-07-13T20:44:30.7531021Z 
Public + security smoke (production build)	E2E smoke (build + start + Playwright)	2026-07-13T20:44:30.7531605Z   8) [chromium] ÔÇ║ e2e/fi-ux-audit-labels.spec.ts:94:7 ÔÇ║ FI-UX S3.4 Front Desk cutover @smoke ÔÇ║ legacy /tomorrow redirects to /front-desk/tomorrow 
Public + security smoke (production build)	E2E smoke (build + start + Playwright)	2026-07-13T20:44:30.7532110Z 
Public + security smoke (production build)	E2E smoke (build + start + Playwright)	2026-07-13T20:44:30.7532692Z     Error: ^[[2mexpect(^[[22m^[[31mpage^[[39m^[[2m).^[[22mtoHaveURL^[[2m(^[[22m^[[32mexpected^[[39m^[[2m)^[[22m failed
Public + security smoke (production build)	E2E smoke (build + start + Playwright)	2026-07-13T20:44:30.7533064Z 
Public + security smoke (production build)	E2E smoke (build + start + Playwright)	2026-07-13T20:44:30.7533311Z     Expected pattern: ^[[32m/\/front-desk\/tomorrow/^[[39m
Public + security smoke (production build)	E2E smoke (build + start + Playwright)	2026-07-13T20:44:30.7534171Z     Received string:  ^[[31m"http://127.0.0.1:3000/follicle-intelligence/login?next=%2Ffi-admin%2F00000000-0000-4000-8000-000000000000%2Ftomorrow"^[[39m
Public + security smoke (production build)	E2E smoke (build + start + Playwright)	2026-07-13T20:44:30.7534757Z     Timeout: 15000ms
Public + security smoke (production build)	E2E smoke (build + start + Playwright)	2026-07-13T20:44:30.7534891Z 
Public + security smoke (production build)	E2E smoke (build + start + Playwright)	2026-07-13T20:44:30.7534988Z     Call log:
Public + security smoke (production build)	E2E smoke (build + start + Playwright)	2026-07-13T20:44:30.7535347Z     ^[[2m  - Expect "toHaveURL" with timeout 15000ms^[[22m
Public + security smoke (production build)	E2E smoke (build + start + Playwright)	2026-07-13T20:44:30.7536212Z     ^[[2m    19 ├ù unexpected value "http://127.0.0.1:3000/follicle-intelligence/login?next=%2Ffi-admin%2F00000000-0000-4000-8000-000000000000%2Ftomorrow"^[[22m
Public + security smoke (production build)	E2E smoke (build + start + Playwright)	2026-07-13T20:44:30.7537046Z 
Public + security smoke (production build)	E2E smoke (build + start + Playwright)	2026-07-13T20:44:30.7537055Z 
Public + security smoke (production build)	E2E smoke (build + start + Playwright)	2026-07-13T20:44:30.7537338Z       94 |   test("legacy /tomorrow redirects to /front-desk/tomorrow", async ({ page }) => {
Public + security smoke (production build)	E2E smoke (build + start + Playwright)	2026-07-13T20:44:30.7537982Z       95 |     await page.goto(`${BASE()}/tomorrow`, { waitUntil: "domcontentloaded", timeout: 60_000 });
Public + security smoke (production build)	E2E smoke (build + start + Playwright)	2026-07-13T20:44:30.7538583Z     > 96 |     await expect(page).toHaveURL(new RegExp(`/front-desk/tomorrow`));
Public + security smoke (production build)	E2E smoke (build + start + Playwright)	2026-07-13T20:44:30.7538972Z          |                        ^
Public + security smoke (production build)	E2E smoke (build + start + Playwright)	2026-07-13T20:44:30.7539221Z       97 |   });
Public + security smoke (production build)	E2E smoke (build + start + Playwright)	2026-07-13T20:44:30.7539442Z       98 |
Public + security smoke (production build)	E2E smoke (build + start + Playwright)	2026-07-13T20:44:30.7539801Z       99 |   test("legacy front-desk subroutes redirect to Today", async ({ page }) => {
Public + security smoke (production build)	E2E smoke (build + start + Playwright)	2026-07-13T20:44:30.7540516Z         at /home/runner/work/G-follicleintelligence/G-follicleintelligence/e2e/fi-ux-audit-labels.spec.ts:96:24
Public + security smoke (production build)	E2E smoke (build + start + Playwright)	2026-07-13T20:44:30.7541110Z 
Public + security smoke (production build)	E2E smoke (build + start + Playwright)	2026-07-13T20:44:30.7541561Z     attachment #1: screenshot (image/png) ÔöÇÔöÇÔöÇÔöÇÔöÇÔöÇÔöÇÔöÇÔöÇÔöÇÔöÇÔöÇÔöÇÔöÇÔöÇÔöÇÔöÇÔöÇÔöÇÔöÇÔöÇÔöÇÔöÇÔöÇÔöÇÔöÇÔöÇÔöÇÔöÇÔöÇÔöÇÔöÇÔöÇÔöÇÔöÇÔöÇÔöÇÔöÇÔöÇÔöÇÔöÇÔöÇÔöÇÔöÇÔöÇÔöÇÔöÇÔöÇÔöÇÔöÇÔöÇÔöÇÔöÇÔöÇÔöÇÔöÇÔöÇÔöÇ
Public + security smoke (production build)	E2E smoke (build + start + Playwright)	2026-07-13T20:44:30.7542296Z     test-results/fi-ux-audit-labels-FI-UX-S-be950-ects-to-front-desk-tomorrow-chromium/test-failed-1.png
Public + security smoke (production build)	E2E smoke (build + start + Playwright)	2026-07-13T20:44:30.7543081Z     ÔöÇÔöÇÔöÇÔöÇÔöÇÔöÇÔöÇÔöÇÔöÇÔöÇÔöÇÔöÇÔöÇÔöÇÔöÇÔöÇÔöÇÔöÇÔöÇÔöÇÔöÇÔöÇÔöÇÔöÇÔöÇÔöÇÔöÇÔöÇÔöÇÔöÇÔöÇÔöÇÔöÇÔöÇÔöÇÔöÇÔöÇÔöÇÔöÇÔöÇÔöÇÔöÇÔöÇÔöÇÔöÇÔöÇÔöÇÔöÇÔöÇÔöÇÔöÇÔöÇÔöÇÔöÇÔöÇÔöÇÔöÇÔöÇÔöÇÔöÇÔöÇÔöÇÔöÇÔöÇÔöÇÔöÇÔöÇÔöÇÔöÇÔöÇÔöÇÔöÇÔöÇÔöÇÔöÇÔöÇÔöÇÔöÇÔöÇÔöÇÔöÇÔöÇÔöÇÔöÇÔöÇÔöÇÔöÇÔöÇÔöÇÔöÇÔöÇÔöÇÔöÇÔöÇÔöÇÔöÇ
Public + security smoke (production build)	E2E smoke (build + start + Playwright)	2026-07-13T20:44:30.7543385Z 
Public + security smoke (production build)	E2E smoke (build + start + Playwright)	2026-07-13T20:44:30.7543862Z     Error Context: test-results/fi-ux-audit-labels-FI-UX-S-be950-ects-to-front-desk-tomorrow-chromium/error-context.md
Public + security smoke (production build)	E2E smoke (build + start + Playwright)	2026-07-13T20:44:30.7544336Z 
Public + security smoke (production build)	E2E smoke (build + start + Playwright)	2026-07-13T20:44:30.7544926Z   9) [chromium] ÔÇ║ e2e/fi-ux-audit-labels.spec.ts:99:7 ÔÇ║ FI-UX S3.4 Front Desk cutover @smoke ÔÇ║ legacy front-desk subroutes redirect to Today 
Public + security smoke (production build)	E2E smoke (build + start + Playwright)	2026-07-13T20:44:30.7545433Z 
Public + security smoke (production build)	E2E smoke (build + start + Playwright)	2026-07-13T20:44:30.7545832Z     Error: ^[[2mexpect(^[[22m^[[31mpage^[[39m^[[2m).^[[22mtoHaveURL^[[2m(^[[22m^[[32mexpected^[[39m^[[2m)^[[22m failed
Public + security smoke (production build)	E2E smoke (build + start + Playwright)	2026-07-13T20:44:30.7546185Z 
Public + security smoke (production build)	E2E smoke (build + start + Playwright)	2026-07-13T20:44:30.7546535Z     Expected pattern: ^[[32m/\/front-desk$/^[[39m
Public + security smoke (production build)	E2E smoke (build + start + Playwright)	2026-07-13T20:44:30.7547446Z     Received string:  ^[[31m"http://127.0.0.1:3000/follicle-intelligence/login?next=%2Ffi-admin%2F00000000-0000-4000-8000-000000000000%2Ffront-desk%2Fclinic-flow"^[[39m
Public + security smoke (production build)	E2E smoke (build + start + Playwright)	2026-07-13T20:44:30.7548113Z     Timeout: 15000ms
Public + security smoke (production build)	E2E smoke (build + start + Playwright)	2026-07-13T20:44:30.7548278Z 
Public + security smoke (production build)	E2E smoke (build + start + Playwright)	2026-07-13T20:44:30.7548352Z     Call log:
Public + security smoke (production build)	E2E smoke (build + start + Playwright)	2026-07-13T20:44:30.7548870Z     ^[[2m  - Expect "toHaveURL" with timeout 15000ms^[[22m
Public + security smoke (production build)	E2E smoke (build + start + Playwright)	2026-07-13T20:44:30.7549745Z     ^[[2m    19 ├ù unexpected value "http://127.0.0.1:3000/follicle-intelligence/login?next=%2Ffi-admin%2F00000000-0000-4000-8000-000000000000%2Ffront-desk%2Fclinic-flow"^[[22m
Public + security smoke (production build)	E2E smoke (build + start + Playwright)	2026-07-13T20:44:30.7550311Z 
Public + security smoke (production build)	E2E smoke (build + start + Playwright)	2026-07-13T20:44:30.7550323Z 
Public + security smoke (production build)	E2E smoke (build + start + Playwright)	2026-07-13T20:44:30.7550608Z       100 |     for (const path of ["front-desk/clinic-flow", "front-desk/reception-board"]) {
Public + security smoke (production build)	E2E smoke (build + start + Playwright)	2026-07-13T20:44:30.7551235Z       101 |       await page.goto(`${BASE()}/${path}`, { waitUntil: "domcontentloaded", timeout: 60_000 });
Public + security smoke (production build)	E2E smoke (build + start + Playwright)	2026-07-13T20:44:30.7551826Z     > 102 |       await expect(page).toHaveURL(new RegExp(`/front-desk$`));
Public + security smoke (production build)	E2E smoke (build + start + Playwright)	2026-07-13T20:44:30.7552219Z           |                          ^
Public + security smoke (production build)	E2E smoke (build + start + Playwright)	2026-07-13T20:44:30.7552512Z       103 |     }
Public + security smoke (production build)	E2E smoke (build + start + Playwright)	2026-07-13T20:44:30.7552717Z       104 |   });
Public + security smoke (production build)	E2E smoke (build + start + Playwright)	2026-07-13T20:44:30.7552954Z       105 |
Public + security smoke (production build)	E2E smoke (build + start + Playwright)	2026-07-13T20:44:30.7553477Z         at /home/runner/work/G-follicleintelligence/G-follicleintelligence/e2e/fi-ux-audit-labels.spec.ts:102:26
Public + security smoke (production build)	E2E smoke (build + start + Playwright)	2026-07-13T20:44:30.7553902Z 
Public + security smoke (production build)	E2E smoke (build + start + Playwright)	2026-07-13T20:44:30.7554311Z     attachment #1: screenshot (image/png) ÔöÇÔöÇÔöÇÔöÇÔöÇÔöÇÔöÇÔöÇÔöÇÔöÇÔöÇÔöÇÔöÇÔöÇÔöÇÔöÇÔöÇÔöÇÔöÇÔöÇÔöÇÔöÇÔöÇÔöÇÔöÇÔöÇÔöÇÔöÇÔöÇÔöÇÔöÇÔöÇÔöÇÔöÇÔöÇÔöÇÔöÇÔöÇÔöÇÔöÇÔöÇÔöÇÔöÇÔöÇÔöÇÔöÇÔöÇÔöÇÔöÇÔöÇÔöÇÔöÇÔöÇÔöÇÔöÇÔöÇÔöÇÔöÇ
Public + security smoke (production build)	E2E smoke (build + start + Playwright)	2026-07-13T20:44:30.7555014Z     test-results/fi-ux-audit-labels-FI-UX-S-dc14d-subroutes-redirect-to-Today-chromium/test-failed-1.png
Public + security smoke (production build)	E2E smoke (build + start + Playwright)	2026-07-13T20:44:30.7555838Z     ÔöÇÔöÇÔöÇÔöÇÔöÇÔöÇÔöÇÔöÇÔöÇÔöÇÔöÇÔöÇÔöÇÔöÇÔöÇÔöÇÔöÇÔöÇÔöÇÔöÇÔöÇÔöÇÔöÇÔöÇÔöÇÔöÇÔöÇÔöÇÔöÇÔöÇÔöÇÔöÇÔöÇÔöÇÔöÇÔöÇÔöÇÔöÇÔöÇÔöÇÔöÇÔöÇÔöÇÔöÇÔöÇÔöÇÔöÇÔöÇÔöÇÔöÇÔöÇÔöÇÔöÇÔöÇÔöÇÔöÇÔöÇÔöÇÔöÇÔöÇÔöÇÔöÇÔöÇÔöÇÔöÇÔöÇÔöÇÔöÇÔöÇÔöÇÔöÇÔöÇÔöÇÔöÇÔöÇÔöÇÔöÇÔöÇÔöÇÔöÇÔöÇÔöÇÔöÇÔöÇÔöÇÔöÇÔöÇÔöÇÔöÇÔöÇÔöÇÔöÇÔöÇÔöÇÔöÇÔöÇ
Public + security smoke (production build)	E2E smoke (build + start + Playwright)	2026-07-13T20:44:30.7556192Z 
Public + security smoke (production build)	E2E smoke (build + start + Playwright)	2026-07-13T20:44:30.7556855Z     Error Context: test-results/fi-ux-audit-labels-FI-UX-S-dc14d-subroutes-redirect-to-Today-chromium/error-context.md
Public + security smoke (production build)	E2E smoke (build + start + Playwright)	2026-07-13T20:44:30.7557407Z 
Public + security smoke (production build)	E2E smoke (build + start + Playwright)	2026-07-13T20:44:30.7557951Z   10) [chromium] ÔÇ║ e2e/fi-ux-audit-labels.spec.ts:121:7 ÔÇ║ FI-UX S3.4 Front Desk cutover @smoke ÔÇ║ top bar search and quick create remain available 
Public + security smoke (production build)	E2E smoke (build + start + Playwright)	2026-07-13T20:44:30.7558421Z 
Public + security smoke (production build)	E2E smoke (build + start + Playwright)	2026-07-13T20:44:30.7558744Z     Error: ^[[2mexpect(^[[22m^[[31mlocator^[[39m^[[2m).^[[22mtoBeVisible^[[2m(^[[22m^[[2m)^[[22m failed
Public + security smoke (production build)	E2E smoke (build + start + Playwright)	2026-07-13T20:44:30.7559021Z 
Public + security smoke (production build)	E2E smoke (build + start + Playwright)	2026-07-13T20:44:30.7559378Z     Locator: getByRole('button', { name: /open workspace search/i }).or(getByRole('button', { name: /open search/i })).first()
Public + security smoke (production build)	E2E smoke (build + start + Playwright)	2026-07-13T20:44:30.7559887Z     Expected: visible
Public + security smoke (production build)	E2E smoke (build + start + Playwright)	2026-07-13T20:44:30.7560120Z     Timeout: 30000ms
Public + security smoke (production build)	E2E smoke (build + start + Playwright)	2026-07-13T20:44:30.7560359Z     Error: element(s) not found
Public + security smoke (production build)	E2E smoke (build + start + Playwright)	2026-07-13T20:44:30.7560507Z 
Public + security smoke (production build)	E2E smoke (build + start + Playwright)	2026-07-13T20:44:30.7560594Z     Call log:
Public + security smoke (production build)	E2E smoke (build + start + Playwright)	2026-07-13T20:44:30.7560948Z     ^[[2m  - Expect "toBeVisible" with timeout 30000ms^[[22m
Public + security smoke (production build)	E2E smoke (build + start + Playwright)	2026-07-13T20:44:30.7561610Z     ^[[2m  - waiting for getByRole('button', { name: /open workspace search/i }).or(getByRole('button', { name: /open search/i })).first()^[[22m
Public + security smoke (production build)	E2E smoke (build + start + Playwright)	2026-07-13T20:44:30.7562293Z 
Public + security smoke (production build)	E2E smoke (build + start + Playwright)	2026-07-13T20:44:30.7562303Z 
Public + security smoke (production build)	E2E smoke (build + start + Playwright)	2026-07-13T20:44:30.7562501Z       124 |       .getByRole("button", { name: /open workspace search/i })
Public + security smoke (production build)	E2E smoke (build + start + Playwright)	2026-07-13T20:44:30.7562908Z       125 |       .or(page.getByRole("button", { name: /open search/i }));
Public + security smoke (production build)	E2E smoke (build + start + Playwright)	2026-07-13T20:44:30.7563350Z     > 126 |     await expect(search.first()).toBeVisible({ timeout: 30_000 });
Public + security smoke (production build)	E2E smoke (build + start + Playwright)	2026-07-13T20:44:30.7563710Z           |                                  ^
Public + security smoke (production build)	E2E smoke (build + start + Playwright)	2026-07-13T20:44:30.7564006Z       127 |     const create = page
Public + security smoke (production build)	E2E smoke (build + start + Playwright)	2026-07-13T20:44:30.7564399Z       128 |       .getByRole("button", { name: /open quick create/i })
Public + security smoke (production build)	E2E smoke (build + start + Playwright)	2026-07-13T20:44:30.7564790Z       129 |       .or(page.getByRole("button", { name: /open new/i }));
Public + security smoke (production build)	E2E smoke (build + start + Playwright)	2026-07-13T20:44:30.7565342Z         at /home/runner/work/G-follicleintelligence/G-follicleintelligence/e2e/fi-ux-audit-labels.spec.ts:126:34
Public + security smoke (production build)	E2E smoke (build + start + Playwright)	2026-07-13T20:44:30.7565636Z 
Public + security smoke (production build)	E2E smoke (build + start + Playwright)	2026-07-13T20:44:30.7565920Z     attachment #1: screenshot (image/png) ÔöÇÔöÇÔöÇÔöÇÔöÇÔöÇÔöÇÔöÇÔöÇÔöÇÔöÇÔöÇÔöÇÔöÇÔöÇÔöÇÔöÇÔöÇÔöÇÔöÇÔöÇÔöÇÔöÇÔöÇÔöÇÔöÇÔöÇÔöÇÔöÇÔöÇÔöÇÔöÇÔöÇÔöÇÔöÇÔöÇÔöÇÔöÇÔöÇÔöÇÔöÇÔöÇÔöÇÔöÇÔöÇÔöÇÔöÇÔöÇÔöÇÔöÇÔöÇÔöÇÔöÇÔöÇÔöÇÔöÇÔöÇÔöÇ
Public + security smoke (production build)	E2E smoke (build + start + Playwright)	2026-07-13T20:44:30.7566533Z     test-results/fi-ux-audit-labels-FI-UX-S-11b49-ick-create-remain-available-chromium/test-failed-1.png
Public + security smoke (production build)	E2E smoke (build + start + Playwright)	2026-07-13T20:44:30.7567099Z     ÔöÇÔöÇÔöÇÔöÇÔöÇÔöÇÔöÇÔöÇÔöÇÔöÇÔöÇÔöÇÔöÇÔöÇÔöÇÔöÇÔöÇÔöÇÔöÇÔöÇÔöÇÔöÇÔöÇÔöÇÔöÇÔöÇÔöÇÔöÇÔöÇÔöÇÔöÇÔöÇÔöÇÔöÇÔöÇÔöÇÔöÇÔöÇÔöÇÔöÇÔöÇÔöÇÔöÇÔöÇÔöÇÔöÇÔöÇÔöÇÔöÇÔöÇÔöÇÔöÇÔöÇÔöÇÔöÇÔöÇÔöÇÔöÇÔöÇÔöÇÔöÇÔöÇÔöÇÔöÇÔöÇÔöÇÔöÇÔöÇÔöÇÔöÇÔöÇÔöÇÔöÇÔöÇÔöÇÔöÇÔöÇÔöÇÔöÇÔöÇÔöÇÔöÇÔöÇÔöÇÔöÇÔöÇÔöÇÔöÇÔöÇÔöÇÔöÇÔöÇÔöÇÔöÇÔöÇÔöÇ
Public + security smoke (production build)	E2E smoke (build + start + Playwright)	2026-07-13T20:44:30.7567282Z 
Public + security smoke (production build)	E2E smoke (build + start + Playwright)	2026-07-13T20:44:30.7567582Z     Error Context: test-results/fi-ux-audit-labels-FI-UX-S-11b49-ick-create-remain-available-chromium/error-context.md
Public + security smoke (production build)	E2E smoke (build + start + Playwright)	2026-07-13T20:44:30.7567995Z 
Public + security smoke (production build)	E2E smoke (build + start + Playwright)	2026-07-13T20:44:30.7568424Z   11) [chromium] ÔÇ║ e2e/fi-ux-audit-labels.spec.ts:133:7 ÔÇ║ FI-UX S3.4 Front Desk cutover @smoke ÔÇ║ tablet 768├ù1024 has no horizontal document overflow on Today 
Public + security smoke (production build)	E2E smoke (build + start + Playwright)	2026-07-13T20:44:30.7568776Z 
Public + security smoke (production build)	E2E smoke (build + start + Playwright)	2026-07-13T20:44:30.7569012Z     Error: ^[[2mexpect(^[[22m^[[31mlocator^[[39m^[[2m).^[[22mtoBeVisible^[[2m(^[[22m^[[2m)^[[22m failed
Public + security smoke (production build)	E2E smoke (build + start + Playwright)	2026-07-13T20:44:30.7569230Z 
Public + security smoke (production build)	E2E smoke (build + start + Playwright)	2026-07-13T20:44:30.7569369Z     Locator: getByRole('heading', { name: 'Today', level: 1 })
Public + security smoke (production build)	E2E smoke (build + start + Playwright)	2026-07-13T20:44:30.7569596Z     Expected: visible
Public + security smoke (production build)	E2E smoke (build + start + Playwright)	2026-07-13T20:44:30.7569756Z     Timeout: 30000ms
Public + security smoke (production build)	E2E smoke (build + start + Playwright)	2026-07-13T20:44:30.7569951Z     Error: element(s) not found
Public + security smoke (production build)	E2E smoke (build + start + Playwright)	2026-07-13T20:44:30.7570059Z 
Public + security smoke (production build)	E2E smoke (build + start + Playwright)	2026-07-13T20:44:30.7570125Z     Call log:
Public + security smoke (production build)	E2E smoke (build + start + Playwright)	2026-07-13T20:44:30.7570356Z     ^[[2m  - Expect "toBeVisible" with timeout 30000ms^[[22m
Public + security smoke (production build)	E2E smoke (build + start + Playwright)	2026-07-13T20:44:30.7570788Z     ^[[2m  - waiting for getByRole('heading', { name: 'Today', level: 1 })^[[22m
Public + security smoke (production build)	E2E smoke (build + start + Playwright)	2026-07-13T20:44:30.7571034Z 
Public + security smoke (production build)	E2E smoke (build + start + Playwright)	2026-07-13T20:44:30.7571047Z 
Public + security smoke (production build)	E2E smoke (build + start + Playwright)	2026-07-13T20:44:30.7571244Z       134 |     await page.setViewportSize({ width: 768, height: 1024 });
Public + security smoke (production build)	E2E smoke (build + start + Playwright)	2026-07-13T20:44:30.7571755Z       135 |     await page.goto(`${BASE()}/front-desk`, { waitUntil: "domcontentloaded", timeout: 60_000 });
Public + security smoke (production build)	E2E smoke (build + start + Playwright)	2026-07-13T20:44:30.7572312Z     > 136 |     await expect(page.getByRole("heading", { name: "Today", level: 1 })).toBeVisible({
Public + security smoke (production build)	E2E smoke (build + start + Playwright)	2026-07-13T20:44:30.7572760Z           |                                                                          ^
Public + security smoke (production build)	E2E smoke (build + start + Playwright)	2026-07-13T20:44:30.7573079Z       137 |       timeout: 30_000,
Public + security smoke (production build)	E2E smoke (build + start + Playwright)	2026-07-13T20:44:30.7573379Z       138 |     });
Public + security smoke (production build)	E2E smoke (build + start + Playwright)	2026-07-13T20:44:30.7573652Z       139 |     const overflow = await page.evaluate(() => {
Public + security smoke (production build)	E2E smoke (build + start + Playwright)	2026-07-13T20:44:30.7574336Z         at /home/runner/work/G-follicleintelligence/G-follicleintelligence/e2e/fi-ux-audit-labels.spec.ts:136:74
Public + security smoke (production build)	E2E smoke (build + start + Playwright)	2026-07-13T20:44:30.7574746Z 
Public + security smoke (production build)	E2E smoke (build + start + Playwright)	2026-07-13T20:44:30.7575124Z     attachment #1: screenshot (image/png) ÔöÇÔöÇÔöÇÔöÇÔöÇÔöÇÔöÇÔöÇÔöÇÔöÇÔöÇÔöÇÔöÇÔöÇÔöÇÔöÇÔöÇÔöÇÔöÇÔöÇÔöÇÔöÇÔöÇÔöÇÔöÇÔöÇÔöÇÔöÇÔöÇÔöÇÔöÇÔöÇÔöÇÔöÇÔöÇÔöÇÔöÇÔöÇÔöÇÔöÇÔöÇÔöÇÔöÇÔöÇÔöÇÔöÇÔöÇÔöÇÔöÇÔöÇÔöÇÔöÇÔöÇÔöÇÔöÇÔöÇÔöÇÔöÇ
Public + security smoke (production build)	E2E smoke (build + start + Playwright)	2026-07-13T20:44:30.7575806Z     test-results/fi-ux-audit-labels-FI-UX-S-31ca6--document-overflow-on-Today-chromium/test-failed-1.png
Public + security smoke (production build)	E2E smoke (build + start + Playwright)	2026-07-13T20:44:30.7576626Z     ÔöÇÔöÇÔöÇÔöÇÔöÇÔöÇÔöÇÔöÇÔöÇÔöÇÔöÇÔöÇÔöÇÔöÇÔöÇÔöÇÔöÇÔöÇÔöÇÔöÇÔöÇÔöÇÔöÇÔöÇÔöÇÔöÇÔöÇÔöÇÔöÇÔöÇÔöÇÔöÇÔöÇÔöÇÔöÇÔöÇÔöÇÔöÇÔöÇÔöÇÔöÇÔöÇÔöÇÔöÇÔöÇÔöÇÔöÇÔöÇÔöÇÔöÇÔöÇÔöÇÔöÇÔöÇÔöÇÔöÇÔöÇÔöÇÔöÇÔöÇÔöÇÔöÇÔöÇÔöÇÔöÇÔöÇÔöÇÔöÇÔöÇÔöÇÔöÇÔöÇÔöÇÔöÇÔöÇÔöÇÔöÇÔöÇÔöÇÔöÇÔöÇÔöÇÔöÇÔöÇÔöÇÔöÇÔöÇÔöÇÔöÇÔöÇÔöÇÔöÇÔöÇÔöÇÔöÇÔöÇ
Public + security smoke (production build)	E2E smoke (build + start + Playwright)	2026-07-13T20:44:30.7576893Z 
Public + security smoke (production build)	E2E smoke (build + start + Playwright)	2026-07-13T20:44:30.7577316Z     Error Context: test-results/fi-ux-audit-labels-FI-UX-S-31ca6--document-overflow-on-Today-chromium/error-context.md
Public + security smoke (production build)	E2E smoke (build + start + Playwright)	2026-07-13T20:44:30.7577756Z 
Public + security smoke (production build)	E2E smoke (build + start + Playwright)	2026-07-13T20:44:30.7578466Z   12) [chromium] ÔÇ║ e2e/security/unauthenticated-access.spec.ts:63:7 ÔÇ║ unauthenticated access ÔÇö fails closed @security ÔÇ║ protected tenant patients API fails closed without a session 
Public + security smoke (production build)	E2E smoke (build + start + Playwright)	2026-07-13T20:44:30.7579076Z 
Public + security smoke (production build)	E2E smoke (build + start + Playwright)	2026-07-13T20:44:30.7579306Z     Error: expected 401/403 (or redirect) for unauthenticated patients API, got 404
Public + security smoke (production build)	E2E smoke (build + start + Playwright)	2026-07-13T20:44:30.7579594Z 
Public + security smoke (production build)	E2E smoke (build + start + Playwright)	2026-07-13T20:44:30.7579979Z     ^[[2mexpect(^[[22m^[[31mreceived^[[39m^[[2m).^[[22mtoBe^[[2m(^[[22m^[[32mexpected^[[39m^[[2m) // Object.is equality^[[22m
Public + security smoke (production build)	E2E smoke (build + start + Playwright)	2026-07-13T20:44:30.7580319Z 
Public + security smoke (production build)	E2E smoke (build + start + Playwright)	2026-07-13T20:44:30.7580551Z     Expected: ^[[32mtrue^[[39m
Public + security smoke (production build)	E2E smoke (build + start + Playwright)	2026-07-13T20:44:30.7580811Z     Received: ^[[31mfalse^[[39m
Public + security smoke (production build)	E2E smoke (build + start + Playwright)	2026-07-13T20:44:30.7580960Z 
Public + security smoke (production build)	E2E smoke (build + start + Playwright)	2026-07-13T20:44:30.7581102Z       73 |       [401, 403, 302, 303, 307].includes(status),
Public + security smoke (production build)	E2E smoke (build + start + Playwright)	2026-07-13T20:44:30.7581557Z       74 |       `expected 401/403 (or redirect) for unauthenticated patients API, got ${status}`
Public + security smoke (production build)	E2E smoke (build + start + Playwright)	2026-07-13T20:44:30.7581940Z     > 75 |     ).toBe(true);
Public + security smoke (production build)	E2E smoke (build + start + Playwright)	2026-07-13T20:44:30.7582147Z          |       ^
Public + security smoke (production build)	E2E smoke (build + start + Playwright)	2026-07-13T20:44:30.7582345Z       76 |   });
Public + security smoke (production build)	E2E smoke (build + start + Playwright)	2026-07-13T20:44:30.7582522Z       77 |
Public + security smoke (production build)	E2E smoke (build + start + Playwright)	2026-07-13T20:44:30.7582894Z       78 |   test("cron reminder route rejects unauthenticated calls", async ({ request }) => {
Public + security smoke (production build)	E2E smoke (build + start + Playwright)	2026-07-13T20:44:30.7583619Z         at /home/runner/work/G-follicleintelligence/G-follicleintelligence/e2e/security/unauthenticated-access.spec.ts:75:7
Public + security smoke (production build)	E2E smoke (build + start + Playwright)	2026-07-13T20:44:30.7584067Z 
Public + security smoke (production build)	E2E smoke (build + start + Playwright)	2026-07-13T20:44:30.7584759Z   13) [chromium] ÔÇ║ e2e/security/unauthenticated-access.spec.ts:78:7 ÔÇ║ unauthenticated access ÔÇö fails closed @security ÔÇ║ cron reminder route rejects unauthenticated calls 
Public + security smoke (production build)	E2E smoke (build + start + Playwright)	2026-07-13T20:44:30.7585324Z 
Public + security smoke (production build)	E2E smoke (build + start + Playwright)	2026-07-13T20:44:30.7585510Z     Error: expected 401/403/500 for unauthenticated cron, got 503
Public + security smoke (production build)	E2E smoke (build + start + Playwright)	2026-07-13T20:44:30.7585722Z 
Public + security smoke (production build)	E2E smoke (build + start + Playwright)	2026-07-13T20:44:30.7586061Z     ^[[2mexpect(^[[22m^[[31mreceived^[[39m^[[2m).^[[22mtoBe^[[2m(^[[22m^[[32mexpected^[[39m^[[2m) // Object.is equality^[[22m
Public + security smoke (production build)	E2E smoke (build + start + Playwright)	2026-07-13T20:44:30.7586511Z 
Public + security smoke (production build)	E2E smoke (build + start + Playwright)	2026-07-13T20:44:30.7586652Z     Expected: ^[[32mtrue^[[39m
Public + security smoke (production build)	E2E smoke (build + start + Playwright)	2026-07-13T20:44:30.7586910Z     Received: ^[[31mfalse^[[39m
Public + security smoke (production build)	E2E smoke (build + start + Playwright)	2026-07-13T20:44:30.7587047Z 
Public + security smoke (production build)	E2E smoke (build + start + Playwright)	2026-07-13T20:44:30.7587178Z       87 |       [401, 403, 500].includes(status),
Public + security smoke (production build)	E2E smoke (build + start + Playwright)	2026-07-13T20:44:30.7587526Z       88 |       `expected 401/403/500 for unauthenticated cron, got ${status}`
Public + security smoke (production build)	E2E smoke (build + start + Playwright)	2026-07-13T20:44:30.7587830Z     > 89 |     ).toBe(true);
Public + security smoke (production build)	E2E smoke (build + start + Playwright)	2026-07-13T20:44:30.7588013Z          |       ^
Public + security smoke (production build)	E2E smoke (build + start + Playwright)	2026-07-13T20:44:30.7588169Z       90 |   });
Public + security smoke (production build)	E2E smoke (build + start + Playwright)	2026-07-13T20:44:30.7588327Z       91 |
Public + security smoke (production build)	E2E smoke (build + start + Playwright)	2026-07-13T20:44:30.7588653Z       92 |   test("patient portal medications page is public but does not expose tenant APIs", async ({
Public + security smoke (production build)	E2E smoke (build + start + Playwright)	2026-07-13T20:44:30.7589298Z         at /home/runner/work/G-follicleintelligence/G-follicleintelligence/e2e/security/unauthenticated-access.spec.ts:89:7
Public + security smoke (production build)	E2E smoke (build + start + Playwright)	2026-07-13T20:44:30.7589688Z 
Public + security smoke (production build)	E2E smoke (build + start + Playwright)	2026-07-13T20:44:30.7590202Z   14) [edge] ÔÇ║ e2e/fi-operational-day.spec.ts:35:7 ÔÇ║ FI operational day ÔÇö security @smoke ÔÇ║ procedure day route hidden or denied when flag off 
Public + security smoke (production build)	E2E smoke (build + start + Playwright)	2026-07-13T20:44:30.7590649Z 
Public + security smoke (production build)	E2E smoke (build + start + Playwright)	2026-07-13T20:44:30.7591012Z     Error: ^[[2mexpect(^[[22m^[[31mreceived^[[39m^[[2m).^[[22mtoContain^[[2m(^[[22m^[[32mexpected^[[39m^[[2m) // indexOf^[[22m
Public + security smoke (production build)	E2E smoke (build + start + Playwright)	2026-07-13T20:44:30.7591365Z 
Public + security smoke (production build)	E2E smoke (build + start + Playwright)	2026-07-13T20:44:30.7591503Z     Expected value: ^[[32m200^[[39m
Public + security smoke (production build)	E2E smoke (build + start + Playwright)	2026-07-13T20:44:30.7591821Z     Received array: ^[[31m[404, 302, 303, 307, 401, 403]^[[39m
Public + security smoke (production build)	E2E smoke (build + start + Playwright)	2026-07-13T20:44:30.7592178Z 
Public + security smoke (production build)	E2E smoke (build + start + Playwright)	2026-07-13T20:44:30.7592424Z       38 |     const res = await page.goto(`/fi-admin/${tid}/procedure-day`, { waitUntil: "commit" });
Public + security smoke (production build)	E2E smoke (build + start + Playwright)	2026-07-13T20:44:30.7592824Z       39 |     const status = res?.status() ?? 0;
Public + security smoke (production build)	E2E smoke (build + start + Playwright)	2026-07-13T20:44:30.7593134Z     > 40 |     expect([404, 302, 303, 307, 401, 403]).toContain(status);
Public + security smoke (production build)	E2E smoke (build + start + Playwright)	2026-07-13T20:44:30.7593465Z          |                                            ^
Public + security smoke (production build)	E2E smoke (build + start + Playwright)	2026-07-13T20:44:30.7593711Z       41 |   });
Public + security smoke (production build)	E2E smoke (build + start + Playwright)	2026-07-13T20:44:30.7593890Z       42 |
Public + security smoke (production build)	E2E smoke (build + start + Playwright)	2026-07-13T20:44:30.7594270Z       43 |   test("reception-board API rejects unauthenticated access", async ({ request }) => {
Public + security smoke (production build)	E2E smoke (build + start + Playwright)	2026-07-13T20:44:30.7594946Z         at /home/runner/work/G-follicleintelligence/G-follicleintelligence/e2e/fi-operational-day.spec.ts:40:44
Public + security smoke (production build)	E2E smoke (build + start + Playwright)	2026-07-13T20:44:30.7595296Z 
Public + security smoke (production build)	E2E smoke (build + start + Playwright)	2026-07-13T20:44:30.7595654Z     attachment #1: screenshot (image/png) ÔöÇÔöÇÔöÇÔöÇÔöÇÔöÇÔöÇÔöÇÔöÇÔöÇÔöÇÔöÇÔöÇÔöÇÔöÇÔöÇÔöÇÔöÇÔöÇÔöÇÔöÇÔöÇÔöÇÔöÇÔöÇÔöÇÔöÇÔöÇÔöÇÔöÇÔöÇÔöÇÔöÇÔöÇÔöÇÔöÇÔöÇÔöÇÔöÇÔöÇÔöÇÔöÇÔöÇÔöÇÔöÇÔöÇÔöÇÔöÇÔöÇÔöÇÔöÇÔöÇÔöÇÔöÇÔöÇÔöÇÔöÇÔöÇ
Public + security smoke (production build)	E2E smoke (build + start + Playwright)	2026-07-13T20:44:30.7596225Z     test-results/fi-operational-day-FI-oper-108b9-den-or-denied-when-flag-off-edge/test-failed-1.png
Public + security smoke (production build)	E2E smoke (build + start + Playwright)	2026-07-13T20:44:30.7596977Z     ÔöÇÔöÇÔöÇÔöÇÔöÇÔöÇÔöÇÔöÇÔöÇÔöÇÔöÇÔöÇÔöÇÔöÇÔöÇÔöÇÔöÇÔöÇÔöÇÔöÇÔöÇÔöÇÔöÇÔöÇÔöÇÔöÇÔöÇÔöÇÔöÇÔöÇÔöÇÔöÇÔöÇÔöÇÔöÇÔöÇÔöÇÔöÇÔöÇÔöÇÔöÇÔöÇÔöÇÔöÇÔöÇÔöÇÔöÇÔöÇÔöÇÔöÇÔöÇÔöÇÔöÇÔöÇÔöÇÔöÇÔöÇÔöÇÔöÇÔöÇÔöÇÔöÇÔöÇÔöÇÔöÇÔöÇÔöÇÔöÇÔöÇÔöÇÔöÇÔöÇÔöÇÔöÇÔöÇÔöÇÔöÇÔöÇÔöÇÔöÇÔöÇÔöÇÔöÇÔöÇÔöÇÔöÇÔöÇÔöÇÔöÇÔöÇÔöÇÔöÇÔöÇÔöÇÔöÇÔöÇ
Public + security smoke (production build)	E2E smoke (build + start + Playwright)	2026-07-13T20:44:30.7597211Z 
Public + security smoke (production build)	E2E smoke (build + start + Playwright)	2026-07-13T20:44:30.7597579Z     Error Context: test-results/fi-operational-day-FI-oper-108b9-den-or-denied-when-flag-off-edge/error-context.md
Public + security smoke (production build)	E2E smoke (build + start + Playwright)	2026-07-13T20:44:30.7598120Z 
Public + security smoke (production build)	E2E smoke (build + start + Playwright)	2026-07-13T20:44:30.7598689Z   15) [edge] ÔÇ║ e2e/fi-ux-audit-labels.spec.ts:19:7 ÔÇ║ FI-UX S3.4 Front Desk cutover @smoke ÔÇ║ /front-desk renders Today board (not ReceptionOS dashboard) 
Public + security smoke (production build)	E2E smoke (build + start + Playwright)	2026-07-13T20:44:30.7599168Z 
Public + security smoke (production build)	E2E smoke (build + start + Playwright)	2026-07-13T20:44:30.7599491Z     Error: ^[[2mexpect(^[[22m^[[31mlocator^[[39m^[[2m).^[[22mtoBeVisible^[[2m(^[[22m^[[2m)^[[22m failed
Public + security smoke (production build)	E2E smoke (build + start + Playwright)	2026-07-13T20:44:30.7599783Z 
Public + security smoke (production build)	E2E smoke (build + start + Playwright)	2026-07-13T20:44:30.7599942Z     Locator: getByRole('heading', { name: 'Today', level: 1 })
Public + security smoke (production build)	E2E smoke (build + start + Playwright)	2026-07-13T20:44:30.7600231Z     Expected: visible
Public + security smoke (production build)	E2E smoke (build + start + Playwright)	2026-07-13T20:44:30.7600420Z     Timeout: 30000ms
Public + security smoke (production build)	E2E smoke (build + start + Playwright)	2026-07-13T20:44:30.7600621Z     Error: element(s) not found
Public + security smoke (production build)	E2E smoke (build + start + Playwright)	2026-07-13T20:44:30.7600771Z 
Public + security smoke (production build)	E2E smoke (build + start + Playwright)	2026-07-13T20:44:30.7600836Z     Call log:
Public + security smoke (production build)	E2E smoke (build + start + Playwright)	2026-07-13T20:44:30.7601106Z     ^[[2m  - Expect "toBeVisible" with timeout 30000ms^[[22m
Public + security smoke (production build)	E2E smoke (build + start + Playwright)	2026-07-13T20:44:30.7601522Z     ^[[2m  - waiting for getByRole('heading', { name: 'Today', level: 1 })^[[22m
Public + security smoke (production build)	E2E smoke (build + start + Playwright)	2026-07-13T20:44:30.7601748Z 
Public + security smoke (production build)	E2E smoke (build + start + Playwright)	2026-07-13T20:44:30.7601754Z 
Public + security smoke (production build)	E2E smoke (build + start + Playwright)	2026-07-13T20:44:30.7602055Z       19 |   test("/front-desk renders Today board (not ReceptionOS dashboard)", async ({ page }) => {
Public + security smoke (production build)	E2E smoke (build + start + Playwright)	2026-07-13T20:44:30.7602676Z       20 |     await page.goto(`${BASE()}/front-desk`, { waitUntil: "domcontentloaded", timeout: 60_000 });
Public + security smoke (production build)	E2E smoke (build + start + Playwright)	2026-07-13T20:44:30.7603276Z     > 21 |     await expect(page.getByRole("heading", { name: "Today", level: 1 })).toBeVisible({
Public + security smoke (production build)	E2E smoke (build + start + Playwright)	2026-07-13T20:44:30.7603739Z          |                                                                          ^
Public + security smoke (production build)	E2E smoke (build + start + Playwright)	2026-07-13T20:44:30.7604046Z       22 |       timeout: 30_000,
Public + security smoke (production build)	E2E smoke (build + start + Playwright)	2026-07-13T20:44:30.7604268Z       23 |     });
Public + security smoke (production build)	E2E smoke (build + start + Playwright)	2026-07-13T20:44:30.7604600Z       24 |     await expect(page.getByText("Front desk").first()).toBeVisible();
Public + security smoke (production build)	E2E smoke (build + start + Playwright)	2026-07-13T20:44:30.7605217Z         at /home/runner/work/G-follicleintelligence/G-follicleintelligence/e2e/fi-ux-audit-labels.spec.ts:21:74
Public + security smoke (production build)	E2E smoke (build + start + Playwright)	2026-07-13T20:44:30.7605613Z 
Public + security smoke (production build)	E2E smoke (build + start + Playwright)	2026-07-13T20:44:30.7605960Z     attachment #1: screenshot (image/png) ÔöÇÔöÇÔöÇÔöÇÔöÇÔöÇÔöÇÔöÇÔöÇÔöÇÔöÇÔöÇÔöÇÔöÇÔöÇÔöÇÔöÇÔöÇÔöÇÔöÇÔöÇÔöÇÔöÇÔöÇÔöÇÔöÇÔöÇÔöÇÔöÇÔöÇÔöÇÔöÇÔöÇÔöÇÔöÇÔöÇÔöÇÔöÇÔöÇÔöÇÔöÇÔöÇÔöÇÔöÇÔöÇÔöÇÔöÇÔöÇÔöÇÔöÇÔöÇÔöÇÔöÇÔöÇÔöÇÔöÇÔöÇÔöÇ
Public + security smoke (production build)	E2E smoke (build + start + Playwright)	2026-07-13T20:44:30.7606740Z     test-results/fi-ux-audit-labels-FI-UX-S-d494e--not-ReceptionOS-dashboard--edge/test-failed-1.png
Public + security smoke (production build)	E2E smoke (build + start + Playwright)	2026-07-13T20:44:30.7607473Z     ÔöÇÔöÇÔöÇÔöÇÔöÇÔöÇÔöÇÔöÇÔöÇÔöÇÔöÇÔöÇÔöÇÔöÇÔöÇÔöÇÔöÇÔöÇÔöÇÔöÇÔöÇÔöÇÔöÇÔöÇÔöÇÔöÇÔöÇÔöÇÔöÇÔöÇÔöÇÔöÇÔöÇÔöÇÔöÇÔöÇÔöÇÔöÇÔöÇÔöÇÔöÇÔöÇÔöÇÔöÇÔöÇÔöÇÔöÇÔöÇÔöÇÔöÇÔöÇÔöÇÔöÇÔöÇÔöÇÔöÇÔöÇÔöÇÔöÇÔöÇÔöÇÔöÇÔöÇÔöÇÔöÇÔöÇÔöÇÔöÇÔöÇÔöÇÔöÇÔöÇÔöÇÔöÇÔöÇÔöÇÔöÇÔöÇÔöÇÔöÇÔöÇÔöÇÔöÇÔöÇÔöÇÔöÇÔöÇÔöÇÔöÇÔöÇÔöÇÔöÇÔöÇÔöÇÔöÇÔöÇ
Public + security smoke (production build)	E2E smoke (build + start + Playwright)	2026-07-13T20:44:30.7607721Z 
Public + security smoke (production build)	E2E smoke (build + start + Playwright)	2026-07-13T20:44:30.7608119Z     Error Context: test-results/fi-ux-audit-labels-FI-UX-S-d494e--not-ReceptionOS-dashboard--edge/error-context.md
Public + security smoke (production build)	E2E smoke (build + start + Playwright)	2026-07-13T20:44:30.7608554Z 
Public + security smoke (production build)	E2E smoke (build + start + Playwright)	2026-07-13T20:44:30.7609046Z   16) [edge] ÔÇ║ e2e/fi-ux-audit-labels.spec.ts:30:7 ÔÇ║ FI-UX S3.4 Front Desk cutover @smoke ÔÇ║ exactly two Front Desk tabs: Today and Tomorrow 
Public + security smoke (production build)	E2E smoke (build + start + Playwright)	2026-07-13T20:44:30.7609479Z 
Public + security smoke (production build)	E2E smoke (build + start + Playwright)	2026-07-13T20:44:30.7609927Z     Error: ^[[2mexpect(^[[22m^[[31mlocator^[[39m^[[2m).^[[22mtoBeVisible^[[2m(^[[22m^[[2m)^[[22m failed
Public + security smoke (production build)	E2E smoke (build + start + Playwright)	2026-07-13T20:44:30.7610238Z 
Public + security smoke (production build)	E2E smoke (build + start + Playwright)	2026-07-13T20:44:30.7610440Z     Locator: getByRole('navigation', { name: 'Front desk navigation' })
Public + security smoke (production build)	E2E smoke (build + start + Playwright)	2026-07-13T20:44:30.7610777Z     Expected: visible
Public + security smoke (production build)	E2E smoke (build + start + Playwright)	2026-07-13T20:44:30.7610989Z     Timeout: 30000ms
Public + security smoke (production build)	E2E smoke (build + start + Playwright)	2026-07-13T20:44:30.7611306Z     Error: element(s) not found
Public + security smoke (production build)	E2E smoke (build + start + Playwright)	2026-07-13T20:44:30.7611450Z 
Public + security smoke (production build)	E2E smoke (build + start + Playwright)	2026-07-13T20:44:30.7611530Z     Call log:
Public + security smoke (production build)	E2E smoke (build + start + Playwright)	2026-07-13T20:44:30.7611824Z     ^[[2m  - Expect "toBeVisible" with timeout 30000ms^[[22m
Public + security smoke (production build)	E2E smoke (build + start + Playwright)	2026-07-13T20:44:30.7612330Z     ^[[2m  - waiting for getByRole('navigation', { name: 'Front desk navigation' })^[[22m
Public + security smoke (production build)	E2E smoke (build + start + Playwright)	2026-07-13T20:44:30.7612615Z 
Public + security smoke (production build)	E2E smoke (build + start + Playwright)	2026-07-13T20:44:30.7612620Z 
Public + security smoke (production build)	E2E smoke (build + start + Playwright)	2026-07-13T20:44:30.7612913Z       31 |     await page.goto(`${BASE()}/front-desk`, { waitUntil: "domcontentloaded", timeout: 60_000 });
Public + security smoke (production build)	E2E smoke (build + start + Playwright)	2026-07-13T20:44:30.7613493Z       32 |     const subNav = page.getByRole("navigation", { name: "Front desk navigation" });
Public + security smoke (production build)	E2E smoke (build + start + Playwright)	2026-07-13T20:44:30.7613971Z     > 33 |     await expect(subNav).toBeVisible({ timeout: 30_000 });
Public + security smoke (production build)	E2E smoke (build + start + Playwright)	2026-07-13T20:44:30.7614300Z          |                          ^
Public + security smoke (production build)	E2E smoke (build + start + Playwright)	2026-07-13T20:44:30.7614662Z       34 |     await expect(subNav.getByRole("link", { name: "Today" })).toBeVisible();
Public + security smoke (production build)	E2E smoke (build + start + Playwright)	2026-07-13T20:44:30.7615183Z       35 |     await expect(subNav.getByRole("link", { name: "Tomorrow" })).toBeVisible();
Public + security smoke (production build)	E2E smoke (build + start + Playwright)	2026-07-13T20:44:30.7615630Z       36 |     await expect(subNav.getByRole("link")).toHaveCount(2);
Public + security smoke (production build)	E2E smoke (build + start + Playwright)	2026-07-13T20:44:30.7616212Z         at /home/runner/work/G-follicleintelligence/G-follicleintelligence/e2e/fi-ux-audit-labels.spec.ts:33:26
Public + security smoke (production build)	E2E smoke (build + start + Playwright)	2026-07-13T20:44:30.7616749Z 
Public + security smoke (production build)	E2E smoke (build + start + Playwright)	2026-07-13T20:44:30.7617151Z     attachment #1: screenshot (image/png) ÔöÇÔöÇÔöÇÔöÇÔöÇÔöÇÔöÇÔöÇÔöÇÔöÇÔöÇÔöÇÔöÇÔöÇÔöÇÔöÇÔöÇÔöÇÔöÇÔöÇÔöÇÔöÇÔöÇÔöÇÔöÇÔöÇÔöÇÔöÇÔöÇÔöÇÔöÇÔöÇÔöÇÔöÇÔöÇÔöÇÔöÇÔöÇÔöÇÔöÇÔöÇÔöÇÔöÇÔöÇÔöÇÔöÇÔöÇÔöÇÔöÇÔöÇÔöÇÔöÇÔöÇÔöÇÔöÇÔöÇÔöÇÔöÇ
Public + security smoke (production build)	E2E smoke (build + start + Playwright)	2026-07-13T20:44:30.7617774Z     test-results/fi-ux-audit-labels-FI-UX-S-d86a3-esk-tabs-Today-and-Tomorrow-edge/test-failed-1.png
Public + security smoke (production build)	E2E smoke (build + start + Playwright)	2026-07-13T20:44:30.7618385Z     ÔöÇÔöÇÔöÇÔöÇÔöÇÔöÇÔöÇÔöÇÔöÇÔöÇÔöÇÔöÇÔöÇÔöÇÔöÇÔöÇÔöÇÔöÇÔöÇÔöÇÔöÇÔöÇÔöÇÔöÇÔöÇÔöÇÔöÇÔöÇÔöÇÔöÇÔöÇÔöÇÔöÇÔöÇÔöÇÔöÇÔöÇÔöÇÔöÇÔöÇÔöÇÔöÇÔöÇÔöÇÔöÇÔöÇÔöÇÔöÇÔöÇÔöÇÔöÇÔöÇÔöÇÔöÇÔöÇÔöÇÔöÇÔöÇÔöÇÔöÇÔöÇÔöÇÔöÇÔöÇÔöÇÔöÇÔöÇÔöÇÔöÇÔöÇÔöÇÔöÇÔöÇÔöÇÔöÇÔöÇÔöÇÔöÇÔöÇÔöÇÔöÇÔöÇÔöÇÔöÇÔöÇÔöÇÔöÇÔöÇÔöÇÔöÇÔöÇÔöÇÔöÇÔöÇÔöÇÔöÇ
Public + security smoke (production build)	E2E smoke (build + start + Playwright)	2026-07-13T20:44:30.7618608Z 
Public + security smoke (production build)	E2E smoke (build + start + Playwright)	2026-07-13T20:44:30.7618945Z     Error Context: test-results/fi-ux-audit-labels-FI-UX-S-d86a3-esk-tabs-Today-and-Tomorrow-edge/error-context.md
Public + security smoke (production build)	E2E smoke (build + start + Playwright)	2026-07-13T20:44:30.7619321Z 
Public + security smoke (production build)	E2E smoke (build + start + Playwright)	2026-07-13T20:44:30.7619752Z   17) [edge] ÔÇ║ e2e/fi-ux-audit-labels.spec.ts:47:7 ÔÇ║ FI-UX S3.4 Front Desk cutover @smoke ÔÇ║ Today tab is active on /front-desk 
Public + security smoke (production build)	E2E smoke (build + start + Playwright)	2026-07-13T20:44:30.7620163Z 
Public + security smoke (production build)	E2E smoke (build + start + Playwright)	2026-07-13T20:44:30.7620478Z     Error: ^[[2mexpect(^[[22m^[[31mlocator^[[39m^[[2m).^[[22mtoBeVisible^[[2m(^[[22m^[[2m)^[[22m failed
Public + security smoke (production build)	E2E smoke (build + start + Playwright)	2026-07-13T20:44:30.7620764Z 
Public + security smoke (production build)	E2E smoke (build + start + Playwright)	2026-07-13T20:44:30.7621078Z     Locator: getByRole('navigation', { name: 'Front desk navigation' }).getByRole('link', { name: 'Today' })
Public + security smoke (production build)	E2E smoke (build + start + Playwright)	2026-07-13T20:44:30.7621486Z     Expected: visible
Public + security smoke (production build)	E2E smoke (build + start + Playwright)	2026-07-13T20:44:30.7621676Z     Timeout: 30000ms
Public + security smoke (production build)	E2E smoke (build + start + Playwright)	2026-07-13T20:44:30.7621887Z     Error: element(s) not found
Public + security smoke (production build)	E2E smoke (build + start + Playwright)	2026-07-13T20:44:30.7622018Z 
Public + security smoke (production build)	E2E smoke (build + start + Playwright)	2026-07-13T20:44:30.7622096Z     Call log:
Public + security smoke (production build)	E2E smoke (build + start + Playwright)	2026-07-13T20:44:30.7622367Z     ^[[2m  - Expect "toBeVisible" with timeout 30000ms^[[22m
Public + security smoke (production build)	E2E smoke (build + start + Playwright)	2026-07-13T20:44:30.7623050Z     ^[[2m  - waiting for getByRole('navigation', { name: 'Front desk navigation' }).getByRole('link', { name: 'Today' })^[[22m
Public + security smoke (production build)	E2E smoke (build + start + Playwright)	2026-07-13T20:44:30.7623409Z 
Public + security smoke (production build)	E2E smoke (build + start + Playwright)	2026-07-13T20:44:30.7623414Z 
Public + security smoke (production build)	E2E smoke (build + start + Playwright)	2026-07-13T20:44:30.7623616Z       50 |       .getByRole("navigation", { name: "Front desk navigation" })
Public + security smoke (production build)	E2E smoke (build + start + Playwright)	2026-07-13T20:44:30.7623992Z       51 |       .getByRole("link", { name: "Today" });
Public + security smoke (production build)	E2E smoke (build + start + Playwright)	2026-07-13T20:44:30.7624368Z     > 52 |     await expect(today).toBeVisible({ timeout: 30_000 });
Public + security smoke (production build)	E2E smoke (build + start + Playwright)	2026-07-13T20:44:30.7624692Z          |                         ^
Public + security smoke (production build)	E2E smoke (build + start + Playwright)	2026-07-13T20:44:30.7625017Z       53 |     await expect(today).toHaveClass(/22C1FF|bg-\[#22C1FF/);
Public + security smoke (production build)	E2E smoke (build + start + Playwright)	2026-07-13T20:44:30.7625326Z       54 |   });
Public + security smoke (production build)	E2E smoke (build + start + Playwright)	2026-07-13T20:44:30.7625488Z       55 |
Public + security smoke (production build)	E2E smoke (build + start + Playwright)	2026-07-13T20:44:30.7625888Z         at /home/runner/work/G-follicleintelligence/G-follicleintelligence/e2e/fi-ux-audit-labels.spec.ts:52:25
Public + security smoke (production build)	E2E smoke (build + start + Playwright)	2026-07-13T20:44:30.7626245Z 
Public + security smoke (production build)	E2E smoke (build + start + Playwright)	2026-07-13T20:44:30.7626698Z     attachment #1: screenshot (image/png) ÔöÇÔöÇÔöÇÔöÇÔöÇÔöÇÔöÇÔöÇÔöÇÔöÇÔöÇÔöÇÔöÇÔöÇÔöÇÔöÇÔöÇÔöÇÔöÇÔöÇÔöÇÔöÇÔöÇÔöÇÔöÇÔöÇÔöÇÔöÇÔöÇÔöÇÔöÇÔöÇÔöÇÔöÇÔöÇÔöÇÔöÇÔöÇÔöÇÔöÇÔöÇÔöÇÔöÇÔöÇÔöÇÔöÇÔöÇÔöÇÔöÇÔöÇÔöÇÔöÇÔöÇÔöÇÔöÇÔöÇÔöÇÔöÇ
Public + security smoke (production build)	E2E smoke (build + start + Playwright)	2026-07-13T20:44:30.7627312Z     test-results/fi-ux-audit-labels-FI-UX-S-961ff-tab-is-active-on-front-desk-edge/test-failed-1.png
Public + security smoke (production build)	E2E smoke (build + start + Playwright)	2026-07-13T20:44:30.7628020Z     ÔöÇÔöÇÔöÇÔöÇÔöÇÔöÇÔöÇÔöÇÔöÇÔöÇÔöÇÔöÇÔöÇÔöÇÔöÇÔöÇÔöÇÔöÇÔöÇÔöÇÔöÇÔöÇÔöÇÔöÇÔöÇÔöÇÔöÇÔöÇÔöÇÔöÇÔöÇÔöÇÔöÇÔöÇÔöÇÔöÇÔöÇÔöÇÔöÇÔöÇÔöÇÔöÇÔöÇÔöÇÔöÇÔöÇÔöÇÔöÇÔöÇÔöÇÔöÇÔöÇÔöÇÔöÇÔöÇÔöÇÔöÇÔöÇÔöÇÔöÇÔöÇÔöÇÔöÇÔöÇÔöÇÔöÇÔöÇÔöÇÔöÇÔöÇÔöÇÔöÇÔöÇÔöÇÔöÇÔöÇÔöÇÔöÇÔöÇÔöÇÔöÇÔöÇÔöÇÔöÇÔöÇÔöÇÔöÇÔöÇÔöÇÔöÇÔöÇÔöÇÔöÇÔöÇÔöÇÔöÇ
Public + security smoke (production build)	E2E smoke (build + start + Playwright)	2026-07-13T20:44:30.7628272Z 
Public + security smoke (production build)	E2E smoke (build + start + Playwright)	2026-07-13T20:44:30.7628687Z     Error Context: test-results/fi-ux-audit-labels-FI-UX-S-961ff-tab-is-active-on-front-desk-edge/error-context.md
Public + security smoke (production build)	E2E smoke (build + start + Playwright)	2026-07-13T20:44:30.7629204Z 
Public + security smoke (production build)	E2E smoke (build + start + Playwright)	2026-07-13T20:44:30.7629647Z   18) [edge] ÔÇ║ e2e/fi-ux-audit-labels.spec.ts:56:7 ÔÇ║ FI-UX S3.4 Front Desk cutover @smoke ÔÇ║ Tomorrow tab is active on /front-desk/tomorrow 
Public + security smoke (production build)	E2E smoke (build + start + Playwright)	2026-07-13T20:44:30.7630029Z 
Public + security smoke (production build)	E2E smoke (build + start + Playwright)	2026-07-13T20:44:30.7630310Z     Error: ^[[2mexpect(^[[22m^[[31mlocator^[[39m^[[2m).^[[22mtoBeVisible^[[2m(^[[22m^[[2m)^[[22m failed
Public + security smoke (production build)	E2E smoke (build + start + Playwright)	2026-07-13T20:44:30.7630577Z 
Public + security smoke (production build)	E2E smoke (build + start + Playwright)	2026-07-13T20:44:30.7630868Z     Locator: getByRole('navigation', { name: 'Front desk navigation' }).getByRole('link', { name: 'Tomorrow' })
Public + security smoke (production build)	E2E smoke (build + start + Playwright)	2026-07-13T20:44:30.7631298Z     Expected: visible
Public + security smoke (production build)	E2E smoke (build + start + Playwright)	2026-07-13T20:44:30.7631523Z     Timeout: 30000ms
Public + security smoke (production build)	E2E smoke (build + start + Playwright)	2026-07-13T20:44:30.7631755Z     Error: element(s) not found
Public + security smoke (production build)	E2E smoke (build + start + Playwright)	2026-07-13T20:44:30.7631910Z 
Public + security smoke (production build)	E2E smoke (build + start + Playwright)	2026-07-13T20:44:30.7631989Z     Call log:
Public + security smoke (production build)	E2E smoke (build + start + Playwright)	2026-07-13T20:44:30.7632285Z     ^[[2m  - Expect "toBeVisible" with timeout 30000ms^[[22m
Public + security smoke (production build)	E2E smoke (build + start + Playwright)	2026-07-13T20:44:30.7632940Z     ^[[2m  - waiting for getByRole('navigation', { name: 'Front desk navigation' }).getByRole('link', { name: 'Tomorrow' })^[[22m
Public + security smoke (production build)	E2E smoke (build + start + Playwright)	2026-07-13T20:44:30.7633371Z 
Public + security smoke (production build)	E2E smoke (build + start + Playwright)	2026-07-13T20:44:30.7633376Z 
Public + security smoke (production build)	E2E smoke (build + start + Playwright)	2026-07-13T20:44:30.7633576Z       62 |       .getByRole("navigation", { name: "Front desk navigation" })
Public + security smoke (production build)	E2E smoke (build + start + Playwright)	2026-07-13T20:44:30.7633967Z       63 |       .getByRole("link", { name: "Tomorrow" });
Public + security smoke (production build)	E2E smoke (build + start + Playwright)	2026-07-13T20:44:30.7634342Z     > 64 |     await expect(tomorrow).toBeVisible({ timeout: 30_000 });
Public + security smoke (production build)	E2E smoke (build + start + Playwright)	2026-07-13T20:44:30.7634669Z          |                            ^
Public + security smoke (production build)	E2E smoke (build + start + Playwright)	2026-07-13T20:44:30.7635051Z       65 |     await expect(page).toHaveURL(new RegExp(`/front-desk/tomorrow`));
Public + security smoke (production build)	E2E smoke (build + start + Playwright)	2026-07-13T20:44:30.7635392Z       66 |   });
Public + security smoke (production build)	E2E smoke (build + start + Playwright)	2026-07-13T20:44:30.7635576Z       67 |
Public + security smoke (production build)	E2E smoke (build + start + Playwright)	2026-07-13T20:44:30.7635955Z         at /home/runner/work/G-follicleintelligence/G-follicleintelligence/e2e/fi-ux-audit-labels.spec.ts:64:28
Public + security smoke (production build)	E2E smoke (build + start + Playwright)	2026-07-13T20:44:30.7636282Z 
Public + security smoke (production build)	E2E smoke (build + start + Playwright)	2026-07-13T20:44:30.7636801Z     attachment #1: screenshot (image/png) ÔöÇÔöÇÔöÇÔöÇÔöÇÔöÇÔöÇÔöÇÔöÇÔöÇÔöÇÔöÇÔöÇÔöÇÔöÇÔöÇÔöÇÔöÇÔöÇÔöÇÔöÇÔöÇÔöÇÔöÇÔöÇÔöÇÔöÇÔöÇÔöÇÔöÇÔöÇÔöÇÔöÇÔöÇÔöÇÔöÇÔöÇÔöÇÔöÇÔöÇÔöÇÔöÇÔöÇÔöÇÔöÇÔöÇÔöÇÔöÇÔöÇÔöÇÔöÇÔöÇÔöÇÔöÇÔöÇÔöÇÔöÇÔöÇ
Public + security smoke (production build)	E2E smoke (build + start + Playwright)	2026-07-13T20:44:30.7637419Z     test-results/fi-ux-audit-labels-FI-UX-S-3f667-tive-on-front-desk-tomorrow-edge/test-failed-1.png
Public + security smoke (production build)	E2E smoke (build + start + Playwright)	2026-07-13T20:44:30.7638081Z     ÔöÇÔöÇÔöÇÔöÇÔöÇÔöÇÔöÇÔöÇÔöÇÔöÇÔöÇÔöÇÔöÇÔöÇÔöÇÔöÇÔöÇÔöÇÔöÇÔöÇÔöÇÔöÇÔöÇÔöÇÔöÇÔöÇÔöÇÔöÇÔöÇÔöÇÔöÇÔöÇÔöÇÔöÇÔöÇÔöÇÔöÇÔöÇÔöÇÔöÇÔöÇÔöÇÔöÇÔöÇÔöÇÔöÇÔöÇÔöÇÔöÇÔöÇÔöÇÔöÇÔöÇÔöÇÔöÇÔöÇÔöÇÔöÇÔöÇÔöÇÔöÇÔöÇÔöÇÔöÇÔöÇÔöÇÔöÇÔöÇÔöÇÔöÇÔöÇÔöÇÔöÇÔöÇÔöÇÔöÇÔöÇÔöÇÔöÇÔöÇÔöÇÔöÇÔöÇÔöÇÔöÇÔöÇÔöÇÔöÇÔöÇÔöÇÔöÇÔöÇÔöÇÔöÇÔöÇÔöÇ
Public + security smoke (production build)	E2E smoke (build + start + Playwright)	2026-07-13T20:44:30.7638375Z 
Public + security smoke (production build)	E2E smoke (build + start + Playwright)	2026-07-13T20:44:30.7638791Z     Error Context: test-results/fi-ux-audit-labels-FI-UX-S-3f667-tive-on-front-desk-tomorrow-edge/error-context.md
Public + security smoke (production build)	E2E smoke (build + start + Playwright)	2026-07-13T20:44:30.7639234Z 
Public + security smoke (production build)	E2E smoke (build + start + Playwright)	2026-07-13T20:44:30.7639790Z   19) [edge] ÔÇ║ e2e/fi-ux-audit-labels.spec.ts:68:7 ÔÇ║ FI-UX S3.4 Front Desk cutover @smoke ÔÇ║ legacy /reception redirects to /front-desk and preserves bookingId/date 
Public + security smoke (production build)	E2E smoke (build + start + Playwright)	2026-07-13T20:44:30.7640378Z 
Public + security smoke (production build)	E2E smoke (build + start + Playwright)	2026-07-13T20:44:30.7640708Z     Error: ^[[2mexpect(^[[22m^[[31mpage^[[39m^[[2m).^[[22mtoHaveURL^[[2m(^[[22m^[[32mexpected^[[39m^[[2m)^[[22m failed
Public + security smoke (production build)	E2E smoke (build + start + Playwright)	2026-07-13T20:44:30.7640996Z 
Public + security smoke (production build)	E2E smoke (build + start + Playwright)	2026-07-13T20:44:30.7641163Z     Expected pattern: ^[[32m/\/front-desk\?/^[[39m
Public + security smoke (production build)	E2E smoke (build + start + Playwright)	2026-07-13T20:44:30.7641869Z     Received string:  ^[[31m"http://127.0.0.1:3000/follicle-intelligence/login?next=%2Ffi-admin%2F00000000-0000-4000-8000-000000000000%2Freception"^[[39m
Public + security smoke (production build)	E2E smoke (build + start + Playwright)	2026-07-13T20:44:30.7642352Z     Timeout: 15000ms
Public + security smoke (production build)	E2E smoke (build + start + Playwright)	2026-07-13T20:44:30.7642459Z 
Public + security smoke (production build)	E2E smoke (build + start + Playwright)	2026-07-13T20:44:30.7642518Z     Call log:
Public + security smoke (production build)	E2E smoke (build + start + Playwright)	2026-07-13T20:44:30.7642761Z     ^[[2m  - Expect "toHaveURL" with timeout 15000ms^[[22m
Public + security smoke (production build)	E2E smoke (build + start + Playwright)	2026-07-13T20:44:30.7643347Z     ^[[2m    19 ├ù unexpected value "http://127.0.0.1:3000/follicle-intelligence/login?next=%2Ffi-admin%2F00000000-0000-4000-8000-000000000000%2Freception"^[[22m
Public + security smoke (production build)	E2E smoke (build + start + Playwright)	2026-07-13T20:44:30.7643717Z 
Public + security smoke (production build)	E2E smoke (build + start + Playwright)	2026-07-13T20:44:30.7643722Z 
Public + security smoke (production build)	E2E smoke (build + start + Playwright)	2026-07-13T20:44:30.7643806Z       73 |       timeout: 60_000,
Public + security smoke (production build)	E2E smoke (build + start + Playwright)	2026-07-13T20:44:30.7643979Z       74 |     });
Public + security smoke (production build)	E2E smoke (build + start + Playwright)	2026-07-13T20:44:30.7644222Z     > 75 |     await expect(page).toHaveURL(new RegExp(`/front-desk\\?`));
Public + security smoke (production build)	E2E smoke (build + start + Playwright)	2026-07-13T20:44:30.7644482Z          |                        ^
Public + security smoke (production build)	E2E smoke (build + start + Playwright)	2026-07-13T20:44:30.7644694Z       76 |     const url = new URL(page.url());
Public + security smoke (production build)	E2E smoke (build + start + Playwright)	2026-07-13T20:44:30.7644975Z       77 |     expect(url.pathname.endsWith("/front-desk")).toBeTruthy();
Public + security smoke (production build)	E2E smoke (build + start + Playwright)	2026-07-13T20:44:30.7645293Z       78 |     expect(url.searchParams.get("bookingId")).toBe("abc");
Public + security smoke (production build)	E2E smoke (build + start + Playwright)	2026-07-13T20:44:30.7645852Z         at /home/runner/work/G-follicleintelligence/G-follicleintelligence/e2e/fi-ux-audit-labels.spec.ts:75:24
Public + security smoke (production build)	E2E smoke (build + start + Playwright)	2026-07-13T20:44:30.7646211Z 
Public + security smoke (production build)	E2E smoke (build + start + Playwright)	2026-07-13T20:44:30.7646705Z     attachment #1: screenshot (image/png) ÔöÇÔöÇÔöÇÔöÇÔöÇÔöÇÔöÇÔöÇÔöÇÔöÇÔöÇÔöÇÔöÇÔöÇÔöÇÔöÇÔöÇÔöÇÔöÇÔöÇÔöÇÔöÇÔöÇÔöÇÔöÇÔöÇÔöÇÔöÇÔöÇÔöÇÔöÇÔöÇÔöÇÔöÇÔöÇÔöÇÔöÇÔöÇÔöÇÔöÇÔöÇÔöÇÔöÇÔöÇÔöÇÔöÇÔöÇÔöÇÔöÇÔöÇÔöÇÔöÇÔöÇÔöÇÔöÇÔöÇÔöÇÔöÇ
Public + security smoke (production build)	E2E smoke (build + start + Playwright)	2026-07-13T20:44:30.7647419Z     test-results/fi-ux-audit-labels-FI-UX-S-9fdb6-nd-preserves-bookingId-date-edge/test-failed-1.png
Public + security smoke (production build)	E2E smoke (build + start + Playwright)	2026-07-13T20:44:30.7648156Z     ÔöÇÔöÇÔöÇÔöÇÔöÇÔöÇÔöÇÔöÇÔöÇÔöÇÔöÇÔöÇÔöÇÔöÇÔöÇÔöÇÔöÇÔöÇÔöÇÔöÇÔöÇÔöÇÔöÇÔöÇÔöÇÔöÇÔöÇÔöÇÔöÇÔöÇÔöÇÔöÇÔöÇÔöÇÔöÇÔöÇÔöÇÔöÇÔöÇÔöÇÔöÇÔöÇÔöÇÔöÇÔöÇÔöÇÔöÇÔöÇÔöÇÔöÇÔöÇÔöÇÔöÇÔöÇÔöÇÔöÇÔöÇÔöÇÔöÇÔöÇÔöÇÔöÇÔöÇÔöÇÔöÇÔöÇÔöÇÔöÇÔöÇÔöÇÔöÇÔöÇÔöÇÔöÇÔöÇÔöÇÔöÇÔöÇÔöÇÔöÇÔöÇÔöÇÔöÇÔöÇÔöÇÔöÇÔöÇÔöÇÔöÇÔöÇÔöÇÔöÇÔöÇÔöÇÔöÇÔöÇ
Public + security smoke (production build)	E2E smoke (build + start + Playwright)	2026-07-13T20:44:30.7648355Z 
Public + security smoke (production build)	E2E smoke (build + start + Playwright)	2026-07-13T20:44:30.7648652Z     Error Context: test-results/fi-ux-audit-labels-FI-UX-S-9fdb6-nd-preserves-bookingId-date-edge/error-context.md
Public + security smoke (production build)	E2E smoke (build + start + Playwright)	2026-07-13T20:44:30.7648961Z 
Public + security smoke (production build)	E2E smoke (build + start + Playwright)	2026-07-13T20:44:30.7649364Z   20) [edge] ÔÇ║ e2e/fi-ux-audit-labels.spec.ts:87:7 ÔÇ║ FI-UX S3.4 Front Desk cutover @smoke ÔÇ║ legacy /reception-board and /operations redirect to Today 
Public + security smoke (production build)	E2E smoke (build + start + Playwright)	2026-07-13T20:44:30.7649695Z 
Public + security smoke (production build)	E2E smoke (build + start + Playwright)	2026-07-13T20:44:30.7649958Z     Error: ^[[2mexpect(^[[22m^[[31mpage^[[39m^[[2m).^[[22mtoHaveURL^[[2m(^[[22m^[[32mexpected^[[39m^[[2m)^[[22m failed
Public + security smoke (production build)	E2E smoke (build + start + Playwright)	2026-07-13T20:44:30.7650187Z 
Public + security smoke (production build)	E2E smoke (build + start + Playwright)	2026-07-13T20:44:30.7650314Z     Expected pattern: ^[[32m/\/front-desk$/^[[39m
Public + security smoke (production build)	E2E smoke (build + start + Playwright)	2026-07-13T20:44:30.7650860Z     Received string:  ^[[31m"http://127.0.0.1:3000/follicle-intelligence/login?next=%2Ffi-admin%2F00000000-0000-4000-8000-000000000000%2Freception-board"^[[39m
Public + security smoke (production build)	E2E smoke (build + start + Playwright)	2026-07-13T20:44:30.7651265Z     Timeout: 15000ms
Public + security smoke (production build)	E2E smoke (build + start + Playwright)	2026-07-13T20:44:30.7651357Z 
Public + security smoke (production build)	E2E smoke (build + start + Playwright)	2026-07-13T20:44:30.7651424Z     Call log:
Public + security smoke (production build)	E2E smoke (build + start + Playwright)	2026-07-13T20:44:30.7651650Z     ^[[2m  - Expect "toHaveURL" with timeout 15000ms^[[22m
Public + security smoke (production build)	E2E smoke (build + start + Playwright)	2026-07-13T20:44:30.7652315Z     ^[[2m    19 ├ù unexpected value "http://127.0.0.1:3000/follicle-intelligence/login?next=%2Ffi-admin%2F00000000-0000-4000-8000-000000000000%2Freception-board"^[[22m
Public + security smoke (production build)	E2E smoke (build + start + Playwright)	2026-07-13T20:44:30.7652660Z 
Public + security smoke (production build)	E2E smoke (build + start + Playwright)	2026-07-13T20:44:30.7652666Z 
Public + security smoke (production build)	E2E smoke (build + start + Playwright)	2026-07-13T20:44:30.7652805Z       88 |     for (const path of ["reception-board", "operations"]) {
Public + security smoke (production build)	E2E smoke (build + start + Playwright)	2026-07-13T20:44:30.7653177Z       89 |       await page.goto(`${BASE()}/${path}`, { waitUntil: "domcontentloaded", timeout: 60_000 });
Public + security smoke (production build)	E2E smoke (build + start + Playwright)	2026-07-13T20:44:30.7653533Z     > 90 |       await expect(page).toHaveURL(new RegExp(`/front-desk$`));
Public + security smoke (production build)	E2E smoke (build + start + Playwright)	2026-07-13T20:44:30.7653792Z          |                          ^
Public + security smoke (production build)	E2E smoke (build + start + Playwright)	2026-07-13T20:44:30.7653962Z       91 |     }
Public + security smoke (production build)	E2E smoke (build + start + Playwright)	2026-07-13T20:44:30.7654104Z       92 |   });
Public + security smoke (production build)	E2E smoke (build + start + Playwright)	2026-07-13T20:44:30.7654242Z       93 |
Public + security smoke (production build)	E2E smoke (build + start + Playwright)	2026-07-13T20:44:30.7654582Z         at /home/runner/work/G-follicleintelligence/G-follicleintelligence/e2e/fi-ux-audit-labels.spec.ts:90:26
Public + security smoke (production build)	E2E smoke (build + start + Playwright)	2026-07-13T20:44:30.7654851Z 
Public + security smoke (production build)	E2E smoke (build + start + Playwright)	2026-07-13T20:44:30.7655111Z     attachment #1: screenshot (image/png) ÔöÇÔöÇÔöÇÔöÇÔöÇÔöÇÔöÇÔöÇÔöÇÔöÇÔöÇÔöÇÔöÇÔöÇÔöÇÔöÇÔöÇÔöÇÔöÇÔöÇÔöÇÔöÇÔöÇÔöÇÔöÇÔöÇÔöÇÔöÇÔöÇÔöÇÔöÇÔöÇÔöÇÔöÇÔöÇÔöÇÔöÇÔöÇÔöÇÔöÇÔöÇÔöÇÔöÇÔöÇÔöÇÔöÇÔöÇÔöÇÔöÇÔöÇÔöÇÔöÇÔöÇÔöÇÔöÇÔöÇÔöÇÔöÇ
Public + security smoke (production build)	E2E smoke (build + start + Playwright)	2026-07-13T20:44:30.7655588Z     test-results/fi-ux-audit-labels-FI-UX-S-3e308-perations-redirect-to-Today-edge/test-failed-1.png
Public + security smoke (production build)	E2E smoke (build + start + Playwright)	2026-07-13T20:44:30.7656089Z     ÔöÇÔöÇÔöÇÔöÇÔöÇÔöÇÔöÇÔöÇÔöÇÔöÇÔöÇÔöÇÔöÇÔöÇÔöÇÔöÇÔöÇÔöÇÔöÇÔöÇÔöÇÔöÇÔöÇÔöÇÔöÇÔöÇÔöÇÔöÇÔöÇÔöÇÔöÇÔöÇÔöÇÔöÇÔöÇÔöÇÔöÇÔöÇÔöÇÔöÇÔöÇÔöÇÔöÇÔöÇÔöÇÔöÇÔöÇÔöÇÔöÇÔöÇÔöÇÔöÇÔöÇÔöÇÔöÇÔöÇÔöÇÔöÇÔöÇÔöÇÔöÇÔöÇÔöÇÔöÇÔöÇÔöÇÔöÇÔöÇÔöÇÔöÇÔöÇÔöÇÔöÇÔöÇÔöÇÔöÇÔöÇÔöÇÔöÇÔöÇÔöÇÔöÇÔöÇÔöÇÔöÇÔöÇÔöÇÔöÇÔöÇÔöÇÔöÇÔöÇÔöÇÔöÇÔöÇÔöÇ
Public + security smoke (production build)	E2E smoke (build + start + Playwright)	2026-07-13T20:44:30.7656279Z 
Public + security smoke (production build)	E2E smoke (build + start + Playwright)	2026-07-13T20:44:30.7656819Z     Error Context: test-results/fi-ux-audit-labels-FI-UX-S-3e308-perations-redirect-to-Today-edge/error-context.md
Public + security smoke (production build)	E2E smoke (build + start + Playwright)	2026-07-13T20:44:30.7657223Z 
Public + security smoke (production build)	E2E smoke (build + start + Playwright)	2026-07-13T20:44:30.7657657Z   21) [edge] ÔÇ║ e2e/fi-ux-audit-labels.spec.ts:94:7 ÔÇ║ FI-UX S3.4 Front Desk cutover @smoke ÔÇ║ legacy /tomorrow redirects to /front-desk/tomorrow 
Public + security smoke (production build)	E2E smoke (build + start + Playwright)	2026-07-13T20:44:30.7657976Z 
Public + security smoke (production build)	E2E smoke (build + start + Playwright)	2026-07-13T20:44:30.7658240Z     Error: ^[[2mexpect(^[[22m^[[31mpage^[[39m^[[2m).^[[22mtoHaveURL^[[2m(^[[22m^[[32mexpected^[[39m^[[2m)^[[22m failed
Public + security smoke (production build)	E2E smoke (build + start + Playwright)	2026-07-13T20:44:30.7658495Z 
Public + security smoke (production build)	E2E smoke (build + start + Playwright)	2026-07-13T20:44:30.7658678Z     Expected pattern: ^[[32m/\/front-desk\/tomorrow/^[[39m
Public + security smoke (production build)	E2E smoke (build + start + Playwright)	2026-07-13T20:44:30.7659225Z     Received string:  ^[[31m"http://127.0.0.1:3000/follicle-intelligence/login?next=%2Ffi-admin%2F00000000-0000-4000-8000-000000000000%2Ftomorrow"^[[39m
Public + security smoke (production build)	E2E smoke (build + start + Playwright)	2026-07-13T20:44:30.7659633Z     Timeout: 15000ms
Public + security smoke (production build)	E2E smoke (build + start + Playwright)	2026-07-13T20:44:30.7659733Z 
Public + security smoke (production build)	E2E smoke (build + start + Playwright)	2026-07-13T20:44:30.7659799Z     Call log:
Public + security smoke (production build)	E2E smoke (build + start + Playwright)	2026-07-13T20:44:30.7660025Z     ^[[2m  - Expect "toHaveURL" with timeout 15000ms^[[22m
Public + security smoke (production build)	E2E smoke (build + start + Playwright)	2026-07-13T20:44:30.7660571Z     ^[[2m    19 ├ù unexpected value "http://127.0.0.1:3000/follicle-intelligence/login?next=%2Ffi-admin%2F00000000-0000-4000-8000-000000000000%2Ftomorrow"^[[22m
Public + security smoke (production build)	E2E smoke (build + start + Playwright)	2026-07-13T20:44:30.7660912Z 
Public + security smoke (production build)	E2E smoke (build + start + Playwright)	2026-07-13T20:44:30.7660916Z 
Public + security smoke (production build)	E2E smoke (build + start + Playwright)	2026-07-13T20:44:30.7661113Z       94 |   test("legacy /tomorrow redirects to /front-desk/tomorrow", async ({ page }) => {
Public + security smoke (production build)	E2E smoke (build + start + Playwright)	2026-07-13T20:44:30.7661545Z       95 |     await page.goto(`${BASE()}/tomorrow`, { waitUntil: "domcontentloaded", timeout: 60_000 });
Public + security smoke (production build)	E2E smoke (build + start + Playwright)	2026-07-13T20:44:30.7661930Z     > 96 |     await expect(page).toHaveURL(new RegExp(`/front-desk/tomorrow`));
Public + security smoke (production build)	E2E smoke (build + start + Playwright)	2026-07-13T20:44:30.7662191Z          |                        ^
Public + security smoke (production build)	E2E smoke (build + start + Playwright)	2026-07-13T20:44:30.7662373Z       97 |   });
Public + security smoke (production build)	E2E smoke (build + start + Playwright)	2026-07-13T20:44:30.7662504Z       98 |
Public + security smoke (production build)	E2E smoke (build + start + Playwright)	2026-07-13T20:44:30.7662747Z       99 |   test("legacy front-desk subroutes redirect to Today", async ({ page }) => {
Public + security smoke (production build)	E2E smoke (build + start + Playwright)	2026-07-13T20:44:30.7663255Z         at /home/runner/work/G-follicleintelligence/G-follicleintelligence/e2e/fi-ux-audit-labels.spec.ts:96:24
Public + security smoke (production build)	E2E smoke (build + start + Playwright)	2026-07-13T20:44:30.7663594Z 
Public + security smoke (production build)	E2E smoke (build + start + Playwright)	2026-07-13T20:44:30.7663916Z     attachment #1: screenshot (image/png) ÔöÇÔöÇÔöÇÔöÇÔöÇÔöÇÔöÇÔöÇÔöÇÔöÇÔöÇÔöÇÔöÇÔöÇÔöÇÔöÇÔöÇÔöÇÔöÇÔöÇÔöÇÔöÇÔöÇÔöÇÔöÇÔöÇÔöÇÔöÇÔöÇÔöÇÔöÇÔöÇÔöÇÔöÇÔöÇÔöÇÔöÇÔöÇÔöÇÔöÇÔöÇÔöÇÔöÇÔöÇÔöÇÔöÇÔöÇÔöÇÔöÇÔöÇÔöÇÔöÇÔöÇÔöÇÔöÇÔöÇÔöÇÔöÇ
Public + security smoke (production build)	E2E smoke (build + start + Playwright)	2026-07-13T20:44:30.7664544Z     test-results/fi-ux-audit-labels-FI-UX-S-be950-ects-to-front-desk-tomorrow-edge/test-failed-1.png
Public + security smoke (production build)	E2E smoke (build + start + Playwright)	2026-07-13T20:44:30.7665245Z     ÔöÇÔöÇÔöÇÔöÇÔöÇÔöÇÔöÇÔöÇÔöÇÔöÇÔöÇÔöÇÔöÇÔöÇÔöÇÔöÇÔöÇÔöÇÔöÇÔöÇÔöÇÔöÇÔöÇÔöÇÔöÇÔöÇÔöÇÔöÇÔöÇÔöÇÔöÇÔöÇÔöÇÔöÇÔöÇÔöÇÔöÇÔöÇÔöÇÔöÇÔöÇÔöÇÔöÇÔöÇÔöÇÔöÇÔöÇÔöÇÔöÇÔöÇÔöÇÔöÇÔöÇÔöÇÔöÇÔöÇÔöÇÔöÇÔöÇÔöÇÔöÇÔöÇÔöÇÔöÇÔöÇÔöÇÔöÇÔöÇÔöÇÔöÇÔöÇÔöÇÔöÇÔöÇÔöÇÔöÇÔöÇÔöÇÔöÇÔöÇÔöÇÔöÇÔöÇÔöÇÔöÇÔöÇÔöÇÔöÇÔöÇÔöÇÔöÇÔöÇÔöÇÔöÇÔöÇÔöÇ
Public + security smoke (production build)	E2E smoke (build + start + Playwright)	2026-07-13T20:44:30.7665490Z 
Public + security smoke (production build)	E2E smoke (build + start + Playwright)	2026-07-13T20:44:30.7665848Z     Error Context: test-results/fi-ux-audit-labels-FI-UX-S-be950-ects-to-front-desk-tomorrow-edge/error-context.md
Public + security smoke (production build)	E2E smoke (build + start + Playwright)	2026-07-13T20:44:30.7666203Z 
Public + security smoke (production build)	E2E smoke (build + start + Playwright)	2026-07-13T20:44:30.7666782Z   22) [edge] ÔÇ║ e2e/fi-ux-audit-labels.spec.ts:99:7 ÔÇ║ FI-UX S3.4 Front Desk cutover @smoke ÔÇ║ legacy front-desk subroutes redirect to Today 
Public + security smoke (production build)	E2E smoke (build + start + Playwright)	2026-07-13T20:44:30.7667259Z 
Public + security smoke (production build)	E2E smoke (build + start + Playwright)	2026-07-13T20:44:30.7667566Z     Error: ^[[2mexpect(^[[22m^[[31mpage^[[39m^[[2m).^[[22mtoHaveURL^[[2m(^[[22m^[[32mexpected^[[39m^[[2m)^[[22m failed
Public + security smoke (production build)	E2E smoke (build + start + Playwright)	2026-07-13T20:44:30.7667839Z 
Public + security smoke (production build)	E2E smoke (build + start + Playwright)	2026-07-13T20:44:30.7667995Z     Expected pattern: ^[[32m/\/front-desk$/^[[39m
Public + security smoke (production build)	E2E smoke (build + start + Playwright)	2026-07-13T20:44:30.7668811Z     Received string:  ^[[31m"http://127.0.0.1:3000/follicle-intelligence/login?next=%2Ffi-admin%2F00000000-0000-4000-8000-000000000000%2Ffront-desk%2Fclinic-flow"^[[39m
Public + security smoke (production build)	E2E smoke (build + start + Playwright)	2026-07-13T20:44:30.7669403Z     Timeout: 15000ms
Public + security smoke (production build)	E2E smoke (build + start + Playwright)	2026-07-13T20:44:30.7669538Z 
Public + security smoke (production build)	E2E smoke (build + start + Playwright)	2026-07-13T20:44:30.7669606Z     Call log:
Public + security smoke (production build)	E2E smoke (build + start + Playwright)	2026-07-13T20:44:30.7669893Z     ^[[2m  - Expect "toHaveURL" with timeout 15000ms^[[22m
Public + security smoke (production build)	E2E smoke (build + start + Playwright)	2026-07-13T20:44:30.7670545Z     ^[[2m    19 ├ù unexpected value "http://127.0.0.1:3000/follicle-intelligence/login?next=%2Ffi-admin%2F00000000-0000-4000-8000-000000000000%2Ffront-desk%2Fclinic-flow"^[[22m
Public + security smoke (production build)	E2E smoke (build + start + Playwright)	2026-07-13T20:44:30.7670929Z 
Public + security smoke (production build)	E2E smoke (build + start + Playwright)	2026-07-13T20:44:30.7670933Z 
Public + security smoke (production build)	E2E smoke (build + start + Playwright)	2026-07-13T20:44:30.7671118Z       100 |     for (const path of ["front-desk/clinic-flow", "front-desk/reception-board"]) {
Public + security smoke (production build)	E2E smoke (build + start + Playwright)	2026-07-13T20:44:30.7671542Z       101 |       await page.goto(`${BASE()}/${path}`, { waitUntil: "domcontentloaded", timeout: 60_000 });
Public + security smoke (production build)	E2E smoke (build + start + Playwright)	2026-07-13T20:44:30.7671903Z     > 102 |       await expect(page).toHaveURL(new RegExp(`/front-desk$`));
Public + security smoke (production build)	E2E smoke (build + start + Playwright)	2026-07-13T20:44:30.7672252Z           |                          ^
Public + security smoke (production build)	E2E smoke (build + start + Playwright)	2026-07-13T20:44:30.7672429Z       103 |     }
Public + security smoke (production build)	E2E smoke (build + start + Playwright)	2026-07-13T20:44:30.7672585Z       104 |   });
Public + security smoke (production build)	E2E smoke (build + start + Playwright)	2026-07-13T20:44:30.7672774Z       105 |
Public + security smoke (production build)	E2E smoke (build + start + Playwright)	2026-07-13T20:44:30.7673122Z         at /home/runner/work/G-follicleintelligence/G-follicleintelligence/e2e/fi-ux-audit-labels.spec.ts:102:26
Public + security smoke (production build)	E2E smoke (build + start + Playwright)	2026-07-13T20:44:30.7673406Z 
Public + security smoke (production build)	E2E smoke (build + start + Playwright)	2026-07-13T20:44:30.7673667Z     attachment #1: screenshot (image/png) ÔöÇÔöÇÔöÇÔöÇÔöÇÔöÇÔöÇÔöÇÔöÇÔöÇÔöÇÔöÇÔöÇÔöÇÔöÇÔöÇÔöÇÔöÇÔöÇÔöÇÔöÇÔöÇÔöÇÔöÇÔöÇÔöÇÔöÇÔöÇÔöÇÔöÇÔöÇÔöÇÔöÇÔöÇÔöÇÔöÇÔöÇÔöÇÔöÇÔöÇÔöÇÔöÇÔöÇÔöÇÔöÇÔöÇÔöÇÔöÇÔöÇÔöÇÔöÇÔöÇÔöÇÔöÇÔöÇÔöÇÔöÇÔöÇ
Public + security smoke (production build)	E2E smoke (build + start + Playwright)	2026-07-13T20:44:30.7674143Z     test-results/fi-ux-audit-labels-FI-UX-S-dc14d-subroutes-redirect-to-Today-edge/test-failed-1.png
Public + security smoke (production build)	E2E smoke (build + start + Playwright)	2026-07-13T20:44:30.7674655Z     ÔöÇÔöÇÔöÇÔöÇÔöÇÔöÇÔöÇÔöÇÔöÇÔöÇÔöÇÔöÇÔöÇÔöÇÔöÇÔöÇÔöÇÔöÇÔöÇÔöÇÔöÇÔöÇÔöÇÔöÇÔöÇÔöÇÔöÇÔöÇÔöÇÔöÇÔöÇÔöÇÔöÇÔöÇÔöÇÔöÇÔöÇÔöÇÔöÇÔöÇÔöÇÔöÇÔöÇÔöÇÔöÇÔöÇÔöÇÔöÇÔöÇÔöÇÔöÇÔöÇÔöÇÔöÇÔöÇÔöÇÔöÇÔöÇÔöÇÔöÇÔöÇÔöÇÔöÇÔöÇÔöÇÔöÇÔöÇÔöÇÔöÇÔöÇÔöÇÔöÇÔöÇÔöÇÔöÇÔöÇÔöÇÔöÇÔöÇÔöÇÔöÇÔöÇÔöÇÔöÇÔöÇÔöÇÔöÇÔöÇÔöÇÔöÇÔöÇÔöÇÔöÇÔöÇÔöÇÔöÇ
Public + security smoke (production build)	E2E smoke (build + start + Playwright)	2026-07-13T20:44:30.7674843Z 
Public + security smoke (production build)	E2E smoke (build + start + Playwright)	2026-07-13T20:44:30.7675119Z     Error Context: test-results/fi-ux-audit-labels-FI-UX-S-dc14d-subroutes-redirect-to-Today-edge/error-context.md
Public + security smoke (production build)	E2E smoke (build + start + Playwright)	2026-07-13T20:44:30.7675430Z 
Public + security smoke (production build)	E2E smoke (build + start + Playwright)	2026-07-13T20:44:30.7675808Z   23) [edge] ÔÇ║ e2e/fi-ux-audit-labels.spec.ts:121:7 ÔÇ║ FI-UX S3.4 Front Desk cutover @smoke ÔÇ║ top bar search and quick create remain available 
Public + security smoke (production build)	E2E smoke (build + start + Playwright)	2026-07-13T20:44:30.7676113Z 
Public + security smoke (production build)	E2E smoke (build + start + Playwright)	2026-07-13T20:44:30.7676349Z     Error: ^[[2mexpect(^[[22m^[[31mlocator^[[39m^[[2m).^[[22mtoBeVisible^[[2m(^[[22m^[[2m)^[[22m failed
Public + security smoke (production build)	E2E smoke (build + start + Playwright)	2026-07-13T20:44:30.7676789Z 
Public + security smoke (production build)	E2E smoke (build + start + Playwright)	2026-07-13T20:44:30.7677064Z     Locator: getByRole('button', { name: /open workspace search/i }).or(getByRole('button', { name: /open search/i })).first()
Public + security smoke (production build)	E2E smoke (build + start + Playwright)	2026-07-13T20:44:30.7677424Z     Expected: visible
Public + security smoke (production build)	E2E smoke (build + start + Playwright)	2026-07-13T20:44:30.7677589Z     Timeout: 30000ms
Public + security smoke (production build)	E2E smoke (build + start + Playwright)	2026-07-13T20:44:30.7677767Z     Error: element(s) not found
Public + security smoke (production build)	E2E smoke (build + start + Playwright)	2026-07-13T20:44:30.7677964Z 
Public + security smoke (production build)	E2E smoke (build + start + Playwright)	2026-07-13T20:44:30.7678021Z     Call log:
Public + security smoke (production build)	E2E smoke (build + start + Playwright)	2026-07-13T20:44:30.7678264Z     ^[[2m  - Expect "toBeVisible" with timeout 30000ms^[[22m
Public + security smoke (production build)	E2E smoke (build + start + Playwright)	2026-07-13T20:44:30.7678771Z     ^[[2m  - waiting for getByRole('button', { name: /open workspace search/i }).or(getByRole('button', { name: /open search/i })).first()^[[22m
Public + security smoke (production build)	E2E smoke (build + start + Playwright)	2026-07-13T20:44:30.7679066Z 
Public + security smoke (production build)	E2E smoke (build + start + Playwright)	2026-07-13T20:44:30.7679085Z 
Public + security smoke (production build)	E2E smoke (build + start + Playwright)	2026-07-13T20:44:30.7679224Z       124 |       .getByRole("button", { name: /open workspace search/i })
Public + security smoke (production build)	E2E smoke (build + start + Playwright)	2026-07-13T20:44:30.7679537Z       125 |       .or(page.getByRole("button", { name: /open search/i }));
Public + security smoke (production build)	E2E smoke (build + start + Playwright)	2026-07-13T20:44:30.7679857Z     > 126 |     await expect(search.first()).toBeVisible({ timeout: 30_000 });
Public + security smoke (production build)	E2E smoke (build + start + Playwright)	2026-07-13T20:44:30.7680122Z           |                                  ^
Public + security smoke (production build)	E2E smoke (build + start + Playwright)	2026-07-13T20:44:30.7680326Z       127 |     const create = page
Public + security smoke (production build)	E2E smoke (build + start + Playwright)	2026-07-13T20:44:30.7680570Z       128 |       .getByRole("button", { name: /open quick create/i })
Public + security smoke (production build)	E2E smoke (build + start + Playwright)	2026-07-13T20:44:30.7680870Z       129 |       .or(page.getByRole("button", { name: /open new/i }));
Public + security smoke (production build)	E2E smoke (build + start + Playwright)	2026-07-13T20:44:30.7681289Z         at /home/runner/work/G-follicleintelligence/G-follicleintelligence/e2e/fi-ux-audit-labels.spec.ts:126:34
Public + security smoke (production build)	E2E smoke (build + start + Playwright)	2026-07-13T20:44:30.7681563Z 
Public + security smoke (production build)	E2E smoke (build + start + Playwright)	2026-07-13T20:44:30.7681814Z     attachment #1: screenshot (image/png) ÔöÇÔöÇÔöÇÔöÇÔöÇÔöÇÔöÇÔöÇÔöÇÔöÇÔöÇÔöÇÔöÇÔöÇÔöÇÔöÇÔöÇÔöÇÔöÇÔöÇÔöÇÔöÇÔöÇÔöÇÔöÇÔöÇÔöÇÔöÇÔöÇÔöÇÔöÇÔöÇÔöÇÔöÇÔöÇÔöÇÔöÇÔöÇÔöÇÔöÇÔöÇÔöÇÔöÇÔöÇÔöÇÔöÇÔöÇÔöÇÔöÇÔöÇÔöÇÔöÇÔöÇÔöÇÔöÇÔöÇÔöÇÔöÇ
Public + security smoke (production build)	E2E smoke (build + start + Playwright)	2026-07-13T20:44:30.7682288Z     test-results/fi-ux-audit-labels-FI-UX-S-11b49-ick-create-remain-available-edge/test-failed-1.png
Public + security smoke (production build)	E2E smoke (build + start + Playwright)	2026-07-13T20:44:30.7682844Z     ÔöÇÔöÇÔöÇÔöÇÔöÇÔöÇÔöÇÔöÇÔöÇÔöÇÔöÇÔöÇÔöÇÔöÇÔöÇÔöÇÔöÇÔöÇÔöÇÔöÇÔöÇÔöÇÔöÇÔöÇÔöÇÔöÇÔöÇÔöÇÔöÇÔöÇÔöÇÔöÇÔöÇÔöÇÔöÇÔöÇÔöÇÔöÇÔöÇÔöÇÔöÇÔöÇÔöÇÔöÇÔöÇÔöÇÔöÇÔöÇÔöÇÔöÇÔöÇÔöÇÔöÇÔöÇÔöÇÔöÇÔöÇÔöÇÔöÇÔöÇÔöÇÔöÇÔöÇÔöÇÔöÇÔöÇÔöÇÔöÇÔöÇÔöÇÔöÇÔöÇÔöÇÔöÇÔöÇÔöÇÔöÇÔöÇÔöÇÔöÇÔöÇÔöÇÔöÇÔöÇÔöÇÔöÇÔöÇÔöÇÔöÇÔöÇÔöÇÔöÇÔöÇÔöÇÔöÇÔöÇ
Public + security smoke (production build)	E2E smoke (build + start + Playwright)	2026-07-13T20:44:30.7683033Z 
Public + security smoke (production build)	E2E smoke (build + start + Playwright)	2026-07-13T20:44:30.7683308Z     Error Context: test-results/fi-ux-audit-labels-FI-UX-S-11b49-ick-create-remain-available-edge/error-context.md
Public + security smoke (production build)	E2E smoke (build + start + Playwright)	2026-07-13T20:44:30.7683619Z 
Public + security smoke (production build)	E2E smoke (build + start + Playwright)	2026-07-13T20:44:30.7684030Z   24) [edge] ÔÇ║ e2e/fi-ux-audit-labels.spec.ts:133:7 ÔÇ║ FI-UX S3.4 Front Desk cutover @smoke ÔÇ║ tablet 768├ù1024 has no horizontal document overflow on Today 
Public + security smoke (production build)	E2E smoke (build + start + Playwright)	2026-07-13T20:44:30.7684358Z 
Public + security smoke (production build)	E2E smoke (build + start + Playwright)	2026-07-13T20:44:30.7684599Z     Error: ^[[2mexpect(^[[22m^[[31mlocator^[[39m^[[2m).^[[22mtoBeVisible^[[2m(^[[22m^[[2m)^[[22m failed
Public + security smoke (production build)	E2E smoke (build + start + Playwright)	2026-07-13T20:44:30.7684813Z 
Public + security smoke (production build)	E2E smoke (build + start + Playwright)	2026-07-13T20:44:30.7684939Z     Locator: getByRole('heading', { name: 'Today', level: 1 })
Public + security smoke (production build)	E2E smoke (build + start + Playwright)	2026-07-13T20:44:30.7685165Z     Expected: visible
Public + security smoke (production build)	E2E smoke (build + start + Playwright)	2026-07-13T20:44:30.7685324Z     Timeout: 30000ms
Public + security smoke (production build)	E2E smoke (build + start + Playwright)	2026-07-13T20:44:30.7685496Z     Error: element(s) not found
Public + security smoke (production build)	E2E smoke (build + start + Playwright)	2026-07-13T20:44:30.7685620Z 
Public + security smoke (production build)	E2E smoke (build + start + Playwright)	2026-07-13T20:44:30.7685677Z     Call log:
Public + security smoke (production build)	E2E smoke (build + start + Playwright)	2026-07-13T20:44:30.7685901Z     ^[[2m  - Expect "toBeVisible" with timeout 30000ms^[[22m
Public + security smoke (production build)	E2E smoke (build + start + Playwright)	2026-07-13T20:44:30.7686247Z     ^[[2m  - waiting for getByRole('heading', { name: 'Today', level: 1 })^[[22m
Public + security smoke (production build)	E2E smoke (build + start + Playwright)	2026-07-13T20:44:30.7686541Z 
Public + security smoke (production build)	E2E smoke (build + start + Playwright)	2026-07-13T20:44:30.7686548Z 
Public + security smoke (production build)	E2E smoke (build + start + Playwright)	2026-07-13T20:44:30.7686752Z       134 |     await page.setViewportSize({ width: 768, height: 1024 });
Public + security smoke (production build)	E2E smoke (build + start + Playwright)	2026-07-13T20:44:30.7687275Z       135 |     await page.goto(`${BASE()}/front-desk`, { waitUntil: "domcontentloaded", timeout: 60_000 });
Public + security smoke (production build)	E2E smoke (build + start + Playwright)	2026-07-13T20:44:30.7687857Z     > 136 |     await expect(page.getByRole("heading", { name: "Today", level: 1 })).toBeVisible({
Public + security smoke (production build)	E2E smoke (build + start + Playwright)	2026-07-13T20:44:30.7688286Z           |                                                                          ^
Public + security smoke (production build)	E2E smoke (build + start + Playwright)	2026-07-13T20:44:30.7688517Z       137 |       timeout: 30_000,
Public + security smoke (production build)	E2E smoke (build + start + Playwright)	2026-07-13T20:44:30.7688693Z       138 |     });
Public + security smoke (production build)	E2E smoke (build + start + Playwright)	2026-07-13T20:44:30.7688893Z       139 |     const overflow = await page.evaluate(() => {
Public + security smoke (production build)	E2E smoke (build + start + Playwright)	2026-07-13T20:44:30.7689306Z         at /home/runner/work/G-follicleintelligence/G-follicleintelligence/e2e/fi-ux-audit-labels.spec.ts:136:74
Public + security smoke (production build)	E2E smoke (build + start + Playwright)	2026-07-13T20:44:30.7689578Z 
Public + security smoke (production build)	E2E smoke (build + start + Playwright)	2026-07-13T20:44:30.7689850Z     attachment #1: screenshot (image/png) ÔöÇÔöÇÔöÇÔöÇÔöÇÔöÇÔöÇÔöÇÔöÇÔöÇÔöÇÔöÇÔöÇÔöÇÔöÇÔöÇÔöÇÔöÇÔöÇÔöÇÔöÇÔöÇÔöÇÔöÇÔöÇÔöÇÔöÇÔöÇÔöÇÔöÇÔöÇÔöÇÔöÇÔöÇÔöÇÔöÇÔöÇÔöÇÔöÇÔöÇÔöÇÔöÇÔöÇÔöÇÔöÇÔöÇÔöÇÔöÇÔöÇÔöÇÔöÇÔöÇÔöÇÔöÇÔöÇÔöÇÔöÇÔöÇ
Public + security smoke (production build)	E2E smoke (build + start + Playwright)	2026-07-13T20:44:30.7690315Z     test-results/fi-ux-audit-labels-FI-UX-S-31ca6--document-overflow-on-Today-edge/test-failed-1.png
Public + security smoke (production build)	E2E smoke (build + start + Playwright)	2026-07-13T20:44:30.7690823Z     ÔöÇÔöÇÔöÇÔöÇÔöÇÔöÇÔöÇÔöÇÔöÇÔöÇÔöÇÔöÇÔöÇÔöÇÔöÇÔöÇÔöÇÔöÇÔöÇÔöÇÔöÇÔöÇÔöÇÔöÇÔöÇÔöÇÔöÇÔöÇÔöÇÔöÇÔöÇÔöÇÔöÇÔöÇÔöÇÔöÇÔöÇÔöÇÔöÇÔöÇÔöÇÔöÇÔöÇÔöÇÔöÇÔöÇÔöÇÔöÇÔöÇÔöÇÔöÇÔöÇÔöÇÔöÇÔöÇÔöÇÔöÇÔöÇÔöÇÔöÇÔöÇÔöÇÔöÇÔöÇÔöÇÔöÇÔöÇÔöÇÔöÇÔöÇÔöÇÔöÇÔöÇÔöÇÔöÇÔöÇÔöÇÔöÇÔöÇÔöÇÔöÇÔöÇÔöÇÔöÇÔöÇÔöÇÔöÇÔöÇÔöÇÔöÇÔöÇÔöÇÔöÇÔöÇÔöÇÔöÇ
Public + security smoke (production build)	E2E smoke (build + start + Playwright)	2026-07-13T20:44:30.7691002Z 
Public + security smoke (production build)	E2E smoke (build + start + Playwright)	2026-07-13T20:44:30.7691288Z     Error Context: test-results/fi-ux-audit-labels-FI-UX-S-31ca6--document-overflow-on-Today-edge/error-context.md
Public + security smoke (production build)	E2E smoke (build + start + Playwright)	2026-07-13T20:44:30.7691671Z 
Public + security smoke (production build)	E2E smoke (build + start + Playwright)	2026-07-13T20:44:30.7692152Z   25) [edge] ÔÇ║ e2e/security/unauthenticated-access.spec.ts:63:7 ÔÇ║ unauthenticated access ÔÇö fails closed @security ÔÇ║ protected tenant patients API fails closed without a session 
Public + security smoke (production build)	E2E smoke (build + start + Playwright)	2026-07-13T20:44:30.7692563Z 
Public + security smoke (production build)	E2E smoke (build + start + Playwright)	2026-07-13T20:44:30.7692750Z     Error: expected 401/403 (or redirect) for unauthenticated patients API, got 404
Public + security smoke (production build)	E2E smoke (build + start + Playwright)	2026-07-13T20:44:30.7692947Z 
Public + security smoke (production build)	E2E smoke (build + start + Playwright)	2026-07-13T20:44:30.7693226Z     ^[[2mexpect(^[[22m^[[31mreceived^[[39m^[[2m).^[[22mtoBe^[[2m(^[[22m^[[32mexpected^[[39m^[[2m) // Object.is equality^[[22m
Public + security smoke (production build)	E2E smoke (build + start + Playwright)	2026-07-13T20:44:30.7693471Z 
Public + security smoke (production build)	E2E smoke (build + start + Playwright)	2026-07-13T20:44:30.7693564Z     Expected: ^[[32mtrue^[[39m
Public + security smoke (production build)	E2E smoke (build + start + Playwright)	2026-07-13T20:44:30.7693774Z     Received: ^[[31mfalse^[[39m
Public + security smoke (production build)	E2E smoke (build + start + Playwright)	2026-07-13T20:44:30.7693881Z 
Public + security smoke (production build)	E2E smoke (build + start + Playwright)	2026-07-13T20:44:30.7694007Z       73 |       [401, 403, 302, 303, 307].includes(status),
Public + security smoke (production build)	E2E smoke (build + start + Playwright)	2026-07-13T20:44:30.7694335Z       74 |       `expected 401/403 (or redirect) for unauthenticated patients API, got ${status}`
Public + security smoke (production build)	E2E smoke (build + start + Playwright)	2026-07-13T20:44:30.7694611Z     > 75 |     ).toBe(true);
Public + security smoke (production build)	E2E smoke (build + start + Playwright)	2026-07-13T20:44:30.7694781Z          |       ^
Public + security smoke (production build)	E2E smoke (build + start + Playwright)	2026-07-13T20:44:30.7694924Z       76 |   });
Public + security smoke (production build)	E2E smoke (build + start + Playwright)	2026-07-13T20:44:30.7695062Z       77 |
Public + security smoke (production build)	E2E smoke (build + start + Playwright)	2026-07-13T20:44:30.7695333Z       78 |   test("cron reminder route rejects unauthenticated calls", async ({ request }) => {
Public + security smoke (production build)	E2E smoke (build + start + Playwright)	2026-07-13T20:44:30.7695836Z         at /home/runner/work/G-follicleintelligence/G-follicleintelligence/e2e/security/unauthenticated-access.spec.ts:75:7
Public + security smoke (production build)	E2E smoke (build + start + Playwright)	2026-07-13T20:44:30.7696236Z 
Public + security smoke (production build)	E2E smoke (build + start + Playwright)	2026-07-13T20:44:30.7696854Z   26) [edge] ÔÇ║ e2e/security/unauthenticated-access.spec.ts:78:7 ÔÇ║ unauthenticated access ÔÇö fails closed @security ÔÇ║ cron reminder route rejects unauthenticated calls 
Public + security smoke (production build)	E2E smoke (build + start + Playwright)	2026-07-13T20:44:30.7697236Z 
Public + security smoke (production build)	E2E smoke (build + start + Playwright)	2026-07-13T20:44:30.7697373Z     Error: expected 401/403/500 for unauthenticated cron, got 503
Public + security smoke (production build)	E2E smoke (build + start + Playwright)	2026-07-13T20:44:30.7697543Z 
Public + security smoke (production build)	E2E smoke (build + start + Playwright)	2026-07-13T20:44:30.7697825Z     ^[[2mexpect(^[[22m^[[31mreceived^[[39m^[[2m).^[[22mtoBe^[[2m(^[[22m^[[32mexpected^[[39m^[[2m) // Object.is equality^[[22m
Public + security smoke (production build)	E2E smoke (build + start + Playwright)	2026-07-13T20:44:30.7698071Z 
Public + security smoke (production build)	E2E smoke (build + start + Playwright)	2026-07-13T20:44:30.7698169Z     Expected: ^[[32mtrue^[[39m
Public + security smoke (production build)	E2E smoke (build + start + Playwright)	2026-07-13T20:44:30.7698370Z     Received: ^[[31mfalse^[[39m
Public + security smoke (production build)	E2E smoke (build + start + Playwright)	2026-07-13T20:44:30.7698481Z 
Public + security smoke (production build)	E2E smoke (build + start + Playwright)	2026-07-13T20:44:30.7698573Z       87 |       [401, 403, 500].includes(status),
Public + security smoke (production build)	E2E smoke (build + start + Playwright)	2026-07-13T20:44:30.7698861Z       88 |       `expected 401/403/500 for unauthenticated cron, got ${status}`
Public + security smoke (production build)	E2E smoke (build + start + Playwright)	2026-07-13T20:44:30.7699109Z     > 89 |     ).toBe(true);
Public + security smoke (production build)	E2E smoke (build + start + Playwright)	2026-07-13T20:44:30.7699272Z          |       ^
Public + security smoke (production build)	E2E smoke (build + start + Playwright)	2026-07-13T20:44:30.7699411Z       90 |   });
Public + security smoke (production build)	E2E smoke (build + start + Playwright)	2026-07-13T20:44:30.7699544Z       91 |
Public + security smoke (production build)	E2E smoke (build + start + Playwright)	2026-07-13T20:44:30.7699835Z       92 |   test("patient portal medications page is public but does not expose tenant APIs", async ({
Public + security smoke (production build)	E2E smoke (build + start + Playwright)	2026-07-13T20:44:30.7700356Z         at /home/runner/work/G-follicleintelligence/G-follicleintelligence/e2e/security/unauthenticated-access.spec.ts:89:7
Public + security smoke (production build)	E2E smoke (build + start + Playwright)	2026-07-13T20:44:30.7700653Z 
Public + security smoke (production build)	E2E smoke (build + start + Playwright)	2026-07-13T20:44:30.7701023Z   27) [firefox] ÔÇ║ e2e/fi-operational-day.spec.ts:35:7 ÔÇ║ FI operational day ÔÇö security @smoke ÔÇ║ procedure day route hidden or denied when flag off 
Public + security smoke (production build)	E2E smoke (build + start + Playwright)	2026-07-13T20:44:30.7701399Z 
Public + security smoke (production build)	E2E smoke (build + start + Playwright)	2026-07-13T20:44:30.7701675Z     Error: ^[[2mexpect(^[[22m^[[31mreceived^[[39m^[[2m).^[[22mtoContain^[[2m(^[[22m^[[32mexpected^[[39m^[[2m) // indexOf^[[22m
Public + security smoke (production build)	E2E smoke (build + start + Playwright)	2026-07-13T20:44:30.7701911Z 
Public + security smoke (production build)	E2E smoke (build + start + Playwright)	2026-07-13T20:44:30.7702021Z     Expected value: ^[[32m200^[[39m
Public + security smoke (production build)	E2E smoke (build + start + Playwright)	2026-07-13T20:44:30.7702281Z     Received array: ^[[31m[404, 302, 303, 307, 401, 403]^[[39m
Public + security smoke (production build)	E2E smoke (build + start + Playwright)	2026-07-13T20:44:30.7702439Z 
Public + security smoke (production build)	E2E smoke (build + start + Playwright)	2026-07-13T20:44:30.7702649Z       38 |     const res = await page.goto(`/fi-admin/${tid}/procedure-day`, { waitUntil: "commit" });
Public + security smoke (production build)	E2E smoke (build + start + Playwright)	2026-07-13T20:44:30.7702968Z       39 |     const status = res?.status() ?? 0;
Public + security smoke (production build)	E2E smoke (build + start + Playwright)	2026-07-13T20:44:30.7703227Z     > 40 |     expect([404, 302, 303, 307, 401, 403]).toContain(status);
Public + security smoke (production build)	E2E smoke (build + start + Playwright)	2026-07-13T20:44:30.7703483Z          |                                            ^
Public + security smoke (production build)	E2E smoke (build + start + Playwright)	2026-07-13T20:44:30.7703681Z       41 |   });
Public + security smoke (production build)	E2E smoke (build + start + Playwright)	2026-07-13T20:44:30.7703823Z       42 |
Public + security smoke (production build)	E2E smoke (build + start + Playwright)	2026-07-13T20:44:30.7704094Z       43 |   test("reception-board API rejects unauthenticated access", async ({ request }) => {
Public + security smoke (production build)	E2E smoke (build + start + Playwright)	2026-07-13T20:44:30.7704567Z         at /home/runner/work/G-follicleintelligence/G-follicleintelligence/e2e/fi-operational-day.spec.ts:40:44
Public + security smoke (production build)	E2E smoke (build + start + Playwright)	2026-07-13T20:44:30.7704842Z 
Public + security smoke (production build)	E2E smoke (build + start + Playwright)	2026-07-13T20:44:30.7705103Z     attachment #1: screenshot (image/png) ÔöÇÔöÇÔöÇÔöÇÔöÇÔöÇÔöÇÔöÇÔöÇÔöÇÔöÇÔöÇÔöÇÔöÇÔöÇÔöÇÔöÇÔöÇÔöÇÔöÇÔöÇÔöÇÔöÇÔöÇÔöÇÔöÇÔöÇÔöÇÔöÇÔöÇÔöÇÔöÇÔöÇÔöÇÔöÇÔöÇÔöÇÔöÇÔöÇÔöÇÔöÇÔöÇÔöÇÔöÇÔöÇÔöÇÔöÇÔöÇÔöÇÔöÇÔöÇÔöÇÔöÇÔöÇÔöÇÔöÇÔöÇÔöÇ
Public + security smoke (production build)	E2E smoke (build + start + Playwright)	2026-07-13T20:44:30.7705577Z     test-results/fi-operational-day-FI-oper-108b9-den-or-denied-when-flag-off-firefox/test-failed-1.png
Public + security smoke (production build)	E2E smoke (build + start + Playwright)	2026-07-13T20:44:30.7706091Z     ÔöÇÔöÇÔöÇÔöÇÔöÇÔöÇÔöÇÔöÇÔöÇÔöÇÔöÇÔöÇÔöÇÔöÇÔöÇÔöÇÔöÇÔöÇÔöÇÔöÇÔöÇÔöÇÔöÇÔöÇÔöÇÔöÇÔöÇÔöÇÔöÇÔöÇÔöÇÔöÇÔöÇÔöÇÔöÇÔöÇÔöÇÔöÇÔöÇÔöÇÔöÇÔöÇÔöÇÔöÇÔöÇÔöÇÔöÇÔöÇÔöÇÔöÇÔöÇÔöÇÔöÇÔöÇÔöÇÔöÇÔöÇÔöÇÔöÇÔöÇÔöÇÔöÇÔöÇÔöÇÔöÇÔöÇÔöÇÔöÇÔöÇÔöÇÔöÇÔöÇÔöÇÔöÇÔöÇÔöÇÔöÇÔöÇÔöÇÔöÇÔöÇÔöÇÔöÇÔöÇÔöÇÔöÇÔöÇÔöÇÔöÇÔöÇÔöÇÔöÇÔöÇÔöÇÔöÇÔöÇ
Public + security smoke (production build)	E2E smoke (build + start + Playwright)	2026-07-13T20:44:30.7706280Z 
Public + security smoke (production build)	E2E smoke (build + start + Playwright)	2026-07-13T20:44:30.7706721Z     Error Context: test-results/fi-operational-day-FI-oper-108b9-den-or-denied-when-flag-off-firefox/error-context.md
Public + security smoke (production build)	E2E smoke (build + start + Playwright)	2026-07-13T20:44:30.7707237Z 
Public + security smoke (production build)	E2E smoke (build + start + Playwright)	2026-07-13T20:44:30.7707651Z   28) [firefox] ÔÇ║ e2e/fi-ux-audit-labels.spec.ts:19:7 ÔÇ║ FI-UX S3.4 Front Desk cutover @smoke ÔÇ║ /front-desk renders Today board (not ReceptionOS dashboard) 
Public + security smoke (production build)	E2E smoke (build + start + Playwright)	2026-07-13T20:44:30.7707993Z 
Public + security smoke (production build)	E2E smoke (build + start + Playwright)	2026-07-13T20:44:30.7708217Z     Error: ^[[2mexpect(^[[22m^[[31mlocator^[[39m^[[2m).^[[22mtoBeVisible^[[2m(^[[22m^[[2m)^[[22m failed
Public + security smoke (production build)	E2E smoke (build + start + Playwright)	2026-07-13T20:44:30.7708439Z 
Public + security smoke (production build)	E2E smoke (build + start + Playwright)	2026-07-13T20:44:30.7708573Z     Locator: getByRole('heading', { name: 'Today', level: 1 })
Public + security smoke (production build)	E2E smoke (build + start + Playwright)	2026-07-13T20:44:30.7708802Z     Expected: visible
Public + security smoke (production build)	E2E smoke (build + start + Playwright)	2026-07-13T20:44:30.7708964Z     Timeout: 30000ms
Public + security smoke (production build)	E2E smoke (build + start + Playwright)	2026-07-13T20:44:30.7709140Z     Error: element(s) not found
Public + security smoke (production build)	E2E smoke (build + start + Playwright)	2026-07-13T20:44:30.7709324Z 
Public + security smoke (production build)	E2E smoke (build + start + Playwright)	2026-07-13T20:44:30.7709390Z     Call log:
Public + security smoke (production build)	E2E smoke (build + start + Playwright)	2026-07-13T20:44:30.7709625Z     ^[[2m  - Expect "toBeVisible" with timeout 30000ms^[[22m
Public + security smoke (production build)	E2E smoke (build + start + Playwright)	2026-07-13T20:44:30.7709965Z     ^[[2m  - waiting for getByRole('heading', { name: 'Today', level: 1 })^[[22m
Public + security smoke (production build)	E2E smoke (build + start + Playwright)	2026-07-13T20:44:30.7710155Z 
Public + security smoke (production build)	E2E smoke (build + start + Playwright)	2026-07-13T20:44:30.7710158Z 
Public + security smoke (production build)	E2E smoke (build + start + Playwright)	2026-07-13T20:44:30.7710362Z       19 |   test("/front-desk renders Today board (not ReceptionOS dashboard)", async ({ page }) => {
Public + security smoke (production build)	E2E smoke (build + start + Playwright)	2026-07-13T20:44:30.7710805Z       20 |     await page.goto(`${BASE()}/front-desk`, { waitUntil: "domcontentloaded", timeout: 60_000 });
Public + security smoke (production build)	E2E smoke (build + start + Playwright)	2026-07-13T20:44:30.7711230Z     > 21 |     await expect(page.getByRole("heading", { name: "Today", level: 1 })).toBeVisible({
Public + security smoke (production build)	E2E smoke (build + start + Playwright)	2026-07-13T20:44:30.7711566Z          |                                                                          ^
Public + security smoke (production build)	E2E smoke (build + start + Playwright)	2026-07-13T20:44:30.7711799Z       22 |       timeout: 30_000,
Public + security smoke (production build)	E2E smoke (build + start + Playwright)	2026-07-13T20:44:30.7711973Z       23 |     });
Public + security smoke (production build)	E2E smoke (build + start + Playwright)	2026-07-13T20:44:30.7712213Z       24 |     await expect(page.getByText("Front desk").first()).toBeVisible();
Public + security smoke (production build)	E2E smoke (build + start + Playwright)	2026-07-13T20:44:30.7712645Z         at /home/runner/work/G-follicleintelligence/G-follicleintelligence/e2e/fi-ux-audit-labels.spec.ts:21:74
Public + security smoke (production build)	E2E smoke (build + start + Playwright)	2026-07-13T20:44:30.7712923Z 
Public + security smoke (production build)	E2E smoke (build + start + Playwright)	2026-07-13T20:44:30.7713173Z     attachment #1: screenshot (image/png) ÔöÇÔöÇÔöÇÔöÇÔöÇÔöÇÔöÇÔöÇÔöÇÔöÇÔöÇÔöÇÔöÇÔöÇÔöÇÔöÇÔöÇÔöÇÔöÇÔöÇÔöÇÔöÇÔöÇÔöÇÔöÇÔöÇÔöÇÔöÇÔöÇÔöÇÔöÇÔöÇÔöÇÔöÇÔöÇÔöÇÔöÇÔöÇÔöÇÔöÇÔöÇÔöÇÔöÇÔöÇÔöÇÔöÇÔöÇÔöÇÔöÇÔöÇÔöÇÔöÇÔöÇÔöÇÔöÇÔöÇÔöÇÔöÇ
Public + security smoke (production build)	E2E smoke (build + start + Playwright)	2026-07-13T20:44:30.7713662Z     test-results/fi-ux-audit-labels-FI-UX-S-d494e--not-ReceptionOS-dashboard--firefox/test-failed-1.png
Public + security smoke (production build)	E2E smoke (build + start + Playwright)	2026-07-13T20:44:30.7714177Z     ÔöÇÔöÇÔöÇÔöÇÔöÇÔöÇÔöÇÔöÇÔöÇÔöÇÔöÇÔöÇÔöÇÔöÇÔöÇÔöÇÔöÇÔöÇÔöÇÔöÇÔöÇÔöÇÔöÇÔöÇÔöÇÔöÇÔöÇÔöÇÔöÇÔöÇÔöÇÔöÇÔöÇÔöÇÔöÇÔöÇÔöÇÔöÇÔöÇÔöÇÔöÇÔöÇÔöÇÔöÇÔöÇÔöÇÔöÇÔöÇÔöÇÔöÇÔöÇÔöÇÔöÇÔöÇÔöÇÔöÇÔöÇÔöÇÔöÇÔöÇÔöÇÔöÇÔöÇÔöÇÔöÇÔöÇÔöÇÔöÇÔöÇÔöÇÔöÇÔöÇÔöÇÔöÇÔöÇÔöÇÔöÇÔöÇÔöÇÔöÇÔöÇÔöÇÔöÇÔöÇÔöÇÔöÇÔöÇÔöÇÔöÇÔöÇÔöÇÔöÇÔöÇÔöÇÔöÇÔöÇ
Public + security smoke (production build)	E2E smoke (build + start + Playwright)	2026-07-13T20:44:30.7714367Z 
Public + security smoke (production build)	E2E smoke (build + start + Playwright)	2026-07-13T20:44:30.7714659Z     Error Context: test-results/fi-ux-audit-labels-FI-UX-S-d494e--not-ReceptionOS-dashboard--firefox/error-context.md
Public + security smoke (production build)	E2E smoke (build + start + Playwright)	2026-07-13T20:44:30.7715031Z 
Public + security smoke (production build)	E2E smoke (build + start + Playwright)	2026-07-13T20:44:30.7715399Z   29) [firefox] ÔÇ║ e2e/fi-ux-audit-labels.spec.ts:30:7 ÔÇ║ FI-UX S3.4 Front Desk cutover @smoke ÔÇ║ exactly two Front Desk tabs: Today and Tomorrow 
Public + security smoke (production build)	E2E smoke (build + start + Playwright)	2026-07-13T20:44:30.7715705Z 
Public + security smoke (production build)	E2E smoke (build + start + Playwright)	2026-07-13T20:44:30.7715943Z     Error: ^[[2mexpect(^[[22m^[[31mlocator^[[39m^[[2m).^[[22mtoBeVisible^[[2m(^[[22m^[[2m)^[[22m failed
Public + security smoke (production build)	E2E smoke (build + start + Playwright)	2026-07-13T20:44:30.7716154Z 
Public + security smoke (production build)	E2E smoke (build + start + Playwright)	2026-07-13T20:44:30.7716299Z     Locator: getByRole('navigation', { name: 'Front desk navigation' })
Public + security smoke (production build)	E2E smoke (build + start + Playwright)	2026-07-13T20:44:30.7716743Z     Expected: visible
Public + security smoke (production build)	E2E smoke (build + start + Playwright)	2026-07-13T20:44:30.7716910Z     Timeout: 30000ms
Public + security smoke (production build)	E2E smoke (build + start + Playwright)	2026-07-13T20:44:30.7717084Z     Error: element(s) not found
Public + security smoke (production build)	E2E smoke (build + start + Playwright)	2026-07-13T20:44:30.7717202Z 
Public + security smoke (production build)	E2E smoke (build + start + Playwright)	2026-07-13T20:44:30.7717258Z     Call log:
Public + security smoke (production build)	E2E smoke (build + start + Playwright)	2026-07-13T20:44:30.7717503Z     ^[[2m  - Expect "toBeVisible" with timeout 30000ms^[[22m
Public + security smoke (production build)	E2E smoke (build + start + Playwright)	2026-07-13T20:44:30.7717867Z     ^[[2m  - waiting for getByRole('navigation', { name: 'Front desk navigation' })^[[22m
Public + security smoke (production build)	E2E smoke (build + start + Playwright)	2026-07-13T20:44:30.7718089Z 
Public + security smoke (production build)	E2E smoke (build + start + Playwright)	2026-07-13T20:44:30.7718093Z 
Public + security smoke (production build)	E2E smoke (build + start + Playwright)	2026-07-13T20:44:30.7718291Z       31 |     await page.goto(`${BASE()}/front-desk`, { waitUntil: "domcontentloaded", timeout: 60_000 });
Public + security smoke (production build)	E2E smoke (build + start + Playwright)	2026-07-13T20:44:30.7718717Z       32 |     const subNav = page.getByRole("navigation", { name: "Front desk navigation" });
Public + security smoke (production build)	E2E smoke (build + start + Playwright)	2026-07-13T20:44:30.7719058Z     > 33 |     await expect(subNav).toBeVisible({ timeout: 30_000 });
Public + security smoke (production build)	E2E smoke (build + start + Playwright)	2026-07-13T20:44:30.7719351Z          |                          ^
Public + security smoke (production build)	E2E smoke (build + start + Playwright)	2026-07-13T20:44:30.7719628Z       34 |     await expect(subNav.getByRole("link", { name: "Today" })).toBeVisible();
Public + security smoke (production build)	E2E smoke (build + start + Playwright)	2026-07-13T20:44:30.7720008Z       35 |     await expect(subNav.getByRole("link", { name: "Tomorrow" })).toBeVisible();
Public + security smoke (production build)	E2E smoke (build + start + Playwright)	2026-07-13T20:44:30.7720337Z       36 |     await expect(subNav.getByRole("link")).toHaveCount(2);
Public + security smoke (production build)	E2E smoke (build + start + Playwright)	2026-07-13T20:44:30.7720740Z         at /home/runner/work/G-follicleintelligence/G-follicleintelligence/e2e/fi-ux-audit-labels.spec.ts:33:26
Public + security smoke (production build)	E2E smoke (build + start + Playwright)	2026-07-13T20:44:30.7721013Z 
Public + security smoke (production build)	E2E smoke (build + start + Playwright)	2026-07-13T20:44:30.7721268Z     attachment #1: screenshot (image/png) ÔöÇÔöÇÔöÇÔöÇÔöÇÔöÇÔöÇÔöÇÔöÇÔöÇÔöÇÔöÇÔöÇÔöÇÔöÇÔöÇÔöÇÔöÇÔöÇÔöÇÔöÇÔöÇÔöÇÔöÇÔöÇÔöÇÔöÇÔöÇÔöÇÔöÇÔöÇÔöÇÔöÇÔöÇÔöÇÔöÇÔöÇÔöÇÔöÇÔöÇÔöÇÔöÇÔöÇÔöÇÔöÇÔöÇÔöÇÔöÇÔöÇÔöÇÔöÇÔöÇÔöÇÔöÇÔöÇÔöÇÔöÇÔöÇ
Public + security smoke (production build)	E2E smoke (build + start + Playwright)	2026-07-13T20:44:30.7721750Z     test-results/fi-ux-audit-labels-FI-UX-S-d86a3-esk-tabs-Today-and-Tomorrow-firefox/test-failed-1.png
Public + security smoke (production build)	E2E smoke (build + start + Playwright)	2026-07-13T20:44:30.7722265Z     ÔöÇÔöÇÔöÇÔöÇÔöÇÔöÇÔöÇÔöÇÔöÇÔöÇÔöÇÔöÇÔöÇÔöÇÔöÇÔöÇÔöÇÔöÇÔöÇÔöÇÔöÇÔöÇÔöÇÔöÇÔöÇÔöÇÔöÇÔöÇÔöÇÔöÇÔöÇÔöÇÔöÇÔöÇÔöÇÔöÇÔöÇÔöÇÔöÇÔöÇÔöÇÔöÇÔöÇÔöÇÔöÇÔöÇÔöÇÔöÇÔöÇÔöÇÔöÇÔöÇÔöÇÔöÇÔöÇÔöÇÔöÇÔöÇÔöÇÔöÇÔöÇÔöÇÔöÇÔöÇÔöÇÔöÇÔöÇÔöÇÔöÇÔöÇÔöÇÔöÇÔöÇÔöÇÔöÇÔöÇÔöÇÔöÇÔöÇÔöÇÔöÇÔöÇÔöÇÔöÇÔöÇÔöÇÔöÇÔöÇÔöÇÔöÇÔöÇÔöÇÔöÇÔöÇÔöÇÔöÇ
Public + security smoke (production build)	E2E smoke (build + start + Playwright)	2026-07-13T20:44:30.7722457Z 
Public + security smoke (production build)	E2E smoke (build + start + Playwright)	2026-07-13T20:44:30.7722740Z     Error Context: test-results/fi-ux-audit-labels-FI-UX-S-d86a3-esk-tabs-Today-and-Tomorrow-firefox/error-context.md
Public + security smoke (production build)	E2E smoke (build + start + Playwright)	2026-07-13T20:44:30.7723051Z 
Public + security smoke (production build)	E2E smoke (build + start + Playwright)	2026-07-13T20:44:30.7723383Z   30) [firefox] ÔÇ║ e2e/fi-ux-audit-labels.spec.ts:47:7 ÔÇ║ FI-UX S3.4 Front Desk cutover @smoke ÔÇ║ Today tab is active on /front-desk 
Public + security smoke (production build)	E2E smoke (build + start + Playwright)	2026-07-13T20:44:30.7723662Z 
Public + security smoke (production build)	E2E smoke (build + start + Playwright)	2026-07-13T20:44:30.7723892Z     Error: ^[[2mexpect(^[[22m^[[31mlocator^[[39m^[[2m).^[[22mtoBeVisible^[[2m(^[[22m^[[2m)^[[22m failed
Public + security smoke (production build)	E2E smoke (build + start + Playwright)	2026-07-13T20:44:30.7724102Z 
Public + security smoke (production build)	E2E smoke (build + start + Playwright)	2026-07-13T20:44:30.7724320Z     Locator: getByRole('navigation', { name: 'Front desk navigation' }).getByRole('link', { name: 'Today' })
Public + security smoke (production build)	E2E smoke (build + start + Playwright)	2026-07-13T20:44:30.7724644Z     Expected: visible
Public + security smoke (production build)	E2E smoke (build + start + Playwright)	2026-07-13T20:44:30.7724801Z     Timeout: 30000ms
Public + security smoke (production build)	E2E smoke (build + start + Playwright)	2026-07-13T20:44:30.7724973Z     Error: element(s) not found
Public + security smoke (production build)	E2E smoke (build + start + Playwright)	2026-07-13T20:44:30.7725088Z 
Public + security smoke (production build)	E2E smoke (build + start + Playwright)	2026-07-13T20:44:30.7725145Z     Call log:
Public + security smoke (production build)	E2E smoke (build + start + Playwright)	2026-07-13T20:44:30.7725378Z     ^[[2m  - Expect "toBeVisible" with timeout 30000ms^[[22m
Public + security smoke (production build)	E2E smoke (build + start + Playwright)	2026-07-13T20:44:30.7725831Z     ^[[2m  - waiting for getByRole('navigation', { name: 'Front desk navigation' }).getByRole('link', { name: 'Today' })^[[22m
Public + security smoke (production build)	E2E smoke (build + start + Playwright)	2026-07-13T20:44:30.7726095Z 
Public + security smoke (production build)	E2E smoke (build + start + Playwright)	2026-07-13T20:44:30.7726107Z 
Public + security smoke (production build)	E2E smoke (build + start + Playwright)	2026-07-13T20:44:30.7726247Z       50 |       .getByRole("navigation", { name: "Front desk navigation" })
Public + security smoke (production build)	E2E smoke (build + start + Playwright)	2026-07-13T20:44:30.7726665Z       51 |       .getByRole("link", { name: "Today" });
Public + security smoke (production build)	E2E smoke (build + start + Playwright)	2026-07-13T20:44:30.7726950Z     > 52 |     await expect(today).toBeVisible({ timeout: 30_000 });
Public + security smoke (production build)	E2E smoke (build + start + Playwright)	2026-07-13T20:44:30.7727191Z          |                         ^
Public + security smoke (production build)	E2E smoke (build + start + Playwright)	2026-07-13T20:44:30.7727435Z       53 |     await expect(today).toHaveClass(/22C1FF|bg-\[#22C1FF/);
Public + security smoke (production build)	E2E smoke (build + start + Playwright)	2026-07-13T20:44:30.7727708Z       54 |   });
Public + security smoke (production build)	E2E smoke (build + start + Playwright)	2026-07-13T20:44:30.7727858Z       55 |
Public + security smoke (production build)	E2E smoke (build + start + Playwright)	2026-07-13T20:44:30.7728180Z         at /home/runner/work/G-follicleintelligence/G-follicleintelligence/e2e/fi-ux-audit-labels.spec.ts:52:25
Public + security smoke (production build)	E2E smoke (build + start + Playwright)	2026-07-13T20:44:30.7728452Z 
Public + security smoke (production build)	E2E smoke (build + start + Playwright)	2026-07-13T20:44:30.7728718Z     attachment #1: screenshot (image/png) ÔöÇÔöÇÔöÇÔöÇÔöÇÔöÇÔöÇÔöÇÔöÇÔöÇÔöÇÔöÇÔöÇÔöÇÔöÇÔöÇÔöÇÔöÇÔöÇÔöÇÔöÇÔöÇÔöÇÔöÇÔöÇÔöÇÔöÇÔöÇÔöÇÔöÇÔöÇÔöÇÔöÇÔöÇÔöÇÔöÇÔöÇÔöÇÔöÇÔöÇÔöÇÔöÇÔöÇÔöÇÔöÇÔöÇÔöÇÔöÇÔöÇÔöÇÔöÇÔöÇÔöÇÔöÇÔöÇÔöÇÔöÇÔöÇ
Public + security smoke (production build)	E2E smoke (build + start + Playwright)	2026-07-13T20:44:30.7729200Z     test-results/fi-ux-audit-labels-FI-UX-S-961ff-tab-is-active-on-front-desk-firefox/test-failed-1.png
Public + security smoke (production build)	E2E smoke (build + start + Playwright)	2026-07-13T20:44:30.7729716Z     ÔöÇÔöÇÔöÇÔöÇÔöÇÔöÇÔöÇÔöÇÔöÇÔöÇÔöÇÔöÇÔöÇÔöÇÔöÇÔöÇÔöÇÔöÇÔöÇÔöÇÔöÇÔöÇÔöÇÔöÇÔöÇÔöÇÔöÇÔöÇÔöÇÔöÇÔöÇÔöÇÔöÇÔöÇÔöÇÔöÇÔöÇÔöÇÔöÇÔöÇÔöÇÔöÇÔöÇÔöÇÔöÇÔöÇÔöÇÔöÇÔöÇÔöÇÔöÇÔöÇÔöÇÔöÇÔöÇÔöÇÔöÇÔöÇÔöÇÔöÇÔöÇÔöÇÔöÇÔöÇÔöÇÔöÇÔöÇÔöÇÔöÇÔöÇÔöÇÔöÇÔöÇÔöÇÔöÇÔöÇÔöÇÔöÇÔöÇÔöÇÔöÇÔöÇÔöÇÔöÇÔöÇÔöÇÔöÇÔöÇÔöÇÔöÇÔöÇÔöÇÔöÇÔöÇÔöÇÔöÇ
Public + security smoke (production build)	E2E smoke (build + start + Playwright)	2026-07-13T20:44:30.7729898Z 
Public + security smoke (production build)	E2E smoke (build + start + Playwright)	2026-07-13T20:44:30.7730193Z     Error Context: test-results/fi-ux-audit-labels-FI-UX-S-961ff-tab-is-active-on-front-desk-firefox/error-context.md
Public + security smoke (production build)	E2E smoke (build + start + Playwright)	2026-07-13T20:44:30.7730511Z 
Public + security smoke (production build)	E2E smoke (build + start + Playwright)	2026-07-13T20:44:30.7730873Z   31) [firefox] ÔÇ║ e2e/fi-ux-audit-labels.spec.ts:56:7 ÔÇ║ FI-UX S3.4 Front Desk cutover @smoke ÔÇ║ Tomorrow tab is active on /front-desk/tomorrow 
Public + security smoke (production build)	E2E smoke (build + start + Playwright)	2026-07-13T20:44:30.7731193Z 
Public + security smoke (production build)	E2E smoke (build + start + Playwright)	2026-07-13T20:44:30.7731423Z     Error: ^[[2mexpect(^[[22m^[[31mlocator^[[39m^[[2m).^[[22mtoBeVisible^[[2m(^[[22m^[[2m)^[[22m failed
Public + security smoke (production build)	E2E smoke (build + start + Playwright)	2026-07-13T20:44:30.7731632Z 
Public + security smoke (production build)	E2E smoke (build + start + Playwright)	2026-07-13T20:44:30.7731865Z     Locator: getByRole('navigation', { name: 'Front desk navigation' }).getByRole('link', { name: 'Tomorrow' })
Public + security smoke (production build)	E2E smoke (build + start + Playwright)	2026-07-13T20:44:30.7732184Z     Expected: visible
Public + security smoke (production build)	E2E smoke (build + start + Playwright)	2026-07-13T20:44:30.7732399Z     Timeout: 30000ms
Public + security smoke (production build)	E2E smoke (build + start + Playwright)	2026-07-13T20:44:30.7732574Z     Error: element(s) not found
Public + security smoke (production build)	E2E smoke (build + start + Playwright)	2026-07-13T20:44:30.7732683Z 
Public + security smoke (production build)	E2E smoke (build + start + Playwright)	2026-07-13T20:44:30.7732747Z     Call log:
Public + security smoke (production build)	E2E smoke (build + start + Playwright)	2026-07-13T20:44:30.7732972Z     ^[[2m  - Expect "toBeVisible" with timeout 30000ms^[[22m
Public + security smoke (production build)	E2E smoke (build + start + Playwright)	2026-07-13T20:44:30.7733440Z     ^[[2m  - waiting for getByRole('navigation', { name: 'Front desk navigation' }).getByRole('link', { name: 'Tomorrow' })^[[22m
Public + security smoke (production build)	E2E smoke (build + start + Playwright)	2026-07-13T20:44:30.7733708Z 
Public + security smoke (production build)	E2E smoke (build + start + Playwright)	2026-07-13T20:44:30.7733711Z 
Public + security smoke (production build)	E2E smoke (build + start + Playwright)	2026-07-13T20:44:30.7733860Z       62 |       .getByRole("navigation", { name: "Front desk navigation" })
Public + security smoke (production build)	E2E smoke (build + start + Playwright)	2026-07-13T20:44:30.7734142Z       63 |       .getByRole("link", { name: "Tomorrow" });
Public + security smoke (production build)	E2E smoke (build + start + Playwright)	2026-07-13T20:44:30.7734415Z     > 64 |     await expect(tomorrow).toBeVisible({ timeout: 30_000 });
Public + security smoke (production build)	E2E smoke (build + start + Playwright)	2026-07-13T20:44:30.7734666Z          |                            ^
Public + security smoke (production build)	E2E smoke (build + start + Playwright)	2026-07-13T20:44:30.7734936Z       65 |     await expect(page).toHaveURL(new RegExp(`/front-desk/tomorrow`));
Public + security smoke (production build)	E2E smoke (build + start + Playwright)	2026-07-13T20:44:30.7735177Z       66 |   });
Public + security smoke (production build)	E2E smoke (build + start + Playwright)	2026-07-13T20:44:30.7735317Z       67 |
Public + security smoke (production build)	E2E smoke (build + start + Playwright)	2026-07-13T20:44:30.7735657Z         at /home/runner/work/G-follicleintelligence/G-follicleintelligence/e2e/fi-ux-audit-labels.spec.ts:64:28
Public + security smoke (production build)	E2E smoke (build + start + Playwright)	2026-07-13T20:44:30.7735922Z 
Public + security smoke (production build)	E2E smoke (build + start + Playwright)	2026-07-13T20:44:30.7736180Z     attachment #1: screenshot (image/png) ÔöÇÔöÇÔöÇÔöÇÔöÇÔöÇÔöÇÔöÇÔöÇÔöÇÔöÇÔöÇÔöÇÔöÇÔöÇÔöÇÔöÇÔöÇÔöÇÔöÇÔöÇÔöÇÔöÇÔöÇÔöÇÔöÇÔöÇÔöÇÔöÇÔöÇÔöÇÔöÇÔöÇÔöÇÔöÇÔöÇÔöÇÔöÇÔöÇÔöÇÔöÇÔöÇÔöÇÔöÇÔöÇÔöÇÔöÇÔöÇÔöÇÔöÇÔöÇÔöÇÔöÇÔöÇÔöÇÔöÇÔöÇÔöÇ
Public + security smoke (production build)	E2E smoke (build + start + Playwright)	2026-07-13T20:44:30.7736795Z     test-results/fi-ux-audit-labels-FI-UX-S-3f667-tive-on-front-desk-tomorrow-firefox/test-failed-1.png
Public + security smoke (production build)	E2E smoke (build + start + Playwright)	2026-07-13T20:44:30.7737318Z     ÔöÇÔöÇÔöÇÔöÇÔöÇÔöÇÔöÇÔöÇÔöÇÔöÇÔöÇÔöÇÔöÇÔöÇÔöÇÔöÇÔöÇÔöÇÔöÇÔöÇÔöÇÔöÇÔöÇÔöÇÔöÇÔöÇÔöÇÔöÇÔöÇÔöÇÔöÇÔöÇÔöÇÔöÇÔöÇÔöÇÔöÇÔöÇÔöÇÔöÇÔöÇÔöÇÔöÇÔöÇÔöÇÔöÇÔöÇÔöÇÔöÇÔöÇÔöÇÔöÇÔöÇÔöÇÔöÇÔöÇÔöÇÔöÇÔöÇÔöÇÔöÇÔöÇÔöÇÔöÇÔöÇÔöÇÔöÇÔöÇÔöÇÔöÇÔöÇÔöÇÔöÇÔöÇÔöÇÔöÇÔöÇÔöÇÔöÇÔöÇÔöÇÔöÇÔöÇÔöÇÔöÇÔöÇÔöÇÔöÇÔöÇÔöÇÔöÇÔöÇÔöÇÔöÇÔöÇÔöÇ
Public + security smoke (production build)	E2E smoke (build + start + Playwright)	2026-07-13T20:44:30.7737514Z 
Public + security smoke (production build)	E2E smoke (build + start + Playwright)	2026-07-13T20:44:30.7737867Z     Error Context: test-results/fi-ux-audit-labels-FI-UX-S-3f667-tive-on-front-desk-tomorrow-firefox/error-context.md
Public + security smoke (production build)	E2E smoke (build + start + Playwright)	2026-07-13T20:44:30.7738182Z 
Public + security smoke (production build)	E2E smoke (build + start + Playwright)	2026-07-13T20:44:30.7738610Z   32) [firefox] ÔÇ║ e2e/fi-ux-audit-labels.spec.ts:68:7 ÔÇ║ FI-UX S3.4 Front Desk cutover @smoke ÔÇ║ legacy /reception redirects to /front-desk and preserves bookingId/date 
Public + security smoke (production build)	E2E smoke (build + start + Playwright)	2026-07-13T20:44:30.7738981Z 
Public + security smoke (production build)	E2E smoke (build + start + Playwright)	2026-07-13T20:44:30.7739244Z     Error: ^[[2mexpect(^[[22m^[[31mpage^[[39m^[[2m).^[[22mtoHaveURL^[[2m(^[[22m^[[32mexpected^[[39m^[[2m)^[[22m failed
Public + security smoke (production build)	E2E smoke (build + start + Playwright)	2026-07-13T20:44:30.7739464Z 
Public + security smoke (production build)	E2E smoke (build + start + Playwright)	2026-07-13T20:44:30.7739603Z     Expected pattern: ^[[32m/\/front-desk\?/^[[39m
Public + security smoke (production build)	E2E smoke (build + start + Playwright)	2026-07-13T20:44:30.7740146Z     Received string:  ^[[31m"http://127.0.0.1:3000/follicle-intelligence/login?next=%2Ffi-admin%2F00000000-0000-4000-8000-000000000000%2Freception"^[[39m
Public + security smoke (production build)	E2E smoke (build + start + Playwright)	2026-07-13T20:44:30.7740538Z     Timeout: 15000ms
Public + security smoke (production build)	E2E smoke (build + start + Playwright)	2026-07-13T20:44:30.7740632Z 
Public + security smoke (production build)	E2E smoke (build + start + Playwright)	2026-07-13T20:44:30.7740697Z     Call log:
Public + security smoke (production build)	E2E smoke (build + start + Playwright)	2026-07-13T20:44:30.7740918Z     ^[[2m  - Expect "toHaveURL" with timeout 15000ms^[[22m
Public + security smoke (production build)	E2E smoke (build + start + Playwright)	2026-07-13T20:44:30.7741475Z     ^[[2m    19 ├ù unexpected value "http://127.0.0.1:3000/follicle-intelligence/login?next=%2Ffi-admin%2F00000000-0000-4000-8000-000000000000%2Freception"^[[22m
Public + security smoke (production build)	E2E smoke (build + start + Playwright)	2026-07-13T20:44:30.7741817Z 
Public + security smoke (production build)	E2E smoke (build + start + Playwright)	2026-07-13T20:44:30.7741820Z 
Public + security smoke (production build)	E2E smoke (build + start + Playwright)	2026-07-13T20:44:30.7741905Z       73 |       timeout: 60_000,
Public + security smoke (production build)	E2E smoke (build + start + Playwright)	2026-07-13T20:44:30.7742083Z       74 |     });
Public + security smoke (production build)	E2E smoke (build + start + Playwright)	2026-07-13T20:44:30.7742355Z     > 75 |     await expect(page).toHaveURL(new RegExp(`/front-desk\\?`));
Public + security smoke (production build)	E2E smoke (build + start + Playwright)	2026-07-13T20:44:30.7742607Z          |                        ^
Public + security smoke (production build)	E2E smoke (build + start + Playwright)	2026-07-13T20:44:30.7742816Z       76 |     const url = new URL(page.url());
Public + security smoke (production build)	E2E smoke (build + start + Playwright)	2026-07-13T20:44:30.7743089Z       77 |     expect(url.pathname.endsWith("/front-desk")).toBeTruthy();
Public + security smoke (production build)	E2E smoke (build + start + Playwright)	2026-07-13T20:44:30.7743385Z       78 |     expect(url.searchParams.get("bookingId")).toBe("abc");
Public + security smoke (production build)	E2E smoke (build + start + Playwright)	2026-07-13T20:44:30.7743792Z         at /home/runner/work/G-follicleintelligence/G-follicleintelligence/e2e/fi-ux-audit-labels.spec.ts:75:24
Public + security smoke (production build)	E2E smoke (build + start + Playwright)	2026-07-13T20:44:30.7744065Z 
Public + security smoke (production build)	E2E smoke (build + start + Playwright)	2026-07-13T20:44:30.7744324Z     attachment #1: screenshot (image/png) ÔöÇÔöÇÔöÇÔöÇÔöÇÔöÇÔöÇÔöÇÔöÇÔöÇÔöÇÔöÇÔöÇÔöÇÔöÇÔöÇÔöÇÔöÇÔöÇÔöÇÔöÇÔöÇÔöÇÔöÇÔöÇÔöÇÔöÇÔöÇÔöÇÔöÇÔöÇÔöÇÔöÇÔöÇÔöÇÔöÇÔöÇÔöÇÔöÇÔöÇÔöÇÔöÇÔöÇÔöÇÔöÇÔöÇÔöÇÔöÇÔöÇÔöÇÔöÇÔöÇÔöÇÔöÇÔöÇÔöÇÔöÇÔöÇ
Public + security smoke (production build)	E2E smoke (build + start + Playwright)	2026-07-13T20:44:30.7744803Z     test-results/fi-ux-audit-labels-FI-UX-S-9fdb6-nd-preserves-bookingId-date-firefox/test-failed-1.png
Public + security smoke (production build)	E2E smoke (build + start + Playwright)	2026-07-13T20:44:30.7745305Z     ÔöÇÔöÇÔöÇÔöÇÔöÇÔöÇÔöÇÔöÇÔöÇÔöÇÔöÇÔöÇÔöÇÔöÇÔöÇÔöÇÔöÇÔöÇÔöÇÔöÇÔöÇÔöÇÔöÇÔöÇÔöÇÔöÇÔöÇÔöÇÔöÇÔöÇÔöÇÔöÇÔöÇÔöÇÔöÇÔöÇÔöÇÔöÇÔöÇÔöÇÔöÇÔöÇÔöÇÔöÇÔöÇÔöÇÔöÇÔöÇÔöÇÔöÇÔöÇÔöÇÔöÇÔöÇÔöÇÔöÇÔöÇÔöÇÔöÇÔöÇÔöÇÔöÇÔöÇÔöÇÔöÇÔöÇÔöÇÔöÇÔöÇÔöÇÔöÇÔöÇÔöÇÔöÇÔöÇÔöÇÔöÇÔöÇÔöÇÔöÇÔöÇÔöÇÔöÇÔöÇÔöÇÔöÇÔöÇÔöÇÔöÇÔöÇÔöÇÔöÇÔöÇÔöÇÔöÇÔöÇ
Public + security smoke (production build)	E2E smoke (build + start + Playwright)	2026-07-13T20:44:30.7745505Z 
Public + security smoke (production build)	E2E smoke (build + start + Playwright)	2026-07-13T20:44:30.7745804Z     Error Context: test-results/fi-ux-audit-labels-FI-UX-S-9fdb6-nd-preserves-bookingId-date-firefox/error-context.md
Public + security smoke (production build)	E2E smoke (build + start + Playwright)	2026-07-13T20:44:30.7746115Z 
Public + security smoke (production build)	E2E smoke (build + start + Playwright)	2026-07-13T20:44:30.7746642Z   33) [firefox] ÔÇ║ e2e/fi-ux-audit-labels.spec.ts:87:7 ÔÇ║ FI-UX S3.4 Front Desk cutover @smoke ÔÇ║ legacy /reception-board and /operations redirect to Today 
Public + security smoke (production build)	E2E smoke (build + start + Playwright)	2026-07-13T20:44:30.7746996Z 
Public + security smoke (production build)	E2E smoke (build + start + Playwright)	2026-07-13T20:44:30.7747260Z     Error: ^[[2mexpect(^[[22m^[[31mpage^[[39m^[[2m).^[[22mtoHaveURL^[[2m(^[[22m^[[32mexpected^[[39m^[[2m)^[[22m failed
Public + security smoke (production build)	E2E smoke (build + start + Playwright)	2026-07-13T20:44:30.7747497Z 
Public + security smoke (production build)	E2E smoke (build + start + Playwright)	2026-07-13T20:44:30.7747629Z     Expected pattern: ^[[32m/\/front-desk$/^[[39m
Public + security smoke (production build)	E2E smoke (build + start + Playwright)	2026-07-13T20:44:30.7748188Z     Received string:  ^[[31m"http://127.0.0.1:3000/follicle-intelligence/login?next=%2Ffi-admin%2F00000000-0000-4000-8000-000000000000%2Freception-board"^[[39m
Public + security smoke (production build)	E2E smoke (build + start + Playwright)	2026-07-13T20:44:30.7748608Z     Timeout: 15000ms
Public + security smoke (production build)	E2E smoke (build + start + Playwright)	2026-07-13T20:44:30.7748708Z 
Public + security smoke (production build)	E2E smoke (build + start + Playwright)	2026-07-13T20:44:30.7748764Z     Call log:
Public + security smoke (production build)	E2E smoke (build + start + Playwright)	2026-07-13T20:44:30.7749001Z     ^[[2m  - Expect "toHaveURL" with timeout 15000ms^[[22m
Public + security smoke (production build)	E2E smoke (build + start + Playwright)	2026-07-13T20:44:30.7749577Z     ^[[2m    19 ├ù unexpected value "http://127.0.0.1:3000/follicle-intelligence/login?next=%2Ffi-admin%2F00000000-0000-4000-8000-000000000000%2Freception-board"^[[22m
Public + security smoke (production build)	E2E smoke (build + start + Playwright)	2026-07-13T20:44:30.7749934Z 
Public + security smoke (production build)	E2E smoke (build + start + Playwright)	2026-07-13T20:44:30.7749938Z 
Public + security smoke (production build)	E2E smoke (build + start + Playwright)	2026-07-13T20:44:30.7750071Z       88 |     for (const path of ["reception-board", "operations"]) {
Public + security smoke (production build)	E2E smoke (build + start + Playwright)	2026-07-13T20:44:30.7750445Z       89 |       await page.goto(`${BASE()}/${path}`, { waitUntil: "domcontentloaded", timeout: 60_000 });
Public + security smoke (production build)	E2E smoke (build + start + Playwright)	2026-07-13T20:44:30.7750802Z     > 90 |       await expect(page).toHaveURL(new RegExp(`/front-desk$`));
Public + security smoke (production build)	E2E smoke (build + start + Playwright)	2026-07-13T20:44:30.7751049Z          |                          ^
Public + security smoke (production build)	E2E smoke (build + start + Playwright)	2026-07-13T20:44:30.7751280Z       91 |     }
Public + security smoke (production build)	E2E smoke (build + start + Playwright)	2026-07-13T20:44:30.7751438Z       92 |   });
Public + security smoke (production build)	E2E smoke (build + start + Playwright)	2026-07-13T20:44:30.7751581Z       93 |
Public + security smoke (production build)	E2E smoke (build + start + Playwright)	2026-07-13T20:44:30.7751910Z         at /home/runner/work/G-follicleintelligence/G-follicleintelligence/e2e/fi-ux-audit-labels.spec.ts:90:26
Public + security smoke (production build)	E2E smoke (build + start + Playwright)	2026-07-13T20:44:30.7752187Z 
Public + security smoke (production build)	E2E smoke (build + start + Playwright)	2026-07-13T20:44:30.7752440Z     attachment #1: screenshot (image/png) ÔöÇÔöÇÔöÇÔöÇÔöÇÔöÇÔöÇÔöÇÔöÇÔöÇÔöÇÔöÇÔöÇÔöÇÔöÇÔöÇÔöÇÔöÇÔöÇÔöÇÔöÇÔöÇÔöÇÔöÇÔöÇÔöÇÔöÇÔöÇÔöÇÔöÇÔöÇÔöÇÔöÇÔöÇÔöÇÔöÇÔöÇÔöÇÔöÇÔöÇÔöÇÔöÇÔöÇÔöÇÔöÇÔöÇÔöÇÔöÇÔöÇÔöÇÔöÇÔöÇÔöÇÔöÇÔöÇÔöÇÔöÇÔöÇ
Public + security smoke (production build)	E2E smoke (build + start + Playwright)	2026-07-13T20:44:30.7752927Z     test-results/fi-ux-audit-labels-FI-UX-S-3e308-perations-redirect-to-Today-firefox/test-failed-1.png
Public + security smoke (production build)	E2E smoke (build + start + Playwright)	2026-07-13T20:44:30.7753435Z     ÔöÇÔöÇÔöÇÔöÇÔöÇÔöÇÔöÇÔöÇÔöÇÔöÇÔöÇÔöÇÔöÇÔöÇÔöÇÔöÇÔöÇÔöÇÔöÇÔöÇÔöÇÔöÇÔöÇÔöÇÔöÇÔöÇÔöÇÔöÇÔöÇÔöÇÔöÇÔöÇÔöÇÔöÇÔöÇÔöÇÔöÇÔöÇÔöÇÔöÇÔöÇÔöÇÔöÇÔöÇÔöÇÔöÇÔöÇÔöÇÔöÇÔöÇÔöÇÔöÇÔöÇÔöÇÔöÇÔöÇÔöÇÔöÇÔöÇÔöÇÔöÇÔöÇÔöÇÔöÇÔöÇÔöÇÔöÇÔöÇÔöÇÔöÇÔöÇÔöÇÔöÇÔöÇÔöÇÔöÇÔöÇÔöÇÔöÇÔöÇÔöÇÔöÇÔöÇÔöÇÔöÇÔöÇÔöÇÔöÇÔöÇÔöÇÔöÇÔöÇÔöÇÔöÇÔöÇÔöÇ
Public + security smoke (production build)	E2E smoke (build + start + Playwright)	2026-07-13T20:44:30.7753624Z 
Public + security smoke (production build)	E2E smoke (build + start + Playwright)	2026-07-13T20:44:30.7753910Z     Error Context: test-results/fi-ux-audit-labels-FI-UX-S-3e308-perations-redirect-to-Today-firefox/error-context.md
Public + security smoke (production build)	E2E smoke (build + start + Playwright)	2026-07-13T20:44:30.7754227Z 
Public + security smoke (production build)	E2E smoke (build + start + Playwright)	2026-07-13T20:44:30.7754600Z   34) [firefox] ÔÇ║ e2e/fi-ux-audit-labels.spec.ts:94:7 ÔÇ║ FI-UX S3.4 Front Desk cutover @smoke ÔÇ║ legacy /tomorrow redirects to /front-desk/tomorrow 
Public + security smoke (production build)	E2E smoke (build + start + Playwright)	2026-07-13T20:44:30.7754919Z 
Public + security smoke (production build)	E2E smoke (build + start + Playwright)	2026-07-13T20:44:30.7755178Z     Error: ^[[2mexpect(^[[22m^[[31mpage^[[39m^[[2m).^[[22mtoHaveURL^[[2m(^[[22m^[[32mexpected^[[39m^[[2m)^[[22m failed
Public + security smoke (production build)	E2E smoke (build + start + Playwright)	2026-07-13T20:44:30.7755407Z 
Public + security smoke (production build)	E2E smoke (build + start + Playwright)	2026-07-13T20:44:30.7755551Z     Expected pattern: ^[[32m/\/front-desk\/tomorrow/^[[39m
Public + security smoke (production build)	E2E smoke (build + start + Playwright)	2026-07-13T20:44:30.7756157Z     Received string:  ^[[31m"http://127.0.0.1:3000/follicle-intelligence/login?next=%2Ffi-admin%2F00000000-0000-4000-8000-000000000000%2Ftomorrow"^[[39m
Public + security smoke (production build)	E2E smoke (build + start + Playwright)	2026-07-13T20:44:30.7756725Z     Timeout: 15000ms
Public + security smoke (production build)	E2E smoke (build + start + Playwright)	2026-07-13T20:44:30.7756823Z 
Public + security smoke (production build)	E2E smoke (build + start + Playwright)	2026-07-13T20:44:30.7756888Z     Call log:
Public + security smoke (production build)	E2E smoke (build + start + Playwright)	2026-07-13T20:44:30.7757118Z     ^[[2m  - Expect "toHaveURL" with timeout 15000ms^[[22m
Public + security smoke (production build)	E2E smoke (build + start + Playwright)	2026-07-13T20:44:30.7757672Z     ^[[2m    18 ├ù unexpected value "http://127.0.0.1:3000/follicle-intelligence/login?next=%2Ffi-admin%2F00000000-0000-4000-8000-000000000000%2Ftomorrow"^[[22m
Public + security smoke (production build)	E2E smoke (build + start + Playwright)	2026-07-13T20:44:30.7757998Z 
Public + security smoke (production build)	E2E smoke (build + start + Playwright)	2026-07-13T20:44:30.7758002Z 
Public + security smoke (production build)	E2E smoke (build + start + Playwright)	2026-07-13T20:44:30.7758197Z       94 |   test("legacy /tomorrow redirects to /front-desk/tomorrow", async ({ page }) => {
Public + security smoke (production build)	E2E smoke (build + start + Playwright)	2026-07-13T20:44:30.7758612Z       95 |     await page.goto(`${BASE()}/tomorrow`, { waitUntil: "domcontentloaded", timeout: 60_000 });
Public + security smoke (production build)	E2E smoke (build + start + Playwright)	2026-07-13T20:44:30.7758997Z     > 96 |     await expect(page).toHaveURL(new RegExp(`/front-desk/tomorrow`));
Public + security smoke (production build)	E2E smoke (build + start + Playwright)	2026-07-13T20:44:30.7759262Z          |                        ^
Public + security smoke (production build)	E2E smoke (build + start + Playwright)	2026-07-13T20:44:30.7759437Z       97 |   });
Public + security smoke (production build)	E2E smoke (build + start + Playwright)	2026-07-13T20:44:30.7759571Z       98 |
Public + security smoke (production build)	E2E smoke (build + start + Playwright)	2026-07-13T20:44:30.7759816Z       99 |   test("legacy front-desk subroutes redirect to Today", async ({ page }) => {
Public + security smoke (production build)	E2E smoke (build + start + Playwright)	2026-07-13T20:44:30.7760277Z         at /home/runner/work/G-follicleintelligence/G-follicleintelligence/e2e/fi-ux-audit-labels.spec.ts:96:24
Public + security smoke (production build)	E2E smoke (build + start + Playwright)	2026-07-13T20:44:30.7760548Z 
Public + security smoke (production build)	E2E smoke (build + start + Playwright)	2026-07-13T20:44:30.7760804Z     attachment #1: screenshot (image/png) ÔöÇÔöÇÔöÇÔöÇÔöÇÔöÇÔöÇÔöÇÔöÇÔöÇÔöÇÔöÇÔöÇÔöÇÔöÇÔöÇÔöÇÔöÇÔöÇÔöÇÔöÇÔöÇÔöÇÔöÇÔöÇÔöÇÔöÇÔöÇÔöÇÔöÇÔöÇÔöÇÔöÇÔöÇÔöÇÔöÇÔöÇÔöÇÔöÇÔöÇÔöÇÔöÇÔöÇÔöÇÔöÇÔöÇÔöÇÔöÇÔöÇÔöÇÔöÇÔöÇÔöÇÔöÇÔöÇÔöÇÔöÇÔöÇ
Public + security smoke (production build)	E2E smoke (build + start + Playwright)	2026-07-13T20:44:30.7761284Z     test-results/fi-ux-audit-labels-FI-UX-S-be950-ects-to-front-desk-tomorrow-firefox/test-failed-1.png
Public + security smoke (production build)	E2E smoke (build + start + Playwright)	2026-07-13T20:44:30.7761871Z     ÔöÇÔöÇÔöÇÔöÇÔöÇÔöÇÔöÇÔöÇÔöÇÔöÇÔöÇÔöÇÔöÇÔöÇÔöÇÔöÇÔöÇÔöÇÔöÇÔöÇÔöÇÔöÇÔöÇÔöÇÔöÇÔöÇÔöÇÔöÇÔöÇÔöÇÔöÇÔöÇÔöÇÔöÇÔöÇÔöÇÔöÇÔöÇÔöÇÔöÇÔöÇÔöÇÔöÇÔöÇÔöÇÔöÇÔöÇÔöÇÔöÇÔöÇÔöÇÔöÇÔöÇÔöÇÔöÇÔöÇÔöÇÔöÇÔöÇÔöÇÔöÇÔöÇÔöÇÔöÇÔöÇÔöÇÔöÇÔöÇÔöÇÔöÇÔöÇÔöÇÔöÇÔöÇÔöÇÔöÇÔöÇÔöÇÔöÇÔöÇÔöÇÔöÇÔöÇÔöÇÔöÇÔöÇÔöÇÔöÇÔöÇÔöÇÔöÇÔöÇÔöÇÔöÇÔöÇÔöÇ
Public + security smoke (production build)	E2E smoke (build + start + Playwright)	2026-07-13T20:44:30.7762054Z 
Public + security smoke (production build)	E2E smoke (build + start + Playwright)	2026-07-13T20:44:30.7762355Z     Error Context: test-results/fi-ux-audit-labels-FI-UX-S-be950-ects-to-front-desk-tomorrow-firefox/error-context.md
Public + security smoke (production build)	E2E smoke (build + start + Playwright)	2026-07-13T20:44:30.7762672Z 
Public + security smoke (production build)	E2E smoke (build + start + Playwright)	2026-07-13T20:44:30.7763040Z   35) [firefox] ÔÇ║ e2e/fi-ux-audit-labels.spec.ts:99:7 ÔÇ║ FI-UX S3.4 Front Desk cutover @smoke ÔÇ║ legacy front-desk subroutes redirect to Today 
Public + security smoke (production build)	E2E smoke (build + start + Playwright)	2026-07-13T20:44:30.7763357Z 
Public + security smoke (production build)	E2E smoke (build + start + Playwright)	2026-07-13T20:44:30.7763615Z     Error: ^[[2mexpect(^[[22m^[[31mpage^[[39m^[[2m).^[[22mtoHaveURL^[[2m(^[[22m^[[32mexpected^[[39m^[[2m)^[[22m failed
Public + security smoke (production build)	E2E smoke (build + start + Playwright)	2026-07-13T20:44:30.7763838Z 
Public + security smoke (production build)	E2E smoke (build + start + Playwright)	2026-07-13T20:44:30.7763970Z     Expected pattern: ^[[32m/\/front-desk$/^[[39m
Public + security smoke (production build)	E2E smoke (build + start + Playwright)	2026-07-13T20:44:30.7764542Z     Received string:  ^[[31m"http://127.0.0.1:3000/follicle-intelligence/login?next=%2Ffi-admin%2F00000000-0000-4000-8000-000000000000%2Ffront-desk%2Fclinic-flow"^[[39m
Public + security smoke (production build)	E2E smoke (build + start + Playwright)	2026-07-13T20:44:30.7764975Z     Timeout: 15000ms
Public + security smoke (production build)	E2E smoke (build + start + Playwright)	2026-07-13T20:44:30.7765073Z 
Public + security smoke (production build)	E2E smoke (build + start + Playwright)	2026-07-13T20:44:30.7765138Z     Call log:
Public + security smoke (production build)	E2E smoke (build + start + Playwright)	2026-07-13T20:44:30.7765362Z     ^[[2m  - Expect "toHaveURL" with timeout 15000ms^[[22m
Public + security smoke (production build)	E2E smoke (build + start + Playwright)	2026-07-13T20:44:30.7765958Z     ^[[2m    18 ├ù unexpected value "http://127.0.0.1:3000/follicle-intelligence/login?next=%2Ffi-admin%2F00000000-0000-4000-8000-000000000000%2Ffront-desk%2Fclinic-flow"^[[22m
Public + security smoke (production build)	E2E smoke (build + start + Playwright)	2026-07-13T20:44:30.7766382Z 
Public + security smoke (production build)	E2E smoke (build + start + Playwright)	2026-07-13T20:44:30.7766477Z 
Public + security smoke (production build)	E2E smoke (build + start + Playwright)	2026-07-13T20:44:30.7766694Z       100 |     for (const path of ["front-desk/clinic-flow", "front-desk/reception-board"]) {
Public + security smoke (production build)	E2E smoke (build + start + Playwright)	2026-07-13T20:44:30.7767116Z       101 |       await page.goto(`${BASE()}/${path}`, { waitUntil: "domcontentloaded", timeout: 60_000 });
Public + security smoke (production build)	E2E smoke (build + start + Playwright)	2026-07-13T20:44:30.7767483Z     > 102 |       await expect(page).toHaveURL(new RegExp(`/front-desk$`));
Public + security smoke (production build)	E2E smoke (build + start + Playwright)	2026-07-13T20:44:30.7767748Z           |                          ^
Public + security smoke (production build)	E2E smoke (build + start + Playwright)	2026-07-13T20:44:30.7767927Z       103 |     }
Public + security smoke (production build)	E2E smoke (build + start + Playwright)	2026-07-13T20:44:30.7768081Z       104 |   });
Public + security smoke (production build)	E2E smoke (build + start + Playwright)	2026-07-13T20:44:30.7768227Z       105 |
Public + security smoke (production build)	E2E smoke (build + start + Playwright)	2026-07-13T20:44:30.7768567Z         at /home/runner/work/G-follicleintelligence/G-follicleintelligence/e2e/fi-ux-audit-labels.spec.ts:102:26
Public + security smoke (production build)	E2E smoke (build + start + Playwright)	2026-07-13T20:44:30.7768847Z 
Public + security smoke (production build)	E2E smoke (build + start + Playwright)	2026-07-13T20:44:30.7769113Z     attachment #1: screenshot (image/png) ÔöÇÔöÇÔöÇÔöÇÔöÇÔöÇÔöÇÔöÇÔöÇÔöÇÔöÇÔöÇÔöÇÔöÇÔöÇÔöÇÔöÇÔöÇÔöÇÔöÇÔöÇÔöÇÔöÇÔöÇÔöÇÔöÇÔöÇÔöÇÔöÇÔöÇÔöÇÔöÇÔöÇÔöÇÔöÇÔöÇÔöÇÔöÇÔöÇÔöÇÔöÇÔöÇÔöÇÔöÇÔöÇÔöÇÔöÇÔöÇÔöÇÔöÇÔöÇÔöÇÔöÇÔöÇÔöÇÔöÇÔöÇÔöÇ
Public + security smoke (production build)	E2E smoke (build + start + Playwright)	2026-07-13T20:44:30.7769588Z     test-results/fi-ux-audit-labels-FI-UX-S-dc14d-subroutes-redirect-to-Today-firefox/test-failed-1.png
Public + security smoke (production build)	E2E smoke (build + start + Playwright)	2026-07-13T20:44:30.7770104Z     ÔöÇÔöÇÔöÇÔöÇÔöÇÔöÇÔöÇÔöÇÔöÇÔöÇÔöÇÔöÇÔöÇÔöÇÔöÇÔöÇÔöÇÔöÇÔöÇÔöÇÔöÇÔöÇÔöÇÔöÇÔöÇÔöÇÔöÇÔöÇÔöÇÔöÇÔöÇÔöÇÔöÇÔöÇÔöÇÔöÇÔöÇÔöÇÔöÇÔöÇÔöÇÔöÇÔöÇÔöÇÔöÇÔöÇÔöÇÔöÇÔöÇÔöÇÔöÇÔöÇÔöÇÔöÇÔöÇÔöÇÔöÇÔöÇÔöÇÔöÇÔöÇÔöÇÔöÇÔöÇÔöÇÔöÇÔöÇÔöÇÔöÇÔöÇÔöÇÔöÇÔöÇÔöÇÔöÇÔöÇÔöÇÔöÇÔöÇÔöÇÔöÇÔöÇÔöÇÔöÇÔöÇÔöÇÔöÇÔöÇÔöÇÔöÇÔöÇÔöÇÔöÇÔöÇÔöÇÔöÇ
Public + security smoke (production build)	E2E smoke (build + start + Playwright)	2026-07-13T20:44:30.7770293Z 
Public + security smoke (production build)	E2E smoke (build + start + Playwright)	2026-07-13T20:44:30.7770590Z     Error Context: test-results/fi-ux-audit-labels-FI-UX-S-dc14d-subroutes-redirect-to-Today-firefox/error-context.md
Public + security smoke (production build)	E2E smoke (build + start + Playwright)	2026-07-13T20:44:30.7770902Z 
Public + security smoke (production build)	E2E smoke (build + start + Playwright)	2026-07-13T20:44:30.7771270Z   36) [firefox] ÔÇ║ e2e/fi-ux-audit-labels.spec.ts:121:7 ÔÇ║ FI-UX S3.4 Front Desk cutover @smoke ÔÇ║ top bar search and quick create remain available 
Public + security smoke (production build)	E2E smoke (build + start + Playwright)	2026-07-13T20:44:30.7771582Z 
Public + security smoke (production build)	E2E smoke (build + start + Playwright)	2026-07-13T20:44:30.7771803Z     Error: ^[[2mexpect(^[[22m^[[31mlocator^[[39m^[[2m).^[[22mtoBeVisible^[[2m(^[[22m^[[2m)^[[22m failed
Public + security smoke (production build)	E2E smoke (build + start + Playwright)	2026-07-13T20:44:30.7772024Z 
Public + security smoke (production build)	E2E smoke (build + start + Playwright)	2026-07-13T20:44:30.7772329Z     Locator: getByRole('button', { name: /open workspace search/i }).or(getByRole('button', { name: /open search/i })).first()
Public + security smoke (production build)	E2E smoke (build + start + Playwright)	2026-07-13T20:44:30.7772683Z     Expected: visible
Public + security smoke (production build)	E2E smoke (build + start + Playwright)	2026-07-13T20:44:30.7772843Z     Timeout: 30000ms
Public + security smoke (production build)	E2E smoke (build + start + Playwright)	2026-07-13T20:44:30.7773021Z     Error: element(s) not found
Public + security smoke (production build)	E2E smoke (build + start + Playwright)	2026-07-13T20:44:30.7773139Z 
Public + security smoke (production build)	E2E smoke (build + start + Playwright)	2026-07-13T20:44:30.7773204Z     Call log:
Public + security smoke (production build)	E2E smoke (build + start + Playwright)	2026-07-13T20:44:30.7773440Z     ^[[2m  - Expect "toBeVisible" with timeout 30000ms^[[22m
Public + security smoke (production build)	E2E smoke (build + start + Playwright)	2026-07-13T20:44:30.7773937Z     ^[[2m  - waiting for getByRole('button', { name: /open workspace search/i }).or(getByRole('button', { name: /open search/i })).first()^[[22m
Public + security smoke (production build)	E2E smoke (build + start + Playwright)	2026-07-13T20:44:30.7774246Z 
Public + security smoke (production build)	E2E smoke (build + start + Playwright)	2026-07-13T20:44:30.7774249Z 
Public + security smoke (production build)	E2E smoke (build + start + Playwright)	2026-07-13T20:44:30.7774394Z       124 |       .getByRole("button", { name: /open workspace search/i })
Public + security smoke (production build)	E2E smoke (build + start + Playwright)	2026-07-13T20:44:30.7774709Z       125 |       .or(page.getByRole("button", { name: /open search/i }));
Public + security smoke (production build)	E2E smoke (build + start + Playwright)	2026-07-13T20:44:30.7775069Z     > 126 |     await expect(search.first()).toBeVisible({ timeout: 30_000 });
Public + security smoke (production build)	E2E smoke (build + start + Playwright)	2026-07-13T20:44:30.7775338Z           |                                  ^
Public + security smoke (production build)	E2E smoke (build + start + Playwright)	2026-07-13T20:44:30.7775553Z       127 |     const create = page
Public + security smoke (production build)	E2E smoke (build + start + Playwright)	2026-07-13T20:44:30.7775798Z       128 |       .getByRole("button", { name: /open quick create/i })
Public + security smoke (production build)	E2E smoke (build + start + Playwright)	2026-07-13T20:44:30.7776087Z       129 |       .or(page.getByRole("button", { name: /open new/i }));
Public + security smoke (production build)	E2E smoke (build + start + Playwright)	2026-07-13T20:44:30.7776687Z         at /home/runner/work/G-follicleintelligence/G-follicleintelligence/e2e/fi-ux-audit-labels.spec.ts:126:34
Public + security smoke (production build)	E2E smoke (build + start + Playwright)	2026-07-13T20:44:30.7776978Z 
Public + security smoke (production build)	E2E smoke (build + start + Playwright)	2026-07-13T20:44:30.7777251Z     attachment #1: screenshot (image/png) ÔöÇÔöÇÔöÇÔöÇÔöÇÔöÇÔöÇÔöÇÔöÇÔöÇÔöÇÔöÇÔöÇÔöÇÔöÇÔöÇÔöÇÔöÇÔöÇÔöÇÔöÇÔöÇÔöÇÔöÇÔöÇÔöÇÔöÇÔöÇÔöÇÔöÇÔöÇÔöÇÔöÇÔöÇÔöÇÔöÇÔöÇÔöÇÔöÇÔöÇÔöÇÔöÇÔöÇÔöÇÔöÇÔöÇÔöÇÔöÇÔöÇÔöÇÔöÇÔöÇÔöÇÔöÇÔöÇÔöÇÔöÇÔöÇ
Public + security smoke (production build)	E2E smoke (build + start + Playwright)	2026-07-13T20:44:30.7777727Z     test-results/fi-ux-audit-labels-FI-UX-S-11b49-ick-create-remain-available-firefox/test-failed-1.png
Public + security smoke (production build)	E2E smoke (build + start + Playwright)	2026-07-13T20:44:30.7778243Z     ÔöÇÔöÇÔöÇÔöÇÔöÇÔöÇÔöÇÔöÇÔöÇÔöÇÔöÇÔöÇÔöÇÔöÇÔöÇÔöÇÔöÇÔöÇÔöÇÔöÇÔöÇÔöÇÔöÇÔöÇÔöÇÔöÇÔöÇÔöÇÔöÇÔöÇÔöÇÔöÇÔöÇÔöÇÔöÇÔöÇÔöÇÔöÇÔöÇÔöÇÔöÇÔöÇÔöÇÔöÇÔöÇÔöÇÔöÇÔöÇÔöÇÔöÇÔöÇÔöÇÔöÇÔöÇÔöÇÔöÇÔöÇÔöÇÔöÇÔöÇÔöÇÔöÇÔöÇÔöÇÔöÇÔöÇÔöÇÔöÇÔöÇÔöÇÔöÇÔöÇÔöÇÔöÇÔöÇÔöÇÔöÇÔöÇÔöÇÔöÇÔöÇÔöÇÔöÇÔöÇÔöÇÔöÇÔöÇÔöÇÔöÇÔöÇÔöÇÔöÇÔöÇÔöÇÔöÇÔöÇ
Public + security smoke (production build)	E2E smoke (build + start + Playwright)	2026-07-13T20:44:30.7778432Z 
Public + security smoke (production build)	E2E smoke (build + start + Playwright)	2026-07-13T20:44:30.7778732Z     Error Context: test-results/fi-ux-audit-labels-FI-UX-S-11b49-ick-create-remain-available-firefox/error-context.md
Public + security smoke (production build)	E2E smoke (build + start + Playwright)	2026-07-13T20:44:30.7779039Z 
Public + security smoke (production build)	E2E smoke (build + start + Playwright)	2026-07-13T20:44:30.7779449Z   37) [firefox] ÔÇ║ e2e/fi-ux-audit-labels.spec.ts:133:7 ÔÇ║ FI-UX S3.4 Front Desk cutover @smoke ÔÇ║ tablet 768├ù1024 has no horizontal document overflow on Today 
Public + security smoke (production build)	E2E smoke (build + start + Playwright)	2026-07-13T20:44:30.7779856Z 
Public + security smoke (production build)	E2E smoke (build + start + Playwright)	2026-07-13T20:44:30.7780082Z     Error: ^[[2mexpect(^[[22m^[[31mlocator^[[39m^[[2m).^[[22mtoBeVisible^[[2m(^[[22m^[[2m)^[[22m failed
Public + security smoke (production build)	E2E smoke (build + start + Playwright)	2026-07-13T20:44:30.7780300Z 
Public + security smoke (production build)	E2E smoke (build + start + Playwright)	2026-07-13T20:44:30.7780435Z     Locator: getByRole('heading', { name: 'Today', level: 1 })
Public + security smoke (production build)	E2E smoke (build + start + Playwright)	2026-07-13T20:44:30.7780664Z     Expected: visible
Public + security smoke (production build)	E2E smoke (build + start + Playwright)	2026-07-13T20:44:30.7780825Z     Timeout: 30000ms
Public + security smoke (production build)	E2E smoke (build + start + Playwright)	2026-07-13T20:44:30.7780998Z     Error: element(s) not found
Public + security smoke (production build)	E2E smoke (build + start + Playwright)	2026-07-13T20:44:30.7781111Z 
Public + security smoke (production build)	E2E smoke (build + start + Playwright)	2026-07-13T20:44:30.7781176Z     Call log:
Public + security smoke (production build)	E2E smoke (build + start + Playwright)	2026-07-13T20:44:30.7781403Z     ^[[2m  - Expect "toBeVisible" with timeout 30000ms^[[22m
Public + security smoke (production build)	E2E smoke (build + start + Playwright)	2026-07-13T20:44:30.7781741Z     ^[[2m  - waiting for getByRole('heading', { name: 'Today', level: 1 })^[[22m
Public + security smoke (production build)	E2E smoke (build + start + Playwright)	2026-07-13T20:44:30.7781934Z 
Public + security smoke (production build)	E2E smoke (build + start + Playwright)	2026-07-13T20:44:30.7781938Z 
Public + security smoke (production build)	E2E smoke (build + start + Playwright)	2026-07-13T20:44:30.7782079Z       134 |     await page.setViewportSize({ width: 768, height: 1024 });
Public + security smoke (production build)	E2E smoke (build + start + Playwright)	2026-07-13T20:44:30.7782448Z       135 |     await page.goto(`${BASE()}/front-desk`, { waitUntil: "domcontentloaded", timeout: 60_000 });
Public + security smoke (production build)	E2E smoke (build + start + Playwright)	2026-07-13T20:44:30.7782870Z     > 136 |     await expect(page.getByRole("heading", { name: "Today", level: 1 })).toBeVisible({
Public + security smoke (production build)	E2E smoke (build + start + Playwright)	2026-07-13T20:44:30.7783206Z           |                                                                          ^
Public + security smoke (production build)	E2E smoke (build + start + Playwright)	2026-07-13T20:44:30.7783436Z       137 |       timeout: 30_000,
Public + security smoke (production build)	E2E smoke (build + start + Playwright)	2026-07-13T20:44:30.7783618Z       138 |     });
Public + security smoke (production build)	E2E smoke (build + start + Playwright)	2026-07-13T20:44:30.7783822Z       139 |     const overflow = await page.evaluate(() => {
Public + security smoke (production build)	E2E smoke (build + start + Playwright)	2026-07-13T20:44:30.7784220Z         at /home/runner/work/G-follicleintelligence/G-follicleintelligence/e2e/fi-ux-audit-labels.spec.ts:136:74
Public + security smoke (production build)	E2E smoke (build + start + Playwright)	2026-07-13T20:44:30.7784503Z 
Public + security smoke (production build)	E2E smoke (build + start + Playwright)	2026-07-13T20:44:30.7784757Z     attachment #1: screenshot (image/png) ÔöÇÔöÇÔöÇÔöÇÔöÇÔöÇÔöÇÔöÇÔöÇÔöÇÔöÇÔöÇÔöÇÔöÇÔöÇÔöÇÔöÇÔöÇÔöÇÔöÇÔöÇÔöÇÔöÇÔöÇÔöÇÔöÇÔöÇÔöÇÔöÇÔöÇÔöÇÔöÇÔöÇÔöÇÔöÇÔöÇÔöÇÔöÇÔöÇÔöÇÔöÇÔöÇÔöÇÔöÇÔöÇÔöÇÔöÇÔöÇÔöÇÔöÇÔöÇÔöÇÔöÇÔöÇÔöÇÔöÇÔöÇÔöÇ
Public + security smoke (production build)	E2E smoke (build + start + Playwright)	2026-07-13T20:44:30.7785287Z     test-results/fi-ux-audit-labels-FI-UX-S-31ca6--document-overflow-on-Today-firefox/test-failed-1.png
Public + security smoke (production build)	E2E smoke (build + start + Playwright)	2026-07-13T20:44:30.7785795Z     ÔöÇÔöÇÔöÇÔöÇÔöÇÔöÇÔöÇÔöÇÔöÇÔöÇÔöÇÔöÇÔöÇÔöÇÔöÇÔöÇÔöÇÔöÇÔöÇÔöÇÔöÇÔöÇÔöÇÔöÇÔöÇÔöÇÔöÇÔöÇÔöÇÔöÇÔöÇÔöÇÔöÇÔöÇÔöÇÔöÇÔöÇÔöÇÔöÇÔöÇÔöÇÔöÇÔöÇÔöÇÔöÇÔöÇÔöÇÔöÇÔöÇÔöÇÔöÇÔöÇÔöÇÔöÇÔöÇÔöÇÔöÇÔöÇÔöÇÔöÇÔöÇÔöÇÔöÇÔöÇÔöÇÔöÇÔöÇÔöÇÔöÇÔöÇÔöÇÔöÇÔöÇÔöÇÔöÇÔöÇÔöÇÔöÇÔöÇÔöÇÔöÇÔöÇÔöÇÔöÇÔöÇÔöÇÔöÇÔöÇÔöÇÔöÇÔöÇÔöÇÔöÇÔöÇÔöÇÔöÇ
Public + security smoke (production build)	E2E smoke (build + start + Playwright)	2026-07-13T20:44:30.7785984Z 
Public + security smoke (production build)	E2E smoke (build + start + Playwright)	2026-07-13T20:44:30.7786279Z     Error Context: test-results/fi-ux-audit-labels-FI-UX-S-31ca6--document-overflow-on-Today-firefox/error-context.md
Public + security smoke (production build)	E2E smoke (build + start + Playwright)	2026-07-13T20:44:30.7786717Z 
Public + security smoke (production build)	E2E smoke (build + start + Playwright)	2026-07-13T20:44:30.7787228Z   38) [firefox] ÔÇ║ e2e/security/unauthenticated-access.spec.ts:63:7 ÔÇ║ unauthenticated access ÔÇö fails closed @security ÔÇ║ protected tenant patients API fails closed without a session 
Public + security smoke (production build)	E2E smoke (build + start + Playwright)	2026-07-13T20:44:30.7787635Z 
Public + security smoke (production build)	E2E smoke (build + start + Playwright)	2026-07-13T20:44:30.7787811Z     Error: expected 401/403 (or redirect) for unauthenticated patients API, got 404
Public + security smoke (production build)	E2E smoke (build + start + Playwright)	2026-07-13T20:44:30.7788016Z 
Public + security smoke (production build)	E2E smoke (build + start + Playwright)	2026-07-13T20:44:30.7788290Z     ^[[2mexpect(^[[22m^[[31mreceived^[[39m^[[2m).^[[22mtoBe^[[2m(^[[22m^[[32mexpected^[[39m^[[2m) // Object.is equality^[[22m
Public + security smoke (production build)	E2E smoke (build + start + Playwright)	2026-07-13T20:44:30.7788545Z 
Public + security smoke (production build)	E2E smoke (build + start + Playwright)	2026-07-13T20:44:30.7788644Z     Expected: ^[[32mtrue^[[39m
Public + security smoke (production build)	E2E smoke (build + start + Playwright)	2026-07-13T20:44:30.7788840Z     Received: ^[[31mfalse^[[39m
Public + security smoke (production build)	E2E smoke (build + start + Playwright)	2026-07-13T20:44:30.7788957Z 
Public + security smoke (production build)	E2E smoke (build + start + Playwright)	2026-07-13T20:44:30.7789057Z       73 |       [401, 403, 302, 303, 307].includes(status),
Public + security smoke (production build)	E2E smoke (build + start + Playwright)	2026-07-13T20:44:30.7789394Z       74 |       `expected 401/403 (or redirect) for unauthenticated patients API, got ${status}`
Public + security smoke (production build)	E2E smoke (build + start + Playwright)	2026-07-13T20:44:30.7789761Z     > 75 |     ).toBe(true);
Public + security smoke (production build)	E2E smoke (build + start + Playwright)	2026-07-13T20:44:30.7789922Z          |       ^
Public + security smoke (production build)	E2E smoke (build + start + Playwright)	2026-07-13T20:44:30.7790063Z       76 |   });
Public + security smoke (production build)	E2E smoke (build + start + Playwright)	2026-07-13T20:44:30.7790204Z       77 |
Public + security smoke (production build)	E2E smoke (build + start + Playwright)	2026-07-13T20:44:30.7790481Z       78 |   test("cron reminder route rejects unauthenticated calls", async ({ request }) => {
Public + security smoke (production build)	E2E smoke (build + start + Playwright)	2026-07-13T20:44:30.7790986Z         at /home/runner/work/G-follicleintelligence/G-follicleintelligence/e2e/security/unauthenticated-access.spec.ts:75:7
Public + security smoke (production build)	E2E smoke (build + start + Playwright)	2026-07-13T20:44:30.7791291Z 
Public + security smoke (production build)	E2E smoke (build + start + Playwright)	2026-07-13T20:44:30.7791735Z   39) [firefox] ÔÇ║ e2e/security/unauthenticated-access.spec.ts:78:7 ÔÇ║ unauthenticated access ÔÇö fails closed @security ÔÇ║ cron reminder route rejects unauthenticated calls 
Public + security smoke (production build)	E2E smoke (build + start + Playwright)	2026-07-13T20:44:30.7792135Z 
Public + security smoke (production build)	E2E smoke (build + start + Playwright)	2026-07-13T20:44:30.7792278Z     Error: expected 401/403/500 for unauthenticated cron, got 503
Public + security smoke (production build)	E2E smoke (build + start + Playwright)	2026-07-13T20:44:30.7792441Z 
Public + security smoke (production build)	E2E smoke (build + start + Playwright)	2026-07-13T20:44:30.7792719Z     ^[[2mexpect(^[[22m^[[31mreceived^[[39m^[[2m).^[[22mtoBe^[[2m(^[[22m^[[32mexpected^[[39m^[[2m) // Object.is equality^[[22m
Public + security smoke (production build)	E2E smoke (build + start + Playwright)	2026-07-13T20:44:30.7792968Z 
Public + security smoke (production build)	E2E smoke (build + start + Playwright)	2026-07-13T20:44:30.7793054Z     Expected: ^[[32mtrue^[[39m
Public + security smoke (production build)	E2E smoke (build + start + Playwright)	2026-07-13T20:44:30.7793250Z     Received: ^[[31mfalse^[[39m
Public + security smoke (production build)	E2E smoke (build + start + Playwright)	2026-07-13T20:44:30.7793362Z 
Public + security smoke (production build)	E2E smoke (build + start + Playwright)	2026-07-13T20:44:30.7793454Z       87 |       [401, 403, 500].includes(status),
Public + security smoke (production build)	E2E smoke (build + start + Playwright)	2026-07-13T20:44:30.7793732Z       88 |       `expected 401/403/500 for unauthenticated cron, got ${status}`
Public + security smoke (production build)	E2E smoke (build + start + Playwright)	2026-07-13T20:44:30.7793975Z     > 89 |     ).toBe(true);
Public + security smoke (production build)	E2E smoke (build + start + Playwright)	2026-07-13T20:44:30.7794137Z          |       ^
Public + security smoke (production build)	E2E smoke (build + start + Playwright)	2026-07-13T20:44:30.7794289Z       90 |   });
Public + security smoke (production build)	E2E smoke (build + start + Playwright)	2026-07-13T20:44:30.7794429Z       91 |
Public + security smoke (production build)	E2E smoke (build + start + Playwright)	2026-07-13T20:44:30.7794720Z       92 |   test("patient portal medications page is public but does not expose tenant APIs", async ({
Public + security smoke (production build)	E2E smoke (build + start + Playwright)	2026-07-13T20:44:30.7795252Z         at /home/runner/work/G-follicleintelligence/G-follicleintelligence/e2e/security/unauthenticated-access.spec.ts:89:7
Public + security smoke (production build)	E2E smoke (build + start + Playwright)	2026-07-13T20:44:30.7795557Z 
Public + security smoke (production build)	E2E smoke (build + start + Playwright)	2026-07-13T20:44:30.7795924Z   40) [webkit] ÔÇ║ e2e/fi-operational-day.spec.ts:35:7 ÔÇ║ FI operational day ÔÇö security @smoke ÔÇ║ procedure day route hidden or denied when flag off 
Public + security smoke (production build)	E2E smoke (build + start + Playwright)	2026-07-13T20:44:30.7796239Z 
Public + security smoke (production build)	E2E smoke (build + start + Playwright)	2026-07-13T20:44:30.7796652Z     Error: ^[[2mexpect(^[[22m^[[31mreceived^[[39m^[[2m).^[[22mtoContain^[[2m(^[[22m^[[32mexpected^[[39m^[[2m) // indexOf^[[22m
Public + security smoke (production build)	E2E smoke (build + start + Playwright)	2026-07-13T20:44:30.7796916Z 
Public + security smoke (production build)	E2E smoke (build + start + Playwright)	2026-07-13T20:44:30.7797032Z     Expected value: ^[[32m200^[[39m
Public + security smoke (production build)	E2E smoke (build + start + Playwright)	2026-07-13T20:44:30.7797308Z     Received array: ^[[31m[404, 302, 303, 307, 401, 403]^[[39m
Public + security smoke (production build)	E2E smoke (build + start + Playwright)	2026-07-13T20:44:30.7797458Z 
Public + security smoke (production build)	E2E smoke (build + start + Playwright)	2026-07-13T20:44:30.7797682Z       38 |     const res = await page.goto(`/fi-admin/${tid}/procedure-day`, { waitUntil: "commit" });
Public + security smoke (production build)	E2E smoke (build + start + Playwright)	2026-07-13T20:44:30.7798013Z       39 |     const status = res?.status() ?? 0;
Public + security smoke (production build)	E2E smoke (build + start + Playwright)	2026-07-13T20:44:30.7798341Z     > 40 |     expect([404, 302, 303, 307, 401, 403]).toContain(status);
Public + security smoke (production build)	E2E smoke (build + start + Playwright)	2026-07-13T20:44:30.7798611Z          |                                            ^
Public + security smoke (production build)	E2E smoke (build + start + Playwright)	2026-07-13T20:44:30.7798798Z       41 |   });
Public + security smoke (production build)	E2E smoke (build + start + Playwright)	2026-07-13T20:44:30.7798937Z       42 |
Public + security smoke (production build)	E2E smoke (build + start + Playwright)	2026-07-13T20:44:30.7799214Z       43 |   test("reception-board API rejects unauthenticated access", async ({ request }) => {
Public + security smoke (production build)	E2E smoke (build + start + Playwright)	2026-07-13T20:44:30.7799701Z         at /home/runner/work/G-follicleintelligence/G-follicleintelligence/e2e/fi-operational-day.spec.ts:40:44
Public + security smoke (production build)	E2E smoke (build + start + Playwright)	2026-07-13T20:44:30.7799971Z 
Public + security smoke (production build)	E2E smoke (build + start + Playwright)	2026-07-13T20:44:30.7800238Z     attachment #1: screenshot (image/png) ÔöÇÔöÇÔöÇÔöÇÔöÇÔöÇÔöÇÔöÇÔöÇÔöÇÔöÇÔöÇÔöÇÔöÇÔöÇÔöÇÔöÇÔöÇÔöÇÔöÇÔöÇÔöÇÔöÇÔöÇÔöÇÔöÇÔöÇÔöÇÔöÇÔöÇÔöÇÔöÇÔöÇÔöÇÔöÇÔöÇÔöÇÔöÇÔöÇÔöÇÔöÇÔöÇÔöÇÔöÇÔöÇÔöÇÔöÇÔöÇÔöÇÔöÇÔöÇÔöÇÔöÇÔöÇÔöÇÔöÇÔöÇÔöÇ
Public + security smoke (production build)	E2E smoke (build + start + Playwright)	2026-07-13T20:44:30.7800729Z     test-results/fi-operational-day-FI-oper-108b9-den-or-denied-when-flag-off-webkit/test-failed-1.png
Public + security smoke (production build)	E2E smoke (build + start + Playwright)	2026-07-13T20:44:30.7801257Z     ÔöÇÔöÇÔöÇÔöÇÔöÇÔöÇÔöÇÔöÇÔöÇÔöÇÔöÇÔöÇÔöÇÔöÇÔöÇÔöÇÔöÇÔöÇÔöÇÔöÇÔöÇÔöÇÔöÇÔöÇÔöÇÔöÇÔöÇÔöÇÔöÇÔöÇÔöÇÔöÇÔöÇÔöÇÔöÇÔöÇÔöÇÔöÇÔöÇÔöÇÔöÇÔöÇÔöÇÔöÇÔöÇÔöÇÔöÇÔöÇÔöÇÔöÇÔöÇÔöÇÔöÇÔöÇÔöÇÔöÇÔöÇÔöÇÔöÇÔöÇÔöÇÔöÇÔöÇÔöÇÔöÇÔöÇÔöÇÔöÇÔöÇÔöÇÔöÇÔöÇÔöÇÔöÇÔöÇÔöÇÔöÇÔöÇÔöÇÔöÇÔöÇÔöÇÔöÇÔöÇÔöÇÔöÇÔöÇÔöÇÔöÇÔöÇÔöÇÔöÇÔöÇÔöÇÔöÇÔöÇ
Public + security smoke (production build)	E2E smoke (build + start + Playwright)	2026-07-13T20:44:30.7801440Z 
Public + security smoke (production build)	E2E smoke (build + start + Playwright)	2026-07-13T20:44:30.7801745Z     Error Context: test-results/fi-operational-day-FI-oper-108b9-den-or-denied-when-flag-off-webkit/error-context.md
Public + security smoke (production build)	E2E smoke (build + start + Playwright)	2026-07-13T20:44:30.7802064Z 
Public + security smoke (production build)	E2E smoke (build + start + Playwright)	2026-07-13T20:44:30.7802463Z   41) [webkit] ÔÇ║ e2e/fi-ux-audit-labels.spec.ts:19:7 ÔÇ║ FI-UX S3.4 Front Desk cutover @smoke ÔÇ║ /front-desk renders Today board (not ReceptionOS dashboard) 
Public + security smoke (production build)	E2E smoke (build + start + Playwright)	2026-07-13T20:44:30.7802859Z 
Public + security smoke (production build)	E2E smoke (build + start + Playwright)	2026-07-13T20:44:30.7803091Z     Error: ^[[2mexpect(^[[22m^[[31mlocator^[[39m^[[2m).^[[22mtoBeVisible^[[2m(^[[22m^[[2m)^[[22m failed
Public + security smoke (production build)	E2E smoke (build + start + Playwright)	2026-07-13T20:44:30.7803296Z 
Public + security smoke (production build)	E2E smoke (build + start + Playwright)	2026-07-13T20:44:30.7803430Z     Locator: getByRole('heading', { name: 'Today', level: 1 })
Public + security smoke (production build)	E2E smoke (build + start + Playwright)	2026-07-13T20:44:30.7803650Z     Expected: visible
Public + security smoke (production build)	E2E smoke (build + start + Playwright)	2026-07-13T20:44:30.7803804Z     Timeout: 30000ms
Public + security smoke (production build)	E2E smoke (build + start + Playwright)	2026-07-13T20:44:30.7803987Z     Error: element(s) not found
Public + security smoke (production build)	E2E smoke (build + start + Playwright)	2026-07-13T20:44:30.7804094Z 
Public + security smoke (production build)	E2E smoke (build + start + Playwright)	2026-07-13T20:44:30.7804159Z     Call log:
Public + security smoke (production build)	E2E smoke (build + start + Playwright)	2026-07-13T20:44:30.7804383Z     ^[[2m  - Expect "toBeVisible" with timeout 30000ms^[[22m
Public + security smoke (production build)	E2E smoke (build + start + Playwright)	2026-07-13T20:44:30.7804717Z     ^[[2m  - waiting for getByRole('heading', { name: 'Today', level: 1 })^[[22m
Public + security smoke (production build)	E2E smoke (build + start + Playwright)	2026-07-13T20:44:30.7804910Z 
Public + security smoke (production build)	E2E smoke (build + start + Playwright)	2026-07-13T20:44:30.7804913Z 
Public + security smoke (production build)	E2E smoke (build + start + Playwright)	2026-07-13T20:44:30.7805124Z       19 |   test("/front-desk renders Today board (not ReceptionOS dashboard)", async ({ page }) => {
Public + security smoke (production build)	E2E smoke (build + start + Playwright)	2026-07-13T20:44:30.7805556Z       20 |     await page.goto(`${BASE()}/front-desk`, { waitUntil: "domcontentloaded", timeout: 60_000 });
Public + security smoke (production build)	E2E smoke (build + start + Playwright)	2026-07-13T20:44:30.7805974Z     > 21 |     await expect(page.getByRole("heading", { name: "Today", level: 1 })).toBeVisible({
Public + security smoke (production build)	E2E smoke (build + start + Playwright)	2026-07-13T20:44:30.7806311Z          |                                                                          ^
Public + security smoke (production build)	E2E smoke (build + start + Playwright)	2026-07-13T20:44:30.7806649Z       22 |       timeout: 30_000,
Public + security smoke (production build)	E2E smoke (build + start + Playwright)	2026-07-13T20:44:30.7806824Z       23 |     });
Public + security smoke (production build)	E2E smoke (build + start + Playwright)	2026-07-13T20:44:30.7807066Z       24 |     await expect(page.getByText("Front desk").first()).toBeVisible();
Public + security smoke (production build)	E2E smoke (build + start + Playwright)	2026-07-13T20:44:30.7807505Z         at /home/runner/work/G-follicleintelligence/G-follicleintelligence/e2e/fi-ux-audit-labels.spec.ts:21:74
Public + security smoke (production build)	E2E smoke (build + start + Playwright)	2026-07-13T20:44:30.7807773Z 
Public + security smoke (production build)	E2E smoke (build + start + Playwright)	2026-07-13T20:44:30.7808040Z     attachment #1: screenshot (image/png) ÔöÇÔöÇÔöÇÔöÇÔöÇÔöÇÔöÇÔöÇÔöÇÔöÇÔöÇÔöÇÔöÇÔöÇÔöÇÔöÇÔöÇÔöÇÔöÇÔöÇÔöÇÔöÇÔöÇÔöÇÔöÇÔöÇÔöÇÔöÇÔöÇÔöÇÔöÇÔöÇÔöÇÔöÇÔöÇÔöÇÔöÇÔöÇÔöÇÔöÇÔöÇÔöÇÔöÇÔöÇÔöÇÔöÇÔöÇÔöÇÔöÇÔöÇÔöÇÔöÇÔöÇÔöÇÔöÇÔöÇÔöÇÔöÇ
Public + security smoke (production build)	E2E smoke (build + start + Playwright)	2026-07-13T20:44:30.7808519Z     test-results/fi-ux-audit-labels-FI-UX-S-d494e--not-ReceptionOS-dashboard--webkit/test-failed-1.png
Public + security smoke (production build)	E2E smoke (build + start + Playwright)	2026-07-13T20:44:30.7809032Z     ÔöÇÔöÇÔöÇÔöÇÔöÇÔöÇÔöÇÔöÇÔöÇÔöÇÔöÇÔöÇÔöÇÔöÇÔöÇÔöÇÔöÇÔöÇÔöÇÔöÇÔöÇÔöÇÔöÇÔöÇÔöÇÔöÇÔöÇÔöÇÔöÇÔöÇÔöÇÔöÇÔöÇÔöÇÔöÇÔöÇÔöÇÔöÇÔöÇÔöÇÔöÇÔöÇÔöÇÔöÇÔöÇÔöÇÔöÇÔöÇÔöÇÔöÇÔöÇÔöÇÔöÇÔöÇÔöÇÔöÇÔöÇÔöÇÔöÇÔöÇÔöÇÔöÇÔöÇÔöÇÔöÇÔöÇÔöÇÔöÇÔöÇÔöÇÔöÇÔöÇÔöÇÔöÇÔöÇÔöÇÔöÇÔöÇÔöÇÔöÇÔöÇÔöÇÔöÇÔöÇÔöÇÔöÇÔöÇÔöÇÔöÇÔöÇÔöÇÔöÇÔöÇÔöÇÔöÇÔöÇ
Public + security smoke (production build)	E2E smoke (build + start + Playwright)	2026-07-13T20:44:30.7809226Z 
Public + security smoke (production build)	E2E smoke (build + start + Playwright)	2026-07-13T20:44:30.7809521Z     Error Context: test-results/fi-ux-audit-labels-FI-UX-S-d494e--not-ReceptionOS-dashboard--webkit/error-context.md
Public + security smoke (production build)	E2E smoke (build + start + Playwright)	2026-07-13T20:44:30.7809826Z 
Public + security smoke (production build)	E2E smoke (build + start + Playwright)	2026-07-13T20:44:30.7810188Z   42) [webkit] ÔÇ║ e2e/fi-ux-audit-labels.spec.ts:30:7 ÔÇ║ FI-UX S3.4 Front Desk cutover @smoke ÔÇ║ exactly two Front Desk tabs: Today and Tomorrow 
Public + security smoke (production build)	E2E smoke (build + start + Playwright)	2026-07-13T20:44:30.7810504Z 
Public + security smoke (production build)	E2E smoke (build + start + Playwright)	2026-07-13T20:44:30.7810728Z     Error: ^[[2mexpect(^[[22m^[[31mlocator^[[39m^[[2m).^[[22mtoBeVisible^[[2m(^[[22m^[[2m)^[[22m failed
Public + security smoke (production build)	E2E smoke (build + start + Playwright)	2026-07-13T20:44:30.7810940Z 
Public + security smoke (production build)	E2E smoke (build + start + Playwright)	2026-07-13T20:44:30.7811092Z     Locator: getByRole('navigation', { name: 'Front desk navigation' })
Public + security smoke (production build)	E2E smoke (build + start + Playwright)	2026-07-13T20:44:30.7811398Z     Expected: visible
Public + security smoke (production build)	E2E smoke (build + start + Playwright)	2026-07-13T20:44:30.7811560Z     Timeout: 30000ms
Public + security smoke (production build)	E2E smoke (build + start + Playwright)	2026-07-13T20:44:30.7811738Z     Error: element(s) not found
Public + security smoke (production build)	E2E smoke (build + start + Playwright)	2026-07-13T20:44:30.7811858Z 
Public + security smoke (production build)	E2E smoke (build + start + Playwright)	2026-07-13T20:44:30.7811921Z     Call log:
Public + security smoke (production build)	E2E smoke (build + start + Playwright)	2026-07-13T20:44:30.7812148Z     ^[[2m  - Expect "toBeVisible" with timeout 30000ms^[[22m
Public + security smoke (production build)	E2E smoke (build + start + Playwright)	2026-07-13T20:44:30.7812506Z     ^[[2m  - waiting for getByRole('navigation', { name: 'Front desk navigation' })^[[22m
Public + security smoke (production build)	E2E smoke (build + start + Playwright)	2026-07-13T20:44:30.7812719Z 
Public + security smoke (production build)	E2E smoke (build + start + Playwright)	2026-07-13T20:44:30.7812722Z 
Public + security smoke (production build)	E2E smoke (build + start + Playwright)	2026-07-13T20:44:30.7812935Z       31 |     await page.goto(`${BASE()}/front-desk`, { waitUntil: "domcontentloaded", timeout: 60_000 });
Public + security smoke (production build)	E2E smoke (build + start + Playwright)	2026-07-13T20:44:30.7813348Z       32 |     const subNav = page.getByRole("navigation", { name: "Front desk navigation" });
Public + security smoke (production build)	E2E smoke (build + start + Playwright)	2026-07-13T20:44:30.7813688Z     > 33 |     await expect(subNav).toBeVisible({ timeout: 30_000 });
Public + security smoke (production build)	E2E smoke (build + start + Playwright)	2026-07-13T20:44:30.7813923Z          |                          ^
Public + security smoke (production build)	E2E smoke (build + start + Playwright)	2026-07-13T20:44:30.7814207Z       34 |     await expect(subNav.getByRole("link", { name: "Today" })).toBeVisible();
Public + security smoke (production build)	E2E smoke (build + start + Playwright)	2026-07-13T20:44:30.7814570Z       35 |     await expect(subNav.getByRole("link", { name: "Tomorrow" })).toBeVisible();
Public + security smoke (production build)	E2E smoke (build + start + Playwright)	2026-07-13T20:44:30.7814894Z       36 |     await expect(subNav.getByRole("link")).toHaveCount(2);
Public + security smoke (production build)	E2E smoke (build + start + Playwright)	2026-07-13T20:44:30.7815297Z         at /home/runner/work/G-follicleintelligence/G-follicleintelligence/e2e/fi-ux-audit-labels.spec.ts:33:26
Public + security smoke (production build)	E2E smoke (build + start + Playwright)	2026-07-13T20:44:30.7815630Z 
Public + security smoke (production build)	E2E smoke (build + start + Playwright)	2026-07-13T20:44:30.7815890Z     attachment #1: screenshot (image/png) ÔöÇÔöÇÔöÇÔöÇÔöÇÔöÇÔöÇÔöÇÔöÇÔöÇÔöÇÔöÇÔöÇÔöÇÔöÇÔöÇÔöÇÔöÇÔöÇÔöÇÔöÇÔöÇÔöÇÔöÇÔöÇÔöÇÔöÇÔöÇÔöÇÔöÇÔöÇÔöÇÔöÇÔöÇÔöÇÔöÇÔöÇÔöÇÔöÇÔöÇÔöÇÔöÇÔöÇÔöÇÔöÇÔöÇÔöÇÔöÇÔöÇÔöÇÔöÇÔöÇÔöÇÔöÇÔöÇÔöÇÔöÇÔöÇ
Public + security smoke (production build)	E2E smoke (build + start + Playwright)	2026-07-13T20:44:30.7816371Z     test-results/fi-ux-audit-labels-FI-UX-S-d86a3-esk-tabs-Today-and-Tomorrow-webkit/test-failed-1.png
Public + security smoke (production build)	E2E smoke (build + start + Playwright)	2026-07-13T20:44:30.7817042Z     ÔöÇÔöÇÔöÇÔöÇÔöÇÔöÇÔöÇÔöÇÔöÇÔöÇÔöÇÔöÇÔöÇÔöÇÔöÇÔöÇÔöÇÔöÇÔöÇÔöÇÔöÇÔöÇÔöÇÔöÇÔöÇÔöÇÔöÇÔöÇÔöÇÔöÇÔöÇÔöÇÔöÇÔöÇÔöÇÔöÇÔöÇÔöÇÔöÇÔöÇÔöÇÔöÇÔöÇÔöÇÔöÇÔöÇÔöÇÔöÇÔöÇÔöÇÔöÇÔöÇÔöÇÔöÇÔöÇÔöÇÔöÇÔöÇÔöÇÔöÇÔöÇÔöÇÔöÇÔöÇÔöÇÔöÇÔöÇÔöÇÔöÇÔöÇÔöÇÔöÇÔöÇÔöÇÔöÇÔöÇÔöÇÔöÇÔöÇÔöÇÔöÇÔöÇÔöÇÔöÇÔöÇÔöÇÔöÇÔöÇÔöÇÔöÇÔöÇÔöÇÔöÇÔöÇÔöÇÔöÇ
Public + security smoke (production build)	E2E smoke (build + start + Playwright)	2026-07-13T20:44:30.7817242Z 
Public + security smoke (production build)	E2E smoke (build + start + Playwright)	2026-07-13T20:44:30.7817538Z     Error Context: test-results/fi-ux-audit-labels-FI-UX-S-d86a3-esk-tabs-Today-and-Tomorrow-webkit/error-context.md
Public + security smoke (production build)	E2E smoke (build + start + Playwright)	2026-07-13T20:44:30.7817856Z 
Public + security smoke (production build)	E2E smoke (build + start + Playwright)	2026-07-13T20:44:30.7818191Z   43) [webkit] ÔÇ║ e2e/fi-ux-audit-labels.spec.ts:47:7 ÔÇ║ FI-UX S3.4 Front Desk cutover @smoke ÔÇ║ Today tab is active on /front-desk 
Public + security smoke (production build)	E2E smoke (build + start + Playwright)	2026-07-13T20:44:30.7818496Z 
Public + security smoke (production build)	E2E smoke (build + start + Playwright)	2026-07-13T20:44:30.7818719Z     Error: ^[[2mexpect(^[[22m^[[31mlocator^[[39m^[[2m).^[[22mtoBeVisible^[[2m(^[[22m^[[2m)^[[22m failed
Public + security smoke (production build)	E2E smoke (build + start + Playwright)	2026-07-13T20:44:30.7818936Z 
Public + security smoke (production build)	E2E smoke (build + start + Playwright)	2026-07-13T20:44:30.7819168Z     Locator: getByRole('navigation', { name: 'Front desk navigation' }).getByRole('link', { name: 'Today' })
Public + security smoke (production build)	E2E smoke (build + start + Playwright)	2026-07-13T20:44:30.7819492Z     Expected: visible
Public + security smoke (production build)	E2E smoke (build + start + Playwright)	2026-07-13T20:44:30.7819648Z     Timeout: 30000ms
Public + security smoke (production build)	E2E smoke (build + start + Playwright)	2026-07-13T20:44:30.7819820Z     Error: element(s) not found
Public + security smoke (production build)	E2E smoke (build + start + Playwright)	2026-07-13T20:44:30.7819933Z 
Public + security smoke (production build)	E2E smoke (build + start + Playwright)	2026-07-13T20:44:30.7819997Z     Call log:
Public + security smoke (production build)	E2E smoke (build + start + Playwright)	2026-07-13T20:44:30.7820220Z     ^[[2m  - Expect "toBeVisible" with timeout 30000ms^[[22m
Public + security smoke (production build)	E2E smoke (build + start + Playwright)	2026-07-13T20:44:30.7820677Z     ^[[2m  - waiting for getByRole('navigation', { name: 'Front desk navigation' }).getByRole('link', { name: 'Today' })^[[22m
Public + security smoke (production build)	E2E smoke (build + start + Playwright)	2026-07-13T20:44:30.7820957Z 
Public + security smoke (production build)	E2E smoke (build + start + Playwright)	2026-07-13T20:44:30.7820961Z 
Public + security smoke (production build)	E2E smoke (build + start + Playwright)	2026-07-13T20:44:30.7821109Z       50 |       .getByRole("navigation", { name: "Front desk navigation" })
Public + security smoke (production build)	E2E smoke (build + start + Playwright)	2026-07-13T20:44:30.7821449Z       51 |       .getByRole("link", { name: "Today" });
Public + security smoke (production build)	E2E smoke (build + start + Playwright)	2026-07-13T20:44:30.7821712Z     > 52 |     await expect(today).toBeVisible({ timeout: 30_000 });
Public + security smoke (production build)	E2E smoke (build + start + Playwright)	2026-07-13T20:44:30.7821949Z          |                         ^
Public + security smoke (production build)	E2E smoke (build + start + Playwright)	2026-07-13T20:44:30.7822201Z       53 |     await expect(today).toHaveClass(/22C1FF|bg-\[#22C1FF/);
Public + security smoke (production build)	E2E smoke (build + start + Playwright)	2026-07-13T20:44:30.7822432Z       54 |   });
Public + security smoke (production build)	E2E smoke (build + start + Playwright)	2026-07-13T20:44:30.7822577Z       55 |
Public + security smoke (production build)	E2E smoke (build + start + Playwright)	2026-07-13T20:44:30.7822907Z         at /home/runner/work/G-follicleintelligence/G-follicleintelligence/e2e/fi-ux-audit-labels.spec.ts:52:25
Public + security smoke (production build)	E2E smoke (build + start + Playwright)	2026-07-13T20:44:30.7823188Z 
Public + security smoke (production build)	E2E smoke (build + start + Playwright)	2026-07-13T20:44:30.7823447Z     attachment #1: screenshot (image/png) ÔöÇÔöÇÔöÇÔöÇÔöÇÔöÇÔöÇÔöÇÔöÇÔöÇÔöÇÔöÇÔöÇÔöÇÔöÇÔöÇÔöÇÔöÇÔöÇÔöÇÔöÇÔöÇÔöÇÔöÇÔöÇÔöÇÔöÇÔöÇÔöÇÔöÇÔöÇÔöÇÔöÇÔöÇÔöÇÔöÇÔöÇÔöÇÔöÇÔöÇÔöÇÔöÇÔöÇÔöÇÔöÇÔöÇÔöÇÔöÇÔöÇÔöÇÔöÇÔöÇÔöÇÔöÇÔöÇÔöÇÔöÇÔöÇ
Public + security smoke (production build)	E2E smoke (build + start + Playwright)	2026-07-13T20:44:30.7823926Z     test-results/fi-ux-audit-labels-FI-UX-S-961ff-tab-is-active-on-front-desk-webkit/test-failed-1.png
Public + security smoke (production build)	E2E smoke (build + start + Playwright)	2026-07-13T20:44:30.7824440Z     ÔöÇÔöÇÔöÇÔöÇÔöÇÔöÇÔöÇÔöÇÔöÇÔöÇÔöÇÔöÇÔöÇÔöÇÔöÇÔöÇÔöÇÔöÇÔöÇÔöÇÔöÇÔöÇÔöÇÔöÇÔöÇÔöÇÔöÇÔöÇÔöÇÔöÇÔöÇÔöÇÔöÇÔöÇÔöÇÔöÇÔöÇÔöÇÔöÇÔöÇÔöÇÔöÇÔöÇÔöÇÔöÇÔöÇÔöÇÔöÇÔöÇÔöÇÔöÇÔöÇÔöÇÔöÇÔöÇÔöÇÔöÇÔöÇÔöÇÔöÇÔöÇÔöÇÔöÇÔöÇÔöÇÔöÇÔöÇÔöÇÔöÇÔöÇÔöÇÔöÇÔöÇÔöÇÔöÇÔöÇÔöÇÔöÇÔöÇÔöÇÔöÇÔöÇÔöÇÔöÇÔöÇÔöÇÔöÇÔöÇÔöÇÔöÇÔöÇÔöÇÔöÇÔöÇÔöÇÔöÇ
Public + security smoke (production build)	E2E smoke (build + start + Playwright)	2026-07-13T20:44:30.7824623Z 
Public + security smoke (production build)	E2E smoke (build + start + Playwright)	2026-07-13T20:44:30.7824905Z     Error Context: test-results/fi-ux-audit-labels-FI-UX-S-961ff-tab-is-active-on-front-desk-webkit/error-context.md
Public + security smoke (production build)	E2E smoke (build + start + Playwright)	2026-07-13T20:44:30.7825209Z 
Public + security smoke (production build)	E2E smoke (build + start + Playwright)	2026-07-13T20:44:30.7825564Z   44) [webkit] ÔÇ║ e2e/fi-ux-audit-labels.spec.ts:56:7 ÔÇ║ FI-UX S3.4 Front Desk cutover @smoke ÔÇ║ Tomorrow tab is active on /front-desk/tomorrow 
Public + security smoke (production build)	E2E smoke (build + start + Playwright)	2026-07-13T20:44:30.7825932Z 
Public + security smoke (production build)	E2E smoke (build + start + Playwright)	2026-07-13T20:44:30.7826161Z     Error: ^[[2mexpect(^[[22m^[[31mlocator^[[39m^[[2m).^[[22mtoBeVisible^[[2m(^[[22m^[[2m)^[[22m failed
Public + security smoke (production build)	E2E smoke (build + start + Playwright)	2026-07-13T20:44:30.7826379Z 
Public + security smoke (production build)	E2E smoke (build + start + Playwright)	2026-07-13T20:44:30.7826688Z     Locator: getByRole('navigation', { name: 'Front desk navigation' }).getByRole('link', { name: 'Tomorrow' })
Public + security smoke (production build)	E2E smoke (build + start + Playwright)	2026-07-13T20:44:30.7827023Z     Expected: visible
Public + security smoke (production build)	E2E smoke (build + start + Playwright)	2026-07-13T20:44:30.7827181Z     Timeout: 30000ms
Public + security smoke (production build)	E2E smoke (build + start + Playwright)	2026-07-13T20:44:30.7827357Z     Error: element(s) not found
Public + security smoke (production build)	E2E smoke (build + start + Playwright)	2026-07-13T20:44:30.7827472Z 
Public + security smoke (production build)	E2E smoke (build + start + Playwright)	2026-07-13T20:44:30.7827529Z     Call log:
Public + security smoke (production build)	E2E smoke (build + start + Playwright)	2026-07-13T20:44:30.7827770Z     ^[[2m  - Expect "toBeVisible" with timeout 30000ms^[[22m
Public + security smoke (production build)	E2E smoke (build + start + Playwright)	2026-07-13T20:44:30.7828242Z     ^[[2m  - waiting for getByRole('navigation', { name: 'Front desk navigation' }).getByRole('link', { name: 'Tomorrow' })^[[22m
Public + security smoke (production build)	E2E smoke (build + start + Playwright)	2026-07-13T20:44:30.7828526Z 
Public + security smoke (production build)	E2E smoke (build + start + Playwright)	2026-07-13T20:44:30.7828530Z 
Public + security smoke (production build)	E2E smoke (build + start + Playwright)	2026-07-13T20:44:30.7828672Z       62 |       .getByRole("navigation", { name: "Front desk navigation" })
Public + security smoke (production build)	E2E smoke (build + start + Playwright)	2026-07-13T20:44:30.7828970Z       63 |       .getByRole("link", { name: "Tomorrow" });
Public + security smoke (production build)	E2E smoke (build + start + Playwright)	2026-07-13T20:44:30.7829246Z     > 64 |     await expect(tomorrow).toBeVisible({ timeout: 30_000 });
Public + security smoke (production build)	E2E smoke (build + start + Playwright)	2026-07-13T20:44:30.7829490Z          |                            ^
Public + security smoke (production build)	E2E smoke (build + start + Playwright)	2026-07-13T20:44:30.7829768Z       65 |     await expect(page).toHaveURL(new RegExp(`/front-desk/tomorrow`));
Public + security smoke (production build)	E2E smoke (build + start + Playwright)	2026-07-13T20:44:30.7830031Z       66 |   });
Public + security smoke (production build)	E2E smoke (build + start + Playwright)	2026-07-13T20:44:30.7830168Z       67 |
Public + security smoke (production build)	E2E smoke (build + start + Playwright)	2026-07-13T20:44:30.7830491Z         at /home/runner/work/G-follicleintelligence/G-follicleintelligence/e2e/fi-ux-audit-labels.spec.ts:64:28
Public + security smoke (production build)	E2E smoke (build + start + Playwright)	2026-07-13T20:44:30.7830769Z 
Public + security smoke (production build)	E2E smoke (build + start + Playwright)	2026-07-13T20:44:30.7831022Z     attachment #1: screenshot (image/png) ÔöÇÔöÇÔöÇÔöÇÔöÇÔöÇÔöÇÔöÇÔöÇÔöÇÔöÇÔöÇÔöÇÔöÇÔöÇÔöÇÔöÇÔöÇÔöÇÔöÇÔöÇÔöÇÔöÇÔöÇÔöÇÔöÇÔöÇÔöÇÔöÇÔöÇÔöÇÔöÇÔöÇÔöÇÔöÇÔöÇÔöÇÔöÇÔöÇÔöÇÔöÇÔöÇÔöÇÔöÇÔöÇÔöÇÔöÇÔöÇÔöÇÔöÇÔöÇÔöÇÔöÇÔöÇÔöÇÔöÇÔöÇÔöÇ
Public + security smoke (production build)	E2E smoke (build + start + Playwright)	2026-07-13T20:44:30.7831511Z     test-results/fi-ux-audit-labels-FI-UX-S-3f667-tive-on-front-desk-tomorrow-webkit/test-failed-1.png
Public + security smoke (production build)	E2E smoke (build + start + Playwright)	2026-07-13T20:44:30.7832016Z     ÔöÇÔöÇÔöÇÔöÇÔöÇÔöÇÔöÇÔöÇÔöÇÔöÇÔöÇÔöÇÔöÇÔöÇÔöÇÔöÇÔöÇÔöÇÔöÇÔöÇÔöÇÔöÇÔöÇÔöÇÔöÇÔöÇÔöÇÔöÇÔöÇÔöÇÔöÇÔöÇÔöÇÔöÇÔöÇÔöÇÔöÇÔöÇÔöÇÔöÇÔöÇÔöÇÔöÇÔöÇÔöÇÔöÇÔöÇÔöÇÔöÇÔöÇÔöÇÔöÇÔöÇÔöÇÔöÇÔöÇÔöÇÔöÇÔöÇÔöÇÔöÇÔöÇÔöÇÔöÇÔöÇÔöÇÔöÇÔöÇÔöÇÔöÇÔöÇÔöÇÔöÇÔöÇÔöÇÔöÇÔöÇÔöÇÔöÇÔöÇÔöÇÔöÇÔöÇÔöÇÔöÇÔöÇÔöÇÔöÇÔöÇÔöÇÔöÇÔöÇÔöÇÔöÇÔöÇÔöÇ
Public + security smoke (production build)	E2E smoke (build + start + Playwright)	2026-07-13T20:44:30.7832213Z 
Public + security smoke (production build)	E2E smoke (build + start + Playwright)	2026-07-13T20:44:30.7832501Z     Error Context: test-results/fi-ux-audit-labels-FI-UX-S-3f667-tive-on-front-desk-tomorrow-webkit/error-context.md
Public + security smoke (production build)	E2E smoke (build + start + Playwright)	2026-07-13T20:44:30.7832815Z 
Public + security smoke (production build)	E2E smoke (build + start + Playwright)	2026-07-13T20:44:30.7833246Z   45) [webkit] ÔÇ║ e2e/fi-ux-audit-labels.spec.ts:68:7 ÔÇ║ FI-UX S3.4 Front Desk cutover @smoke ÔÇ║ legacy /reception redirects to /front-desk and preserves bookingId/date 
Public + security smoke (production build)	E2E smoke (build + start + Playwright)	2026-07-13T20:44:30.7833602Z 
Public + security smoke (production build)	E2E smoke (build + start + Playwright)	2026-07-13T20:44:30.7833864Z     Error: ^[[2mexpect(^[[22m^[[31mpage^[[39m^[[2m).^[[22mtoHaveURL^[[2m(^[[22m^[[32mexpected^[[39m^[[2m)^[[22m failed
Public + security smoke (production build)	E2E smoke (build + start + Playwright)	2026-07-13T20:44:30.7834093Z 
Public + security smoke (production build)	E2E smoke (build + start + Playwright)	2026-07-13T20:44:30.7834221Z     Expected pattern: ^[[32m/\/front-desk\?/^[[39m
Public + security smoke (production build)	E2E smoke (build + start + Playwright)	2026-07-13T20:44:30.7834827Z     Received string:  ^[[31m"http://127.0.0.1:3000/follicle-intelligence/login?next=%2Ffi-admin%2F00000000-0000-4000-8000-000000000000%2Freception"^[[39m
Public + security smoke (production build)	E2E smoke (build + start + Playwright)	2026-07-13T20:44:30.7835222Z     Timeout: 15000ms
Public + security smoke (production build)	E2E smoke (build + start + Playwright)	2026-07-13T20:44:30.7835310Z 
Public + security smoke (production build)	E2E smoke (build + start + Playwright)	2026-07-13T20:44:30.7835375Z     Call log:
Public + security smoke (production build)	E2E smoke (build + start + Playwright)	2026-07-13T20:44:30.7835598Z     ^[[2m  - Expect "toHaveURL" with timeout 15000ms^[[22m
Public + security smoke (production build)	E2E smoke (build + start + Playwright)	2026-07-13T20:44:30.7836165Z     ^[[2m    18 ├ù unexpected value "http://127.0.0.1:3000/follicle-intelligence/login?next=%2Ffi-admin%2F00000000-0000-4000-8000-000000000000%2Freception"^[[22m
Public + security smoke (production build)	E2E smoke (build + start + Playwright)	2026-07-13T20:44:30.7836619Z 
Public + security smoke (production build)	E2E smoke (build + start + Playwright)	2026-07-13T20:44:30.7836627Z 
Public + security smoke (production build)	E2E smoke (build + start + Playwright)	2026-07-13T20:44:30.7836719Z       73 |       timeout: 60_000,
Public + security smoke (production build)	E2E smoke (build + start + Playwright)	2026-07-13T20:44:30.7836897Z       74 |     });
Public + security smoke (production build)	E2E smoke (build + start + Playwright)	2026-07-13T20:44:30.7837126Z     > 75 |     await expect(page).toHaveURL(new RegExp(`/front-desk\\?`));
Public + security smoke (production build)	E2E smoke (build + start + Playwright)	2026-07-13T20:44:30.7837393Z          |                        ^
Public + security smoke (production build)	E2E smoke (build + start + Playwright)	2026-07-13T20:44:30.7837604Z       76 |     const url = new URL(page.url());
Public + security smoke (production build)	E2E smoke (build + start + Playwright)	2026-07-13T20:44:30.7837897Z       77 |     expect(url.pathname.endsWith("/front-desk")).toBeTruthy();
Public + security smoke (production build)	E2E smoke (build + start + Playwright)	2026-07-13T20:44:30.7838213Z       78 |     expect(url.searchParams.get("bookingId")).toBe("abc");
Public + security smoke (production build)	E2E smoke (build + start + Playwright)	2026-07-13T20:44:30.7838643Z         at /home/runner/work/G-follicleintelligence/G-follicleintelligence/e2e/fi-ux-audit-labels.spec.ts:75:24
Public + security smoke (production build)	E2E smoke (build + start + Playwright)	2026-07-13T20:44:30.7838916Z 
Public + security smoke (production build)	E2E smoke (build + start + Playwright)	2026-07-13T20:44:30.7839236Z     attachment #1: screenshot (image/png) ÔöÇÔöÇÔöÇÔöÇÔöÇÔöÇÔöÇÔöÇÔöÇÔöÇÔöÇÔöÇÔöÇÔöÇÔöÇÔöÇÔöÇÔöÇÔöÇÔöÇÔöÇÔöÇÔöÇÔöÇÔöÇÔöÇÔöÇÔöÇÔöÇÔöÇÔöÇÔöÇÔöÇÔöÇÔöÇÔöÇÔöÇÔöÇÔöÇÔöÇÔöÇÔöÇÔöÇÔöÇÔöÇÔöÇÔöÇÔöÇÔöÇÔöÇÔöÇÔöÇÔöÇÔöÇÔöÇÔöÇÔöÇÔöÇ
Public + security smoke (production build)	E2E smoke (build + start + Playwright)	2026-07-13T20:44:30.7839715Z     test-results/fi-ux-audit-labels-FI-UX-S-9fdb6-nd-preserves-bookingId-date-webkit/test-failed-1.png
Public + security smoke (production build)	E2E smoke (build + start + Playwright)	2026-07-13T20:44:30.7840238Z     ÔöÇÔöÇÔöÇÔöÇÔöÇÔöÇÔöÇÔöÇÔöÇÔöÇÔöÇÔöÇÔöÇÔöÇÔöÇÔöÇÔöÇÔöÇÔöÇÔöÇÔöÇÔöÇÔöÇÔöÇÔöÇÔöÇÔöÇÔöÇÔöÇÔöÇÔöÇÔöÇÔöÇÔöÇÔöÇÔöÇÔöÇÔöÇÔöÇÔöÇÔöÇÔöÇÔöÇÔöÇÔöÇÔöÇÔöÇÔöÇÔöÇÔöÇÔöÇÔöÇÔöÇÔöÇÔöÇÔöÇÔöÇÔöÇÔöÇÔöÇÔöÇÔöÇÔöÇÔöÇÔöÇÔöÇÔöÇÔöÇÔöÇÔöÇÔöÇÔöÇÔöÇÔöÇÔöÇÔöÇÔöÇÔöÇÔöÇÔöÇÔöÇÔöÇÔöÇÔöÇÔöÇÔöÇÔöÇÔöÇÔöÇÔöÇÔöÇÔöÇÔöÇÔöÇÔöÇÔöÇ
Public + security smoke (production build)	E2E smoke (build + start + Playwright)	2026-07-13T20:44:30.7840424Z 
Public + security smoke (production build)	E2E smoke (build + start + Playwright)	2026-07-13T20:44:30.7840723Z     Error Context: test-results/fi-ux-audit-labels-FI-UX-S-9fdb6-nd-preserves-bookingId-date-webkit/error-context.md
Public + security smoke (production build)	E2E smoke (build + start + Playwright)	2026-07-13T20:44:30.7841035Z 
Public + security smoke (production build)	E2E smoke (build + start + Playwright)	2026-07-13T20:44:30.7841419Z   46) [webkit] ÔÇ║ e2e/fi-ux-audit-labels.spec.ts:87:7 ÔÇ║ FI-UX S3.4 Front Desk cutover @smoke ÔÇ║ legacy /reception-board and /operations redirect to Today 
Public + security smoke (production build)	E2E smoke (build + start + Playwright)	2026-07-13T20:44:30.7841763Z 
Public + security smoke (production build)	E2E smoke (build + start + Playwright)	2026-07-13T20:44:30.7842024Z     Error: ^[[2mexpect(^[[22m^[[31mpage^[[39m^[[2m).^[[22mtoHaveURL^[[2m(^[[22m^[[32mexpected^[[39m^[[2m)^[[22m failed
Public + security smoke (production build)	E2E smoke (build + start + Playwright)	2026-07-13T20:44:30.7842246Z 
Public + security smoke (production build)	E2E smoke (build + start + Playwright)	2026-07-13T20:44:30.7842378Z     Expected pattern: ^[[32m/\/front-desk$/^[[39m
Public + security smoke (production build)	E2E smoke (build + start + Playwright)	2026-07-13T20:44:30.7842929Z     Received string:  ^[[31m"http://127.0.0.1:3000/follicle-intelligence/login?next=%2Ffi-admin%2F00000000-0000-4000-8000-000000000000%2Freception-board"^[[39m
Public + security smoke (production build)	E2E smoke (build + start + Playwright)	2026-07-13T20:44:30.7843346Z     Timeout: 15000ms
Public + security smoke (production build)	E2E smoke (build + start + Playwright)	2026-07-13T20:44:30.7843438Z 
Public + security smoke (production build)	E2E smoke (build + start + Playwright)	2026-07-13T20:44:30.7843506Z     Call log:
Public + security smoke (production build)	E2E smoke (build + start + Playwright)	2026-07-13T20:44:30.7843730Z     ^[[2m  - Expect "toHaveURL" with timeout 15000ms^[[22m
Public + security smoke (production build)	E2E smoke (build + start + Playwright)	2026-07-13T20:44:30.7844296Z     ^[[2m    18 ├ù unexpected value "http://127.0.0.1:3000/follicle-intelligence/login?next=%2Ffi-admin%2F00000000-0000-4000-8000-000000000000%2Freception-board"^[[22m
Public + security smoke (production build)	E2E smoke (build + start + Playwright)	2026-07-13T20:44:30.7844653Z 
Public + security smoke (production build)	E2E smoke (build + start + Playwright)	2026-07-13T20:44:30.7844707Z 
Public + security smoke (production build)	E2E smoke (build + start + Playwright)	2026-07-13T20:44:30.7844847Z       88 |     for (const path of ["reception-board", "operations"]) {
Public + security smoke (production build)	E2E smoke (build + start + Playwright)	2026-07-13T20:44:30.7845209Z       89 |       await page.goto(`${BASE()}/${path}`, { waitUntil: "domcontentloaded", timeout: 60_000 });
Public + security smoke (production build)	E2E smoke (build + start + Playwright)	2026-07-13T20:44:30.7845563Z     > 90 |       await expect(page).toHaveURL(new RegExp(`/front-desk$`));
Public + security smoke (production build)	E2E smoke (build + start + Playwright)	2026-07-13T20:44:30.7845817Z          |                          ^
Public + security smoke (production build)	E2E smoke (build + start + Playwright)	2026-07-13T20:44:30.7845991Z       91 |     }
Public + security smoke (production build)	E2E smoke (build + start + Playwright)	2026-07-13T20:44:30.7846129Z       92 |   });
Public + security smoke (production build)	E2E smoke (build + start + Playwright)	2026-07-13T20:44:30.7846261Z       93 |
Public + security smoke (production build)	E2E smoke (build + start + Playwright)	2026-07-13T20:44:30.7846659Z         at /home/runner/work/G-follicleintelligence/G-follicleintelligence/e2e/fi-ux-audit-labels.spec.ts:90:26
Public + security smoke (production build)	E2E smoke (build + start + Playwright)	2026-07-13T20:44:30.7846943Z 
Public + security smoke (production build)	E2E smoke (build + start + Playwright)	2026-07-13T20:44:30.7847206Z     attachment #1: screenshot (image/png) ÔöÇÔöÇÔöÇÔöÇÔöÇÔöÇÔöÇÔöÇÔöÇÔöÇÔöÇÔöÇÔöÇÔöÇÔöÇÔöÇÔöÇÔöÇÔöÇÔöÇÔöÇÔöÇÔöÇÔöÇÔöÇÔöÇÔöÇÔöÇÔöÇÔöÇÔöÇÔöÇÔöÇÔöÇÔöÇÔöÇÔöÇÔöÇÔöÇÔöÇÔöÇÔöÇÔöÇÔöÇÔöÇÔöÇÔöÇÔöÇÔöÇÔöÇÔöÇÔöÇÔöÇÔöÇÔöÇÔöÇÔöÇÔöÇ
Public + security smoke (production build)	E2E smoke (build + start + Playwright)	2026-07-13T20:44:30.7847685Z     test-results/fi-ux-audit-labels-FI-UX-S-3e308-perations-redirect-to-Today-webkit/test-failed-1.png
Public + security smoke (production build)	E2E smoke (build + start + Playwright)	2026-07-13T20:44:30.7848194Z     ÔöÇÔöÇÔöÇÔöÇÔöÇÔöÇÔöÇÔöÇÔöÇÔöÇÔöÇÔöÇÔöÇÔöÇÔöÇÔöÇÔöÇÔöÇÔöÇÔöÇÔöÇÔöÇÔöÇÔöÇÔöÇÔöÇÔöÇÔöÇÔöÇÔöÇÔöÇÔöÇÔöÇÔöÇÔöÇÔöÇÔöÇÔöÇÔöÇÔöÇÔöÇÔöÇÔöÇÔöÇÔöÇÔöÇÔöÇÔöÇÔöÇÔöÇÔöÇÔöÇÔöÇÔöÇÔöÇÔöÇÔöÇÔöÇÔöÇÔöÇÔöÇÔöÇÔöÇÔöÇÔöÇÔöÇÔöÇÔöÇÔöÇÔöÇÔöÇÔöÇÔöÇÔöÇÔöÇÔöÇÔöÇÔöÇÔöÇÔöÇÔöÇÔöÇÔöÇÔöÇÔöÇÔöÇÔöÇÔöÇÔöÇÔöÇÔöÇÔöÇÔöÇÔöÇÔöÇÔöÇ
Public + security smoke (production build)	E2E smoke (build + start + Playwright)	2026-07-13T20:44:30.7848387Z 
Public + security smoke (production build)	E2E smoke (build + start + Playwright)	2026-07-13T20:44:30.7848684Z     Error Context: test-results/fi-ux-audit-labels-FI-UX-S-3e308-perations-redirect-to-Today-webkit/error-context.md
Public + security smoke (production build)	E2E smoke (build + start + Playwright)	2026-07-13T20:44:30.7848991Z 
Public + security smoke (production build)	E2E smoke (build + start + Playwright)	2026-07-13T20:44:30.7849367Z   47) [webkit] ÔÇ║ e2e/fi-ux-audit-labels.spec.ts:94:7 ÔÇ║ FI-UX S3.4 Front Desk cutover @smoke ÔÇ║ legacy /tomorrow redirects to /front-desk/tomorrow 
Public + security smoke (production build)	E2E smoke (build + start + Playwright)	2026-07-13T20:44:30.7849743Z 
Public + security smoke (production build)	E2E smoke (build + start + Playwright)	2026-07-13T20:44:30.7849995Z     Error: ^[[2mexpect(^[[22m^[[31mpage^[[39m^[[2m).^[[22mtoHaveURL^[[2m(^[[22m^[[32mexpected^[[39m^[[2m)^[[22m failed
Public + security smoke (production build)	E2E smoke (build + start + Playwright)	2026-07-13T20:44:30.7850226Z 
Public + security smoke (production build)	E2E smoke (build + start + Playwright)	2026-07-13T20:44:30.7850376Z     Expected pattern: ^[[32m/\/front-desk\/tomorrow/^[[39m
Public + security smoke (production build)	E2E smoke (build + start + Playwright)	2026-07-13T20:44:30.7850916Z     Received string:  ^[[31m"http://127.0.0.1:3000/follicle-intelligence/login?next=%2Ffi-admin%2F00000000-0000-4000-8000-000000000000%2Ftomorrow"^[[39m
Public + security smoke (production build)	E2E smoke (build + start + Playwright)	2026-07-13T20:44:30.7851315Z     Timeout: 15000ms
Public + security smoke (production build)	E2E smoke (build + start + Playwright)	2026-07-13T20:44:30.7851415Z 
Public + security smoke (production build)	E2E smoke (build + start + Playwright)	2026-07-13T20:44:30.7851478Z     Call log:
Public + security smoke (production build)	E2E smoke (build + start + Playwright)	2026-07-13T20:44:30.7851707Z     ^[[2m  - Expect "toHaveURL" with timeout 15000ms^[[22m
Public + security smoke (production build)	E2E smoke (build + start + Playwright)	2026-07-13T20:44:30.7852255Z     ^[[2m    18 ├ù unexpected value "http://127.0.0.1:3000/follicle-intelligence/login?next=%2Ffi-admin%2F00000000-0000-4000-8000-000000000000%2Ftomorrow"^[[22m
Public + security smoke (production build)	E2E smoke (build + start + Playwright)	2026-07-13T20:44:30.7852597Z 
Public + security smoke (production build)	E2E smoke (build + start + Playwright)	2026-07-13T20:44:30.7852605Z 
Public + security smoke (production build)	E2E smoke (build + start + Playwright)	2026-07-13T20:44:30.7852795Z       94 |   test("legacy /tomorrow redirects to /front-desk/tomorrow", async ({ page }) => {
Public + security smoke (production build)	E2E smoke (build + start + Playwright)	2026-07-13T20:44:30.7853229Z       95 |     await page.goto(`${BASE()}/tomorrow`, { waitUntil: "domcontentloaded", timeout: 60_000 });
Public + security smoke (production build)	E2E smoke (build + start + Playwright)	2026-07-13T20:44:30.7853617Z     > 96 |     await expect(page).toHaveURL(new RegExp(`/front-desk/tomorrow`));
Public + security smoke (production build)	E2E smoke (build + start + Playwright)	2026-07-13T20:44:30.7853884Z          |                        ^
Public + security smoke (production build)	E2E smoke (build + start + Playwright)	2026-07-13T20:44:30.7854055Z       97 |   });
Public + security smoke (production build)	E2E smoke (build + start + Playwright)	2026-07-13T20:44:30.7854202Z       98 |
Public + security smoke (production build)	E2E smoke (build + start + Playwright)	2026-07-13T20:44:30.7854456Z       99 |   test("legacy front-desk subroutes redirect to Today", async ({ page }) => {
Public + security smoke (production build)	E2E smoke (build + start + Playwright)	2026-07-13T20:44:30.7854915Z         at /home/runner/work/G-follicleintelligence/G-follicleintelligence/e2e/fi-ux-audit-labels.spec.ts:96:24
Public + security smoke (production build)	E2E smoke (build + start + Playwright)	2026-07-13T20:44:30.7855192Z 
Public + security smoke (production build)	E2E smoke (build + start + Playwright)	2026-07-13T20:44:30.7855444Z     attachment #1: screenshot (image/png) ÔöÇÔöÇÔöÇÔöÇÔöÇÔöÇÔöÇÔöÇÔöÇÔöÇÔöÇÔöÇÔöÇÔöÇÔöÇÔöÇÔöÇÔöÇÔöÇÔöÇÔöÇÔöÇÔöÇÔöÇÔöÇÔöÇÔöÇÔöÇÔöÇÔöÇÔöÇÔöÇÔöÇÔöÇÔöÇÔöÇÔöÇÔöÇÔöÇÔöÇÔöÇÔöÇÔöÇÔöÇÔöÇÔöÇÔöÇÔöÇÔöÇÔöÇÔöÇÔöÇÔöÇÔöÇÔöÇÔöÇÔöÇÔöÇ
Public + security smoke (production build)	E2E smoke (build + start + Playwright)	2026-07-13T20:44:30.7855929Z     test-results/fi-ux-audit-labels-FI-UX-S-be950-ects-to-front-desk-tomorrow-webkit/test-failed-1.png
Public + security smoke (production build)	E2E smoke (build + start + Playwright)	2026-07-13T20:44:30.7856519Z     ÔöÇÔöÇÔöÇÔöÇÔöÇÔöÇÔöÇÔöÇÔöÇÔöÇÔöÇÔöÇÔöÇÔöÇÔöÇÔöÇÔöÇÔöÇÔöÇÔöÇÔöÇÔöÇÔöÇÔöÇÔöÇÔöÇÔöÇÔöÇÔöÇÔöÇÔöÇÔöÇÔöÇÔöÇÔöÇÔöÇÔöÇÔöÇÔöÇÔöÇÔöÇÔöÇÔöÇÔöÇÔöÇÔöÇÔöÇÔöÇÔöÇÔöÇÔöÇÔöÇÔöÇÔöÇÔöÇÔöÇÔöÇÔöÇÔöÇÔöÇÔöÇÔöÇÔöÇÔöÇÔöÇÔöÇÔöÇÔöÇÔöÇÔöÇÔöÇÔöÇÔöÇÔöÇÔöÇÔöÇÔöÇÔöÇÔöÇÔöÇÔöÇÔöÇÔöÇÔöÇÔöÇÔöÇÔöÇÔöÇÔöÇÔöÇÔöÇÔöÇÔöÇÔöÇÔöÇÔöÇ
Public + security smoke (production build)	E2E smoke (build + start + Playwright)	2026-07-13T20:44:30.7856725Z 
Public + security smoke (production build)	E2E smoke (build + start + Playwright)	2026-07-13T20:44:30.7857015Z     Error Context: test-results/fi-ux-audit-labels-FI-UX-S-be950-ects-to-front-desk-tomorrow-webkit/error-context.md
Public + security smoke (production build)	E2E smoke (build + start + Playwright)	2026-07-13T20:44:30.7857328Z 
Public + security smoke (production build)	E2E smoke (build + start + Playwright)	2026-07-13T20:44:30.7857698Z   48) [webkit] ÔÇ║ e2e/fi-ux-audit-labels.spec.ts:99:7 ÔÇ║ FI-UX S3.4 Front Desk cutover @smoke ÔÇ║ legacy front-desk subroutes redirect to Today 
Public + security smoke (production build)	E2E smoke (build + start + Playwright)	2026-07-13T20:44:30.7858005Z 
Public + security smoke (production build)	E2E smoke (build + start + Playwright)	2026-07-13T20:44:30.7858265Z     Error: ^[[2mexpect(^[[22m^[[31mpage^[[39m^[[2m).^[[22mtoHaveURL^[[2m(^[[22m^[[32mexpected^[[39m^[[2m)^[[22m failed
Public + security smoke (production build)	E2E smoke (build + start + Playwright)	2026-07-13T20:44:30.7858547Z 
Public + security smoke (production build)	E2E smoke (build + start + Playwright)	2026-07-13T20:44:30.7858674Z     Expected pattern: ^[[32m/\/front-desk$/^[[39m
Public + security smoke (production build)	E2E smoke (build + start + Playwright)	2026-07-13T20:44:30.7859253Z     Received string:  ^[[31m"http://127.0.0.1:3000/follicle-intelligence/login?next=%2Ffi-admin%2F00000000-0000-4000-8000-000000000000%2Ffront-desk%2Fclinic-flow"^[[39m
Public + security smoke (production build)	E2E smoke (build + start + Playwright)	2026-07-13T20:44:30.7859686Z     Timeout: 15000ms
Public + security smoke (production build)	E2E smoke (build + start + Playwright)	2026-07-13T20:44:30.7859785Z 
Public + security smoke (production build)	E2E smoke (build + start + Playwright)	2026-07-13T20:44:30.7859843Z     Call log:
Public + security smoke (production build)	E2E smoke (build + start + Playwright)	2026-07-13T20:44:30.7860068Z     ^[[2m  - Expect "toHaveURL" with timeout 15000ms^[[22m
Public + security smoke (production build)	E2E smoke (build + start + Playwright)	2026-07-13T20:44:30.7860663Z     ^[[2m    18 ├ù unexpected value "http://127.0.0.1:3000/follicle-intelligence/login?next=%2Ffi-admin%2F00000000-0000-4000-8000-000000000000%2Ffront-desk%2Fclinic-flow"^[[22m
Public + security smoke (production build)	E2E smoke (build + start + Playwright)	2026-07-13T20:44:30.7861028Z 
Public + security smoke (production build)	E2E smoke (build + start + Playwright)	2026-07-13T20:44:30.7861031Z 
Public + security smoke (production build)	E2E smoke (build + start + Playwright)	2026-07-13T20:44:30.7861221Z       100 |     for (const path of ["front-desk/clinic-flow", "front-desk/reception-board"]) {
Public + security smoke (production build)	E2E smoke (build + start + Playwright)	2026-07-13T20:44:30.7861635Z       101 |       await page.goto(`${BASE()}/${path}`, { waitUntil: "domcontentloaded", timeout: 60_000 });
Public + security smoke (production build)	E2E smoke (build + start + Playwright)	2026-07-13T20:44:30.7862016Z     > 102 |       await expect(page).toHaveURL(new RegExp(`/front-desk$`));
Public + security smoke (production build)	E2E smoke (build + start + Playwright)	2026-07-13T20:44:30.7862271Z           |                          ^
Public + security smoke (production build)	E2E smoke (build + start + Playwright)	2026-07-13T20:44:30.7862441Z       103 |     }
Public + security smoke (production build)	E2E smoke (build + start + Playwright)	2026-07-13T20:44:30.7862581Z       104 |   });
Public + security smoke (production build)	E2E smoke (build + start + Playwright)	2026-07-13T20:44:30.7862778Z       105 |
Public + security smoke (production build)	E2E smoke (build + start + Playwright)	2026-07-13T20:44:30.7863108Z         at /home/runner/work/G-follicleintelligence/G-follicleintelligence/e2e/fi-ux-audit-labels.spec.ts:102:26
Public + security smoke (production build)	E2E smoke (build + start + Playwright)	2026-07-13T20:44:30.7863377Z 
Public + security smoke (production build)	E2E smoke (build + start + Playwright)	2026-07-13T20:44:30.7863641Z     attachment #1: screenshot (image/png) ÔöÇÔöÇÔöÇÔöÇÔöÇÔöÇÔöÇÔöÇÔöÇÔöÇÔöÇÔöÇÔöÇÔöÇÔöÇÔöÇÔöÇÔöÇÔöÇÔöÇÔöÇÔöÇÔöÇÔöÇÔöÇÔöÇÔöÇÔöÇÔöÇÔöÇÔöÇÔöÇÔöÇÔöÇÔöÇÔöÇÔöÇÔöÇÔöÇÔöÇÔöÇÔöÇÔöÇÔöÇÔöÇÔöÇÔöÇÔöÇÔöÇÔöÇÔöÇÔöÇÔöÇÔöÇÔöÇÔöÇÔöÇÔöÇ
Public + security smoke (production build)	E2E smoke (build + start + Playwright)	2026-07-13T20:44:30.7864120Z     test-results/fi-ux-audit-labels-FI-UX-S-dc14d-subroutes-redirect-to-Today-webkit/test-failed-1.png
Public + security smoke (production build)	E2E smoke (build + start + Playwright)	2026-07-13T20:44:30.7864642Z     ÔöÇÔöÇÔöÇÔöÇÔöÇÔöÇÔöÇÔöÇÔöÇÔöÇÔöÇÔöÇÔöÇÔöÇÔöÇÔöÇÔöÇÔöÇÔöÇÔöÇÔöÇÔöÇÔöÇÔöÇÔöÇÔöÇÔöÇÔöÇÔöÇÔöÇÔöÇÔöÇÔöÇÔöÇÔöÇÔöÇÔöÇÔöÇÔöÇÔöÇÔöÇÔöÇÔöÇÔöÇÔöÇÔöÇÔöÇÔöÇÔöÇÔöÇÔöÇÔöÇÔöÇÔöÇÔöÇÔöÇÔöÇÔöÇÔöÇÔöÇÔöÇÔöÇÔöÇÔöÇÔöÇÔöÇÔöÇÔöÇÔöÇÔöÇÔöÇÔöÇÔöÇÔöÇÔöÇÔöÇÔöÇÔöÇÔöÇÔöÇÔöÇÔöÇÔöÇÔöÇÔöÇÔöÇÔöÇÔöÇÔöÇÔöÇÔöÇÔöÇÔöÇÔöÇÔöÇÔöÇ
Public + security smoke (production build)	E2E smoke (build + start + Playwright)	2026-07-13T20:44:30.7864824Z 
Public + security smoke (production build)	E2E smoke (build + start + Playwright)	2026-07-13T20:44:30.7865118Z     Error Context: test-results/fi-ux-audit-labels-FI-UX-S-dc14d-subroutes-redirect-to-Today-webkit/error-context.md
Public + security smoke (production build)	E2E smoke (build + start + Playwright)	2026-07-13T20:44:30.7865442Z 
Public + security smoke (production build)	E2E smoke (build + start + Playwright)	2026-07-13T20:44:30.7865807Z   49) [webkit] ÔÇ║ e2e/fi-ux-audit-labels.spec.ts:121:7 ÔÇ║ FI-UX S3.4 Front Desk cutover @smoke ÔÇ║ top bar search and quick create remain available 
Public + security smoke (production build)	E2E smoke (build + start + Playwright)	2026-07-13T20:44:30.7866126Z 
Public + security smoke (production build)	E2E smoke (build + start + Playwright)	2026-07-13T20:44:30.7866359Z     Error: ^[[2mexpect(^[[22m^[[31mlocator^[[39m^[[2m).^[[22mtoBeVisible^[[2m(^[[22m^[[2m)^[[22m failed
Public + security smoke (production build)	E2E smoke (build + start + Playwright)	2026-07-13T20:44:30.7866643Z 
Public + security smoke (production build)	E2E smoke (build + start + Playwright)	2026-07-13T20:44:30.7866920Z     Locator: getByRole('button', { name: /open workspace search/i }).or(getByRole('button', { name: /open search/i })).first()
Public + security smoke (production build)	E2E smoke (build + start + Playwright)	2026-07-13T20:44:30.7867267Z     Expected: visible
Public + security smoke (production build)	E2E smoke (build + start + Playwright)	2026-07-13T20:44:30.7867432Z     Timeout: 30000ms
Public + security smoke (production build)	E2E smoke (build + start + Playwright)	2026-07-13T20:44:30.7867608Z     Error: element(s) not found
Public + security smoke (production build)	E2E smoke (build + start + Playwright)	2026-07-13T20:44:30.7867716Z 
Public + security smoke (production build)	E2E smoke (build + start + Playwright)	2026-07-13T20:44:30.7867782Z     Call log:
Public + security smoke (production build)	E2E smoke (build + start + Playwright)	2026-07-13T20:44:30.7868014Z     ^[[2m  - Expect "toBeVisible" with timeout 30000ms^[[22m
Public + security smoke (production build)	E2E smoke (build + start + Playwright)	2026-07-13T20:44:30.7868513Z     ^[[2m  - waiting for getByRole('button', { name: /open workspace search/i }).or(getByRole('button', { name: /open search/i })).first()^[[22m
Public + security smoke (production build)	E2E smoke (build + start + Playwright)	2026-07-13T20:44:30.7868873Z 
Public + security smoke (production build)	E2E smoke (build + start + Playwright)	2026-07-13T20:44:30.7868878Z 
Public + security smoke (production build)	E2E smoke (build + start + Playwright)	2026-07-13T20:44:30.7869026Z       124 |       .getByRole("button", { name: /open workspace search/i })
Public + security smoke (production build)	E2E smoke (build + start + Playwright)	2026-07-13T20:44:30.7869334Z       125 |       .or(page.getByRole("button", { name: /open search/i }));
Public + security smoke (production build)	E2E smoke (build + start + Playwright)	2026-07-13T20:44:30.7869664Z     > 126 |     await expect(search.first()).toBeVisible({ timeout: 30_000 });
Public + security smoke (production build)	E2E smoke (build + start + Playwright)	2026-07-13T20:44:30.7869942Z           |                                  ^
Public + security smoke (production build)	E2E smoke (build + start + Playwright)	2026-07-13T20:44:30.7870148Z       127 |     const create = page
Public + security smoke (production build)	E2E smoke (build + start + Playwright)	2026-07-13T20:44:30.7870393Z       128 |       .getByRole("button", { name: /open quick create/i })
Public + security smoke (production build)	E2E smoke (build + start + Playwright)	2026-07-13T20:44:30.7870686Z       129 |       .or(page.getByRole("button", { name: /open new/i }));
Public + security smoke (production build)	E2E smoke (build + start + Playwright)	2026-07-13T20:44:30.7871115Z         at /home/runner/work/G-follicleintelligence/G-follicleintelligence/e2e/fi-ux-audit-labels.spec.ts:126:34
Public + security smoke (production build)	E2E smoke (build + start + Playwright)	2026-07-13T20:44:30.7871393Z 
Public + security smoke (production build)	E2E smoke (build + start + Playwright)	2026-07-13T20:44:30.7871671Z     attachment #1: screenshot (image/png) ÔöÇÔöÇÔöÇÔöÇÔöÇÔöÇÔöÇÔöÇÔöÇÔöÇÔöÇÔöÇÔöÇÔöÇÔöÇÔöÇÔöÇÔöÇÔöÇÔöÇÔöÇÔöÇÔöÇÔöÇÔöÇÔöÇÔöÇÔöÇÔöÇÔöÇÔöÇÔöÇÔöÇÔöÇÔöÇÔöÇÔöÇÔöÇÔöÇÔöÇÔöÇÔöÇÔöÇÔöÇÔöÇÔöÇÔöÇÔöÇÔöÇÔöÇÔöÇÔöÇÔöÇÔöÇÔöÇÔöÇÔöÇÔöÇ
Public + security smoke (production build)	E2E smoke (build + start + Playwright)	2026-07-13T20:44:30.7872215Z     test-results/fi-ux-audit-labels-FI-UX-S-11b49-ick-create-remain-available-webkit/test-failed-1.png
Public + security smoke (production build)	E2E smoke (build + start + Playwright)	2026-07-13T20:44:30.7872737Z     ÔöÇÔöÇÔöÇÔöÇÔöÇÔöÇÔöÇÔöÇÔöÇÔöÇÔöÇÔöÇÔöÇÔöÇÔöÇÔöÇÔöÇÔöÇÔöÇÔöÇÔöÇÔöÇÔöÇÔöÇÔöÇÔöÇÔöÇÔöÇÔöÇÔöÇÔöÇÔöÇÔöÇÔöÇÔöÇÔöÇÔöÇÔöÇÔöÇÔöÇÔöÇÔöÇÔöÇÔöÇÔöÇÔöÇÔöÇÔöÇÔöÇÔöÇÔöÇÔöÇÔöÇÔöÇÔöÇÔöÇÔöÇÔöÇÔöÇÔöÇÔöÇÔöÇÔöÇÔöÇÔöÇÔöÇÔöÇÔöÇÔöÇÔöÇÔöÇÔöÇÔöÇÔöÇÔöÇÔöÇÔöÇÔöÇÔöÇÔöÇÔöÇÔöÇÔöÇÔöÇÔöÇÔöÇÔöÇÔöÇÔöÇÔöÇÔöÇÔöÇÔöÇÔöÇÔöÇÔöÇ
Public + security smoke (production build)	E2E smoke (build + start + Playwright)	2026-07-13T20:44:30.7872971Z 
Public + security smoke (production build)	E2E smoke (build + start + Playwright)	2026-07-13T20:44:30.7873265Z     Error Context: test-results/fi-ux-audit-labels-FI-UX-S-11b49-ick-create-remain-available-webkit/error-context.md
Public + security smoke (production build)	E2E smoke (build + start + Playwright)	2026-07-13T20:44:30.7873574Z 
Public + security smoke (production build)	E2E smoke (build + start + Playwright)	2026-07-13T20:44:30.7873975Z   50) [webkit] ÔÇ║ e2e/fi-ux-audit-labels.spec.ts:133:7 ÔÇ║ FI-UX S3.4 Front Desk cutover @smoke ÔÇ║ tablet 768├ù1024 has no horizontal document overflow on Today 
Public + security smoke (production build)	E2E smoke (build + start + Playwright)	2026-07-13T20:44:30.7874310Z 
Public + security smoke (production build)	E2E smoke (build + start + Playwright)	2026-07-13T20:44:30.7874543Z     Error: ^[[2mexpect(^[[22m^[[31mlocator^[[39m^[[2m).^[[22mtoBeVisible^[[2m(^[[22m^[[2m)^[[22m failed
Public + security smoke (production build)	E2E smoke (build + start + Playwright)	2026-07-13T20:44:30.7874756Z 
Public + security smoke (production build)	E2E smoke (build + start + Playwright)	2026-07-13T20:44:30.7874890Z     Locator: getByRole('heading', { name: 'Today', level: 1 })
Public + security smoke (production build)	E2E smoke (build + start + Playwright)	2026-07-13T20:44:30.7875126Z     Expected: visible
Public + security smoke (production build)	E2E smoke (build + start + Playwright)	2026-07-13T20:44:30.7875288Z     Timeout: 30000ms
Public + security smoke (production build)	E2E smoke (build + start + Playwright)	2026-07-13T20:44:30.7875464Z     Error: element(s) not found
Public + security smoke (production build)	E2E smoke (build + start + Playwright)	2026-07-13T20:44:30.7875571Z 
Public + security smoke (production build)	E2E smoke (build + start + Playwright)	2026-07-13T20:44:30.7875636Z     Call log:
Public + security smoke (production build)	E2E smoke (build + start + Playwright)	2026-07-13T20:44:30.7875861Z     ^[[2m  - Expect "toBeVisible" with timeout 30000ms^[[22m
Public + security smoke (production build)	E2E smoke (build + start + Playwright)	2026-07-13T20:44:30.7876200Z     ^[[2m  - waiting for getByRole('heading', { name: 'Today', level: 1 })^[[22m
Public + security smoke (production build)	E2E smoke (build + start + Playwright)	2026-07-13T20:44:30.7876465Z 
Public + security smoke (production build)	E2E smoke (build + start + Playwright)	2026-07-13T20:44:30.7876472Z 
Public + security smoke (production build)	E2E smoke (build + start + Playwright)	2026-07-13T20:44:30.7876627Z       134 |     await page.setViewportSize({ width: 768, height: 1024 });
Public + security smoke (production build)	E2E smoke (build + start + Playwright)	2026-07-13T20:44:30.7877022Z       135 |     await page.goto(`${BASE()}/front-desk`, { waitUntil: "domcontentloaded", timeout: 60_000 });
Public + security smoke (production build)	E2E smoke (build + start + Playwright)	2026-07-13T20:44:30.7877447Z     > 136 |     await expect(page.getByRole("heading", { name: "Today", level: 1 })).toBeVisible({
Public + security smoke (production build)	E2E smoke (build + start + Playwright)	2026-07-13T20:44:30.7877796Z           |                                                                          ^
Public + security smoke (production build)	E2E smoke (build + start + Playwright)	2026-07-13T20:44:30.7878023Z       137 |       timeout: 30_000,
Public + security smoke (production build)	E2E smoke (build + start + Playwright)	2026-07-13T20:44:30.7878199Z       138 |     });
Public + security smoke (production build)	E2E smoke (build + start + Playwright)	2026-07-13T20:44:30.7878401Z       139 |     const overflow = await page.evaluate(() => {
Public + security smoke (production build)	E2E smoke (build + start + Playwright)	2026-07-13T20:44:30.7878797Z         at /home/runner/work/G-follicleintelligence/G-follicleintelligence/e2e/fi-ux-audit-labels.spec.ts:136:74
Public + security smoke (production build)	E2E smoke (build + start + Playwright)	2026-07-13T20:44:30.7879075Z 
Public + security smoke (production build)	E2E smoke (build + start + Playwright)	2026-07-13T20:44:30.7879342Z     attachment #1: screenshot (image/png) ÔöÇÔöÇÔöÇÔöÇÔöÇÔöÇÔöÇÔöÇÔöÇÔöÇÔöÇÔöÇÔöÇÔöÇÔöÇÔöÇÔöÇÔöÇÔöÇÔöÇÔöÇÔöÇÔöÇÔöÇÔöÇÔöÇÔöÇÔöÇÔöÇÔöÇÔöÇÔöÇÔöÇÔöÇÔöÇÔöÇÔöÇÔöÇÔöÇÔöÇÔöÇÔöÇÔöÇÔöÇÔöÇÔöÇÔöÇÔöÇÔöÇÔöÇÔöÇÔöÇÔöÇÔöÇÔöÇÔöÇÔöÇÔöÇ
Public + security smoke (production build)	E2E smoke (build + start + Playwright)	2026-07-13T20:44:30.7879818Z     test-results/fi-ux-audit-labels-FI-UX-S-31ca6--document-overflow-on-Today-webkit/test-failed-1.png
Public + security smoke (production build)	E2E smoke (build + start + Playwright)	2026-07-13T20:44:30.7880335Z     ÔöÇÔöÇÔöÇÔöÇÔöÇÔöÇÔöÇÔöÇÔöÇÔöÇÔöÇÔöÇÔöÇÔöÇÔöÇÔöÇÔöÇÔöÇÔöÇÔöÇÔöÇÔöÇÔöÇÔöÇÔöÇÔöÇÔöÇÔöÇÔöÇÔöÇÔöÇÔöÇÔöÇÔöÇÔöÇÔöÇÔöÇÔöÇÔöÇÔöÇÔöÇÔöÇÔöÇÔöÇÔöÇÔöÇÔöÇÔöÇÔöÇÔöÇÔöÇÔöÇÔöÇÔöÇÔöÇÔöÇÔöÇÔöÇÔöÇÔöÇÔöÇÔöÇÔöÇÔöÇÔöÇÔöÇÔöÇÔöÇÔöÇÔöÇÔöÇÔöÇÔöÇÔöÇÔöÇÔöÇÔöÇÔöÇÔöÇÔöÇÔöÇÔöÇÔöÇÔöÇÔöÇÔöÇÔöÇÔöÇÔöÇÔöÇÔöÇÔöÇÔöÇÔöÇÔöÇÔöÇ
Public + security smoke (production build)	E2E smoke (build + start + Playwright)	2026-07-13T20:44:30.7880525Z 
Public + security smoke (production build)	E2E smoke (build + start + Playwright)	2026-07-13T20:44:30.7880816Z     Error Context: test-results/fi-ux-audit-labels-FI-UX-S-31ca6--document-overflow-on-Today-webkit/error-context.md
Public + security smoke (production build)	E2E smoke (build + start + Playwright)	2026-07-13T20:44:30.7881123Z 
Public + security smoke (production build)	E2E smoke (build + start + Playwright)	2026-07-13T20:44:30.7881610Z   51) [webkit] ÔÇ║ e2e/security/unauthenticated-access.spec.ts:63:7 ÔÇ║ unauthenticated access ÔÇö fails closed @security ÔÇ║ protected tenant patients API fails closed without a session 
Public + security smoke (production build)	E2E smoke (build + start + Playwright)	2026-07-13T20:44:30.7882112Z 
Public + security smoke (production build)	E2E smoke (build + start + Playwright)	2026-07-13T20:44:30.7882284Z     Error: expected 401/403 (or redirect) for unauthenticated patients API, got 404
Public + security smoke (production build)	E2E smoke (build + start + Playwright)	2026-07-13T20:44:30.7882492Z 
Public + security smoke (production build)	E2E smoke (build + start + Playwright)	2026-07-13T20:44:30.7882773Z     ^[[2mexpect(^[[22m^[[31mreceived^[[39m^[[2m).^[[22mtoBe^[[2m(^[[22m^[[32mexpected^[[39m^[[2m) // Object.is equality^[[22m
Public + security smoke (production build)	E2E smoke (build + start + Playwright)	2026-07-13T20:44:30.7883028Z 
Public + security smoke (production build)	E2E smoke (build + start + Playwright)	2026-07-13T20:44:30.7883118Z     Expected: ^[[32mtrue^[[39m
Public + security smoke (production build)	E2E smoke (build + start + Playwright)	2026-07-13T20:44:30.7883318Z     Received: ^[[31mfalse^[[39m
Public + security smoke (production build)	E2E smoke (build + start + Playwright)	2026-07-13T20:44:30.7883433Z 
Public + security smoke (production build)	E2E smoke (build + start + Playwright)	2026-07-13T20:44:30.7883544Z       73 |       [401, 403, 302, 303, 307].includes(status),
Public + security smoke (production build)	E2E smoke (build + start + Playwright)	2026-07-13T20:44:30.7883872Z       74 |       `expected 401/403 (or redirect) for unauthenticated patients API, got ${status}`
Public + security smoke (production build)	E2E smoke (build + start + Playwright)	2026-07-13T20:44:30.7884153Z     > 75 |     ).toBe(true);
Public + security smoke (production build)	E2E smoke (build + start + Playwright)	2026-07-13T20:44:30.7884315Z          |       ^
Public + security smoke (production build)	E2E smoke (build + start + Playwright)	2026-07-13T20:44:30.7884470Z       76 |   });
Public + security smoke (production build)	E2E smoke (build + start + Playwright)	2026-07-13T20:44:30.7884609Z       77 |
Public + security smoke (production build)	E2E smoke (build + start + Playwright)	2026-07-13T20:44:30.7884882Z       78 |   test("cron reminder route rejects unauthenticated calls", async ({ request }) => {
Public + security smoke (production build)	E2E smoke (build + start + Playwright)	2026-07-13T20:44:30.7885391Z         at /home/runner/work/G-follicleintelligence/G-follicleintelligence/e2e/security/unauthenticated-access.spec.ts:75:7
Public + security smoke (production build)	E2E smoke (build + start + Playwright)	2026-07-13T20:44:30.7885707Z 
Public + security smoke (production build)	E2E smoke (build + start + Playwright)	2026-07-13T20:44:30.7886165Z   52) [webkit] ÔÇ║ e2e/security/unauthenticated-access.spec.ts:78:7 ÔÇ║ unauthenticated access ÔÇö fails closed @security ÔÇ║ cron reminder route rejects unauthenticated calls 
Public + security smoke (production build)	E2E smoke (build + start + Playwright)	2026-07-13T20:44:30.7886662Z 
Public + security smoke (production build)	E2E smoke (build + start + Playwright)	2026-07-13T20:44:30.7886811Z     Error: expected 401/403/500 for unauthenticated cron, got 503
Public + security smoke (production build)	E2E smoke (build + start + Playwright)	2026-07-13T20:44:30.7886985Z 
Public + security smoke (production build)	E2E smoke (build + start + Playwright)	2026-07-13T20:44:30.7887261Z     ^[[2mexpect(^[[22m^[[31mreceived^[[39m^[[2m).^[[22mtoBe^[[2m(^[[22m^[[32mexpected^[[39m^[[2m) // Object.is equality^[[22m
Public + security smoke (production build)	E2E smoke (build + start + Playwright)	2026-07-13T20:44:30.7887507Z 
Public + security smoke (production build)	E2E smoke (build + start + Playwright)	2026-07-13T20:44:30.7887602Z     Expected: ^[[32mtrue^[[39m
Public + security smoke (production build)	E2E smoke (build + start + Playwright)	2026-07-13T20:44:30.7887793Z     Received: ^[[31mfalse^[[39m
Public + security smoke (production build)	E2E smoke (build + start + Playwright)	2026-07-13T20:44:30.7887896Z 
Public + security smoke (production build)	E2E smoke (build + start + Playwright)	2026-07-13T20:44:30.7887995Z       87 |       [401, 403, 500].includes(status),
Public + security smoke (production build)	E2E smoke (build + start + Playwright)	2026-07-13T20:44:30.7888280Z       88 |       `expected 401/403/500 for unauthenticated cron, got ${status}`
Public + security smoke (production build)	E2E smoke (build + start + Playwright)	2026-07-13T20:44:30.7888531Z     > 89 |     ).toBe(true);
Public + security smoke (production build)	E2E smoke (build + start + Playwright)	2026-07-13T20:44:30.7888690Z          |       ^
Public + security smoke (production build)	E2E smoke (build + start + Playwright)	2026-07-13T20:44:30.7888828Z       90 |   });
Public + security smoke (production build)	E2E smoke (build + start + Playwright)	2026-07-13T20:44:30.7888966Z       91 |
Public + security smoke (production build)	E2E smoke (build + start + Playwright)	2026-07-13T20:44:30.7889253Z       92 |   test("patient portal medications page is public but does not expose tenant APIs", async ({
Public + security smoke (production build)	E2E smoke (build + start + Playwright)	2026-07-13T20:44:30.7889775Z         at /home/runner/work/G-follicleintelligence/G-follicleintelligence/e2e/security/unauthenticated-access.spec.ts:89:7
Public + security smoke (production build)	E2E smoke (build + start + Playwright)	2026-07-13T20:44:30.7890068Z 
Public + security smoke (production build)	E2E smoke (build + start + Playwright)	2026-07-13T20:44:30.7890472Z   53) [mobile-chrome] ÔÇ║ e2e/fi-operational-day.spec.ts:35:7 ÔÇ║ FI operational day ÔÇö security @smoke ÔÇ║ procedure day route hidden or denied when flag off 
Public + security smoke (production build)	E2E smoke (build + start + Playwright)	2026-07-13T20:44:30.7890812Z 
Public + security smoke (production build)	E2E smoke (build + start + Playwright)	2026-07-13T20:44:30.7891081Z     Error: ^[[2mexpect(^[[22m^[[31mreceived^[[39m^[[2m).^[[22mtoContain^[[2m(^[[22m^[[32mexpected^[[39m^[[2m) // indexOf^[[22m
Public + security smoke (production build)	E2E smoke (build + start + Playwright)	2026-07-13T20:44:30.7891336Z 
Public + security smoke (production build)	E2E smoke (build + start + Playwright)	2026-07-13T20:44:30.7891446Z     Expected value: ^[[32m200^[[39m
Public + security smoke (production build)	E2E smoke (build + start + Playwright)	2026-07-13T20:44:30.7891709Z     Received array: ^[[31m[404, 302, 303, 307, 401, 403]^[[39m
Public + security smoke (production build)	E2E smoke (build + start + Playwright)	2026-07-13T20:44:30.7891860Z 
Public + security smoke (production build)	E2E smoke (build + start + Playwright)	2026-07-13T20:44:30.7892059Z       38 |     const res = await page.goto(`/fi-admin/${tid}/procedure-day`, { waitUntil: "commit" });
Public + security smoke (production build)	E2E smoke (build + start + Playwright)	2026-07-13T20:44:30.7892390Z       39 |     const status = res?.status() ?? 0;
Public + security smoke (production build)	E2E smoke (build + start + Playwright)	2026-07-13T20:44:30.7892656Z     > 40 |     expect([404, 302, 303, 307, 401, 403]).toContain(status);
Public + security smoke (production build)	E2E smoke (build + start + Playwright)	2026-07-13T20:44:30.7892912Z          |                                            ^
Public + security smoke (production build)	E2E smoke (build + start + Playwright)	2026-07-13T20:44:30.7893098Z       41 |   });
Public + security smoke (production build)	E2E smoke (build + start + Playwright)	2026-07-13T20:44:30.7893241Z       42 |
Public + security smoke (production build)	E2E smoke (build + start + Playwright)	2026-07-13T20:44:30.7893511Z       43 |   test("reception-board API rejects unauthenticated access", async ({ request }) => {
Public + security smoke (production build)	E2E smoke (build + start + Playwright)	2026-07-13T20:44:30.7893987Z         at /home/runner/work/G-follicleintelligence/G-follicleintelligence/e2e/fi-operational-day.spec.ts:40:44
Public + security smoke (production build)	E2E smoke (build + start + Playwright)	2026-07-13T20:44:30.7894261Z 
Public + security smoke (production build)	E2E smoke (build + start + Playwright)	2026-07-13T20:44:30.7894512Z     attachment #1: screenshot (image/png) ÔöÇÔöÇÔöÇÔöÇÔöÇÔöÇÔöÇÔöÇÔöÇÔöÇÔöÇÔöÇÔöÇÔöÇÔöÇÔöÇÔöÇÔöÇÔöÇÔöÇÔöÇÔöÇÔöÇÔöÇÔöÇÔöÇÔöÇÔöÇÔöÇÔöÇÔöÇÔöÇÔöÇÔöÇÔöÇÔöÇÔöÇÔöÇÔöÇÔöÇÔöÇÔöÇÔöÇÔöÇÔöÇÔöÇÔöÇÔöÇÔöÇÔöÇÔöÇÔöÇÔöÇÔöÇÔöÇÔöÇÔöÇÔöÇ
Public + security smoke (production build)	E2E smoke (build + start + Playwright)	2026-07-13T20:44:30.7895065Z     test-results/fi-operational-day-FI-oper-108b9-den-or-denied-when-flag-off-mobile-chrome/test-failed-1.png
Public + security smoke (production build)	E2E smoke (build + start + Playwright)	2026-07-13T20:44:30.7895590Z     ÔöÇÔöÇÔöÇÔöÇÔöÇÔöÇÔöÇÔöÇÔöÇÔöÇÔöÇÔöÇÔöÇÔöÇÔöÇÔöÇÔöÇÔöÇÔöÇÔöÇÔöÇÔöÇÔöÇÔöÇÔöÇÔöÇÔöÇÔöÇÔöÇÔöÇÔöÇÔöÇÔöÇÔöÇÔöÇÔöÇÔöÇÔöÇÔöÇÔöÇÔöÇÔöÇÔöÇÔöÇÔöÇÔöÇÔöÇÔöÇÔöÇÔöÇÔöÇÔöÇÔöÇÔöÇÔöÇÔöÇÔöÇÔöÇÔöÇÔöÇÔöÇÔöÇÔöÇÔöÇÔöÇÔöÇÔöÇÔöÇÔöÇÔöÇÔöÇÔöÇÔöÇÔöÇÔöÇÔöÇÔöÇÔöÇÔöÇÔöÇÔöÇÔöÇÔöÇÔöÇÔöÇÔöÇÔöÇÔöÇÔöÇÔöÇÔöÇÔöÇÔöÇÔöÇÔöÇÔöÇ
Public + security smoke (production build)	E2E smoke (build + start + Playwright)	2026-07-13T20:44:30.7895783Z 
Public + security smoke (production build)	E2E smoke (build + start + Playwright)	2026-07-13T20:44:30.7896086Z     Error Context: test-results/fi-operational-day-FI-oper-108b9-den-or-denied-when-flag-off-mobile-chrome/error-context.md
Public + security smoke (production build)	E2E smoke (build + start + Playwright)	2026-07-13T20:44:30.7896489Z 
Public + security smoke (production build)	E2E smoke (build + start + Playwright)	2026-07-13T20:44:30.7896923Z   54) [mobile-chrome] ÔÇ║ e2e/fi-ux-audit-labels.spec.ts:19:7 ÔÇ║ FI-UX S3.4 Front Desk cutover @smoke ÔÇ║ /front-desk renders Today board (not ReceptionOS dashboard) 
Public + security smoke (production build)	E2E smoke (build + start + Playwright)	2026-07-13T20:44:30.7897275Z 
Public + security smoke (production build)	E2E smoke (build + start + Playwright)	2026-07-13T20:44:30.7897513Z     Error: ^[[2mexpect(^[[22m^[[31mlocator^[[39m^[[2m).^[[22mtoBeVisible^[[2m(^[[22m^[[2m)^[[22m failed
Public + security smoke (production build)	E2E smoke (build + start + Playwright)	2026-07-13T20:44:30.7897732Z 
Public + security smoke (production build)	E2E smoke (build + start + Playwright)	2026-07-13T20:44:30.7897859Z     Locator: getByRole('heading', { name: 'Today', level: 1 })
Public + security smoke (production build)	E2E smoke (build + start + Playwright)	2026-07-13T20:44:30.7898106Z     Expected: visible
Public + security smoke (production build)	E2E smoke (build + start + Playwright)	2026-07-13T20:44:30.7898263Z     Timeout: 30000ms
Public + security smoke (production build)	E2E smoke (build + start + Playwright)	2026-07-13T20:44:30.7898435Z     Error: element(s) not found
Public + security smoke (production build)	E2E smoke (build + start + Playwright)	2026-07-13T20:44:30.7898551Z 
Public + security smoke (production build)	E2E smoke (build + start + Playwright)	2026-07-13T20:44:30.7898607Z     Call log:
Public + security smoke (production build)	E2E smoke (build + start + Playwright)	2026-07-13T20:44:30.7898833Z     ^[[2m  - Expect "toBeVisible" with timeout 30000ms^[[22m
Public + security smoke (production build)	E2E smoke (build + start + Playwright)	2026-07-13T20:44:30.7899182Z     ^[[2m  - waiting for getByRole('heading', { name: 'Today', level: 1 })^[[22m
Public + security smoke (production build)	E2E smoke (build + start + Playwright)	2026-07-13T20:44:30.7899412Z 
Public + security smoke (production build)	E2E smoke (build + start + Playwright)	2026-07-13T20:44:30.7899415Z 
Public + security smoke (production build)	E2E smoke (build + start + Playwright)	2026-07-13T20:44:30.7899622Z       19 |   test("/front-desk renders Today board (not ReceptionOS dashboard)", async ({ page }) => {
Public + security smoke (production build)	E2E smoke (build + start + Playwright)	2026-07-13T20:44:30.7900046Z       20 |     await page.goto(`${BASE()}/front-desk`, { waitUntil: "domcontentloaded", timeout: 60_000 });
Public + security smoke (production build)	E2E smoke (build + start + Playwright)	2026-07-13T20:44:30.7900473Z     > 21 |     await expect(page.getByRole("heading", { name: "Today", level: 1 })).toBeVisible({
Public + security smoke (production build)	E2E smoke (build + start + Playwright)	2026-07-13T20:44:30.7900808Z          |                                                                          ^
Public + security smoke (production build)	E2E smoke (build + start + Playwright)	2026-07-13T20:44:30.7901039Z       22 |       timeout: 30_000,
Public + security smoke (production build)	E2E smoke (build + start + Playwright)	2026-07-13T20:44:30.7901213Z       23 |     });
Public + security smoke (production build)	E2E smoke (build + start + Playwright)	2026-07-13T20:44:30.7901465Z       24 |     await expect(page.getByText("Front desk").first()).toBeVisible();
Public + security smoke (production build)	E2E smoke (build + start + Playwright)	2026-07-13T20:44:30.7901713Z         at /home/runner/work/G-follicleintelligence/G-follicleintelligence/e2e/fi-ux-audit-labels.spec.ts:21:74
Public + security smoke (production build)	E2E smoke (build + start + Playwright)	2026-07-13T20:44:30.7901720Z 
Public + security smoke (production build)	E2E smoke (build + start + Playwright)	2026-07-13T20:44:30.7901980Z     attachment #1: screenshot (image/png) ÔöÇÔöÇÔöÇÔöÇÔöÇÔöÇÔöÇÔöÇÔöÇÔöÇÔöÇÔöÇÔöÇÔöÇÔöÇÔöÇÔöÇÔöÇÔöÇÔöÇÔöÇÔöÇÔöÇÔöÇÔöÇÔöÇÔöÇÔöÇÔöÇÔöÇÔöÇÔöÇÔöÇÔöÇÔöÇÔöÇÔöÇÔöÇÔöÇÔöÇÔöÇÔöÇÔöÇÔöÇÔöÇÔöÇÔöÇÔöÇÔöÇÔöÇÔöÇÔöÇÔöÇÔöÇÔöÇÔöÇÔöÇÔöÇ
Public + security smoke (production build)	E2E smoke (build + start + Playwright)	2026-07-13T20:44:30.7902270Z     test-results/fi-ux-audit-labels-FI-UX-S-d494e--not-ReceptionOS-dashboard--mobile-chrome/test-failed-1.png
Public + security smoke (production build)	E2E smoke (build + start + Playwright)	2026-07-13T20:44:30.7902506Z     ÔöÇÔöÇÔöÇÔöÇÔöÇÔöÇÔöÇÔöÇÔöÇÔöÇÔöÇÔöÇÔöÇÔöÇÔöÇÔöÇÔöÇÔöÇÔöÇÔöÇÔöÇÔöÇÔöÇÔöÇÔöÇÔöÇÔöÇÔöÇÔöÇÔöÇÔöÇÔöÇÔöÇÔöÇÔöÇÔöÇÔöÇÔöÇÔöÇÔöÇÔöÇÔöÇÔöÇÔöÇÔöÇÔöÇÔöÇÔöÇÔöÇÔöÇÔöÇÔöÇÔöÇÔöÇÔöÇÔöÇÔöÇÔöÇÔöÇÔöÇÔöÇÔöÇÔöÇÔöÇÔöÇÔöÇÔöÇÔöÇÔöÇÔöÇÔöÇÔöÇÔöÇÔöÇÔöÇÔöÇÔöÇÔöÇÔöÇÔöÇÔöÇÔöÇÔöÇÔöÇÔöÇÔöÇÔöÇÔöÇÔöÇÔöÇÔöÇÔöÇÔöÇÔöÇÔöÇÔöÇ
Public + security smoke (production build)	E2E smoke (build + start + Playwright)	2026-07-13T20:44:30.7902511Z 
Public + security smoke (production build)	E2E smoke (build + start + Playwright)	2026-07-13T20:44:30.7902825Z     Error Context: test-results/fi-ux-audit-labels-FI-UX-S-d494e--not-ReceptionOS-dashboard--mobile-chrome/error-context.md
Public + security smoke (production build)	E2E smoke (build + start + Playwright)	2026-07-13T20:44:30.7902830Z 
Public + security smoke (production build)	E2E smoke (build + start + Playwright)	2026-07-13T20:44:30.7903217Z   55) [mobile-chrome] ÔÇ║ e2e/fi-ux-audit-labels.spec.ts:30:7 ÔÇ║ FI-UX S3.4 Front Desk cutover @smoke ÔÇ║ exactly two Front Desk tabs: Today and Tomorrow 
Public + security smoke (production build)	E2E smoke (build + start + Playwright)	2026-07-13T20:44:30.7903277Z 
Public + security smoke (production build)	E2E smoke (build + start + Playwright)	2026-07-13T20:44:30.7903512Z     Error: ^[[2mexpect(^[[22m^[[31mlocator^[[39m^[[2m).^[[22mtoBeVisible^[[2m(^[[22m^[[2m)^[[22m failed
Public + security smoke (production build)	E2E smoke (build + start + Playwright)	2026-07-13T20:44:30.7903516Z 
Public + security smoke (production build)	E2E smoke (build + start + Playwright)	2026-07-13T20:44:30.7903670Z     Locator: getByRole('navigation', { name: 'Front desk navigation' })
Public + security smoke (production build)	E2E smoke (build + start + Playwright)	2026-07-13T20:44:30.7903744Z     Expected: visible
Public + security smoke (production build)	E2E smoke (build + start + Playwright)	2026-07-13T20:44:30.7903813Z     Timeout: 30000ms
Public + security smoke (production build)	E2E smoke (build + start + Playwright)	2026-07-13T20:44:30.7903897Z     Error: element(s) not found
Public + security smoke (production build)	E2E smoke (build + start + Playwright)	2026-07-13T20:44:30.7903902Z 
Public + security smoke (production build)	E2E smoke (build + start + Playwright)	2026-07-13T20:44:30.7903957Z     Call log:
Public + security smoke (production build)	E2E smoke (build + start + Playwright)	2026-07-13T20:44:30.7904109Z     ^[[2m  - Expect "toBeVisible" with timeout 30000ms^[[22m
Public + security smoke (production build)	E2E smoke (build + start + Playwright)	2026-07-13T20:44:30.7904325Z     ^[[2m  - waiting for getByRole('navigation', { name: 'Front desk navigation' })^[[22m
Public + security smoke (production build)	E2E smoke (build + start + Playwright)	2026-07-13T20:44:30.7904330Z 
Public + security smoke (production build)	E2E smoke (build + start + Playwright)	2026-07-13T20:44:30.7904333Z 
Public + security smoke (production build)	E2E smoke (build + start + Playwright)	2026-07-13T20:44:30.7904536Z       31 |     await page.goto(`${BASE()}/front-desk`, { waitUntil: "domcontentloaded", timeout: 60_000 });
Public + security smoke (production build)	E2E smoke (build + start + Playwright)	2026-07-13T20:44:30.7904734Z       32 |     const subNav = page.getByRole("navigation", { name: "Front desk navigation" });
Public + security smoke (production build)	E2E smoke (build + start + Playwright)	2026-07-13T20:44:30.7904869Z     > 33 |     await expect(subNav).toBeVisible({ timeout: 30_000 });
Public + security smoke (production build)	E2E smoke (build + start + Playwright)	2026-07-13T20:44:30.7904956Z          |                          ^
Public + security smoke (production build)	E2E smoke (build + start + Playwright)	2026-07-13T20:44:30.7905122Z       34 |     await expect(subNav.getByRole("link", { name: "Today" })).toBeVisible();
Public + security smoke (production build)	E2E smoke (build + start + Playwright)	2026-07-13T20:44:30.7905332Z       35 |     await expect(subNav.getByRole("link", { name: "Tomorrow" })).toBeVisible();
Public + security smoke (production build)	E2E smoke (build + start + Playwright)	2026-07-13T20:44:30.7905465Z       36 |     await expect(subNav.getByRole("link")).toHaveCount(2);
Public + security smoke (production build)	E2E smoke (build + start + Playwright)	2026-07-13T20:44:30.7905714Z         at /home/runner/work/G-follicleintelligence/G-follicleintelligence/e2e/fi-ux-audit-labels.spec.ts:33:26
Public + security smoke (production build)	E2E smoke (build + start + Playwright)	2026-07-13T20:44:30.7905719Z 
Public + security smoke (production build)	E2E smoke (build + start + Playwright)	2026-07-13T20:44:30.7905974Z     attachment #1: screenshot (image/png) ÔöÇÔöÇÔöÇÔöÇÔöÇÔöÇÔöÇÔöÇÔöÇÔöÇÔöÇÔöÇÔöÇÔöÇÔöÇÔöÇÔöÇÔöÇÔöÇÔöÇÔöÇÔöÇÔöÇÔöÇÔöÇÔöÇÔöÇÔöÇÔöÇÔöÇÔöÇÔöÇÔöÇÔöÇÔöÇÔöÇÔöÇÔöÇÔöÇÔöÇÔöÇÔöÇÔöÇÔöÇÔöÇÔöÇÔöÇÔöÇÔöÇÔöÇÔöÇÔöÇÔöÇÔöÇÔöÇÔöÇÔöÇÔöÇ
Public + security smoke (production build)	E2E smoke (build + start + Playwright)	2026-07-13T20:44:30.7906260Z     test-results/fi-ux-audit-labels-FI-UX-S-d86a3-esk-tabs-Today-and-Tomorrow-mobile-chrome/test-failed-1.png
Public + security smoke (production build)	E2E smoke (build + start + Playwright)	2026-07-13T20:44:30.7906563Z     ÔöÇÔöÇÔöÇÔöÇÔöÇÔöÇÔöÇÔöÇÔöÇÔöÇÔöÇÔöÇÔöÇÔöÇÔöÇÔöÇÔöÇÔöÇÔöÇÔöÇÔöÇÔöÇÔöÇÔöÇÔöÇÔöÇÔöÇÔöÇÔöÇÔöÇÔöÇÔöÇÔöÇÔöÇÔöÇÔöÇÔöÇÔöÇÔöÇÔöÇÔöÇÔöÇÔöÇÔöÇÔöÇÔöÇÔöÇÔöÇÔöÇÔöÇÔöÇÔöÇÔöÇÔöÇÔöÇÔöÇÔöÇÔöÇÔöÇÔöÇÔöÇÔöÇÔöÇÔöÇÔöÇÔöÇÔöÇÔöÇÔöÇÔöÇÔöÇÔöÇÔöÇÔöÇÔöÇÔöÇÔöÇÔöÇÔöÇÔöÇÔöÇÔöÇÔöÇÔöÇÔöÇÔöÇÔöÇÔöÇÔöÇÔöÇÔöÇÔöÇÔöÇÔöÇÔöÇÔöÇ
Public + security smoke (production build)	E2E smoke (build + start + Playwright)	2026-07-13T20:44:30.7906574Z 
Public + security smoke (production build)	E2E smoke (build + start + Playwright)	2026-07-13T20:44:30.7906895Z     Error Context: test-results/fi-ux-audit-labels-FI-UX-S-d86a3-esk-tabs-Today-and-Tomorrow-mobile-chrome/error-context.md
Public + security smoke (production build)	E2E smoke (build + start + Playwright)	2026-07-13T20:44:30.7906909Z 
Public + security smoke (production build)	E2E smoke (build + start + Playwright)	2026-07-13T20:44:30.7907269Z   56) [mobile-chrome] ÔÇ║ e2e/fi-ux-audit-labels.spec.ts:47:7 ÔÇ║ FI-UX S3.4 Front Desk cutover @smoke ÔÇ║ Today tab is active on /front-desk 
Public + security smoke (production build)	E2E smoke (build + start + Playwright)	2026-07-13T20:44:30.7907276Z 
Public + security smoke (production build)	E2E smoke (build + start + Playwright)	2026-07-13T20:44:30.7907504Z     Error: ^[[2mexpect(^[[22m^[[31mlocator^[[39m^[[2m).^[[22mtoBeVisible^[[2m(^[[22m^[[2m)^[[22m failed
Public + security smoke (production build)	E2E smoke (build + start + Playwright)	2026-07-13T20:44:30.7907509Z 
Public + security smoke (production build)	E2E smoke (build + start + Playwright)	2026-07-13T20:44:30.7907734Z     Locator: getByRole('navigation', { name: 'Front desk navigation' }).getByRole('link', { name: 'Today' })
Public + security smoke (production build)	E2E smoke (build + start + Playwright)	2026-07-13T20:44:30.7907797Z     Expected: visible
Public + security smoke (production build)	E2E smoke (build + start + Playwright)	2026-07-13T20:44:30.7907868Z     Timeout: 30000ms
Public + security smoke (production build)	E2E smoke (build + start + Playwright)	2026-07-13T20:44:30.7907960Z     Error: element(s) not found
Public + security smoke (production build)	E2E smoke (build + start + Playwright)	2026-07-13T20:44:30.7907965Z 
Public + security smoke (production build)	E2E smoke (build + start + Playwright)	2026-07-13T20:44:30.7908019Z     Call log:
Public + security smoke (production build)	E2E smoke (build + start + Playwright)	2026-07-13T20:44:30.7908171Z     ^[[2m  - Expect "toBeVisible" with timeout 30000ms^[[22m
Public + security smoke (production build)	E2E smoke (build + start + Playwright)	2026-07-13T20:44:30.7908479Z     ^[[2m  - waiting for getByRole('navigation', { name: 'Front desk navigation' }).getByRole('link', { name: 'Today' })^[[22m
Public + security smoke (production build)	E2E smoke (build + start + Playwright)	2026-07-13T20:44:30.7908489Z 
Public + security smoke (production build)	E2E smoke (build + start + Playwright)	2026-07-13T20:44:30.7908492Z 
Public + security smoke (production build)	E2E smoke (build + start + Playwright)	2026-07-13T20:44:30.7908639Z       50 |       .getByRole("navigation", { name: "Front desk navigation" })
Public + security smoke (production build)	E2E smoke (build + start + Playwright)	2026-07-13T20:44:30.7908741Z       51 |       .getByRole("link", { name: "Today" });
Public + security smoke (production build)	E2E smoke (build + start + Playwright)	2026-07-13T20:44:30.7908876Z     > 52 |     await expect(today).toBeVisible({ timeout: 30_000 });
Public + security smoke (production build)	E2E smoke (build + start + Playwright)	2026-07-13T20:44:30.7908960Z          |                         ^
Public + security smoke (production build)	E2E smoke (build + start + Playwright)	2026-07-13T20:44:30.7909089Z       53 |     await expect(today).toHaveClass(/22C1FF|bg-\[#22C1FF/);
Public + security smoke (production build)	E2E smoke (build + start + Playwright)	2026-07-13T20:44:30.7909156Z       54 |   });
Public + security smoke (production build)	E2E smoke (build + start + Playwright)	2026-07-13T20:44:30.7909220Z       55 |
Public + security smoke (production build)	E2E smoke (build + start + Playwright)	2026-07-13T20:44:30.7909469Z         at /home/runner/work/G-follicleintelligence/G-follicleintelligence/e2e/fi-ux-audit-labels.spec.ts:52:25
Public + security smoke (production build)	E2E smoke (build + start + Playwright)	2026-07-13T20:44:30.7909519Z 
Public + security smoke (production build)	E2E smoke (build + start + Playwright)	2026-07-13T20:44:30.7909775Z     attachment #1: screenshot (image/png) ÔöÇÔöÇÔöÇÔöÇÔöÇÔöÇÔöÇÔöÇÔöÇÔöÇÔöÇÔöÇÔöÇÔöÇÔöÇÔöÇÔöÇÔöÇÔöÇÔöÇÔöÇÔöÇÔöÇÔöÇÔöÇÔöÇÔöÇÔöÇÔöÇÔöÇÔöÇÔöÇÔöÇÔöÇÔöÇÔöÇÔöÇÔöÇÔöÇÔöÇÔöÇÔöÇÔöÇÔöÇÔöÇÔöÇÔöÇÔöÇÔöÇÔöÇÔöÇÔöÇÔöÇÔöÇÔöÇÔöÇÔöÇÔöÇ
Public + security smoke (production build)	E2E smoke (build + start + Playwright)	2026-07-13T20:44:30.7910059Z     test-results/fi-ux-audit-labels-FI-UX-S-961ff-tab-is-active-on-front-desk-mobile-chrome/test-failed-1.png
Public + security smoke (production build)	E2E smoke (build + start + Playwright)	2026-07-13T20:44:30.7910289Z     ÔöÇÔöÇÔöÇÔöÇÔöÇÔöÇÔöÇÔöÇÔöÇÔöÇÔöÇÔöÇÔöÇÔöÇÔöÇÔöÇÔöÇÔöÇÔöÇÔöÇÔöÇÔöÇÔöÇÔöÇÔöÇÔöÇÔöÇÔöÇÔöÇÔöÇÔöÇÔöÇÔöÇÔöÇÔöÇÔöÇÔöÇÔöÇÔöÇÔöÇÔöÇÔöÇÔöÇÔöÇÔöÇÔöÇÔöÇÔöÇÔöÇÔöÇÔöÇÔöÇÔöÇÔöÇÔöÇÔöÇÔöÇÔöÇÔöÇÔöÇÔöÇÔöÇÔöÇÔöÇÔöÇÔöÇÔöÇÔöÇÔöÇÔöÇÔöÇÔöÇÔöÇÔöÇÔöÇÔöÇÔöÇÔöÇÔöÇÔöÇÔöÇÔöÇÔöÇÔöÇÔöÇÔöÇÔöÇÔöÇÔöÇÔöÇÔöÇÔöÇÔöÇÔöÇÔöÇÔöÇ
Public + security smoke (production build)	E2E smoke (build + start + Playwright)	2026-07-13T20:44:30.7910304Z 
Public + security smoke (production build)	E2E smoke (build + start + Playwright)	2026-07-13T20:44:30.7910608Z     Error Context: test-results/fi-ux-audit-labels-FI-UX-S-961ff-tab-is-active-on-front-desk-mobile-chrome/error-context.md
Public + security smoke (production build)	E2E smoke (build + start + Playwright)	2026-07-13T20:44:30.7910613Z 
Public + security smoke (production build)	E2E smoke (build + start + Playwright)	2026-07-13T20:44:30.7910995Z   57) [mobile-chrome] ÔÇ║ e2e/fi-ux-audit-labels.spec.ts:56:7 ÔÇ║ FI-UX S3.4 Front Desk cutover @smoke ÔÇ║ Tomorrow tab is active on /front-desk/tomorrow 
Public + security smoke (production build)	E2E smoke (build + start + Playwright)	2026-07-13T20:44:30.7911001Z 
Public + security smoke (production build)	E2E smoke (build + start + Playwright)	2026-07-13T20:44:30.7911228Z     Error: ^[[2mexpect(^[[22m^[[31mlocator^[[39m^[[2m).^[[22mtoBeVisible^[[2m(^[[22m^[[2m)^[[22m failed
Public + security smoke (production build)	E2E smoke (build + start + Playwright)	2026-07-13T20:44:30.7911242Z 
Public + security smoke (production build)	E2E smoke (build + start + Playwright)	2026-07-13T20:44:30.7911473Z     Locator: getByRole('navigation', { name: 'Front desk navigation' }).getByRole('link', { name: 'Tomorrow' })
Public + security smoke (production build)	E2E smoke (build + start + Playwright)	2026-07-13T20:44:30.7911539Z     Expected: visible
Public + security smoke (production build)	E2E smoke (build + start + Playwright)	2026-07-13T20:44:30.7911612Z     Timeout: 30000ms
Public + security smoke (production build)	E2E smoke (build + start + Playwright)	2026-07-13T20:44:30.7911701Z     Error: element(s) not found
Public + security smoke (production build)	E2E smoke (build + start + Playwright)	2026-07-13T20:44:30.7911762Z 
Public + security smoke (production build)	E2E smoke (build + start + Playwright)	2026-07-13T20:44:30.7911820Z     Call log:
Public + security smoke (production build)	E2E smoke (build + start + Playwright)	2026-07-13T20:44:30.7911976Z     ^[[2m  - Expect "toBeVisible" with timeout 30000ms^[[22m
Public + security smoke (production build)	E2E smoke (build + start + Playwright)	2026-07-13T20:44:30.7912291Z     ^[[2m  - waiting for getByRole('navigation', { name: 'Front desk navigation' }).getByRole('link', { name: 'Tomorrow' })^[[22m
Public + security smoke (production build)	E2E smoke (build + start + Playwright)	2026-07-13T20:44:30.7912297Z 
Public + security smoke (production build)	E2E smoke (build + start + Playwright)	2026-07-13T20:44:30.7912301Z 
Public + security smoke (production build)	E2E smoke (build + start + Playwright)	2026-07-13T20:44:30.7912433Z       62 |       .getByRole("navigation", { name: "Front desk navigation" })
Public + security smoke (production build)	E2E smoke (build + start + Playwright)	2026-07-13T20:44:30.7912535Z       63 |       .getByRole("link", { name: "Tomorrow" });
Public + security smoke (production build)	E2E smoke (build + start + Playwright)	2026-07-13T20:44:30.7912674Z     > 64 |     await expect(tomorrow).toBeVisible({ timeout: 30_000 });
Public + security smoke (production build)	E2E smoke (build + start + Playwright)	2026-07-13T20:44:30.7912763Z          |                            ^
Public + security smoke (production build)	E2E smoke (build + start + Playwright)	2026-07-13T20:44:30.7912918Z       65 |     await expect(page).toHaveURL(new RegExp(`/front-desk/tomorrow`));
Public + security smoke (production build)	E2E smoke (build + start + Playwright)	2026-07-13T20:44:30.7912986Z       66 |   });
Public + security smoke (production build)	E2E smoke (build + start + Playwright)	2026-07-13T20:44:30.7913050Z       67 |
Public + security smoke (production build)	E2E smoke (build + start + Playwright)	2026-07-13T20:44:30.7913294Z         at /home/runner/work/G-follicleintelligence/G-follicleintelligence/e2e/fi-ux-audit-labels.spec.ts:64:28
Public + security smoke (production build)	E2E smoke (build + start + Playwright)	2026-07-13T20:44:30.7913302Z 
Public + security smoke (production build)	E2E smoke (build + start + Playwright)	2026-07-13T20:44:30.7913557Z     attachment #1: screenshot (image/png) ÔöÇÔöÇÔöÇÔöÇÔöÇÔöÇÔöÇÔöÇÔöÇÔöÇÔöÇÔöÇÔöÇÔöÇÔöÇÔöÇÔöÇÔöÇÔöÇÔöÇÔöÇÔöÇÔöÇÔöÇÔöÇÔöÇÔöÇÔöÇÔöÇÔöÇÔöÇÔöÇÔöÇÔöÇÔöÇÔöÇÔöÇÔöÇÔöÇÔöÇÔöÇÔöÇÔöÇÔöÇÔöÇÔöÇÔöÇÔöÇÔöÇÔöÇÔöÇÔöÇÔöÇÔöÇÔöÇÔöÇÔöÇÔöÇ
Public + security smoke (production build)	E2E smoke (build + start + Playwright)	2026-07-13T20:44:30.7913842Z     test-results/fi-ux-audit-labels-FI-UX-S-3f667-tive-on-front-desk-tomorrow-mobile-chrome/test-failed-1.png
Public + security smoke (production build)	E2E smoke (build + start + Playwright)	2026-07-13T20:44:30.7914064Z     ÔöÇÔöÇÔöÇÔöÇÔöÇÔöÇÔöÇÔöÇÔöÇÔöÇÔöÇÔöÇÔöÇÔöÇÔöÇÔöÇÔöÇÔöÇÔöÇÔöÇÔöÇÔöÇÔöÇÔöÇÔöÇÔöÇÔöÇÔöÇÔöÇÔöÇÔöÇÔöÇÔöÇÔöÇÔöÇÔöÇÔöÇÔöÇÔöÇÔöÇÔöÇÔöÇÔöÇÔöÇÔöÇÔöÇÔöÇÔöÇÔöÇÔöÇÔöÇÔöÇÔöÇÔöÇÔöÇÔöÇÔöÇÔöÇÔöÇÔöÇÔöÇÔöÇÔöÇÔöÇÔöÇÔöÇÔöÇÔöÇÔöÇÔöÇÔöÇÔöÇÔöÇÔöÇÔöÇÔöÇÔöÇÔöÇÔöÇÔöÇÔöÇÔöÇÔöÇÔöÇÔöÇÔöÇÔöÇÔöÇÔöÇÔöÇÔöÇÔöÇÔöÇÔöÇÔöÇÔöÇ
Public + security smoke (production build)	E2E smoke (build + start + Playwright)	2026-07-13T20:44:30.7914078Z 
Public + security smoke (production build)	E2E smoke (build + start + Playwright)	2026-07-13T20:44:30.7914387Z     Error Context: test-results/fi-ux-audit-labels-FI-UX-S-3f667-tive-on-front-desk-tomorrow-mobile-chrome/error-context.md
Public + security smoke (production build)	E2E smoke (build + start + Playwright)	2026-07-13T20:44:30.7914430Z 
Public + security smoke (production build)	E2E smoke (build + start + Playwright)	2026-07-13T20:44:30.7914890Z   58) [mobile-chrome] ÔÇ║ e2e/fi-ux-audit-labels.spec.ts:68:7 ÔÇ║ FI-UX S3.4 Front Desk cutover @smoke ÔÇ║ legacy /reception redirects to /front-desk and preserves bookingId/date 
Public + security smoke (production build)	E2E smoke (build + start + Playwright)	2026-07-13T20:44:30.7914897Z 
Public + security smoke (production build)	E2E smoke (build + start + Playwright)	2026-07-13T20:44:30.7915157Z     Error: ^[[2mexpect(^[[22m^[[31mpage^[[39m^[[2m).^[[22mtoHaveURL^[[2m(^[[22m^[[32mexpected^[[39m^[[2m)^[[22m failed
Public + security smoke (production build)	E2E smoke (build + start + Playwright)	2026-07-13T20:44:30.7915171Z 
Public + security smoke (production build)	E2E smoke (build + start + Playwright)	2026-07-13T20:44:30.7915299Z     Expected pattern: ^[[32m/\/front-desk\?/^[[39m
Public + security smoke (production build)	E2E smoke (build + start + Playwright)	2026-07-13T20:44:30.7915711Z     Received string:  ^[[31m"http://127.0.0.1:3000/follicle-intelligence/login?next=%2Ffi-admin%2F00000000-0000-4000-8000-000000000000%2Freception"^[[39m
Public + security smoke (production build)	E2E smoke (build + start + Playwright)	2026-07-13T20:44:30.7915783Z     Timeout: 15000ms
Public + security smoke (production build)	E2E smoke (build + start + Playwright)	2026-07-13T20:44:30.7915787Z 
Public + security smoke (production build)	E2E smoke (build + start + Playwright)	2026-07-13T20:44:30.7915852Z     Call log:
Public + security smoke (production build)	E2E smoke (build + start + Playwright)	2026-07-13T20:44:30.7915993Z     ^[[2m  - Expect "toHaveURL" with timeout 15000ms^[[22m
Public + security smoke (production build)	E2E smoke (build + start + Playwright)	2026-07-13T20:44:30.7916470Z     ^[[2m    19 ├ù unexpected value "http://127.0.0.1:3000/follicle-intelligence/login?next=%2Ffi-admin%2F00000000-0000-4000-8000-000000000000%2Freception"^[[22m
Public + security smoke (production build)	E2E smoke (build + start + Playwright)	2026-07-13T20:44:30.7916488Z 
Public + security smoke (production build)	E2E smoke (build + start + Playwright)	2026-07-13T20:44:30.7916492Z 
Public + security smoke (production build)	E2E smoke (build + start + Playwright)	2026-07-13T20:44:30.7916583Z       73 |       timeout: 60_000,
Public + security smoke (production build)	E2E smoke (build + start + Playwright)	2026-07-13T20:44:30.7916641Z       74 |     });
Public + security smoke (production build)	E2E smoke (build + start + Playwright)	2026-07-13T20:44:30.7916791Z     > 75 |     await expect(page).toHaveURL(new RegExp(`/front-desk\\?`));
Public + security smoke (production build)	E2E smoke (build + start + Playwright)	2026-07-13T20:44:30.7916924Z          |                        ^
Public + security smoke (production build)	E2E smoke (build + start + Playwright)	2026-07-13T20:44:30.7917020Z       76 |     const url = new URL(page.url());
Public + security smoke (production build)	E2E smoke (build + start + Playwright)	2026-07-13T20:44:30.7917175Z       77 |     expect(url.pathname.endsWith("/front-desk")).toBeTruthy();
Public + security smoke (production build)	E2E smoke (build + start + Playwright)	2026-07-13T20:44:30.7917315Z       78 |     expect(url.searchParams.get("bookingId")).toBe("abc");
Public + security smoke (production build)	E2E smoke (build + start + Playwright)	2026-07-13T20:44:30.7917569Z         at /home/runner/work/G-follicleintelligence/G-follicleintelligence/e2e/fi-ux-audit-labels.spec.ts:75:24
Public + security smoke (production build)	E2E smoke (build + start + Playwright)	2026-07-13T20:44:30.7917573Z 
Public + security smoke (production build)	E2E smoke (build + start + Playwright)	2026-07-13T20:44:30.7917828Z     attachment #1: screenshot (image/png) ÔöÇÔöÇÔöÇÔöÇÔöÇÔöÇÔöÇÔöÇÔöÇÔöÇÔöÇÔöÇÔöÇÔöÇÔöÇÔöÇÔöÇÔöÇÔöÇÔöÇÔöÇÔöÇÔöÇÔöÇÔöÇÔöÇÔöÇÔöÇÔöÇÔöÇÔöÇÔöÇÔöÇÔöÇÔöÇÔöÇÔöÇÔöÇÔöÇÔöÇÔöÇÔöÇÔöÇÔöÇÔöÇÔöÇÔöÇÔöÇÔöÇÔöÇÔöÇÔöÇÔöÇÔöÇÔöÇÔöÇÔöÇÔöÇ
Public + security smoke (production build)	E2E smoke (build + start + Playwright)	2026-07-13T20:44:30.7918122Z     test-results/fi-ux-audit-labels-FI-UX-S-9fdb6-nd-preserves-bookingId-date-mobile-chrome/test-failed-1.png
Public + security smoke (production build)	E2E smoke (build + start + Playwright)	2026-07-13T20:44:30.7918361Z     ÔöÇÔöÇÔöÇÔöÇÔöÇÔöÇÔöÇÔöÇÔöÇÔöÇÔöÇÔöÇÔöÇÔöÇÔöÇÔöÇÔöÇÔöÇÔöÇÔöÇÔöÇÔöÇÔöÇÔöÇÔöÇÔöÇÔöÇÔöÇÔöÇÔöÇÔöÇÔöÇÔöÇÔöÇÔöÇÔöÇÔöÇÔöÇÔöÇÔöÇÔöÇÔöÇÔöÇÔöÇÔöÇÔöÇÔöÇÔöÇÔöÇÔöÇÔöÇÔöÇÔöÇÔöÇÔöÇÔöÇÔöÇÔöÇÔöÇÔöÇÔöÇÔöÇÔöÇÔöÇÔöÇÔöÇÔöÇÔöÇÔöÇÔöÇÔöÇÔöÇÔöÇÔöÇÔöÇÔöÇÔöÇÔöÇÔöÇÔöÇÔöÇÔöÇÔöÇÔöÇÔöÇÔöÇÔöÇÔöÇÔöÇÔöÇÔöÇÔöÇÔöÇÔöÇÔöÇÔöÇ
Public + security smoke (production build)	E2E smoke (build + start + Playwright)	2026-07-13T20:44:30.7918366Z 
Public + security smoke (production build)	E2E smoke (build + start + Playwright)	2026-07-13T20:44:30.7918686Z     Error Context: test-results/fi-ux-audit-labels-FI-UX-S-9fdb6-nd-preserves-bookingId-date-mobile-chrome/error-context.md
Public + security smoke (production build)	E2E smoke (build + start + Playwright)	2026-07-13T20:44:30.7918698Z 
Public + security smoke (production build)	E2E smoke (build + start + Playwright)	2026-07-13T20:44:30.7919107Z   59) [mobile-chrome] ÔÇ║ e2e/fi-ux-audit-labels.spec.ts:87:7 ÔÇ║ FI-UX S3.4 Front Desk cutover @smoke ÔÇ║ legacy /reception-board and /operations redirect to Today 
Public + security smoke (production build)	E2E smoke (build + start + Playwright)	2026-07-13T20:44:30.7919112Z 
Public + security smoke (production build)	E2E smoke (build + start + Playwright)	2026-07-13T20:44:30.7919369Z     Error: ^[[2mexpect(^[[22m^[[31mpage^[[39m^[[2m).^[[22mtoHaveURL^[[2m(^[[22m^[[32mexpected^[[39m^[[2m)^[[22m failed
Public + security smoke (production build)	E2E smoke (build + start + Playwright)	2026-07-13T20:44:30.7919374Z 
Public + security smoke (production build)	E2E smoke (build + start + Playwright)	2026-07-13T20:44:30.7919506Z     Expected pattern: ^[[32m/\/front-desk$/^[[39m
Public + security smoke (production build)	E2E smoke (build + start + Playwright)	2026-07-13T20:44:30.7919925Z     Received string:  ^[[31m"http://127.0.0.1:3000/follicle-intelligence/login?next=%2Ffi-admin%2F00000000-0000-4000-8000-000000000000%2Freception-board"^[[39m
Public + security smoke (production build)	E2E smoke (build + start + Playwright)	2026-07-13T20:44:30.7919993Z     Timeout: 15000ms
Public + security smoke (production build)	E2E smoke (build + start + Playwright)	2026-07-13T20:44:30.7919997Z 
Public + security smoke (production build)	E2E smoke (build + start + Playwright)	2026-07-13T20:44:30.7920064Z     Call log:
Public + security smoke (production build)	E2E smoke (build + start + Playwright)	2026-07-13T20:44:30.7920210Z     ^[[2m  - Expect "toHaveURL" with timeout 15000ms^[[22m
Public + security smoke (production build)	E2E smoke (build + start + Playwright)	2026-07-13T20:44:30.7920631Z     ^[[2m    19 ├ù unexpected value "http://127.0.0.1:3000/follicle-intelligence/login?next=%2Ffi-admin%2F00000000-0000-4000-8000-000000000000%2Freception-board"^[[22m
Public + security smoke (production build)	E2E smoke (build + start + Playwright)	2026-07-13T20:44:30.7920641Z 
Public + security smoke (production build)	E2E smoke (build + start + Playwright)	2026-07-13T20:44:30.7920652Z 
Public + security smoke (production build)	E2E smoke (build + start + Playwright)	2026-07-13T20:44:30.7920783Z       88 |     for (const path of ["reception-board", "operations"]) {
Public + security smoke (production build)	E2E smoke (build + start + Playwright)	2026-07-13T20:44:30.7920993Z       89 |       await page.goto(`${BASE()}/${path}`, { waitUntil: "domcontentloaded", timeout: 60_000 });
Public + security smoke (production build)	E2E smoke (build + start + Playwright)	2026-07-13T20:44:30.7921136Z     > 90 |       await expect(page).toHaveURL(new RegExp(`/front-desk$`));
Public + security smoke (production build)	E2E smoke (build + start + Playwright)	2026-07-13T20:44:30.7921212Z          |                          ^
Public + security smoke (production build)	E2E smoke (build + start + Playwright)	2026-07-13T20:44:30.7921277Z       91 |     }
Public + security smoke (production build)	E2E smoke (build + start + Playwright)	2026-07-13T20:44:30.7921342Z       92 |   });
Public + security smoke (production build)	E2E smoke (build + start + Playwright)	2026-07-13T20:44:30.7921443Z       93 |
Public + security smoke (production build)	E2E smoke (build + start + Playwright)	2026-07-13T20:44:30.7921696Z         at /home/runner/work/G-follicleintelligence/G-follicleintelligence/e2e/fi-ux-audit-labels.spec.ts:90:26
Public + security smoke (production build)	E2E smoke (build + start + Playwright)	2026-07-13T20:44:30.7921701Z 
Public + security smoke (production build)	E2E smoke (build + start + Playwright)	2026-07-13T20:44:30.7921955Z     attachment #1: screenshot (image/png) ÔöÇÔöÇÔöÇÔöÇÔöÇÔöÇÔöÇÔöÇÔöÇÔöÇÔöÇÔöÇÔöÇÔöÇÔöÇÔöÇÔöÇÔöÇÔöÇÔöÇÔöÇÔöÇÔöÇÔöÇÔöÇÔöÇÔöÇÔöÇÔöÇÔöÇÔöÇÔöÇÔöÇÔöÇÔöÇÔöÇÔöÇÔöÇÔöÇÔöÇÔöÇÔöÇÔöÇÔöÇÔöÇÔöÇÔöÇÔöÇÔöÇÔöÇÔöÇÔöÇÔöÇÔöÇÔöÇÔöÇÔöÇÔöÇ
Public + security smoke (production build)	E2E smoke (build + start + Playwright)	2026-07-13T20:44:30.7922239Z     test-results/fi-ux-audit-labels-FI-UX-S-3e308-perations-redirect-to-Today-mobile-chrome/test-failed-1.png
Public + security smoke (production build)	E2E smoke (build + start + Playwright)	2026-07-13T20:44:30.7922474Z     ÔöÇÔöÇÔöÇÔöÇÔöÇÔöÇÔöÇÔöÇÔöÇÔöÇÔöÇÔöÇÔöÇÔöÇÔöÇÔöÇÔöÇÔöÇÔöÇÔöÇÔöÇÔöÇÔöÇÔöÇÔöÇÔöÇÔöÇÔöÇÔöÇÔöÇÔöÇÔöÇÔöÇÔöÇÔöÇÔöÇÔöÇÔöÇÔöÇÔöÇÔöÇÔöÇÔöÇÔöÇÔöÇÔöÇÔöÇÔöÇÔöÇÔöÇÔöÇÔöÇÔöÇÔöÇÔöÇÔöÇÔöÇÔöÇÔöÇÔöÇÔöÇÔöÇÔöÇÔöÇÔöÇÔöÇÔöÇÔöÇÔöÇÔöÇÔöÇÔöÇÔöÇÔöÇÔöÇÔöÇÔöÇÔöÇÔöÇÔöÇÔöÇÔöÇÔöÇÔöÇÔöÇÔöÇÔöÇÔöÇÔöÇÔöÇÔöÇÔöÇÔöÇÔöÇÔöÇÔöÇ
Public + security smoke (production build)	E2E smoke (build + start + Playwright)	2026-07-13T20:44:30.7922480Z 
Public + security smoke (production build)	E2E smoke (build + start + Playwright)	2026-07-13T20:44:30.7922799Z     Error Context: test-results/fi-ux-audit-labels-FI-UX-S-3e308-perations-redirect-to-Today-mobile-chrome/error-context.md
Public + security smoke (production build)	E2E smoke (build + start + Playwright)	2026-07-13T20:44:30.7922804Z 
Public + security smoke (production build)	E2E smoke (build + start + Playwright)	2026-07-13T20:44:30.7923185Z   60) [mobile-chrome] ÔÇ║ e2e/fi-ux-audit-labels.spec.ts:94:7 ÔÇ║ FI-UX S3.4 Front Desk cutover @smoke ÔÇ║ legacy /tomorrow redirects to /front-desk/tomorrow 
Public + security smoke (production build)	E2E smoke (build + start + Playwright)	2026-07-13T20:44:30.7923199Z 
Public + security smoke (production build)	E2E smoke (build + start + Playwright)	2026-07-13T20:44:30.7923444Z     Error: ^[[2mexpect(^[[22m^[[31mpage^[[39m^[[2m).^[[22mtoHaveURL^[[2m(^[[22m^[[32mexpected^[[39m^[[2m)^[[22m failed
Public + security smoke (production build)	E2E smoke (build + start + Playwright)	2026-07-13T20:44:30.7923456Z 
Public + security smoke (production build)	E2E smoke (build + start + Playwright)	2026-07-13T20:44:30.7923597Z     Expected pattern: ^[[32m/\/front-desk\/tomorrow/^[[39m
Public + security smoke (production build)	E2E smoke (build + start + Playwright)	2026-07-13T20:44:30.7923990Z     Received string:  ^[[31m"http://127.0.0.1:3000/follicle-intelligence/login?next=%2Ffi-admin%2F00000000-0000-4000-8000-000000000000%2Ftomorrow"^[[39m
Public + security smoke (production build)	E2E smoke (build + start + Playwright)	2026-07-13T20:44:30.7924101Z     Timeout: 15000ms
Public + security smoke (production build)	E2E smoke (build + start + Playwright)	2026-07-13T20:44:30.7924106Z 
Public + security smoke (production build)	E2E smoke (build + start + Playwright)	2026-07-13T20:44:30.7924161Z     Call log:
Public + security smoke (production build)	E2E smoke (build + start + Playwright)	2026-07-13T20:44:30.7924310Z     ^[[2m  - Expect "toHaveURL" with timeout 15000ms^[[22m
Public + security smoke (production build)	E2E smoke (build + start + Playwright)	2026-07-13T20:44:30.7924715Z     ^[[2m    19 ├ù unexpected value "http://127.0.0.1:3000/follicle-intelligence/login?next=%2Ffi-admin%2F00000000-0000-4000-8000-000000000000%2Ftomorrow"^[[22m
Public + security smoke (production build)	E2E smoke (build + start + Playwright)	2026-07-13T20:44:30.7924721Z 
Public + security smoke (production build)	E2E smoke (build + start + Playwright)	2026-07-13T20:44:30.7924724Z 
Public + security smoke (production build)	E2E smoke (build + start + Playwright)	2026-07-13T20:44:30.7924918Z       94 |   test("legacy /tomorrow redirects to /front-desk/tomorrow", async ({ page }) => {
Public + security smoke (production build)	E2E smoke (build + start + Playwright)	2026-07-13T20:44:30.7925127Z       95 |     await page.goto(`${BASE()}/tomorrow`, { waitUntil: "domcontentloaded", timeout: 60_000 });
Public + security smoke (production build)	E2E smoke (build + start + Playwright)	2026-07-13T20:44:30.7925291Z     > 96 |     await expect(page).toHaveURL(new RegExp(`/front-desk/tomorrow`));
Public + security smoke (production build)	E2E smoke (build + start + Playwright)	2026-07-13T20:44:30.7925375Z          |                        ^
Public + security smoke (production build)	E2E smoke (build + start + Playwright)	2026-07-13T20:44:30.7925432Z       97 |   });
Public + security smoke (production build)	E2E smoke (build + start + Playwright)	2026-07-13T20:44:30.7925499Z       98 |
Public + security smoke (production build)	E2E smoke (build + start + Playwright)	2026-07-13T20:44:30.7925685Z       99 |   test("legacy front-desk subroutes redirect to Today", async ({ page }) => {
Public + security smoke (production build)	E2E smoke (build + start + Playwright)	2026-07-13T20:44:30.7925934Z         at /home/runner/work/G-follicleintelligence/G-follicleintelligence/e2e/fi-ux-audit-labels.spec.ts:96:24
Public + security smoke (production build)	E2E smoke (build + start + Playwright)	2026-07-13T20:44:30.7925939Z 
Public + security smoke (production build)	E2E smoke (build + start + Playwright)	2026-07-13T20:44:30.7926196Z     attachment #1: screenshot (image/png) ÔöÇÔöÇÔöÇÔöÇÔöÇÔöÇÔöÇÔöÇÔöÇÔöÇÔöÇÔöÇÔöÇÔöÇÔöÇÔöÇÔöÇÔöÇÔöÇÔöÇÔöÇÔöÇÔöÇÔöÇÔöÇÔöÇÔöÇÔöÇÔöÇÔöÇÔöÇÔöÇÔöÇÔöÇÔöÇÔöÇÔöÇÔöÇÔöÇÔöÇÔöÇÔöÇÔöÇÔöÇÔöÇÔöÇÔöÇÔöÇÔöÇÔöÇÔöÇÔöÇÔöÇÔöÇÔöÇÔöÇÔöÇÔöÇ
Public + security smoke (production build)	E2E smoke (build + start + Playwright)	2026-07-13T20:44:30.7926565Z     test-results/fi-ux-audit-labels-FI-UX-S-be950-ects-to-front-desk-tomorrow-mobile-chrome/test-failed-1.png
Public + security smoke (production build)	E2E smoke (build + start + Playwright)	2026-07-13T20:44:30.7926807Z     ÔöÇÔöÇÔöÇÔöÇÔöÇÔöÇÔöÇÔöÇÔöÇÔöÇÔöÇÔöÇÔöÇÔöÇÔöÇÔöÇÔöÇÔöÇÔöÇÔöÇÔöÇÔöÇÔöÇÔöÇÔöÇÔöÇÔöÇÔöÇÔöÇÔöÇÔöÇÔöÇÔöÇÔöÇÔöÇÔöÇÔöÇÔöÇÔöÇÔöÇÔöÇÔöÇÔöÇÔöÇÔöÇÔöÇÔöÇÔöÇÔöÇÔöÇÔöÇÔöÇÔöÇÔöÇÔöÇÔöÇÔöÇÔöÇÔöÇÔöÇÔöÇÔöÇÔöÇÔöÇÔöÇÔöÇÔöÇÔöÇÔöÇÔöÇÔöÇÔöÇÔöÇÔöÇÔöÇÔöÇÔöÇÔöÇÔöÇÔöÇÔöÇÔöÇÔöÇÔöÇÔöÇÔöÇÔöÇÔöÇÔöÇÔöÇÔöÇÔöÇÔöÇÔöÇÔöÇÔöÇ
Public + security smoke (production build)	E2E smoke (build + start + Playwright)	2026-07-13T20:44:30.7926869Z 
Public + security smoke (production build)	E2E smoke (build + start + Playwright)	2026-07-13T20:44:30.7927181Z     Error Context: test-results/fi-ux-audit-labels-FI-UX-S-be950-ects-to-front-desk-tomorrow-mobile-chrome/error-context.md
Public + security smoke (production build)	E2E smoke (build + start + Playwright)	2026-07-13T20:44:30.7927186Z 
Public + security smoke (production build)	E2E smoke (build + start + Playwright)	2026-07-13T20:44:30.7927559Z   61) [mobile-chrome] ÔÇ║ e2e/fi-ux-audit-labels.spec.ts:99:7 ÔÇ║ FI-UX S3.4 Front Desk cutover @smoke ÔÇ║ legacy front-desk subroutes redirect to Today 
Public + security smoke (production build)	E2E smoke (build + start + Playwright)	2026-07-13T20:44:30.7927574Z 
Public + security smoke (production build)	E2E smoke (build + start + Playwright)	2026-07-13T20:44:30.7927828Z     Error: ^[[2mexpect(^[[22m^[[31mpage^[[39m^[[2m).^[[22mtoHaveURL^[[2m(^[[22m^[[32mexpected^[[39m^[[2m)^[[22m failed
Public + security smoke (production build)	E2E smoke (build + start + Playwright)	2026-07-13T20:44:30.7927833Z 
Public + security smoke (production build)	E2E smoke (build + start + Playwright)	2026-07-13T20:44:30.7927966Z     Expected pattern: ^[[32m/\/front-desk$/^[[39m
Public + security smoke (production build)	E2E smoke (build + start + Playwright)	2026-07-13T20:44:30.7928393Z     Received string:  ^[[31m"http://127.0.0.1:3000/follicle-intelligence/login?next=%2Ffi-admin%2F00000000-0000-4000-8000-000000000000%2Ffront-desk%2Fclinic-flow"^[[39m
Public + security smoke (production build)	E2E smoke (build + start + Playwright)	2026-07-13T20:44:30.7928468Z     Timeout: 15000ms
Public + security smoke (production build)	E2E smoke (build + start + Playwright)	2026-07-13T20:44:30.7928473Z 
Public + security smoke (production build)	E2E smoke (build + start + Playwright)	2026-07-13T20:44:30.7928544Z     Call log:
Public + security smoke (production build)	E2E smoke (build + start + Playwright)	2026-07-13T20:44:30.7928684Z     ^[[2m  - Expect "toHaveURL" with timeout 15000ms^[[22m
Public + security smoke (production build)	E2E smoke (build + start + Playwright)	2026-07-13T20:44:30.7929126Z     ^[[2m    19 ├ù unexpected value "http://127.0.0.1:3000/follicle-intelligence/login?next=%2Ffi-admin%2F00000000-0000-4000-8000-000000000000%2Ffront-desk%2Fclinic-flow"^[[22m
Public + security smoke (production build)	E2E smoke (build + start + Playwright)	2026-07-13T20:44:30.7929132Z 
Public + security smoke (production build)	E2E smoke (build + start + Playwright)	2026-07-13T20:44:30.7929181Z 
Public + security smoke (production build)	E2E smoke (build + start + Playwright)	2026-07-13T20:44:30.7929378Z       100 |     for (const path of ["front-desk/clinic-flow", "front-desk/reception-board"]) {
Public + security smoke (production build)	E2E smoke (build + start + Playwright)	2026-07-13T20:44:30.7929586Z       101 |       await page.goto(`${BASE()}/${path}`, { waitUntil: "domcontentloaded", timeout: 60_000 });
Public + security smoke (production build)	E2E smoke (build + start + Playwright)	2026-07-13T20:44:30.7929726Z     > 102 |       await expect(page).toHaveURL(new RegExp(`/front-desk$`));
Public + security smoke (production build)	E2E smoke (build + start + Playwright)	2026-07-13T20:44:30.7929823Z           |                          ^
Public + security smoke (production build)	E2E smoke (build + start + Playwright)	2026-07-13T20:44:30.7929890Z       103 |     }
Public + security smoke (production build)	E2E smoke (build + start + Playwright)	2026-07-13T20:44:30.7929947Z       104 |   });
Public + security smoke (production build)	E2E smoke (build + start + Playwright)	2026-07-13T20:44:30.7930012Z       105 |
Public + security smoke (production build)	E2E smoke (build + start + Playwright)	2026-07-13T20:44:30.7930268Z         at /home/runner/work/G-follicleintelligence/G-follicleintelligence/e2e/fi-ux-audit-labels.spec.ts:102:26
Public + security smoke (production build)	E2E smoke (build + start + Playwright)	2026-07-13T20:44:30.7930278Z 
Public + security smoke (production build)	E2E smoke (build + start + Playwright)	2026-07-13T20:44:30.7930529Z     attachment #1: screenshot (image/png) ÔöÇÔöÇÔöÇÔöÇÔöÇÔöÇÔöÇÔöÇÔöÇÔöÇÔöÇÔöÇÔöÇÔöÇÔöÇÔöÇÔöÇÔöÇÔöÇÔöÇÔöÇÔöÇÔöÇÔöÇÔöÇÔöÇÔöÇÔöÇÔöÇÔöÇÔöÇÔöÇÔöÇÔöÇÔöÇÔöÇÔöÇÔöÇÔöÇÔöÇÔöÇÔöÇÔöÇÔöÇÔöÇÔöÇÔöÇÔöÇÔöÇÔöÇÔöÇÔöÇÔöÇÔöÇÔöÇÔöÇÔöÇÔöÇ
Public + security smoke (production build)	E2E smoke (build + start + Playwright)	2026-07-13T20:44:30.7930818Z     test-results/fi-ux-audit-labels-FI-UX-S-dc14d-subroutes-redirect-to-Today-mobile-chrome/test-failed-1.png
Public + security smoke (production build)	E2E smoke (build + start + Playwright)	2026-07-13T20:44:30.7931054Z     ÔöÇÔöÇÔöÇÔöÇÔöÇÔöÇÔöÇÔöÇÔöÇÔöÇÔöÇÔöÇÔöÇÔöÇÔöÇÔöÇÔöÇÔöÇÔöÇÔöÇÔöÇÔöÇÔöÇÔöÇÔöÇÔöÇÔöÇÔöÇÔöÇÔöÇÔöÇÔöÇÔöÇÔöÇÔöÇÔöÇÔöÇÔöÇÔöÇÔöÇÔöÇÔöÇÔöÇÔöÇÔöÇÔöÇÔöÇÔöÇÔöÇÔöÇÔöÇÔöÇÔöÇÔöÇÔöÇÔöÇÔöÇÔöÇÔöÇÔöÇÔöÇÔöÇÔöÇÔöÇÔöÇÔöÇÔöÇÔöÇÔöÇÔöÇÔöÇÔöÇÔöÇÔöÇÔöÇÔöÇÔöÇÔöÇÔöÇÔöÇÔöÇÔöÇÔöÇÔöÇÔöÇÔöÇÔöÇÔöÇÔöÇÔöÇÔöÇÔöÇÔöÇÔöÇÔöÇÔöÇ
Public + security smoke (production build)	E2E smoke (build + start + Playwright)	2026-07-13T20:44:30.7931059Z 
Public + security smoke (production build)	E2E smoke (build + start + Playwright)	2026-07-13T20:44:30.7931380Z     Error Context: test-results/fi-ux-audit-labels-FI-UX-S-dc14d-subroutes-redirect-to-Today-mobile-chrome/error-context.md
Public + security smoke (production build)	E2E smoke (build + start + Playwright)	2026-07-13T20:44:30.7931385Z 
Public + security smoke (production build)	E2E smoke (build + start + Playwright)	2026-07-13T20:44:30.7931771Z   62) [mobile-chrome] ÔÇ║ e2e/fi-ux-audit-labels.spec.ts:121:7 ÔÇ║ FI-UX S3.4 Front Desk cutover @smoke ÔÇ║ top bar search and quick create remain available 
Public + security smoke (production build)	E2E smoke (build + start + Playwright)	2026-07-13T20:44:30.7931786Z 
Public + security smoke (production build)	E2E smoke (build + start + Playwright)	2026-07-13T20:44:30.7932006Z     Error: ^[[2mexpect(^[[22m^[[31mlocator^[[39m^[[2m).^[[22mtoBeVisible^[[2m(^[[22m^[[2m)^[[22m failed
Public + security smoke (production build)	E2E smoke (build + start + Playwright)	2026-07-13T20:44:30.7932020Z 
Public + security smoke (production build)	E2E smoke (build + start + Playwright)	2026-07-13T20:44:30.7932288Z     Locator: getByRole('button', { name: /open workspace search/i }).or(getByRole('button', { name: /open search/i })).first()
Public + security smoke (production build)	E2E smoke (build + start + Playwright)	2026-07-13T20:44:30.7932360Z     Expected: visible
Public + security smoke (production build)	E2E smoke (build + start + Playwright)	2026-07-13T20:44:30.7932422Z     Timeout: 30000ms
Public + security smoke (production build)	E2E smoke (build + start + Playwright)	2026-07-13T20:44:30.7932512Z     Error: element(s) not found
Public + security smoke (production build)	E2E smoke (build + start + Playwright)	2026-07-13T20:44:30.7932523Z 
Public + security smoke (production build)	E2E smoke (build + start + Playwright)	2026-07-13T20:44:30.7932585Z     Call log:
Public + security smoke (production build)	E2E smoke (build + start + Playwright)	2026-07-13T20:44:30.7932729Z     ^[[2m  - Expect "toBeVisible" with timeout 30000ms^[[22m
Public + security smoke (production build)	E2E smoke (build + start + Playwright)	2026-07-13T20:44:30.7933085Z     ^[[2m  - waiting for getByRole('button', { name: /open workspace search/i }).or(getByRole('button', { name: /open search/i })).first()^[[22m
Public + security smoke (production build)	E2E smoke (build + start + Playwright)	2026-07-13T20:44:30.7933091Z 
Public + security smoke (production build)	E2E smoke (build + start + Playwright)	2026-07-13T20:44:30.7933094Z 
Public + security smoke (production build)	E2E smoke (build + start + Playwright)	2026-07-13T20:44:30.7933240Z       124 |       .getByRole("button", { name: /open workspace search/i })
Public + security smoke (production build)	E2E smoke (build + start + Playwright)	2026-07-13T20:44:30.7933380Z       125 |       .or(page.getByRole("button", { name: /open search/i }));
Public + security smoke (production build)	E2E smoke (build + start + Playwright)	2026-07-13T20:44:30.7933527Z     > 126 |     await expect(search.first()).toBeVisible({ timeout: 30_000 });
Public + security smoke (production build)	E2E smoke (build + start + Playwright)	2026-07-13T20:44:30.7933656Z           |                                  ^
Public + security smoke (production build)	E2E smoke (build + start + Playwright)	2026-07-13T20:44:30.7933741Z       127 |     const create = page
Public + security smoke (production build)	E2E smoke (build + start + Playwright)	2026-07-13T20:44:30.7933865Z       128 |       .getByRole("button", { name: /open quick create/i })
Public + security smoke (production build)	E2E smoke (build + start + Playwright)	2026-07-13T20:44:30.7934000Z       129 |       .or(page.getByRole("button", { name: /open new/i }));
Public + security smoke (production build)	E2E smoke (build + start + Playwright)	2026-07-13T20:44:30.7934263Z         at /home/runner/work/G-follicleintelligence/G-follicleintelligence/e2e/fi-ux-audit-labels.spec.ts:126:34
Public + security smoke (production build)	E2E smoke (build + start + Playwright)	2026-07-13T20:44:30.7934268Z 
Public + security smoke (production build)	E2E smoke (build + start + Playwright)	2026-07-13T20:44:30.7934515Z     attachment #1: screenshot (image/png) ÔöÇÔöÇÔöÇÔöÇÔöÇÔöÇÔöÇÔöÇÔöÇÔöÇÔöÇÔöÇÔöÇÔöÇÔöÇÔöÇÔöÇÔöÇÔöÇÔöÇÔöÇÔöÇÔöÇÔöÇÔöÇÔöÇÔöÇÔöÇÔöÇÔöÇÔöÇÔöÇÔöÇÔöÇÔöÇÔöÇÔöÇÔöÇÔöÇÔöÇÔöÇÔöÇÔöÇÔöÇÔöÇÔöÇÔöÇÔöÇÔöÇÔöÇÔöÇÔöÇÔöÇÔöÇÔöÇÔöÇÔöÇÔöÇ
Public + security smoke (production build)	E2E smoke (build + start + Playwright)	2026-07-13T20:44:30.7934803Z     test-results/fi-ux-audit-labels-FI-UX-S-11b49-ick-create-remain-available-mobile-chrome/test-failed-1.png
Public + security smoke (production build)	E2E smoke (build + start + Playwright)	2026-07-13T20:44:30.7935034Z     ÔöÇÔöÇÔöÇÔöÇÔöÇÔöÇÔöÇÔöÇÔöÇÔöÇÔöÇÔöÇÔöÇÔöÇÔöÇÔöÇÔöÇÔöÇÔöÇÔöÇÔöÇÔöÇÔöÇÔöÇÔöÇÔöÇÔöÇÔöÇÔöÇÔöÇÔöÇÔöÇÔöÇÔöÇÔöÇÔöÇÔöÇÔöÇÔöÇÔöÇÔöÇÔöÇÔöÇÔöÇÔöÇÔöÇÔöÇÔöÇÔöÇÔöÇÔöÇÔöÇÔöÇÔöÇÔöÇÔöÇÔöÇÔöÇÔöÇÔöÇÔöÇÔöÇÔöÇÔöÇÔöÇÔöÇÔöÇÔöÇÔöÇÔöÇÔöÇÔöÇÔöÇÔöÇÔöÇÔöÇÔöÇÔöÇÔöÇÔöÇÔöÇÔöÇÔöÇÔöÇÔöÇÔöÇÔöÇÔöÇÔöÇÔöÇÔöÇÔöÇÔöÇÔöÇÔöÇÔöÇ
Public + security smoke (production build)	E2E smoke (build + start + Playwright)	2026-07-13T20:44:30.7935040Z 
Public + security smoke (production build)	E2E smoke (build + start + Playwright)	2026-07-13T20:44:30.7935361Z     Error Context: test-results/fi-ux-audit-labels-FI-UX-S-11b49-ick-create-remain-available-mobile-chrome/error-context.md
Public + security smoke (production build)	E2E smoke (build + start + Playwright)	2026-07-13T20:44:30.7935372Z 
Public + security smoke (production build)	E2E smoke (build + start + Playwright)	2026-07-13T20:44:30.7935796Z   63) [mobile-chrome] ÔÇ║ e2e/fi-ux-audit-labels.spec.ts:133:7 ÔÇ║ FI-UX S3.4 Front Desk cutover @smoke ÔÇ║ tablet 768├ù1024 has no horizontal document overflow on Today 
Public + security smoke (production build)	E2E smoke (build + start + Playwright)	2026-07-13T20:44:30.7935849Z 
Public + security smoke (production build)	E2E smoke (build + start + Playwright)	2026-07-13T20:44:30.7936074Z     Error: ^[[2mexpect(^[[22m^[[31mlocator^[[39m^[[2m).^[[22mtoBeVisible^[[2m(^[[22m^[[2m)^[[22m failed
Public + security smoke (production build)	E2E smoke (build + start + Playwright)	2026-07-13T20:44:30.7936083Z 
Public + security smoke (production build)	E2E smoke (build + start + Playwright)	2026-07-13T20:44:30.7936217Z     Locator: getByRole('heading', { name: 'Today', level: 1 })
Public + security smoke (production build)	E2E smoke (build + start + Playwright)	2026-07-13T20:44:30.7936286Z     Expected: visible
Public + security smoke (production build)	E2E smoke (build + start + Playwright)	2026-07-13T20:44:30.7936349Z     Timeout: 30000ms
Public + security smoke (production build)	E2E smoke (build + start + Playwright)	2026-07-13T20:44:30.7936501Z     Error: element(s) not found
Public + security smoke (production build)	E2E smoke (build + start + Playwright)	2026-07-13T20:44:30.7936512Z 
Public + security smoke (production build)	E2E smoke (build + start + Playwright)	2026-07-13T20:44:30.7936577Z     Call log:
Public + security smoke (production build)	E2E smoke (build + start + Playwright)	2026-07-13T20:44:30.7936729Z     ^[[2m  - Expect "toBeVisible" with timeout 30000ms^[[22m
Public + security smoke (production build)	E2E smoke (build + start + Playwright)	2026-07-13T20:44:30.7936924Z     ^[[2m  - waiting for getByRole('heading', { name: 'Today', level: 1 })^[[22m
Public + security smoke (production build)	E2E smoke (build + start + Playwright)	2026-07-13T20:44:30.7936935Z 
Public + security smoke (production build)	E2E smoke (build + start + Playwright)	2026-07-13T20:44:30.7936938Z 
Public + security smoke (production build)	E2E smoke (build + start + Playwright)	2026-07-13T20:44:30.7937083Z       134 |     await page.setViewportSize({ width: 768, height: 1024 });
Public + security smoke (production build)	E2E smoke (build + start + Playwright)	2026-07-13T20:44:30.7937295Z       135 |     await page.goto(`${BASE()}/front-desk`, { waitUntil: "domcontentloaded", timeout: 60_000 });
Public + security smoke (production build)	E2E smoke (build + start + Playwright)	2026-07-13T20:44:30.7937487Z     > 136 |     await expect(page.getByRole("heading", { name: "Today", level: 1 })).toBeVisible({
Public + security smoke (production build)	E2E smoke (build + start + Playwright)	2026-07-13T20:44:30.7937608Z           |                                                                          ^
Public + security smoke (production build)	E2E smoke (build + start + Playwright)	2026-07-13T20:44:30.7937694Z       137 |       timeout: 30_000,
Public + security smoke (production build)	E2E smoke (build + start + Playwright)	2026-07-13T20:44:30.7937754Z       138 |     });
Public + security smoke (production build)	E2E smoke (build + start + Playwright)	2026-07-13T20:44:30.7937878Z       139 |     const overflow = await page.evaluate(() => {
Public + security smoke (production build)	E2E smoke (build + start + Playwright)	2026-07-13T20:44:30.7938136Z         at /home/runner/work/G-follicleintelligence/G-follicleintelligence/e2e/fi-ux-audit-labels.spec.ts:136:74
Public + security smoke (production build)	E2E smoke (build + start + Playwright)	2026-07-13T20:44:30.7938140Z 
Public + security smoke (production build)	E2E smoke (build + start + Playwright)	2026-07-13T20:44:30.7938384Z     attachment #1: screenshot (image/png) ÔöÇÔöÇÔöÇÔöÇÔöÇÔöÇÔöÇÔöÇÔöÇÔöÇÔöÇÔöÇÔöÇÔöÇÔöÇÔöÇÔöÇÔöÇÔöÇÔöÇÔöÇÔöÇÔöÇÔöÇÔöÇÔöÇÔöÇÔöÇÔöÇÔöÇÔöÇÔöÇÔöÇÔöÇÔöÇÔöÇÔöÇÔöÇÔöÇÔöÇÔöÇÔöÇÔöÇÔöÇÔöÇÔöÇÔöÇÔöÇÔöÇÔöÇÔöÇÔöÇÔöÇÔöÇÔöÇÔöÇÔöÇÔöÇ
Public + security smoke (production build)	E2E smoke (build + start + Playwright)	2026-07-13T20:44:30.7938671Z     test-results/fi-ux-audit-labels-FI-UX-S-31ca6--document-overflow-on-Today-mobile-chrome/test-failed-1.png
Public + security smoke (production build)	E2E smoke (build + start + Playwright)	2026-07-13T20:44:30.7938898Z     ÔöÇÔöÇÔöÇÔöÇÔöÇÔöÇÔöÇÔöÇÔöÇÔöÇÔöÇÔöÇÔöÇÔöÇÔöÇÔöÇÔöÇÔöÇÔöÇÔöÇÔöÇÔöÇÔöÇÔöÇÔöÇÔöÇÔöÇÔöÇÔöÇÔöÇÔöÇÔöÇÔöÇÔöÇÔöÇÔöÇÔöÇÔöÇÔöÇÔöÇÔöÇÔöÇÔöÇÔöÇÔöÇÔöÇÔöÇÔöÇÔöÇÔöÇÔöÇÔöÇÔöÇÔöÇÔöÇÔöÇÔöÇÔöÇÔöÇÔöÇÔöÇÔöÇÔöÇÔöÇÔöÇÔöÇÔöÇÔöÇÔöÇÔöÇÔöÇÔöÇÔöÇÔöÇÔöÇÔöÇÔöÇÔöÇÔöÇÔöÇÔöÇÔöÇÔöÇÔöÇÔöÇÔöÇÔöÇÔöÇÔöÇÔöÇÔöÇÔöÇÔöÇÔöÇÔöÇÔöÇ
Public + security smoke (production build)	E2E smoke (build + start + Playwright)	2026-07-13T20:44:30.7938903Z 
Public + security smoke (production build)	E2E smoke (build + start + Playwright)	2026-07-13T20:44:30.7939224Z     Error Context: test-results/fi-ux-audit-labels-FI-UX-S-31ca6--document-overflow-on-Today-mobile-chrome/error-context.md
Public + security smoke (production build)	E2E smoke (build + start + Playwright)	2026-07-13T20:44:30.7939229Z 
Public + security smoke (production build)	E2E smoke (build + start + Playwright)	2026-07-13T20:44:30.7939725Z   64) [mobile-chrome] ÔÇ║ e2e/security/unauthenticated-access.spec.ts:63:7 ÔÇ║ unauthenticated access ÔÇö fails closed @security ÔÇ║ protected tenant patients API fails closed without a session 
Public + security smoke (production build)	E2E smoke (build + start + Playwright)	2026-07-13T20:44:30.7939740Z 
Public + security smoke (production build)	E2E smoke (build + start + Playwright)	2026-07-13T20:44:30.7939906Z     Error: expected 401/403 (or redirect) for unauthenticated patients API, got 404
Public + security smoke (production build)	E2E smoke (build + start + Playwright)	2026-07-13T20:44:30.7939911Z 
Public + security smoke (production build)	E2E smoke (build + start + Playwright)	2026-07-13T20:44:30.7940187Z     ^[[2mexpect(^[[22m^[[31mreceived^[[39m^[[2m).^[[22mtoBe^[[2m(^[[22m^[[32mexpected^[[39m^[[2m) // Object.is equality^[[22m
Public + security smoke (production build)	E2E smoke (build + start + Playwright)	2026-07-13T20:44:30.7940276Z 
Public + security smoke (production build)	E2E smoke (build + start + Playwright)	2026-07-13T20:44:30.7940374Z     Expected: ^[[32mtrue^[[39m
Public + security smoke (production build)	E2E smoke (build + start + Playwright)	2026-07-13T20:44:30.7940462Z     Received: ^[[31mfalse^[[39m
Public + security smoke (production build)	E2E smoke (build + start + Playwright)	2026-07-13T20:44:30.7940468Z 
Public + security smoke (production build)	E2E smoke (build + start + Playwright)	2026-07-13T20:44:30.7940581Z       73 |       [401, 403, 302, 303, 307].includes(status),
Public + security smoke (production build)	E2E smoke (build + start + Playwright)	2026-07-13T20:44:30.7940778Z       74 |       `expected 401/403 (or redirect) for unauthenticated patients API, got ${status}`
Public + security smoke (production build)	E2E smoke (build + start + Playwright)	2026-07-13T20:44:30.7940896Z     > 75 |     ).toBe(true);
Public + security smoke (production build)	E2E smoke (build + start + Playwright)	2026-07-13T20:44:30.7940960Z          |       ^
Public + security smoke (production build)	E2E smoke (build + start + Playwright)	2026-07-13T20:44:30.7941027Z       76 |   });
Public + security smoke (production build)	E2E smoke (build + start + Playwright)	2026-07-13T20:44:30.7941084Z       77 |
Public + security smoke (production build)	E2E smoke (build + start + Playwright)	2026-07-13T20:44:30.7941283Z       78 |   test("cron reminder route rejects unauthenticated calls", async ({ request }) => {
Public + security smoke (production build)	E2E smoke (build + start + Playwright)	2026-07-13T20:44:30.7941571Z         at /home/runner/work/G-follicleintelligence/G-follicleintelligence/e2e/security/unauthenticated-access.spec.ts:75:7
Public + security smoke (production build)	E2E smoke (build + start + Playwright)	2026-07-13T20:44:30.7941575Z 
Public + security smoke (production build)	E2E smoke (build + start + Playwright)	2026-07-13T20:44:30.7942041Z   65) [mobile-chrome] ÔÇ║ e2e/security/unauthenticated-access.spec.ts:78:7 ÔÇ║ unauthenticated access ÔÇö fails closed @security ÔÇ║ cron reminder route rejects unauthenticated calls 
Public + security smoke (production build)	E2E smoke (build + start + Playwright)	2026-07-13T20:44:30.7942052Z 
Public + security smoke (production build)	E2E smoke (build + start + Playwright)	2026-07-13T20:44:30.7942184Z     Error: expected 401/403/500 for unauthenticated cron, got 503
Public + security smoke (production build)	E2E smoke (build + start + Playwright)	2026-07-13T20:44:30.7942198Z 
Public + security smoke (production build)	E2E smoke (build + start + Playwright)	2026-07-13T20:44:30.7942461Z     ^[[2mexpect(^[[22m^[[31mreceived^[[39m^[[2m).^[[22mtoBe^[[2m(^[[22m^[[32mexpected^[[39m^[[2m) // Object.is equality^[[22m
Public + security smoke (production build)	E2E smoke (build + start + Playwright)	2026-07-13T20:44:30.7942470Z 
Public + security smoke (production build)	E2E smoke (build + start + Playwright)	2026-07-13T20:44:30.7942562Z     Expected: ^[[32mtrue^[[39m
Public + security smoke (production build)	E2E smoke (build + start + Playwright)	2026-07-13T20:44:30.7942654Z     Received: ^[[31mfalse^[[39m
Public + security smoke (production build)	E2E smoke (build + start + Playwright)	2026-07-13T20:44:30.7942659Z 
Public + security smoke (production build)	E2E smoke (build + start + Playwright)	2026-07-13T20:44:30.7942752Z       87 |       [401, 403, 500].includes(status),
Public + security smoke (production build)	E2E smoke (build + start + Playwright)	2026-07-13T20:44:30.7942908Z       88 |       `expected 401/403/500 for unauthenticated cron, got ${status}`
Public + security smoke (production build)	E2E smoke (build + start + Playwright)	2026-07-13T20:44:30.7942980Z     > 89 |     ).toBe(true);
Public + security smoke (production build)	E2E smoke (build + start + Playwright)	2026-07-13T20:44:30.7943041Z          |       ^
Public + security smoke (production build)	E2E smoke (build + start + Playwright)	2026-07-13T20:44:30.7943111Z       90 |   });
Public + security smoke (production build)	E2E smoke (build + start + Playwright)	2026-07-13T20:44:30.7943174Z       91 |
Public + security smoke (production build)	E2E smoke (build + start + Playwright)	2026-07-13T20:44:30.7943384Z       92 |   test("patient portal medications page is public but does not expose tenant APIs", async ({
Public + security smoke (production build)	E2E smoke (build + start + Playwright)	2026-07-13T20:44:30.7943677Z         at /home/runner/work/G-follicleintelligence/G-follicleintelligence/e2e/security/unauthenticated-access.spec.ts:89:7
Public + security smoke (production build)	E2E smoke (build + start + Playwright)	2026-07-13T20:44:30.7943682Z 
Public + security smoke (production build)	E2E smoke (build + start + Playwright)	2026-07-13T20:44:30.7944078Z   66) [mobile-safari] ÔÇ║ e2e/fi-operational-day.spec.ts:35:7 ÔÇ║ FI operational day ÔÇö security @smoke ÔÇ║ procedure day route hidden or denied when flag off 
Public + security smoke (production build)	E2E smoke (build + start + Playwright)	2026-07-13T20:44:30.7944087Z 
Public + security smoke (production build)	E2E smoke (build + start + Playwright)	2026-07-13T20:44:30.7944371Z     Error: ^[[2mexpect(^[[22m^[[31mreceived^[[39m^[[2m).^[[22mtoContain^[[2m(^[[22m^[[32mexpected^[[39m^[[2m) // indexOf^[[22m
Public + security smoke (production build)	E2E smoke (build + start + Playwright)	2026-07-13T20:44:30.7944377Z 
Public + security smoke (production build)	E2E smoke (build + start + Playwright)	2026-07-13T20:44:30.7944478Z     Expected value: ^[[32m200^[[39m
Public + security smoke (production build)	E2E smoke (build + start + Playwright)	2026-07-13T20:44:30.7944634Z     Received array: ^[[31m[404, 302, 303, 307, 401, 403]^[[39m
Public + security smoke (production build)	E2E smoke (build + start + Playwright)	2026-07-13T20:44:30.7944639Z 
Public + security smoke (production build)	E2E smoke (build + start + Playwright)	2026-07-13T20:44:30.7944848Z       38 |     const res = await page.goto(`/fi-admin/${tid}/procedure-day`, { waitUntil: "commit" });
Public + security smoke (production build)	E2E smoke (build + start + Playwright)	2026-07-13T20:44:30.7944944Z       39 |     const status = res?.status() ?? 0;
Public + security smoke (production build)	E2E smoke (build + start + Playwright)	2026-07-13T20:44:30.7945119Z     > 40 |     expect([404, 302, 303, 307, 401, 403]).toContain(status);
Public + security smoke (production build)	E2E smoke (build + start + Playwright)	2026-07-13T20:44:30.7945220Z          |                                            ^
Public + security smoke (production build)	E2E smoke (build + start + Playwright)	2026-07-13T20:44:30.7945278Z       41 |   });
Public + security smoke (production build)	E2E smoke (build + start + Playwright)	2026-07-13T20:44:30.7945345Z       42 |
Public + security smoke (production build)	E2E smoke (build + start + Playwright)	2026-07-13T20:44:30.7945554Z       43 |   test("reception-board API rejects unauthenticated access", async ({ request }) => {
Public + security smoke (production build)	E2E smoke (build + start + Playwright)	2026-07-13T20:44:30.7945812Z         at /home/runner/work/G-follicleintelligence/G-follicleintelligence/e2e/fi-operational-day.spec.ts:40:44
Public + security smoke (production build)	E2E smoke (build + start + Playwright)	2026-07-13T20:44:30.7945817Z 
Public + security smoke (production build)	E2E smoke (build + start + Playwright)	2026-07-13T20:44:30.7946065Z     attachment #1: screenshot (image/png) ÔöÇÔöÇÔöÇÔöÇÔöÇÔöÇÔöÇÔöÇÔöÇÔöÇÔöÇÔöÇÔöÇÔöÇÔöÇÔöÇÔöÇÔöÇÔöÇÔöÇÔöÇÔöÇÔöÇÔöÇÔöÇÔöÇÔöÇÔöÇÔöÇÔöÇÔöÇÔöÇÔöÇÔöÇÔöÇÔöÇÔöÇÔöÇÔöÇÔöÇÔöÇÔöÇÔöÇÔöÇÔöÇÔöÇÔöÇÔöÇÔöÇÔöÇÔöÇÔöÇÔöÇÔöÇÔöÇÔöÇÔöÇÔöÇ
Public + security smoke (production build)	E2E smoke (build + start + Playwright)	2026-07-13T20:44:30.7946356Z     test-results/fi-operational-day-FI-oper-108b9-den-or-denied-when-flag-off-mobile-safari/test-failed-1.png
Public + security smoke (production build)	E2E smoke (build + start + Playwright)	2026-07-13T20:44:30.7946672Z     ÔöÇÔöÇÔöÇÔöÇÔöÇÔöÇÔöÇÔöÇÔöÇÔöÇÔöÇÔöÇÔöÇÔöÇÔöÇÔöÇÔöÇÔöÇÔöÇÔöÇÔöÇÔöÇÔöÇÔöÇÔöÇÔöÇÔöÇÔöÇÔöÇÔöÇÔöÇÔöÇÔöÇÔöÇÔöÇÔöÇÔöÇÔöÇÔöÇÔöÇÔöÇÔöÇÔöÇÔöÇÔöÇÔöÇÔöÇÔöÇÔöÇÔöÇÔöÇÔöÇÔöÇÔöÇÔöÇÔöÇÔöÇÔöÇÔöÇÔöÇÔöÇÔöÇÔöÇÔöÇÔöÇÔöÇÔöÇÔöÇÔöÇÔöÇÔöÇÔöÇÔöÇÔöÇÔöÇÔöÇÔöÇÔöÇÔöÇÔöÇÔöÇÔöÇÔöÇÔöÇÔöÇÔöÇÔöÇÔöÇÔöÇÔöÇÔöÇÔöÇÔöÇÔöÇÔöÇÔöÇ
Public + security smoke (production build)	E2E smoke (build + start + Playwright)	2026-07-13T20:44:30.7946681Z 
Public + security smoke (production build)	E2E smoke (build + start + Playwright)	2026-07-13T20:44:30.7947001Z     Error Context: test-results/fi-operational-day-FI-oper-108b9-den-or-denied-when-flag-off-mobile-safari/error-context.md
Public + security smoke (production build)	E2E smoke (build + start + Playwright)	2026-07-13T20:44:30.7947014Z 
Public + security smoke (production build)	E2E smoke (build + start + Playwright)	2026-07-13T20:44:30.7947426Z   67) [mobile-safari] ÔÇ║ e2e/fi-ux-audit-labels.spec.ts:19:7 ÔÇ║ FI-UX S3.4 Front Desk cutover @smoke ÔÇ║ /front-desk renders Today board (not ReceptionOS dashboard) 
Public + security smoke (production build)	E2E smoke (build + start + Playwright)	2026-07-13T20:44:30.7947478Z 
Public + security smoke (production build)	E2E smoke (build + start + Playwright)	2026-07-13T20:44:30.7947711Z     Error: ^[[2mexpect(^[[22m^[[31mlocator^[[39m^[[2m).^[[22mtoBeVisible^[[2m(^[[22m^[[2m)^[[22m failed
Public + security smoke (production build)	E2E smoke (build + start + Playwright)	2026-07-13T20:44:30.7947716Z 
Public + security smoke (production build)	E2E smoke (build + start + Playwright)	2026-07-13T20:44:30.7947845Z     Locator: getByRole('heading', { name: 'Today', level: 1 })
Public + security smoke (production build)	E2E smoke (build + start + Playwright)	2026-07-13T20:44:30.7947911Z     Expected: visible
Public + security smoke (production build)	E2E smoke (build + start + Playwright)	2026-07-13T20:44:30.7947981Z     Timeout: 30000ms
Public + security smoke (production build)	E2E smoke (build + start + Playwright)	2026-07-13T20:44:30.7948071Z     Error: element(s) not found
Public + security smoke (production build)	E2E smoke (build + start + Playwright)	2026-07-13T20:44:30.7948075Z 
Public + security smoke (production build)	E2E smoke (build + start + Playwright)	2026-07-13T20:44:30.7948137Z     Call log:
Public + security smoke (production build)	E2E smoke (build + start + Playwright)	2026-07-13T20:44:30.7948284Z     ^[[2m  - Expect "toBeVisible" with timeout 30000ms^[[22m
Public + security smoke (production build)	E2E smoke (build + start + Playwright)	2026-07-13T20:44:30.7948487Z     ^[[2m  - waiting for getByRole('heading', { name: 'Today', level: 1 })^[[22m
Public + security smoke (production build)	E2E smoke (build + start + Playwright)	2026-07-13T20:44:30.7948496Z 
Public + security smoke (production build)	E2E smoke (build + start + Playwright)	2026-07-13T20:44:30.7948500Z 
Public + security smoke (production build)	E2E smoke (build + start + Playwright)	2026-07-13T20:44:30.7948712Z       19 |   test("/front-desk renders Today board (not ReceptionOS dashboard)", async ({ page }) => {
Public + security smoke (production build)	E2E smoke (build + start + Playwright)	2026-07-13T20:44:30.7948919Z       20 |     await page.goto(`${BASE()}/front-desk`, { waitUntil: "domcontentloaded", timeout: 60_000 });
Public + security smoke (production build)	E2E smoke (build + start + Playwright)	2026-07-13T20:44:30.7949121Z     > 21 |     await expect(page.getByRole("heading", { name: "Today", level: 1 })).toBeVisible({
Public + security smoke (production build)	E2E smoke (build + start + Playwright)	2026-07-13T20:44:30.7949244Z          |                                                                          ^
Public + security smoke (production build)	E2E smoke (build + start + Playwright)	2026-07-13T20:44:30.7949322Z       22 |       timeout: 30_000,
Public + security smoke (production build)	E2E smoke (build + start + Playwright)	2026-07-13T20:44:30.7949390Z       23 |     });
Public + security smoke (production build)	E2E smoke (build + start + Playwright)	2026-07-13T20:44:30.7949547Z       24 |     await expect(page.getByText("Front desk").first()).toBeVisible();
Public + security smoke (production build)	E2E smoke (build + start + Playwright)	2026-07-13T20:44:30.7949807Z         at /home/runner/work/G-follicleintelligence/G-follicleintelligence/e2e/fi-ux-audit-labels.spec.ts:21:74
Public + security smoke (production build)	E2E smoke (build + start + Playwright)	2026-07-13T20:44:30.7949811Z 
Public + security smoke (production build)	E2E smoke (build + start + Playwright)	2026-07-13T20:44:30.7950065Z     attachment #1: screenshot (image/png) ÔöÇÔöÇÔöÇÔöÇÔöÇÔöÇÔöÇÔöÇÔöÇÔöÇÔöÇÔöÇÔöÇÔöÇÔöÇÔöÇÔöÇÔöÇÔöÇÔöÇÔöÇÔöÇÔöÇÔöÇÔöÇÔöÇÔöÇÔöÇÔöÇÔöÇÔöÇÔöÇÔöÇÔöÇÔöÇÔöÇÔöÇÔöÇÔöÇÔöÇÔöÇÔöÇÔöÇÔöÇÔöÇÔöÇÔöÇÔöÇÔöÇÔöÇÔöÇÔöÇÔöÇÔöÇÔöÇÔöÇÔöÇÔöÇ
Public + security smoke (production build)	E2E smoke (build + start + Playwright)	2026-07-13T20:44:30.7950357Z     test-results/fi-ux-audit-labels-FI-UX-S-d494e--not-ReceptionOS-dashboard--mobile-safari/test-failed-1.png
Public + security smoke (production build)	E2E smoke (build + start + Playwright)	2026-07-13T20:44:30.7950587Z     ÔöÇÔöÇÔöÇÔöÇÔöÇÔöÇÔöÇÔöÇÔöÇÔöÇÔöÇÔöÇÔöÇÔöÇÔöÇÔöÇÔöÇÔöÇÔöÇÔöÇÔöÇÔöÇÔöÇÔöÇÔöÇÔöÇÔöÇÔöÇÔöÇÔöÇÔöÇÔöÇÔöÇÔöÇÔöÇÔöÇÔöÇÔöÇÔöÇÔöÇÔöÇÔöÇÔöÇÔöÇÔöÇÔöÇÔöÇÔöÇÔöÇÔöÇÔöÇÔöÇÔöÇÔöÇÔöÇÔöÇÔöÇÔöÇÔöÇÔöÇÔöÇÔöÇÔöÇÔöÇÔöÇÔöÇÔöÇÔöÇÔöÇÔöÇÔöÇÔöÇÔöÇÔöÇÔöÇÔöÇÔöÇÔöÇÔöÇÔöÇÔöÇÔöÇÔöÇÔöÇÔöÇÔöÇÔöÇÔöÇÔöÇÔöÇÔöÇÔöÇÔöÇÔöÇÔöÇÔöÇ
Public + security smoke (production build)	E2E smoke (build + start + Playwright)	2026-07-13T20:44:30.7950599Z 
Public + security smoke (production build)	E2E smoke (build + start + Playwright)	2026-07-13T20:44:30.7950908Z     Error Context: test-results/fi-ux-audit-labels-FI-UX-S-d494e--not-ReceptionOS-dashboard--mobile-safari/error-context.md
Public + security smoke (production build)	E2E smoke (build + start + Playwright)	2026-07-13T20:44:30.7950922Z 
Public + security smoke (production build)	E2E smoke (build + start + Playwright)	2026-07-13T20:44:30.7951298Z   68) [mobile-safari] ÔÇ║ e2e/fi-ux-audit-labels.spec.ts:30:7 ÔÇ║ FI-UX S3.4 Front Desk cutover @smoke ÔÇ║ exactly two Front Desk tabs: Today and Tomorrow 
Public + security smoke (production build)	E2E smoke (build + start + Playwright)	2026-07-13T20:44:30.7951304Z 
Public + security smoke (production build)	E2E smoke (build + start + Playwright)	2026-07-13T20:44:30.7951534Z     Error: ^[[2mexpect(^[[22m^[[31mlocator^[[39m^[[2m).^[[22mtoBeVisible^[[2m(^[[22m^[[2m)^[[22m failed
Public + security smoke (production build)	E2E smoke (build + start + Playwright)	2026-07-13T20:44:30.7951539Z 
Public + security smoke (production build)	E2E smoke (build + start + Playwright)	2026-07-13T20:44:30.7951692Z     Locator: getByRole('navigation', { name: 'Front desk navigation' })
Public + security smoke (production build)	E2E smoke (build + start + Playwright)	2026-07-13T20:44:30.7951812Z     Expected: visible
Public + security smoke (production build)	E2E smoke (build + start + Playwright)	2026-07-13T20:44:30.7951883Z     Timeout: 30000ms
Public + security smoke (production build)	E2E smoke (build + start + Playwright)	2026-07-13T20:44:30.7951968Z     Error: element(s) not found
Public + security smoke (production build)	E2E smoke (build + start + Playwright)	2026-07-13T20:44:30.7951973Z 
Public + security smoke (production build)	E2E smoke (build + start + Playwright)	2026-07-13T20:44:30.7952029Z     Call log:
Public + security smoke (production build)	E2E smoke (build + start + Playwright)	2026-07-13T20:44:30.7952184Z     ^[[2m  - Expect "toBeVisible" with timeout 30000ms^[[22m
Public + security smoke (production build)	E2E smoke (build + start + Playwright)	2026-07-13T20:44:30.7952410Z     ^[[2m  - waiting for getByRole('navigation', { name: 'Front desk navigation' })^[[22m
Public + security smoke (production build)	E2E smoke (build + start + Playwright)	2026-07-13T20:44:30.7952415Z 
Public + security smoke (production build)	E2E smoke (build + start + Playwright)	2026-07-13T20:44:30.7952419Z 
Public + security smoke (production build)	E2E smoke (build + start + Playwright)	2026-07-13T20:44:30.7952628Z       31 |     await page.goto(`${BASE()}/front-desk`, { waitUntil: "domcontentloaded", timeout: 60_000 });
Public + security smoke (production build)	E2E smoke (build + start + Playwright)	2026-07-13T20:44:30.7952810Z       32 |     const subNav = page.getByRole("navigation", { name: "Front desk navigation" });
Public + security smoke (production build)	E2E smoke (build + start + Playwright)	2026-07-13T20:44:30.7952946Z     > 33 |     await expect(subNav).toBeVisible({ timeout: 30_000 });
Public + security smoke (production build)	E2E smoke (build + start + Playwright)	2026-07-13T20:44:30.7953032Z          |                          ^
Public + security smoke (production build)	E2E smoke (build + start + Playwright)	2026-07-13T20:44:30.7953197Z       34 |     await expect(subNav.getByRole("link", { name: "Today" })).toBeVisible();
Public + security smoke (production build)	E2E smoke (build + start + Playwright)	2026-07-13T20:44:30.7953379Z       35 |     await expect(subNav.getByRole("link", { name: "Tomorrow" })).toBeVisible();
Public + security smoke (production build)	E2E smoke (build + start + Playwright)	2026-07-13T20:44:30.7953514Z       36 |     await expect(subNav.getByRole("link")).toHaveCount(2);
Public + security smoke (production build)	E2E smoke (build + start + Playwright)	2026-07-13T20:44:30.7953769Z         at /home/runner/work/G-follicleintelligence/G-follicleintelligence/e2e/fi-ux-audit-labels.spec.ts:33:26
Public + security smoke (production build)	E2E smoke (build + start + Playwright)	2026-07-13T20:44:30.7953807Z 
Public + security smoke (production build)	E2E smoke (build + start + Playwright)	2026-07-13T20:44:30.7954059Z     attachment #1: screenshot (image/png) ÔöÇÔöÇÔöÇÔöÇÔöÇÔöÇÔöÇÔöÇÔöÇÔöÇÔöÇÔöÇÔöÇÔöÇÔöÇÔöÇÔöÇÔöÇÔöÇÔöÇÔöÇÔöÇÔöÇÔöÇÔöÇÔöÇÔöÇÔöÇÔöÇÔöÇÔöÇÔöÇÔöÇÔöÇÔöÇÔöÇÔöÇÔöÇÔöÇÔöÇÔöÇÔöÇÔöÇÔöÇÔöÇÔöÇÔöÇÔöÇÔöÇÔöÇÔöÇÔöÇÔöÇÔöÇÔöÇÔöÇÔöÇÔöÇ
Public + security smoke (production build)	E2E smoke (build + start + Playwright)	2026-07-13T20:44:30.7954348Z     test-results/fi-ux-audit-labels-FI-UX-S-d86a3-esk-tabs-Today-and-Tomorrow-mobile-safari/test-failed-1.png
Public + security smoke (production build)	E2E smoke (build + start + Playwright)	2026-07-13T20:44:30.7954582Z     ÔöÇÔöÇÔöÇÔöÇÔöÇÔöÇÔöÇÔöÇÔöÇÔöÇÔöÇÔöÇÔöÇÔöÇÔöÇÔöÇÔöÇÔöÇÔöÇÔöÇÔöÇÔöÇÔöÇÔöÇÔöÇÔöÇÔöÇÔöÇÔöÇÔöÇÔöÇÔöÇÔöÇÔöÇÔöÇÔöÇÔöÇÔöÇÔöÇÔöÇÔöÇÔöÇÔöÇÔöÇÔöÇÔöÇÔöÇÔöÇÔöÇÔöÇÔöÇÔöÇÔöÇÔöÇÔöÇÔöÇÔöÇÔöÇÔöÇÔöÇÔöÇÔöÇÔöÇÔöÇÔöÇÔöÇÔöÇÔöÇÔöÇÔöÇÔöÇÔöÇÔöÇÔöÇÔöÇÔöÇÔöÇÔöÇÔöÇÔöÇÔöÇÔöÇÔöÇÔöÇÔöÇÔöÇÔöÇÔöÇÔöÇÔöÇÔöÇÔöÇÔöÇÔöÇÔöÇÔöÇ
Public + security smoke (production build)	E2E smoke (build + start + Playwright)	2026-07-13T20:44:30.7954586Z 
Public + security smoke (production build)	E2E smoke (build + start + Playwright)	2026-07-13T20:44:30.7954893Z     Error Context: test-results/fi-ux-audit-labels-FI-UX-S-d86a3-esk-tabs-Today-and-Tomorrow-mobile-safari/error-context.md
Public + security smoke (production build)	E2E smoke (build + start + Playwright)	2026-07-13T20:44:30.7954912Z 
Public + security smoke (production build)	E2E smoke (build + start + Playwright)	2026-07-13T20:44:30.7955256Z   69) [mobile-safari] ÔÇ║ e2e/fi-ux-audit-labels.spec.ts:47:7 ÔÇ║ FI-UX S3.4 Front Desk cutover @smoke ÔÇ║ Today tab is active on /front-desk 
Public + security smoke (production build)	E2E smoke (build + start + Playwright)	2026-07-13T20:44:30.7955262Z 
Public + security smoke (production build)	E2E smoke (build + start + Playwright)	2026-07-13T20:44:30.7955494Z     Error: ^[[2mexpect(^[[22m^[[31mlocator^[[39m^[[2m).^[[22mtoBeVisible^[[2m(^[[22m^[[2m)^[[22m failed
Public + security smoke (production build)	E2E smoke (build + start + Playwright)	2026-07-13T20:44:30.7955506Z 
Public + security smoke (production build)	E2E smoke (build + start + Playwright)	2026-07-13T20:44:30.7955735Z     Locator: getByRole('navigation', { name: 'Front desk navigation' }).getByRole('link', { name: 'Today' })
Public + security smoke (production build)	E2E smoke (build + start + Playwright)	2026-07-13T20:44:30.7955810Z     Expected: visible
Public + security smoke (production build)	E2E smoke (build + start + Playwright)	2026-07-13T20:44:30.7955874Z     Timeout: 30000ms
Public + security smoke (production build)	E2E smoke (build + start + Playwright)	2026-07-13T20:44:30.7955960Z     Error: element(s) not found
Public + security smoke (production build)	E2E smoke (build + start + Playwright)	2026-07-13T20:44:30.7955965Z 
Public + security smoke (production build)	E2E smoke (build + start + Playwright)	2026-07-13T20:44:30.7956029Z     Call log:
Public + security smoke (production build)	E2E smoke (build + start + Playwright)	2026-07-13T20:44:30.7956174Z     ^[[2m  - Expect "toBeVisible" with timeout 30000ms^[[22m
Public + security smoke (production build)	E2E smoke (build + start + Playwright)	2026-07-13T20:44:30.7956564Z     ^[[2m  - waiting for getByRole('navigation', { name: 'Front desk navigation' }).getByRole('link', { name: 'Today' })^[[22m
Public + security smoke (production build)	E2E smoke (build + start + Playwright)	2026-07-13T20:44:30.7956629Z 
Public + security smoke (production build)	E2E smoke (build + start + Playwright)	2026-07-13T20:44:30.7956633Z 
Public + security smoke (production build)	E2E smoke (build + start + Playwright)	2026-07-13T20:44:30.7956787Z       50 |       .getByRole("navigation", { name: "Front desk navigation" })
Public + security smoke (production build)	E2E smoke (build + start + Playwright)	2026-07-13T20:44:30.7956890Z       51 |       .getByRole("link", { name: "Today" });
Public + security smoke (production build)	E2E smoke (build + start + Playwright)	2026-07-13T20:44:30.7957023Z     > 52 |     await expect(today).toBeVisible({ timeout: 30_000 });
Public + security smoke (production build)	E2E smoke (build + start + Playwright)	2026-07-13T20:44:30.7957106Z          |                         ^
Public + security smoke (production build)	E2E smoke (build + start + Playwright)	2026-07-13T20:44:30.7957237Z       53 |     await expect(today).toHaveClass(/22C1FF|bg-\[#22C1FF/);
Public + security smoke (production build)	E2E smoke (build + start + Playwright)	2026-07-13T20:44:30.7957309Z       54 |   });
Public + security smoke (production build)	E2E smoke (build + start + Playwright)	2026-07-13T20:44:30.7957379Z       55 |
Public + security smoke (production build)	E2E smoke (build + start + Playwright)	2026-07-13T20:44:30.7957624Z         at /home/runner/work/G-follicleintelligence/G-follicleintelligence/e2e/fi-ux-audit-labels.spec.ts:52:25
Public + security smoke (production build)	E2E smoke (build + start + Playwright)	2026-07-13T20:44:30.7957636Z 
Public + security smoke (production build)	E2E smoke (build + start + Playwright)	2026-07-13T20:44:30.7957886Z     attachment #1: screenshot (image/png) ÔöÇÔöÇÔöÇÔöÇÔöÇÔöÇÔöÇÔöÇÔöÇÔöÇÔöÇÔöÇÔöÇÔöÇÔöÇÔöÇÔöÇÔöÇÔöÇÔöÇÔöÇÔöÇÔöÇÔöÇÔöÇÔöÇÔöÇÔöÇÔöÇÔöÇÔöÇÔöÇÔöÇÔöÇÔöÇÔöÇÔöÇÔöÇÔöÇÔöÇÔöÇÔöÇÔöÇÔöÇÔöÇÔöÇÔöÇÔöÇÔöÇÔöÇÔöÇÔöÇÔöÇÔöÇÔöÇÔöÇÔöÇÔöÇ
Public + security smoke (production build)	E2E smoke (build + start + Playwright)	2026-07-13T20:44:30.7958167Z     test-results/fi-ux-audit-labels-FI-UX-S-961ff-tab-is-active-on-front-desk-mobile-safari/test-failed-1.png
Public + security smoke (production build)	E2E smoke (build + start + Playwright)	2026-07-13T20:44:30.7958405Z     ÔöÇÔöÇÔöÇÔöÇÔöÇÔöÇÔöÇÔöÇÔöÇÔöÇÔöÇÔöÇÔöÇÔöÇÔöÇÔöÇÔöÇÔöÇÔöÇÔöÇÔöÇÔöÇÔöÇÔöÇÔöÇÔöÇÔöÇÔöÇÔöÇÔöÇÔöÇÔöÇÔöÇÔöÇÔöÇÔöÇÔöÇÔöÇÔöÇÔöÇÔöÇÔöÇÔöÇÔöÇÔöÇÔöÇÔöÇÔöÇÔöÇÔöÇÔöÇÔöÇÔöÇÔöÇÔöÇÔöÇÔöÇÔöÇÔöÇÔöÇÔöÇÔöÇÔöÇÔöÇÔöÇÔöÇÔöÇÔöÇÔöÇÔöÇÔöÇÔöÇÔöÇÔöÇÔöÇÔöÇÔöÇÔöÇÔöÇÔöÇÔöÇÔöÇÔöÇÔöÇÔöÇÔöÇÔöÇÔöÇÔöÇÔöÇÔöÇÔöÇÔöÇÔöÇÔöÇÔöÇ
Public + security smoke (production build)	E2E smoke (build + start + Playwright)	2026-07-13T20:44:30.7958410Z 
Public + security smoke (production build)	E2E smoke (build + start + Playwright)	2026-07-13T20:44:30.7958709Z     Error Context: test-results/fi-ux-audit-labels-FI-UX-S-961ff-tab-is-active-on-front-desk-mobile-safari/error-context.md
Public + security smoke (production build)	E2E smoke (build + start + Playwright)	2026-07-13T20:44:30.7958722Z 
Public + security smoke (production build)	E2E smoke (build + start + Playwright)	2026-07-13T20:44:30.7959140Z   70) [mobile-safari] ÔÇ║ e2e/fi-ux-audit-labels.spec.ts:56:7 ÔÇ║ FI-UX S3.4 Front Desk cutover @smoke ÔÇ║ Tomorrow tab is active on /front-desk/tomorrow 
Public + security smoke (production build)	E2E smoke (build + start + Playwright)	2026-07-13T20:44:30.7959147Z 
Public + security smoke (production build)	E2E smoke (build + start + Playwright)	2026-07-13T20:44:30.7959374Z     Error: ^[[2mexpect(^[[22m^[[31mlocator^[[39m^[[2m).^[[22mtoBeVisible^[[2m(^[[22m^[[2m)^[[22m failed
Public + security smoke (production build)	E2E smoke (build + start + Playwright)	2026-07-13T20:44:30.7959380Z 
Public + security smoke (production build)	E2E smoke (build + start + Playwright)	2026-07-13T20:44:30.7959606Z     Locator: getByRole('navigation', { name: 'Front desk navigation' }).getByRole('link', { name: 'Tomorrow' })
Public + security smoke (production build)	E2E smoke (build + start + Playwright)	2026-07-13T20:44:30.7959670Z     Expected: visible
Public + security smoke (production build)	E2E smoke (build + start + Playwright)	2026-07-13T20:44:30.7959740Z     Timeout: 30000ms
Public + security smoke (production build)	E2E smoke (build + start + Playwright)	2026-07-13T20:44:30.7959826Z     Error: element(s) not found
Public + security smoke (production build)	E2E smoke (build + start + Playwright)	2026-07-13T20:44:30.7959839Z 
Public + security smoke (production build)	E2E smoke (build + start + Playwright)	2026-07-13T20:44:30.7959893Z     Call log:
Public + security smoke (production build)	E2E smoke (build + start + Playwright)	2026-07-13T20:44:30.7960044Z     ^[[2m  - Expect "toBeVisible" with timeout 30000ms^[[22m
Public + security smoke (production build)	E2E smoke (build + start + Playwright)	2026-07-13T20:44:30.7960358Z     ^[[2m  - waiting for getByRole('navigation', { name: 'Front desk navigation' }).getByRole('link', { name: 'Tomorrow' })^[[22m
Public + security smoke (production build)	E2E smoke (build + start + Playwright)	2026-07-13T20:44:30.7960363Z 
Public + security smoke (production build)	E2E smoke (build + start + Playwright)	2026-07-13T20:44:30.7960368Z 
Public + security smoke (production build)	E2E smoke (build + start + Playwright)	2026-07-13T20:44:30.7960519Z       62 |       .getByRole("navigation", { name: "Front desk navigation" })
Public + security smoke (production build)	E2E smoke (build + start + Playwright)	2026-07-13T20:44:30.7960623Z       63 |       .getByRole("link", { name: "Tomorrow" });
Public + security smoke (production build)	E2E smoke (build + start + Playwright)	2026-07-13T20:44:30.7960760Z     > 64 |     await expect(tomorrow).toBeVisible({ timeout: 30_000 });
Public + security smoke (production build)	E2E smoke (build + start + Playwright)	2026-07-13T20:44:30.7960845Z          |                            ^
Public + security smoke (production build)	E2E smoke (build + start + Playwright)	2026-07-13T20:44:30.7960998Z       65 |     await expect(page).toHaveURL(new RegExp(`/front-desk/tomorrow`));
Public + security smoke (production build)	E2E smoke (build + start + Playwright)	2026-07-13T20:44:30.7961063Z       66 |   });
Public + security smoke (production build)	E2E smoke (build + start + Playwright)	2026-07-13T20:44:30.7961126Z       67 |
Public + security smoke (production build)	E2E smoke (build + start + Playwright)	2026-07-13T20:44:30.7961369Z         at /home/runner/work/G-follicleintelligence/G-follicleintelligence/e2e/fi-ux-audit-labels.spec.ts:64:28
Public + security smoke (production build)	E2E smoke (build + start + Playwright)	2026-07-13T20:44:30.7961377Z 
Public + security smoke (production build)	E2E smoke (build + start + Playwright)	2026-07-13T20:44:30.7961629Z     attachment #1: screenshot (image/png) ÔöÇÔöÇÔöÇÔöÇÔöÇÔöÇÔöÇÔöÇÔöÇÔöÇÔöÇÔöÇÔöÇÔöÇÔöÇÔöÇÔöÇÔöÇÔöÇÔöÇÔöÇÔöÇÔöÇÔöÇÔöÇÔöÇÔöÇÔöÇÔöÇÔöÇÔöÇÔöÇÔöÇÔöÇÔöÇÔöÇÔöÇÔöÇÔöÇÔöÇÔöÇÔöÇÔöÇÔöÇÔöÇÔöÇÔöÇÔöÇÔöÇÔöÇÔöÇÔöÇÔöÇÔöÇÔöÇÔöÇÔöÇÔöÇ
Public + security smoke (production build)	E2E smoke (build + start + Playwright)	2026-07-13T20:44:30.7961910Z     test-results/fi-ux-audit-labels-FI-UX-S-3f667-tive-on-front-desk-tomorrow-mobile-safari/test-failed-1.png
Public + security smoke (production build)	E2E smoke (build + start + Playwright)	2026-07-13T20:44:30.7962143Z     ÔöÇÔöÇÔöÇÔöÇÔöÇÔöÇÔöÇÔöÇÔöÇÔöÇÔöÇÔöÇÔöÇÔöÇÔöÇÔöÇÔöÇÔöÇÔöÇÔöÇÔöÇÔöÇÔöÇÔöÇÔöÇÔöÇÔöÇÔöÇÔöÇÔöÇÔöÇÔöÇÔöÇÔöÇÔöÇÔöÇÔöÇÔöÇÔöÇÔöÇÔöÇÔöÇÔöÇÔöÇÔöÇÔöÇÔöÇÔöÇÔöÇÔöÇÔöÇÔöÇÔöÇÔöÇÔöÇÔöÇÔöÇÔöÇÔöÇÔöÇÔöÇÔöÇÔöÇÔöÇÔöÇÔöÇÔöÇÔöÇÔöÇÔöÇÔöÇÔöÇÔöÇÔöÇÔöÇÔöÇÔöÇÔöÇÔöÇÔöÇÔöÇÔöÇÔöÇÔöÇÔöÇÔöÇÔöÇÔöÇÔöÇÔöÇÔöÇÔöÇÔöÇÔöÇÔöÇÔöÇ
Public + security smoke (production build)	E2E smoke (build + start + Playwright)	2026-07-13T20:44:30.7962153Z 
Public + security smoke (production build)	E2E smoke (build + start + Playwright)	2026-07-13T20:44:30.7962461Z     Error Context: test-results/fi-ux-audit-labels-FI-UX-S-3f667-tive-on-front-desk-tomorrow-mobile-safari/error-context.md
Public + security smoke (production build)	E2E smoke (build + start + Playwright)	2026-07-13T20:44:30.7962466Z 
Public + security smoke (production build)	E2E smoke (build + start + Playwright)	2026-07-13T20:44:30.7962916Z   71) [mobile-safari] ÔÇ║ e2e/fi-ux-audit-labels.spec.ts:68:7 ÔÇ║ FI-UX S3.4 Front Desk cutover @smoke ÔÇ║ legacy /reception redirects to /front-desk and preserves bookingId/date 
Public + security smoke (production build)	E2E smoke (build + start + Playwright)	2026-07-13T20:44:30.7962922Z 
Public + security smoke (production build)	E2E smoke (build + start + Playwright)	2026-07-13T20:44:30.7963176Z     Error: ^[[2mexpect(^[[22m^[[31mpage^[[39m^[[2m).^[[22mtoHaveURL^[[2m(^[[22m^[[32mexpected^[[39m^[[2m)^[[22m failed
Public + security smoke (production build)	E2E smoke (build + start + Playwright)	2026-07-13T20:44:30.7963225Z 
Public + security smoke (production build)	E2E smoke (build + start + Playwright)	2026-07-13T20:44:30.7963363Z     Expected pattern: ^[[32m/\/front-desk\?/^[[39m
Public + security smoke (production build)	E2E smoke (build + start + Playwright)	2026-07-13T20:44:30.7963763Z     Received string:  ^[[31m"http://127.0.0.1:3000/follicle-intelligence/login?next=%2Ffi-admin%2F00000000-0000-4000-8000-000000000000%2Freception"^[[39m
Public + security smoke (production build)	E2E smoke (build + start + Playwright)	2026-07-13T20:44:30.7963834Z     Timeout: 15000ms
Public + security smoke (production build)	E2E smoke (build + start + Playwright)	2026-07-13T20:44:30.7963846Z 
Public + security smoke (production build)	E2E smoke (build + start + Playwright)	2026-07-13T20:44:30.7963906Z     Call log:
Public + security smoke (production build)	E2E smoke (build + start + Playwright)	2026-07-13T20:44:30.7964048Z     ^[[2m  - Expect "toHaveURL" with timeout 15000ms^[[22m
Public + security smoke (production build)	E2E smoke (build + start + Playwright)	2026-07-13T20:44:30.7964455Z     ^[[2m    18 ├ù unexpected value "http://127.0.0.1:3000/follicle-intelligence/login?next=%2Ffi-admin%2F00000000-0000-4000-8000-000000000000%2Freception"^[[22m
Public + security smoke (production build)	E2E smoke (build + start + Playwright)	2026-07-13T20:44:30.7964461Z 
Public + security smoke (production build)	E2E smoke (build + start + Playwright)	2026-07-13T20:44:30.7964464Z 
Public + security smoke (production build)	E2E smoke (build + start + Playwright)	2026-07-13T20:44:30.7964546Z       73 |       timeout: 60_000,
Public + security smoke (production build)	E2E smoke (build + start + Playwright)	2026-07-13T20:44:30.7964611Z       74 |     });
Public + security smoke (production build)	E2E smoke (build + start + Playwright)	2026-07-13T20:44:30.7964749Z     > 75 |     await expect(page).toHaveURL(new RegExp(`/front-desk\\?`));
Public + security smoke (production build)	E2E smoke (build + start + Playwright)	2026-07-13T20:44:30.7964833Z          |                        ^
Public + security smoke (production build)	E2E smoke (build + start + Playwright)	2026-07-13T20:44:30.7964941Z       76 |     const url = new URL(page.url());
Public + security smoke (production build)	E2E smoke (build + start + Playwright)	2026-07-13T20:44:30.7965084Z       77 |     expect(url.pathname.endsWith("/front-desk")).toBeTruthy();
Public + security smoke (production build)	E2E smoke (build + start + Playwright)	2026-07-13T20:44:30.7965224Z       78 |     expect(url.searchParams.get("bookingId")).toBe("abc");
Public + security smoke (production build)	E2E smoke (build + start + Playwright)	2026-07-13T20:44:30.7965474Z         at /home/runner/work/G-follicleintelligence/G-follicleintelligence/e2e/fi-ux-audit-labels.spec.ts:75:24
Public + security smoke (production build)	E2E smoke (build + start + Playwright)	2026-07-13T20:44:30.7965515Z 
Public + security smoke (production build)	E2E smoke (build + start + Playwright)	2026-07-13T20:44:30.7965764Z     attachment #1: screenshot (image/png) ÔöÇÔöÇÔöÇÔöÇÔöÇÔöÇÔöÇÔöÇÔöÇÔöÇÔöÇÔöÇÔöÇÔöÇÔöÇÔöÇÔöÇÔöÇÔöÇÔöÇÔöÇÔöÇÔöÇÔöÇÔöÇÔöÇÔöÇÔöÇÔöÇÔöÇÔöÇÔöÇÔöÇÔöÇÔöÇÔöÇÔöÇÔöÇÔöÇÔöÇÔöÇÔöÇÔöÇÔöÇÔöÇÔöÇÔöÇÔöÇÔöÇÔöÇÔöÇÔöÇÔöÇÔöÇÔöÇÔöÇÔöÇÔöÇ
Public + security smoke (production build)	E2E smoke (build + start + Playwright)	2026-07-13T20:44:30.7966058Z     test-results/fi-ux-audit-labels-FI-UX-S-9fdb6-nd-preserves-bookingId-date-mobile-safari/test-failed-1.png
Public + security smoke (production build)	E2E smoke (build + start + Playwright)	2026-07-13T20:44:30.7966288Z     ÔöÇÔöÇÔöÇÔöÇÔöÇÔöÇÔöÇÔöÇÔöÇÔöÇÔöÇÔöÇÔöÇÔöÇÔöÇÔöÇÔöÇÔöÇÔöÇÔöÇÔöÇÔöÇÔöÇÔöÇÔöÇÔöÇÔöÇÔöÇÔöÇÔöÇÔöÇÔöÇÔöÇÔöÇÔöÇÔöÇÔöÇÔöÇÔöÇÔöÇÔöÇÔöÇÔöÇÔöÇÔöÇÔöÇÔöÇÔöÇÔöÇÔöÇÔöÇÔöÇÔöÇÔöÇÔöÇÔöÇÔöÇÔöÇÔöÇÔöÇÔöÇÔöÇÔöÇÔöÇÔöÇÔöÇÔöÇÔöÇÔöÇÔöÇÔöÇÔöÇÔöÇÔöÇÔöÇÔöÇÔöÇÔöÇÔöÇÔöÇÔöÇÔöÇÔöÇÔöÇÔöÇÔöÇÔöÇÔöÇÔöÇÔöÇÔöÇÔöÇÔöÇÔöÇÔöÇÔöÇ
Public + security smoke (production build)	E2E smoke (build + start + Playwright)	2026-07-13T20:44:30.7966294Z 
Public + security smoke (production build)	E2E smoke (build + start + Playwright)	2026-07-13T20:44:30.7966687Z     Error Context: test-results/fi-ux-audit-labels-FI-UX-S-9fdb6-nd-preserves-bookingId-date-mobile-safari/error-context.md
Public + security smoke (production build)	E2E smoke (build + start + Playwright)	2026-07-13T20:44:30.7966705Z 
Public + security smoke (production build)	E2E smoke (build + start + Playwright)	2026-07-13T20:44:30.7967119Z   72) [mobile-safari] ÔÇ║ e2e/fi-ux-audit-labels.spec.ts:87:7 ÔÇ║ FI-UX S3.4 Front Desk cutover @smoke ÔÇ║ legacy /reception-board and /operations redirect to Today 
Public + security smoke (production build)	E2E smoke (build + start + Playwright)	2026-07-13T20:44:30.7967135Z 
Public + security smoke (production build)	E2E smoke (build + start + Playwright)	2026-07-13T20:44:30.7967384Z     Error: ^[[2mexpect(^[[22m^[[31mpage^[[39m^[[2m).^[[22mtoHaveURL^[[2m(^[[22m^[[32mexpected^[[39m^[[2m)^[[22m failed
Public + security smoke (production build)	E2E smoke (build + start + Playwright)	2026-07-13T20:44:30.7967397Z 
Public + security smoke (production build)	E2E smoke (build + start + Playwright)	2026-07-13T20:44:30.7967530Z     Expected pattern: ^[[32m/\/front-desk$/^[[39m
Public + security smoke (production build)	E2E smoke (build + start + Playwright)	2026-07-13T20:44:30.7967944Z     Received string:  ^[[31m"http://127.0.0.1:3000/follicle-intelligence/login?next=%2Ffi-admin%2F00000000-0000-4000-8000-000000000000%2Freception-board"^[[39m
Public + security smoke (production build)	E2E smoke (build + start + Playwright)	2026-07-13T20:44:30.7968007Z     Timeout: 15000ms
Public + security smoke (production build)	E2E smoke (build + start + Playwright)	2026-07-13T20:44:30.7968020Z 
Public + security smoke (production build)	E2E smoke (build + start + Playwright)	2026-07-13T20:44:30.7968075Z     Call log:
Public + security smoke (production build)	E2E smoke (build + start + Playwright)	2026-07-13T20:44:30.7968225Z     ^[[2m  - Expect "toHaveURL" with timeout 15000ms^[[22m
Public + security smoke (production build)	E2E smoke (build + start + Playwright)	2026-07-13T20:44:30.7968645Z     ^[[2m    18 ├ù unexpected value "http://127.0.0.1:3000/follicle-intelligence/login?next=%2Ffi-admin%2F00000000-0000-4000-8000-000000000000%2Freception-board"^[[22m
Public + security smoke (production build)	E2E smoke (build + start + Playwright)	2026-07-13T20:44:30.7968698Z 
Public + security smoke (production build)	E2E smoke (build + start + Playwright)	2026-07-13T20:44:30.7968701Z 
Public + security smoke (production build)	E2E smoke (build + start + Playwright)	2026-07-13T20:44:30.7968837Z       88 |     for (const path of ["reception-board", "operations"]) {
Public + security smoke (production build)	E2E smoke (build + start + Playwright)	2026-07-13T20:44:30.7969049Z       89 |       await page.goto(`${BASE()}/${path}`, { waitUntil: "domcontentloaded", timeout: 60_000 });
Public + security smoke (production build)	E2E smoke (build + start + Playwright)	2026-07-13T20:44:30.7969202Z     > 90 |       await expect(page).toHaveURL(new RegExp(`/front-desk$`));
Public + security smoke (production build)	E2E smoke (build + start + Playwright)	2026-07-13T20:44:30.7969283Z          |                          ^
Public + security smoke (production build)	E2E smoke (build + start + Playwright)	2026-07-13T20:44:30.7969350Z       91 |     }
Public + security smoke (production build)	E2E smoke (build + start + Playwright)	2026-07-13T20:44:30.7969416Z       92 |   });
Public + security smoke (production build)	E2E smoke (build + start + Playwright)	2026-07-13T20:44:30.7969473Z       93 |
Public + security smoke (production build)	E2E smoke (build + start + Playwright)	2026-07-13T20:44:30.7969733Z         at /home/runner/work/G-follicleintelligence/G-follicleintelligence/e2e/fi-ux-audit-labels.spec.ts:90:26
Public + security smoke (production build)	E2E smoke (build + start + Playwright)	2026-07-13T20:44:30.7969738Z 
Public + security smoke (production build)	E2E smoke (build + start + Playwright)	2026-07-13T20:44:30.7969998Z     attachment #1: screenshot (image/png) ÔöÇÔöÇÔöÇÔöÇÔöÇÔöÇÔöÇÔöÇÔöÇÔöÇÔöÇÔöÇÔöÇÔöÇÔöÇÔöÇÔöÇÔöÇÔöÇÔöÇÔöÇÔöÇÔöÇÔöÇÔöÇÔöÇÔöÇÔöÇÔöÇÔöÇÔöÇÔöÇÔöÇÔöÇÔöÇÔöÇÔöÇÔöÇÔöÇÔöÇÔöÇÔöÇÔöÇÔöÇÔöÇÔöÇÔöÇÔöÇÔöÇÔöÇÔöÇÔöÇÔöÇÔöÇÔöÇÔöÇÔöÇÔöÇ
Public + security smoke (production build)	E2E smoke (build + start + Playwright)	2026-07-13T20:44:30.7970293Z     test-results/fi-ux-audit-labels-FI-UX-S-3e308-perations-redirect-to-Today-mobile-safari/test-failed-1.png
Public + security smoke (production build)	E2E smoke (build + start + Playwright)	2026-07-13T20:44:30.7970579Z     ÔöÇÔöÇÔöÇÔöÇÔöÇÔöÇÔöÇÔöÇÔöÇÔöÇÔöÇÔöÇÔöÇÔöÇÔöÇÔöÇÔöÇÔöÇÔöÇÔöÇÔöÇÔöÇÔöÇÔöÇÔöÇÔöÇÔöÇÔöÇÔöÇÔöÇÔöÇÔöÇÔöÇÔöÇÔöÇÔöÇÔöÇÔöÇÔöÇÔöÇÔöÇÔöÇÔöÇÔöÇÔöÇÔöÇÔöÇÔöÇÔöÇÔöÇÔöÇÔöÇÔöÇÔöÇÔöÇÔöÇÔöÇÔöÇÔöÇÔöÇÔöÇÔöÇÔöÇÔöÇÔöÇÔöÇÔöÇÔöÇÔöÇÔöÇÔöÇÔöÇÔöÇÔöÇÔöÇÔöÇÔöÇÔöÇÔöÇÔöÇÔöÇÔöÇÔöÇÔöÇÔöÇÔöÇÔöÇÔöÇÔöÇÔöÇÔöÇÔöÇÔöÇÔöÇÔöÇÔöÇ
Public + security smoke (production build)	E2E smoke (build + start + Playwright)	2026-07-13T20:44:30.7970587Z 
Public + security smoke (production build)	E2E smoke (build + start + Playwright)	2026-07-13T20:44:30.7970913Z     Error Context: test-results/fi-ux-audit-labels-FI-UX-S-3e308-perations-redirect-to-Today-mobile-safari/error-context.md
Public + security smoke (production build)	E2E smoke (build + start + Playwright)	2026-07-13T20:44:30.7970972Z 
Public + security smoke (production build)	E2E smoke (build + start + Playwright)	2026-07-13T20:44:30.7971375Z   73) [mobile-safari] ÔÇ║ e2e/fi-ux-audit-labels.spec.ts:94:7 ÔÇ║ FI-UX S3.4 Front Desk cutover @smoke ÔÇ║ legacy /tomorrow redirects to /front-desk/tomorrow 
Public + security smoke (production build)	E2E smoke (build + start + Playwright)	2026-07-13T20:44:30.7971381Z 
Public + security smoke (production build)	E2E smoke (build + start + Playwright)	2026-07-13T20:44:30.7971635Z     Error: ^[[2mexpect(^[[22m^[[31mpage^[[39m^[[2m).^[[22mtoHaveURL^[[2m(^[[22m^[[32mexpected^[[39m^[[2m)^[[22m failed
Public + security smoke (production build)	E2E smoke (build + start + Playwright)	2026-07-13T20:44:30.7971640Z 
Public + security smoke (production build)	E2E smoke (build + start + Playwright)	2026-07-13T20:44:30.7971785Z     Expected pattern: ^[[32m/\/front-desk\/tomorrow/^[[39m
Public + security smoke (production build)	E2E smoke (build + start + Playwright)	2026-07-13T20:44:30.7972184Z     Received string:  ^[[31m"http://127.0.0.1:3000/follicle-intelligence/login?next=%2Ffi-admin%2F00000000-0000-4000-8000-000000000000%2Ftomorrow"^[[39m
Public + security smoke (production build)	E2E smoke (build + start + Playwright)	2026-07-13T20:44:30.7972264Z     Timeout: 15000ms
Public + security smoke (production build)	E2E smoke (build + start + Playwright)	2026-07-13T20:44:30.7972269Z 
Public + security smoke (production build)	E2E smoke (build + start + Playwright)	2026-07-13T20:44:30.7972325Z     Call log:
Public + security smoke (production build)	E2E smoke (build + start + Playwright)	2026-07-13T20:44:30.7972474Z     ^[[2m  - Expect "toHaveURL" with timeout 15000ms^[[22m
Public + security smoke (production build)	E2E smoke (build + start + Playwright)	2026-07-13T20:44:30.7972885Z     ^[[2m    18 ├ù unexpected value "http://127.0.0.1:3000/follicle-intelligence/login?next=%2Ffi-admin%2F00000000-0000-4000-8000-000000000000%2Ftomorrow"^[[22m
Public + security smoke (production build)	E2E smoke (build + start + Playwright)	2026-07-13T20:44:30.7972896Z 
Public + security smoke (production build)	E2E smoke (build + start + Playwright)	2026-07-13T20:44:30.7972899Z 
Public + security smoke (production build)	E2E smoke (build + start + Playwright)	2026-07-13T20:44:30.7973096Z       94 |   test("legacy /tomorrow redirects to /front-desk/tomorrow", async ({ page }) => {
Public + security smoke (production build)	E2E smoke (build + start + Playwright)	2026-07-13T20:44:30.7973296Z       95 |     await page.goto(`${BASE()}/tomorrow`, { waitUntil: "domcontentloaded", timeout: 60_000 });
Public + security smoke (production build)	E2E smoke (build + start + Playwright)	2026-07-13T20:44:30.7973461Z     > 96 |     await expect(page).toHaveURL(new RegExp(`/front-desk/tomorrow`));
Public + security smoke (production build)	E2E smoke (build + start + Playwright)	2026-07-13T20:44:30.7973543Z          |                        ^
Public + security smoke (production build)	E2E smoke (build + start + Playwright)	2026-07-13T20:44:30.7973601Z       97 |   });
Public + security smoke (production build)	E2E smoke (build + start + Playwright)	2026-07-13T20:44:30.7973670Z       98 |
Public + security smoke (production build)	E2E smoke (build + start + Playwright)	2026-07-13T20:44:30.7973848Z       99 |   test("legacy front-desk subroutes redirect to Today", async ({ page }) => {
Public + security smoke (production build)	E2E smoke (build + start + Playwright)	2026-07-13T20:44:30.7974101Z         at /home/runner/work/G-follicleintelligence/G-follicleintelligence/e2e/fi-ux-audit-labels.spec.ts:96:24
Public + security smoke (production build)	E2E smoke (build + start + Playwright)	2026-07-13T20:44:30.7974118Z 
Public + security smoke (production build)	E2E smoke (build + start + Playwright)	2026-07-13T20:44:30.7974365Z     attachment #1: screenshot (image/png) ÔöÇÔöÇÔöÇÔöÇÔöÇÔöÇÔöÇÔöÇÔöÇÔöÇÔöÇÔöÇÔöÇÔöÇÔöÇÔöÇÔöÇÔöÇÔöÇÔöÇÔöÇÔöÇÔöÇÔöÇÔöÇÔöÇÔöÇÔöÇÔöÇÔöÇÔöÇÔöÇÔöÇÔöÇÔöÇÔöÇÔöÇÔöÇÔöÇÔöÇÔöÇÔöÇÔöÇÔöÇÔöÇÔöÇÔöÇÔöÇÔöÇÔöÇÔöÇÔöÇÔöÇÔöÇÔöÇÔöÇÔöÇÔöÇ
Public + security smoke (production build)	E2E smoke (build + start + Playwright)	2026-07-13T20:44:30.7974660Z     test-results/fi-ux-audit-labels-FI-UX-S-be950-ects-to-front-desk-tomorrow-mobile-safari/test-failed-1.png
Public + security smoke (production build)	E2E smoke (build + start + Playwright)	2026-07-13T20:44:30.7974895Z     ÔöÇÔöÇÔöÇÔöÇÔöÇÔöÇÔöÇÔöÇÔöÇÔöÇÔöÇÔöÇÔöÇÔöÇÔöÇÔöÇÔöÇÔöÇÔöÇÔöÇÔöÇÔöÇÔöÇÔöÇÔöÇÔöÇÔöÇÔöÇÔöÇÔöÇÔöÇÔöÇÔöÇÔöÇÔöÇÔöÇÔöÇÔöÇÔöÇÔöÇÔöÇÔöÇÔöÇÔöÇÔöÇÔöÇÔöÇÔöÇÔöÇÔöÇÔöÇÔöÇÔöÇÔöÇÔöÇÔöÇÔöÇÔöÇÔöÇÔöÇÔöÇÔöÇÔöÇÔöÇÔöÇÔöÇÔöÇÔöÇÔöÇÔöÇÔöÇÔöÇÔöÇÔöÇÔöÇÔöÇÔöÇÔöÇÔöÇÔöÇÔöÇÔöÇÔöÇÔöÇÔöÇÔöÇÔöÇÔöÇÔöÇÔöÇÔöÇÔöÇÔöÇÔöÇÔöÇÔöÇ
Public + security smoke (production build)	E2E smoke (build + start + Playwright)	2026-07-13T20:44:30.7974900Z 
Public + security smoke (production build)	E2E smoke (build + start + Playwright)	2026-07-13T20:44:30.7975217Z     Error Context: test-results/fi-ux-audit-labels-FI-UX-S-be950-ects-to-front-desk-tomorrow-mobile-safari/error-context.md
Public + security smoke (production build)	E2E smoke (build + start + Playwright)	2026-07-13T20:44:30.7975230Z 
Public + security smoke (production build)	E2E smoke (build + start + Playwright)	2026-07-13T20:44:30.7975601Z   74) [mobile-safari] ÔÇ║ e2e/fi-ux-audit-labels.spec.ts:99:7 ÔÇ║ FI-UX S3.4 Front Desk cutover @smoke ÔÇ║ legacy front-desk subroutes redirect to Today 
Public + security smoke (production build)	E2E smoke (build + start + Playwright)	2026-07-13T20:44:30.7975644Z 
Public + security smoke (production build)	E2E smoke (build + start + Playwright)	2026-07-13T20:44:30.7975905Z     Error: ^[[2mexpect(^[[22m^[[31mpage^[[39m^[[2m).^[[22mtoHaveURL^[[2m(^[[22m^[[32mexpected^[[39m^[[2m)^[[22m failed
Public + security smoke (production build)	E2E smoke (build + start + Playwright)	2026-07-13T20:44:30.7975910Z 
Public + security smoke (production build)	E2E smoke (build + start + Playwright)	2026-07-13T20:44:30.7976045Z     Expected pattern: ^[[32m/\/front-desk$/^[[39m
Public + security smoke (production build)	E2E smoke (build + start + Playwright)	2026-07-13T20:44:30.7976558Z     Received string:  ^[[31m"http://127.0.0.1:3000/follicle-intelligence/login?next=%2Ffi-admin%2F00000000-0000-4000-8000-000000000000%2Ffront-desk%2Fclinic-flow"^[[39m
Public + security smoke (production build)	E2E smoke (build + start + Playwright)	2026-07-13T20:44:30.7976638Z     Timeout: 15000ms
Public + security smoke (production build)	E2E smoke (build + start + Playwright)	2026-07-13T20:44:30.7976643Z 
Public + security smoke (production build)	E2E smoke (build + start + Playwright)	2026-07-13T20:44:30.7976709Z     Call log:
Public + security smoke (production build)	E2E smoke (build + start + Playwright)	2026-07-13T20:44:30.7976864Z     ^[[2m  - Expect "toHaveURL" with timeout 15000ms^[[22m
Public + security smoke (production build)	E2E smoke (build + start + Playwright)	2026-07-13T20:44:30.7977311Z     ^[[2m    19 ├ù unexpected value "http://127.0.0.1:3000/follicle-intelligence/login?next=%2Ffi-admin%2F00000000-0000-4000-8000-000000000000%2Ffront-desk%2Fclinic-flow"^[[22m
Public + security smoke (production build)	E2E smoke (build + start + Playwright)	2026-07-13T20:44:30.7977317Z 
Public + security smoke (production build)	E2E smoke (build + start + Playwright)	2026-07-13T20:44:30.7977320Z 
Public + security smoke (production build)	E2E smoke (build + start + Playwright)	2026-07-13T20:44:30.7977516Z       100 |     for (const path of ["front-desk/clinic-flow", "front-desk/reception-board"]) {
Public + security smoke (production build)	E2E smoke (build + start + Playwright)	2026-07-13T20:44:30.7977718Z       101 |       await page.goto(`${BASE()}/${path}`, { waitUntil: "domcontentloaded", timeout: 60_000 });
Public + security smoke (production build)	E2E smoke (build + start + Playwright)	2026-07-13T20:44:30.7977868Z     > 102 |       await expect(page).toHaveURL(new RegExp(`/front-desk$`));
Public + security smoke (production build)	E2E smoke (build + start + Playwright)	2026-07-13T20:44:30.7977994Z           |                          ^
Public + security smoke (production build)	E2E smoke (build + start + Playwright)	2026-07-13T20:44:30.7978063Z       103 |     }
Public + security smoke (production build)	E2E smoke (build + start + Playwright)	2026-07-13T20:44:30.7978130Z       104 |   });
Public + security smoke (production build)	E2E smoke (build + start + Playwright)	2026-07-13T20:44:30.7978188Z       105 |
Public + security smoke (production build)	E2E smoke (build + start + Playwright)	2026-07-13T20:44:30.7978455Z         at /home/runner/work/G-follicleintelligence/G-follicleintelligence/e2e/fi-ux-audit-labels.spec.ts:102:26
Public + security smoke (production build)	E2E smoke (build + start + Playwright)	2026-07-13T20:44:30.7978460Z 
Public + security smoke (production build)	E2E smoke (build + start + Playwright)	2026-07-13T20:44:30.7978717Z     attachment #1: screenshot (image/png) ÔöÇÔöÇÔöÇÔöÇÔöÇÔöÇÔöÇÔöÇÔöÇÔöÇÔöÇÔöÇÔöÇÔöÇÔöÇÔöÇÔöÇÔöÇÔöÇÔöÇÔöÇÔöÇÔöÇÔöÇÔöÇÔöÇÔöÇÔöÇÔöÇÔöÇÔöÇÔöÇÔöÇÔöÇÔöÇÔöÇÔöÇÔöÇÔöÇÔöÇÔöÇÔöÇÔöÇÔöÇÔöÇÔöÇÔöÇÔöÇÔöÇÔöÇÔöÇÔöÇÔöÇÔöÇÔöÇÔöÇÔöÇÔöÇ
Public + security smoke (production build)	E2E smoke (build + start + Playwright)	2026-07-13T20:44:30.7979005Z     test-results/fi-ux-audit-labels-FI-UX-S-dc14d-subroutes-redirect-to-Today-mobile-safari/test-failed-1.png
Public + security smoke (production build)	E2E smoke (build + start + Playwright)	2026-07-13T20:44:30.7979242Z     ÔöÇÔöÇÔöÇÔöÇÔöÇÔöÇÔöÇÔöÇÔöÇÔöÇÔöÇÔöÇÔöÇÔöÇÔöÇÔöÇÔöÇÔöÇÔöÇÔöÇÔöÇÔöÇÔöÇÔöÇÔöÇÔöÇÔöÇÔöÇÔöÇÔöÇÔöÇÔöÇÔöÇÔöÇÔöÇÔöÇÔöÇÔöÇÔöÇÔöÇÔöÇÔöÇÔöÇÔöÇÔöÇÔöÇÔöÇÔöÇÔöÇÔöÇÔöÇÔöÇÔöÇÔöÇÔöÇÔöÇÔöÇÔöÇÔöÇÔöÇÔöÇÔöÇÔöÇÔöÇÔöÇÔöÇÔöÇÔöÇÔöÇÔöÇÔöÇÔöÇÔöÇÔöÇÔöÇÔöÇÔöÇÔöÇÔöÇÔöÇÔöÇÔöÇÔöÇÔöÇÔöÇÔöÇÔöÇÔöÇÔöÇÔöÇÔöÇÔöÇÔöÇÔöÇÔöÇÔöÇ
Public + security smoke (production build)	E2E smoke (build + start + Playwright)	2026-07-13T20:44:30.7979247Z 
Public + security smoke (production build)	E2E smoke (build + start + Playwright)	2026-07-13T20:44:30.7979572Z     Error Context: test-results/fi-ux-audit-labels-FI-UX-S-dc14d-subroutes-redirect-to-Today-mobile-safari/error-context.md
Public + security smoke (production build)	E2E smoke (build + start + Playwright)	2026-07-13T20:44:30.7979578Z 
Public + security smoke (production build)	E2E smoke (build + start + Playwright)	2026-07-13T20:44:30.7979972Z   75) [mobile-safari] ÔÇ║ e2e/fi-ux-audit-labels.spec.ts:121:7 ÔÇ║ FI-UX S3.4 Front Desk cutover @smoke ÔÇ║ top bar search and quick create remain available 
Public + security smoke (production build)	E2E smoke (build + start + Playwright)	2026-07-13T20:44:30.7979984Z 
Public + security smoke (production build)	E2E smoke (build + start + Playwright)	2026-07-13T20:44:30.7980208Z     Error: ^[[2mexpect(^[[22m^[[31mlocator^[[39m^[[2m).^[[22mtoBeVisible^[[2m(^[[22m^[[2m)^[[22m failed
Public + security smoke (production build)	E2E smoke (build + start + Playwright)	2026-07-13T20:44:30.7980221Z 
Public + security smoke (production build)	E2E smoke (build + start + Playwright)	2026-07-13T20:44:30.7980479Z     Locator: getByRole('button', { name: /open workspace search/i }).or(getByRole('button', { name: /open search/i })).first()
Public + security smoke (production build)	E2E smoke (build + start + Playwright)	2026-07-13T20:44:30.7980550Z     Expected: visible
Public + security smoke (production build)	E2E smoke (build + start + Playwright)	2026-07-13T20:44:30.7980617Z     Timeout: 30000ms
Public + security smoke (production build)	E2E smoke (build + start + Playwright)	2026-07-13T20:44:30.7980693Z     Error: element(s) not found
Public + security smoke (production build)	E2E smoke (build + start + Playwright)	2026-07-13T20:44:30.7980705Z 
Public + security smoke (production build)	E2E smoke (build + start + Playwright)	2026-07-13T20:44:30.7980762Z     Call log:
Public + security smoke (production build)	E2E smoke (build + start + Playwright)	2026-07-13T20:44:30.7980909Z     ^[[2m  - Expect "toBeVisible" with timeout 30000ms^[[22m
Public + security smoke (production build)	E2E smoke (build + start + Playwright)	2026-07-13T20:44:30.7981253Z     ^[[2m  - waiting for getByRole('button', { name: /open workspace search/i }).or(getByRole('button', { name: /open search/i })).first()^[[22m
Public + security smoke (production build)	E2E smoke (build + start + Playwright)	2026-07-13T20:44:30.7981259Z 
Public + security smoke (production build)	E2E smoke (build + start + Playwright)	2026-07-13T20:44:30.7981266Z 
Public + security smoke (production build)	E2E smoke (build + start + Playwright)	2026-07-13T20:44:30.7981409Z       124 |       .getByRole("button", { name: /open workspace search/i })
Public + security smoke (production build)	E2E smoke (build + start + Playwright)	2026-07-13T20:44:30.7981553Z       125 |       .or(page.getByRole("button", { name: /open search/i }));
Public + security smoke (production build)	E2E smoke (build + start + Playwright)	2026-07-13T20:44:30.7981701Z     > 126 |     await expect(search.first()).toBeVisible({ timeout: 30_000 });
Public + security smoke (production build)	E2E smoke (build + start + Playwright)	2026-07-13T20:44:30.7981794Z           |                                  ^
Public + security smoke (production build)	E2E smoke (build + start + Playwright)	2026-07-13T20:44:30.7981883Z       127 |     const create = page
Public + security smoke (production build)	E2E smoke (build + start + Playwright)	2026-07-13T20:44:30.7982007Z       128 |       .getByRole("button", { name: /open quick create/i })
Public + security smoke (production build)	E2E smoke (build + start + Playwright)	2026-07-13T20:44:30.7982146Z       129 |       .or(page.getByRole("button", { name: /open new/i }));
Public + security smoke (production build)	E2E smoke (build + start + Playwright)	2026-07-13T20:44:30.7982452Z         at /home/runner/work/G-follicleintelligence/G-follicleintelligence/e2e/fi-ux-audit-labels.spec.ts:126:34
Public + security smoke (production build)	E2E smoke (build + start + Playwright)	2026-07-13T20:44:30.7982457Z 
Public + security smoke (production build)	E2E smoke (build + start + Playwright)	2026-07-13T20:44:30.7982713Z     attachment #1: screenshot (image/png) ÔöÇÔöÇÔöÇÔöÇÔöÇÔöÇÔöÇÔöÇÔöÇÔöÇÔöÇÔöÇÔöÇÔöÇÔöÇÔöÇÔöÇÔöÇÔöÇÔöÇÔöÇÔöÇÔöÇÔöÇÔöÇÔöÇÔöÇÔöÇÔöÇÔöÇÔöÇÔöÇÔöÇÔöÇÔöÇÔöÇÔöÇÔöÇÔöÇÔöÇÔöÇÔöÇÔöÇÔöÇÔöÇÔöÇÔöÇÔöÇÔöÇÔöÇÔöÇÔöÇÔöÇÔöÇÔöÇÔöÇÔöÇÔöÇ
Public + security smoke (production build)	E2E smoke (build + start + Playwright)	2026-07-13T20:44:30.7982996Z     test-results/fi-ux-audit-labels-FI-UX-S-11b49-ick-create-remain-available-mobile-safari/test-failed-1.png
Public + security smoke (production build)	E2E smoke (build + start + Playwright)	2026-07-13T20:44:30.7983234Z     ÔöÇÔöÇÔöÇÔöÇÔöÇÔöÇÔöÇÔöÇÔöÇÔöÇÔöÇÔöÇÔöÇÔöÇÔöÇÔöÇÔöÇÔöÇÔöÇÔöÇÔöÇÔöÇÔöÇÔöÇÔöÇÔöÇÔöÇÔöÇÔöÇÔöÇÔöÇÔöÇÔöÇÔöÇÔöÇÔöÇÔöÇÔöÇÔöÇÔöÇÔöÇÔöÇÔöÇÔöÇÔöÇÔöÇÔöÇÔöÇÔöÇÔöÇÔöÇÔöÇÔöÇÔöÇÔöÇÔöÇÔöÇÔöÇÔöÇÔöÇÔöÇÔöÇÔöÇÔöÇÔöÇÔöÇÔöÇÔöÇÔöÇÔöÇÔöÇÔöÇÔöÇÔöÇÔöÇÔöÇÔöÇÔöÇÔöÇÔöÇÔöÇÔöÇÔöÇÔöÇÔöÇÔöÇÔöÇÔöÇÔöÇÔöÇÔöÇÔöÇÔöÇÔöÇÔöÇÔöÇ
Public + security smoke (production build)	E2E smoke (build + start + Playwright)	2026-07-13T20:44:30.7983239Z 
Public + security smoke (production build)	E2E smoke (build + start + Playwright)	2026-07-13T20:44:30.7983556Z     Error Context: test-results/fi-ux-audit-labels-FI-UX-S-11b49-ick-create-remain-available-mobile-safari/error-context.md
Public + security smoke (production build)	E2E smoke (build + start + Playwright)	2026-07-13T20:44:30.7983561Z 
Public + security smoke (production build)	E2E smoke (build + start + Playwright)	2026-07-13T20:44:30.7983988Z   76) [mobile-safari] ÔÇ║ e2e/fi-ux-audit-labels.spec.ts:133:7 ÔÇ║ FI-UX S3.4 Front Desk cutover @smoke ÔÇ║ tablet 768├ù1024 has no horizontal document overflow on Today 
Public + security smoke (production build)	E2E smoke (build + start + Playwright)	2026-07-13T20:44:30.7983995Z 
Public + security smoke (production build)	E2E smoke (build + start + Playwright)	2026-07-13T20:44:30.7984222Z     Error: ^[[2mexpect(^[[22m^[[31mlocator^[[39m^[[2m).^[[22mtoBeVisible^[[2m(^[[22m^[[2m)^[[22m failed
Public + security smoke (production build)	E2E smoke (build + start + Playwright)	2026-07-13T20:44:30.7984235Z 
Public + security smoke (production build)	E2E smoke (build + start + Playwright)	2026-07-13T20:44:30.7984361Z     Locator: getByRole('heading', { name: 'Today', level: 1 })
Public + security smoke (production build)	E2E smoke (build + start + Playwright)	2026-07-13T20:44:30.7984435Z     Expected: visible
Public + security smoke (production build)	E2E smoke (build + start + Playwright)	2026-07-13T20:44:30.7984507Z     Timeout: 30000ms
Public + security smoke (production build)	E2E smoke (build + start + Playwright)	2026-07-13T20:44:30.7984585Z     Error: element(s) not found
Public + security smoke (production build)	E2E smoke (build + start + Playwright)	2026-07-13T20:44:30.7984660Z 
Public + security smoke (production build)	E2E smoke (build + start + Playwright)	2026-07-13T20:44:30.7984729Z     Call log:
Public + security smoke (production build)	E2E smoke (build + start + Playwright)	2026-07-13T20:44:30.7984881Z     ^[[2m  - Expect "toBeVisible" with timeout 30000ms^[[22m
Public + security smoke (production build)	E2E smoke (build + start + Playwright)	2026-07-13T20:44:30.7985074Z     ^[[2m  - waiting for getByRole('heading', { name: 'Today', level: 1 })^[[22m
Public + security smoke (production build)	E2E smoke (build + start + Playwright)	2026-07-13T20:44:30.7985079Z 
Public + security smoke (production build)	E2E smoke (build + start + Playwright)	2026-07-13T20:44:30.7985082Z 
Public + security smoke (production build)	E2E smoke (build + start + Playwright)	2026-07-13T20:44:30.7985229Z       134 |     await page.setViewportSize({ width: 768, height: 1024 });
Public + security smoke (production build)	E2E smoke (build + start + Playwright)	2026-07-13T20:44:30.7985448Z       135 |     await page.goto(`${BASE()}/front-desk`, { waitUntil: "domcontentloaded", timeout: 60_000 });
Public + security smoke (production build)	E2E smoke (build + start + Playwright)	2026-07-13T20:44:30.7985638Z     > 136 |     await expect(page.getByRole("heading", { name: "Today", level: 1 })).toBeVisible({
Public + security smoke (production build)	E2E smoke (build + start + Playwright)	2026-07-13T20:44:30.7985766Z           |                                                                          ^
Public + security smoke (production build)	E2E smoke (build + start + Playwright)	2026-07-13T20:44:30.7985852Z       137 |       timeout: 30_000,
Public + security smoke (production build)	E2E smoke (build + start + Playwright)	2026-07-13T20:44:30.7985913Z       138 |     });
Public + security smoke (production build)	E2E smoke (build + start + Playwright)	2026-07-13T20:44:30.7986038Z       139 |     const overflow = await page.evaluate(() => {
Public + security smoke (production build)	E2E smoke (build + start + Playwright)	2026-07-13T20:44:30.7986301Z         at /home/runner/work/G-follicleintelligence/G-follicleintelligence/e2e/fi-ux-audit-labels.spec.ts:136:74
Public + security smoke (production build)	E2E smoke (build + start + Playwright)	2026-07-13T20:44:30.7986305Z 
Public + security smoke (production build)	E2E smoke (build + start + Playwright)	2026-07-13T20:44:30.7986634Z     attachment #1: screenshot (image/png) ÔöÇÔöÇÔöÇÔöÇÔöÇÔöÇÔöÇÔöÇÔöÇÔöÇÔöÇÔöÇÔöÇÔöÇÔöÇÔöÇÔöÇÔöÇÔöÇÔöÇÔöÇÔöÇÔöÇÔöÇÔöÇÔöÇÔöÇÔöÇÔöÇÔöÇÔöÇÔöÇÔöÇÔöÇÔöÇÔöÇÔöÇÔöÇÔöÇÔöÇÔöÇÔöÇÔöÇÔöÇÔöÇÔöÇÔöÇÔöÇÔöÇÔöÇÔöÇÔöÇÔöÇÔöÇÔöÇÔöÇÔöÇÔöÇ
Public + security smoke (production build)	E2E smoke (build + start + Playwright)	2026-07-13T20:44:30.7986926Z     test-results/fi-ux-audit-labels-FI-UX-S-31ca6--document-overflow-on-Today-mobile-safari/test-failed-1.png
Public + security smoke (production build)	E2E smoke (build + start + Playwright)	2026-07-13T20:44:30.7987165Z     ÔöÇÔöÇÔöÇÔöÇÔöÇÔöÇÔöÇÔöÇÔöÇÔöÇÔöÇÔöÇÔöÇÔöÇÔöÇÔöÇÔöÇÔöÇÔöÇÔöÇÔöÇÔöÇÔöÇÔöÇÔöÇÔöÇÔöÇÔöÇÔöÇÔöÇÔöÇÔöÇÔöÇÔöÇÔöÇÔöÇÔöÇÔöÇÔöÇÔöÇÔöÇÔöÇÔöÇÔöÇÔöÇÔöÇÔöÇÔöÇÔöÇÔöÇÔöÇÔöÇÔöÇÔöÇÔöÇÔöÇÔöÇÔöÇÔöÇÔöÇÔöÇÔöÇÔöÇÔöÇÔöÇÔöÇÔöÇÔöÇÔöÇÔöÇÔöÇÔöÇÔöÇÔöÇÔöÇÔöÇÔöÇÔöÇÔöÇÔöÇÔöÇÔöÇÔöÇÔöÇÔöÇÔöÇÔöÇÔöÇÔöÇÔöÇÔöÇÔöÇÔöÇÔöÇÔöÇÔöÇ
Public + security smoke (production build)	E2E smoke (build + start + Playwright)	2026-07-13T20:44:30.7987171Z 
Public + security smoke (production build)	E2E smoke (build + start + Playwright)	2026-07-13T20:44:30.7987499Z     Error Context: test-results/fi-ux-audit-labels-FI-UX-S-31ca6--document-overflow-on-Today-mobile-safari/error-context.md
Public + security smoke (production build)	E2E smoke (build + start + Playwright)	2026-07-13T20:44:30.7987554Z 
Public + security smoke (production build)	E2E smoke (build + start + Playwright)	2026-07-13T20:44:30.7988059Z   77) [mobile-safari] ÔÇ║ e2e/security/unauthenticated-access.spec.ts:63:7 ÔÇ║ unauthenticated access ÔÇö fails closed @security ÔÇ║ protected tenant patients API fails closed without a session 
Public + security smoke (production build)	E2E smoke (build + start + Playwright)	2026-07-13T20:44:30.7988074Z 
Public + security smoke (production build)	E2E smoke (build + start + Playwright)	2026-07-13T20:44:30.7988243Z     Error: expected 401/403 (or redirect) for unauthenticated patients API, got 404
Public + security smoke (production build)	E2E smoke (build + start + Playwright)	2026-07-13T20:44:30.7988258Z 
Public + security smoke (production build)	E2E smoke (build + start + Playwright)	2026-07-13T20:44:30.7988527Z     ^[[2mexpect(^[[22m^[[31mreceived^[[39m^[[2m).^[[22mtoBe^[[2m(^[[22m^[[32mexpected^[[39m^[[2m) // Object.is equality^[[22m
Public + security smoke (production build)	E2E smoke (build + start + Playwright)	2026-07-13T20:44:30.7988532Z 
Public + security smoke (production build)	E2E smoke (build + start + Playwright)	2026-07-13T20:44:30.7988628Z     Expected: ^[[32mtrue^[[39m
Public + security smoke (production build)	E2E smoke (build + start + Playwright)	2026-07-13T20:44:30.7988724Z     Received: ^[[31mfalse^[[39m
Public + security smoke (production build)	E2E smoke (build + start + Playwright)	2026-07-13T20:44:30.7988729Z 
Public + security smoke (production build)	E2E smoke (build + start + Playwright)	2026-07-13T20:44:30.7988831Z       73 |       [401, 403, 302, 303, 307].includes(status),
Public + security smoke (production build)	E2E smoke (build + start + Playwright)	2026-07-13T20:44:30.7989029Z       74 |       `expected 401/403 (or redirect) for unauthenticated patients API, got ${status}`
Public + security smoke (production build)	E2E smoke (build + start + Playwright)	2026-07-13T20:44:30.7989109Z     > 75 |     ).toBe(true);
Public + security smoke (production build)	E2E smoke (build + start + Playwright)	2026-07-13T20:44:30.7989168Z          |       ^
Public + security smoke (production build)	E2E smoke (build + start + Playwright)	2026-07-13T20:44:30.7989234Z       76 |   });
Public + security smoke (production build)	E2E smoke (build + start + Playwright)	2026-07-13T20:44:30.7989298Z       77 |
Public + security smoke (production build)	E2E smoke (build + start + Playwright)	2026-07-13T20:44:30.7989492Z       78 |   test("cron reminder route rejects unauthenticated calls", async ({ request }) => {
Public + security smoke (production build)	E2E smoke (build + start + Playwright)	2026-07-13T20:44:30.7989837Z         at /home/runner/work/G-follicleintelligence/G-follicleintelligence/e2e/security/unauthenticated-access.spec.ts:75:7
Public + security smoke (production build)	E2E smoke (build + start + Playwright)	2026-07-13T20:44:30.7989843Z 
Public + security smoke (production build)	E2E smoke (build + start + Playwright)	2026-07-13T20:44:30.7990314Z   78) [mobile-safari] ÔÇ║ e2e/security/unauthenticated-access.spec.ts:78:7 ÔÇ║ unauthenticated access ÔÇö fails closed @security ÔÇ║ cron reminder route rejects unauthenticated calls 
Public + security smoke (production build)	E2E smoke (build + start + Playwright)	2026-07-13T20:44:30.7990320Z 
Public + security smoke (production build)	E2E smoke (build + start + Playwright)	2026-07-13T20:44:30.7990463Z     Error: expected 401/403/500 for unauthenticated cron, got 503
Public + security smoke (production build)	E2E smoke (build + start + Playwright)	2026-07-13T20:44:30.7990469Z 
Public + security smoke (production build)	E2E smoke (build + start + Playwright)	2026-07-13T20:44:30.7990738Z     ^[[2mexpect(^[[22m^[[31mreceived^[[39m^[[2m).^[[22mtoBe^[[2m(^[[22m^[[32mexpected^[[39m^[[2m) // Object.is equality^[[22m
Public + security smoke (production build)	E2E smoke (build + start + Playwright)	2026-07-13T20:44:30.7990749Z 
Public + security smoke (production build)	E2E smoke (build + start + Playwright)	2026-07-13T20:44:30.7990845Z     Expected: ^[[32mtrue^[[39m
Public + security smoke (production build)	E2E smoke (build + start + Playwright)	2026-07-13T20:44:30.7990943Z     Received: ^[[31mfalse^[[39m
Public + security smoke (production build)	E2E smoke (build + start + Playwright)	2026-07-13T20:44:30.7990949Z 
Public + security smoke (production build)	E2E smoke (build + start + Playwright)	2026-07-13T20:44:30.7991045Z       87 |       [401, 403, 500].includes(status),
Public + security smoke (production build)	E2E smoke (build + start + Playwright)	2026-07-13T20:44:30.7991206Z       88 |       `expected 401/403/500 for unauthenticated cron, got ${status}`
Public + security smoke (production build)	E2E smoke (build + start + Playwright)	2026-07-13T20:44:30.7991289Z     > 89 |     ).toBe(true);
Public + security smoke (production build)	E2E smoke (build + start + Playwright)	2026-07-13T20:44:30.7991353Z          |       ^
Public + security smoke (production build)	E2E smoke (build + start + Playwright)	2026-07-13T20:44:30.7991421Z       90 |   });
Public + security smoke (production build)	E2E smoke (build + start + Playwright)	2026-07-13T20:44:30.7991490Z       91 |
Public + security smoke (production build)	E2E smoke (build + start + Playwright)	2026-07-13T20:44:30.7991706Z       92 |   test("patient portal medications page is public but does not expose tenant APIs", async ({
Public + security smoke (production build)	E2E smoke (build + start + Playwright)	2026-07-13T20:44:30.7991992Z         at /home/runner/work/G-follicleintelligence/G-follicleintelligence/e2e/security/unauthenticated-access.spec.ts:89:7
Public + security smoke (production build)	E2E smoke (build + start + Playwright)	2026-07-13T20:44:30.7991997Z 
Public + security smoke (production build)	E2E smoke (build + start + Playwright)	2026-07-13T20:44:30.7992064Z   78 failed
Public + security smoke (production build)	E2E smoke (build + start + Playwright)	2026-07-13T20:44:30.7992451Z     [chromium] ÔÇ║ e2e/fi-operational-day.spec.ts:35:7 ÔÇ║ FI operational day ÔÇö security @smoke ÔÇ║ procedure day route hidden or denied when flag off 
Public + security smoke (production build)	E2E smoke (build + start + Playwright)	2026-07-13T20:44:30.7992852Z     [chromium] ÔÇ║ e2e/fi-ux-audit-labels.spec.ts:19:7 ÔÇ║ FI-UX S3.4 Front Desk cutover @smoke ÔÇ║ /front-desk renders Today board (not ReceptionOS dashboard) 
Public + security smoke (production build)	E2E smoke (build + start + Playwright)	2026-07-13T20:44:30.7993217Z     [chromium] ÔÇ║ e2e/fi-ux-audit-labels.spec.ts:30:7 ÔÇ║ FI-UX S3.4 Front Desk cutover @smoke ÔÇ║ exactly two Front Desk tabs: Today and Tomorrow 
Public + security smoke (production build)	E2E smoke (build + start + Playwright)	2026-07-13T20:44:30.7993550Z     [chromium] ÔÇ║ e2e/fi-ux-audit-labels.spec.ts:47:7 ÔÇ║ FI-UX S3.4 Front Desk cutover @smoke ÔÇ║ Today tab is active on /front-desk 
Public + security smoke (production build)	E2E smoke (build + start + Playwright)	2026-07-13T20:44:30.7993912Z     [chromium] ÔÇ║ e2e/fi-ux-audit-labels.spec.ts:56:7 ÔÇ║ FI-UX S3.4 Front Desk cutover @smoke ÔÇ║ Tomorrow tab is active on /front-desk/tomorrow 
Public + security smoke (production build)	E2E smoke (build + start + Playwright)	2026-07-13T20:44:30.7994332Z     [chromium] ÔÇ║ e2e/fi-ux-audit-labels.spec.ts:68:7 ÔÇ║ FI-UX S3.4 Front Desk cutover @smoke ÔÇ║ legacy /reception redirects to /front-desk and preserves bookingId/date 
Public + security smoke (production build)	E2E smoke (build + start + Playwright)	2026-07-13T20:44:30.7994725Z     [chromium] ÔÇ║ e2e/fi-ux-audit-labels.spec.ts:87:7 ÔÇ║ FI-UX S3.4 Front Desk cutover @smoke ÔÇ║ legacy /reception-board and /operations redirect to Today 
Public + security smoke (production build)	E2E smoke (build + start + Playwright)	2026-07-13T20:44:30.7995127Z     [chromium] ÔÇ║ e2e/fi-ux-audit-labels.spec.ts:94:7 ÔÇ║ FI-UX S3.4 Front Desk cutover @smoke ÔÇ║ legacy /tomorrow redirects to /front-desk/tomorrow 
Public + security smoke (production build)	E2E smoke (build + start + Playwright)	2026-07-13T20:44:30.7995474Z     [chromium] ÔÇ║ e2e/fi-ux-audit-labels.spec.ts:99:7 ÔÇ║ FI-UX S3.4 Front Desk cutover @smoke ÔÇ║ legacy front-desk subroutes redirect to Today 
Public + security smoke (production build)	E2E smoke (build + start + Playwright)	2026-07-13T20:44:30.7995833Z     [chromium] ÔÇ║ e2e/fi-ux-audit-labels.spec.ts:121:7 ÔÇ║ FI-UX S3.4 Front Desk cutover @smoke ÔÇ║ top bar search and quick create remain available 
Public + security smoke (production build)	E2E smoke (build + start + Playwright)	2026-07-13T20:44:30.7996227Z     [chromium] ÔÇ║ e2e/fi-ux-audit-labels.spec.ts:133:7 ÔÇ║ FI-UX S3.4 Front Desk cutover @smoke ÔÇ║ tablet 768├ù1024 has no horizontal document overflow on Today 
Public + security smoke (production build)	E2E smoke (build + start + Playwright)	2026-07-13T20:44:30.7996775Z     [chromium] ÔÇ║ e2e/security/unauthenticated-access.spec.ts:63:7 ÔÇ║ unauthenticated access ÔÇö fails closed @security ÔÇ║ protected tenant patients API fails closed without a session 
Public + security smoke (production build)	E2E smoke (build + start + Playwright)	2026-07-13T20:44:30.7997240Z     [chromium] ÔÇ║ e2e/security/unauthenticated-access.spec.ts:78:7 ÔÇ║ unauthenticated access ÔÇö fails closed @security ÔÇ║ cron reminder route rejects unauthenticated calls 
Public + security smoke (production build)	E2E smoke (build + start + Playwright)	2026-07-13T20:44:30.7997593Z     [edge] ÔÇ║ e2e/fi-operational-day.spec.ts:35:7 ÔÇ║ FI operational day ÔÇö security @smoke ÔÇ║ procedure day route hidden or denied when flag off 
Public + security smoke (production build)	E2E smoke (build + start + Playwright)	2026-07-13T20:44:30.7998023Z     [edge] ÔÇ║ e2e/fi-ux-audit-labels.spec.ts:19:7 ÔÇ║ FI-UX S3.4 Front Desk cutover @smoke ÔÇ║ /front-desk renders Today board (not ReceptionOS dashboard) 
Public + security smoke (production build)	E2E smoke (build + start + Playwright)	2026-07-13T20:44:30.7998358Z     [edge] ÔÇ║ e2e/fi-ux-audit-labels.spec.ts:30:7 ÔÇ║ FI-UX S3.4 Front Desk cutover @smoke ÔÇ║ exactly two Front Desk tabs: Today and Tomorrow 
Public + security smoke (production build)	E2E smoke (build + start + Playwright)	2026-07-13T20:44:30.7998667Z     [edge] ÔÇ║ e2e/fi-ux-audit-labels.spec.ts:47:7 ÔÇ║ FI-UX S3.4 Front Desk cutover @smoke ÔÇ║ Today tab is active on /front-desk 
Public + security smoke (production build)	E2E smoke (build + start + Playwright)	2026-07-13T20:44:30.7998997Z     [edge] ÔÇ║ e2e/fi-ux-audit-labels.spec.ts:56:7 ÔÇ║ FI-UX S3.4 Front Desk cutover @smoke ÔÇ║ Tomorrow tab is active on /front-desk/tomorrow 
Public + security smoke (production build)	E2E smoke (build + start + Playwright)	2026-07-13T20:44:30.7999415Z     [edge] ÔÇ║ e2e/fi-ux-audit-labels.spec.ts:68:7 ÔÇ║ FI-UX S3.4 Front Desk cutover @smoke ÔÇ║ legacy /reception redirects to /front-desk and preserves bookingId/date 
Public + security smoke (production build)	E2E smoke (build + start + Playwright)	2026-07-13T20:44:30.7999785Z     [edge] ÔÇ║ e2e/fi-ux-audit-labels.spec.ts:87:7 ÔÇ║ FI-UX S3.4 Front Desk cutover @smoke ÔÇ║ legacy /reception-board and /operations redirect to Today 
Public + security smoke (production build)	E2E smoke (build + start + Playwright)	2026-07-13T20:44:30.8000135Z     [edge] ÔÇ║ e2e/fi-ux-audit-labels.spec.ts:94:7 ÔÇ║ FI-UX S3.4 Front Desk cutover @smoke ÔÇ║ legacy /tomorrow redirects to /front-desk/tomorrow 
Public + security smoke (production build)	E2E smoke (build + start + Playwright)	2026-07-13T20:44:30.8000463Z     [edge] ÔÇ║ e2e/fi-ux-audit-labels.spec.ts:99:7 ÔÇ║ FI-UX S3.4 Front Desk cutover @smoke ÔÇ║ legacy front-desk subroutes redirect to Today 
Public + security smoke (production build)	E2E smoke (build + start + Playwright)	2026-07-13T20:44:30.8000810Z     [edge] ÔÇ║ e2e/fi-ux-audit-labels.spec.ts:121:7 ÔÇ║ FI-UX S3.4 Front Desk cutover @smoke ÔÇ║ top bar search and quick create remain available 
Public + security smoke (production build)	E2E smoke (build + start + Playwright)	2026-07-13T20:44:30.8001193Z     [edge] ÔÇ║ e2e/fi-ux-audit-labels.spec.ts:133:7 ÔÇ║ FI-UX S3.4 Front Desk cutover @smoke ÔÇ║ tablet 768├ù1024 has no horizontal document overflow on Today 
Public + security smoke (production build)	E2E smoke (build + start + Playwright)	2026-07-13T20:44:30.8001661Z     [edge] ÔÇ║ e2e/security/unauthenticated-access.spec.ts:63:7 ÔÇ║ unauthenticated access ÔÇö fails closed @security ÔÇ║ protected tenant patients API fails closed without a session 
Public + security smoke (production build)	E2E smoke (build + start + Playwright)	2026-07-13T20:44:30.8002083Z     [edge] ÔÇ║ e2e/security/unauthenticated-access.spec.ts:78:7 ÔÇ║ unauthenticated access ÔÇö fails closed @security ÔÇ║ cron reminder route rejects unauthenticated calls 
Public + security smoke (production build)	E2E smoke (build + start + Playwright)	2026-07-13T20:44:30.8002461Z     [firefox] ÔÇ║ e2e/fi-operational-day.spec.ts:35:7 ÔÇ║ FI operational day ÔÇö security @smoke ÔÇ║ procedure day route hidden or denied when flag off 
Public + security smoke (production build)	E2E smoke (build + start + Playwright)	2026-07-13T20:44:30.8002843Z     [firefox] ÔÇ║ e2e/fi-ux-audit-labels.spec.ts:19:7 ÔÇ║ FI-UX S3.4 Front Desk cutover @smoke ÔÇ║ /front-desk renders Today board (not ReceptionOS dashboard) 
Public + security smoke (production build)	E2E smoke (build + start + Playwright)	2026-07-13T20:44:30.8003191Z     [firefox] ÔÇ║ e2e/fi-ux-audit-labels.spec.ts:30:7 ÔÇ║ FI-UX S3.4 Front Desk cutover @smoke ÔÇ║ exactly two Front Desk tabs: Today and Tomorrow 
Public + security smoke (production build)	E2E smoke (build + start + Playwright)	2026-07-13T20:44:30.8003550Z     [firefox] ÔÇ║ e2e/fi-ux-audit-labels.spec.ts:47:7 ÔÇ║ FI-UX S3.4 Front Desk cutover @smoke ÔÇ║ Today tab is active on /front-desk 
Public + security smoke (production build)	E2E smoke (build + start + Playwright)	2026-07-13T20:44:30.8003895Z     [firefox] ÔÇ║ e2e/fi-ux-audit-labels.spec.ts:56:7 ÔÇ║ FI-UX S3.4 Front Desk cutover @smoke ÔÇ║ Tomorrow tab is active on /front-desk/tomorrow 
Public + security smoke (production build)	E2E smoke (build + start + Playwright)	2026-07-13T20:44:30.8004308Z     [firefox] ÔÇ║ e2e/fi-ux-audit-labels.spec.ts:68:7 ÔÇ║ FI-UX S3.4 Front Desk cutover @smoke ÔÇ║ legacy /reception redirects to /front-desk and preserves bookingId/date 
Public + security smoke (production build)	E2E smoke (build + start + Playwright)	2026-07-13T20:44:30.8004682Z     [firefox] ÔÇ║ e2e/fi-ux-audit-labels.spec.ts:87:7 ÔÇ║ FI-UX S3.4 Front Desk cutover @smoke ÔÇ║ legacy /reception-board and /operations redirect to Today 
Public + security smoke (production build)	E2E smoke (build + start + Playwright)	2026-07-13T20:44:30.8005035Z     [firefox] ÔÇ║ e2e/fi-ux-audit-labels.spec.ts:94:7 ÔÇ║ FI-UX S3.4 Front Desk cutover @smoke ÔÇ║ legacy /tomorrow redirects to /front-desk/tomorrow 
Public + security smoke (production build)	E2E smoke (build + start + Playwright)	2026-07-13T20:44:30.8005383Z     [firefox] ÔÇ║ e2e/fi-ux-audit-labels.spec.ts:99:7 ÔÇ║ FI-UX S3.4 Front Desk cutover @smoke ÔÇ║ legacy front-desk subroutes redirect to Today 
Public + security smoke (production build)	E2E smoke (build + start + Playwright)	2026-07-13T20:44:30.8005743Z     [firefox] ÔÇ║ e2e/fi-ux-audit-labels.spec.ts:121:7 ÔÇ║ FI-UX S3.4 Front Desk cutover @smoke ÔÇ║ top bar search and quick create remain available 
Public + security smoke (production build)	E2E smoke (build + start + Playwright)	2026-07-13T20:44:30.8006123Z     [firefox] ÔÇ║ e2e/fi-ux-audit-labels.spec.ts:133:7 ÔÇ║ FI-UX S3.4 Front Desk cutover @smoke ÔÇ║ tablet 768├ù1024 has no horizontal document overflow on Today 
Public + security smoke (production build)	E2E smoke (build + start + Playwright)	2026-07-13T20:44:30.8006694Z     [firefox] ÔÇ║ e2e/security/unauthenticated-access.spec.ts:63:7 ÔÇ║ unauthenticated access ÔÇö fails closed @security ÔÇ║ protected tenant patients API fails closed without a session 
Public + security smoke (production build)	E2E smoke (build + start + Playwright)	2026-07-13T20:44:30.8007152Z     [firefox] ÔÇ║ e2e/security/unauthenticated-access.spec.ts:78:7 ÔÇ║ unauthenticated access ÔÇö fails closed @security ÔÇ║ cron reminder route rejects unauthenticated calls 
Public + security smoke (production build)	E2E smoke (build + start + Playwright)	2026-07-13T20:44:30.8007518Z     [webkit] ÔÇ║ e2e/fi-operational-day.spec.ts:35:7 ÔÇ║ FI operational day ÔÇö security @smoke ÔÇ║ procedure day route hidden or denied when flag off 
Public + security smoke (production build)	E2E smoke (build + start + Playwright)	2026-07-13T20:44:30.8007889Z     [webkit] ÔÇ║ e2e/fi-ux-audit-labels.spec.ts:19:7 ÔÇ║ FI-UX S3.4 Front Desk cutover @smoke ÔÇ║ /front-desk renders Today board (not ReceptionOS dashboard) 
Public + security smoke (production build)	E2E smoke (build + start + Playwright)	2026-07-13T20:44:30.8008242Z     [webkit] ÔÇ║ e2e/fi-ux-audit-labels.spec.ts:30:7 ÔÇ║ FI-UX S3.4 Front Desk cutover @smoke ÔÇ║ exactly two Front Desk tabs: Today and Tomorrow 
Public + security smoke (production build)	E2E smoke (build + start + Playwright)	2026-07-13T20:44:30.8008561Z     [webkit] ÔÇ║ e2e/fi-ux-audit-labels.spec.ts:47:7 ÔÇ║ FI-UX S3.4 Front Desk cutover @smoke ÔÇ║ Today tab is active on /front-desk 
Public + security smoke (production build)	E2E smoke (build + start + Playwright)	2026-07-13T20:44:30.8008915Z     [webkit] ÔÇ║ e2e/fi-ux-audit-labels.spec.ts:56:7 ÔÇ║ FI-UX S3.4 Front Desk cutover @smoke ÔÇ║ Tomorrow tab is active on /front-desk/tomorrow 
Public + security smoke (production build)	E2E smoke (build + start + Playwright)	2026-07-13T20:44:30.8009319Z     [webkit] ÔÇ║ e2e/fi-ux-audit-labels.spec.ts:68:7 ÔÇ║ FI-UX S3.4 Front Desk cutover @smoke ÔÇ║ legacy /reception redirects to /front-desk and preserves bookingId/date 
Public + security smoke (production build)	E2E smoke (build + start + Playwright)	2026-07-13T20:44:30.8009694Z     [webkit] ÔÇ║ e2e/fi-ux-audit-labels.spec.ts:87:7 ÔÇ║ FI-UX S3.4 Front Desk cutover @smoke ÔÇ║ legacy /reception-board and /operations redirect to Today 
Public + security smoke (production build)	E2E smoke (build + start + Playwright)	2026-07-13T20:44:30.8010050Z     [webkit] ÔÇ║ e2e/fi-ux-audit-labels.spec.ts:94:7 ÔÇ║ FI-UX S3.4 Front Desk cutover @smoke ÔÇ║ legacy /tomorrow redirects to /front-desk/tomorrow 
Public + security smoke (production build)	E2E smoke (build + start + Playwright)	2026-07-13T20:44:30.8010396Z     [webkit] ÔÇ║ e2e/fi-ux-audit-labels.spec.ts:99:7 ÔÇ║ FI-UX S3.4 Front Desk cutover @smoke ÔÇ║ legacy front-desk subroutes redirect to Today 
Public + security smoke (production build)	E2E smoke (build + start + Playwright)	2026-07-13T20:44:30.8010742Z     [webkit] ÔÇ║ e2e/fi-ux-audit-labels.spec.ts:121:7 ÔÇ║ FI-UX S3.4 Front Desk cutover @smoke ÔÇ║ top bar search and quick create remain available 
Public + security smoke (production build)	E2E smoke (build + start + Playwright)	2026-07-13T20:44:30.8011138Z     [webkit] ÔÇ║ e2e/fi-ux-audit-labels.spec.ts:133:7 ÔÇ║ FI-UX S3.4 Front Desk cutover @smoke ÔÇ║ tablet 768├ù1024 has no horizontal document overflow on Today 
Public + security smoke (production build)	E2E smoke (build + start + Playwright)	2026-07-13T20:44:30.8011612Z     [webkit] ÔÇ║ e2e/security/unauthenticated-access.spec.ts:63:7 ÔÇ║ unauthenticated access ÔÇö fails closed @security ÔÇ║ protected tenant patients API fails closed without a session 
Public + security smoke (production build)	E2E smoke (build + start + Playwright)	2026-07-13T20:44:30.8012046Z     [webkit] ÔÇ║ e2e/security/unauthenticated-access.spec.ts:78:7 ÔÇ║ unauthenticated access ÔÇö fails closed @security ÔÇ║ cron reminder route rejects unauthenticated calls 
Public + security smoke (production build)	E2E smoke (build + start + Playwright)	2026-07-13T20:44:30.8012478Z     [mobile-chrome] ÔÇ║ e2e/fi-operational-day.spec.ts:35:7 ÔÇ║ FI operational day ÔÇö security @smoke ÔÇ║ procedure day route hidden or denied when flag off 
Public + security smoke (production build)	E2E smoke (build + start + Playwright)	2026-07-13T20:44:30.8012884Z     [mobile-chrome] ÔÇ║ e2e/fi-ux-audit-labels.spec.ts:19:7 ÔÇ║ FI-UX S3.4 Front Desk cutover @smoke ÔÇ║ /front-desk renders Today board (not ReceptionOS dashboard) 
Public + security smoke (production build)	E2E smoke (build + start + Playwright)	2026-07-13T20:44:30.8013263Z     [mobile-chrome] ÔÇ║ e2e/fi-ux-audit-labels.spec.ts:30:7 ÔÇ║ FI-UX S3.4 Front Desk cutover @smoke ÔÇ║ exactly two Front Desk tabs: Today and Tomorrow 
Public + security smoke (production build)	E2E smoke (build + start + Playwright)	2026-07-13T20:44:30.8013602Z     [mobile-chrome] ÔÇ║ e2e/fi-ux-audit-labels.spec.ts:47:7 ÔÇ║ FI-UX S3.4 Front Desk cutover @smoke ÔÇ║ Today tab is active on /front-desk 
Public + security smoke (production build)	E2E smoke (build + start + Playwright)	2026-07-13T20:44:30.8013960Z     [mobile-chrome] ÔÇ║ e2e/fi-ux-audit-labels.spec.ts:56:7 ÔÇ║ FI-UX S3.4 Front Desk cutover @smoke ÔÇ║ Tomorrow tab is active on /front-desk/tomorrow 
Public + security smoke (production build)	E2E smoke (build + start + Playwright)	2026-07-13T20:44:30.8014398Z     [mobile-chrome] ÔÇ║ e2e/fi-ux-audit-labels.spec.ts:68:7 ÔÇ║ FI-UX S3.4 Front Desk cutover @smoke ÔÇ║ legacy /reception redirects to /front-desk and preserves bookingId/date 
Public + security smoke (production build)	E2E smoke (build + start + Playwright)	2026-07-13T20:44:30.8014807Z     [mobile-chrome] ÔÇ║ e2e/fi-ux-audit-labels.spec.ts:87:7 ÔÇ║ FI-UX S3.4 Front Desk cutover @smoke ÔÇ║ legacy /reception-board and /operations redirect to Today 
Public + security smoke (production build)	E2E smoke (build + start + Playwright)	2026-07-13T20:44:30.8015183Z     [mobile-chrome] ÔÇ║ e2e/fi-ux-audit-labels.spec.ts:94:7 ÔÇ║ FI-UX S3.4 Front Desk cutover @smoke ÔÇ║ legacy /tomorrow redirects to /front-desk/tomorrow 
Public + security smoke (production build)	E2E smoke (build + start + Playwright)	2026-07-13T20:44:30.8015592Z     [mobile-chrome] ÔÇ║ e2e/fi-ux-audit-labels.spec.ts:99:7 ÔÇ║ FI-UX S3.4 Front Desk cutover @smoke ÔÇ║ legacy front-desk subroutes redirect to Today 
Public + security smoke (production build)	E2E smoke (build + start + Playwright)	2026-07-13T20:44:30.8015966Z     [mobile-chrome] ÔÇ║ e2e/fi-ux-audit-labels.spec.ts:121:7 ÔÇ║ FI-UX S3.4 Front Desk cutover @smoke ÔÇ║ top bar search and quick create remain available 
Public + security smoke (production build)	E2E smoke (build + start + Playwright)	2026-07-13T20:44:30.8016376Z     [mobile-chrome] ÔÇ║ e2e/fi-ux-audit-labels.spec.ts:133:7 ÔÇ║ FI-UX S3.4 Front Desk cutover @smoke ÔÇ║ tablet 768├ù1024 has no horizontal document overflow on Today 
Public + security smoke (production build)	E2E smoke (build + start + Playwright)	2026-07-13T20:44:30.8016947Z     [mobile-chrome] ÔÇ║ e2e/security/unauthenticated-access.spec.ts:63:7 ÔÇ║ unauthenticated access ÔÇö fails closed @security ÔÇ║ protected tenant patients API fails closed without a session 
Public + security smoke (production build)	E2E smoke (build + start + Playwright)	2026-07-13T20:44:30.8017409Z     [mobile-chrome] ÔÇ║ e2e/security/unauthenticated-access.spec.ts:78:7 ÔÇ║ unauthenticated access ÔÇö fails closed @security ÔÇ║ cron reminder route rejects unauthenticated calls 
Public + security smoke (production build)	E2E smoke (build + start + Playwright)	2026-07-13T20:44:30.8017802Z     [mobile-safari] ÔÇ║ e2e/fi-operational-day.spec.ts:35:7 ÔÇ║ FI operational day ÔÇö security @smoke ÔÇ║ procedure day route hidden or denied when flag off 
Public + security smoke (production build)	E2E smoke (build + start + Playwright)	2026-07-13T20:44:30.8018202Z     [mobile-safari] ÔÇ║ e2e/fi-ux-audit-labels.spec.ts:19:7 ÔÇ║ FI-UX S3.4 Front Desk cutover @smoke ÔÇ║ /front-desk renders Today board (not ReceptionOS dashboard) 
Public + security smoke (production build)	E2E smoke (build + start + Playwright)	2026-07-13T20:44:30.8018578Z     [mobile-safari] ÔÇ║ e2e/fi-ux-audit-labels.spec.ts:30:7 ÔÇ║ FI-UX S3.4 Front Desk cutover @smoke ÔÇ║ exactly two Front Desk tabs: Today and Tomorrow 
Public + security smoke (production build)	E2E smoke (build + start + Playwright)	2026-07-13T20:44:30.8018903Z     [mobile-safari] ÔÇ║ e2e/fi-ux-audit-labels.spec.ts:47:7 ÔÇ║ FI-UX S3.4 Front Desk cutover @smoke ÔÇ║ Today tab is active on /front-desk 
Public + security smoke (production build)	E2E smoke (build + start + Playwright)	2026-07-13T20:44:30.8019330Z     [mobile-safari] ÔÇ║ e2e/fi-ux-audit-labels.spec.ts:56:7 ÔÇ║ FI-UX S3.4 Front Desk cutover @smoke ÔÇ║ Tomorrow tab is active on /front-desk/tomorrow 
Public + security smoke (production build)	E2E smoke (build + start + Playwright)	2026-07-13T20:44:30.8019763Z     [mobile-safari] ÔÇ║ e2e/fi-ux-audit-labels.spec.ts:68:7 ÔÇ║ FI-UX S3.4 Front Desk cutover @smoke ÔÇ║ legacy /reception redirects to /front-desk and preserves bookingId/date 
Public + security smoke (production build)	E2E smoke (build + start + Playwright)	2026-07-13T20:44:30.8020163Z     [mobile-safari] ÔÇ║ e2e/fi-ux-audit-labels.spec.ts:87:7 ÔÇ║ FI-UX S3.4 Front Desk cutover @smoke ÔÇ║ legacy /reception-board and /operations redirect to Today 
Public + security smoke (production build)	E2E smoke (build + start + Playwright)	2026-07-13T20:44:30.8020523Z     [mobile-safari] ÔÇ║ e2e/fi-ux-audit-labels.spec.ts:94:7 ÔÇ║ FI-UX S3.4 Front Desk cutover @smoke ÔÇ║ legacy /tomorrow redirects to /front-desk/tomorrow 
Public + security smoke (production build)	E2E smoke (build + start + Playwright)	2026-07-13T20:44:30.8020887Z     [mobile-safari] ÔÇ║ e2e/fi-ux-audit-labels.spec.ts:99:7 ÔÇ║ FI-UX S3.4 Front Desk cutover @smoke ÔÇ║ legacy front-desk subroutes redirect to Today 
Public + security smoke (production build)	E2E smoke (build + start + Playwright)	2026-07-13T20:44:30.8021258Z     [mobile-safari] ÔÇ║ e2e/fi-ux-audit-labels.spec.ts:121:7 ÔÇ║ FI-UX S3.4 Front Desk cutover @smoke ÔÇ║ top bar search and quick create remain available 
Public + security smoke (production build)	E2E smoke (build + start + Playwright)	2026-07-13T20:44:30.8021664Z     [mobile-safari] ÔÇ║ e2e/fi-ux-audit-labels.spec.ts:133:7 ÔÇ║ FI-UX S3.4 Front Desk cutover @smoke ÔÇ║ tablet 768├ù1024 has no horizontal document overflow on Today 
Public + security smoke (production build)	E2E smoke (build + start + Playwright)	2026-07-13T20:44:30.8022144Z     [mobile-safari] ÔÇ║ e2e/security/unauthenticated-access.spec.ts:63:7 ÔÇ║ unauthenticated access ÔÇö fails closed @security ÔÇ║ protected tenant patients API fails closed without a session 
Public + security smoke (production build)	E2E smoke (build + start + Playwright)	2026-07-13T20:44:30.8022603Z     [mobile-safari] ÔÇ║ e2e/security/unauthenticated-access.spec.ts:78:7 ÔÇ║ unauthenticated access ÔÇö fails closed @security ÔÇ║ cron reminder route rejects unauthenticated calls 
Public + security smoke (production build)	E2E smoke (build + start + Playwright)	2026-07-13T20:44:30.8022677Z   66 skipped
Public + security smoke (production build)	E2E smoke (build + start + Playwright)	2026-07-13T20:44:30.8022752Z   132 passed (16.8m)
Public + security smoke (production build)	E2E smoke (build + start + Playwright)	2026-07-13T20:44:35.7675650Z ##[error]Process completed with exit code 1.
Public + security smoke (production build)	Post Setup pnpm	´╗┐2026-07-13T20:44:35.7741168Z Node 20 is being deprecated. This workflow is running with Node 24 by default. If you need to temporarily use Node 20, you can set the ACTIONS_ALLOW_USE_UNSECURE_NODE_VERSION=true environment variable. For more information see: https://github.blog/changelog/2025-09-19-deprecation-of-node-20-on-github-actions-runners/
Public + security smoke (production build)	Post Setup pnpm	2026-07-13T20:44:35.7741952Z Post job cleanup.
Public + security smoke (production build)	Post Setup pnpm	2026-07-13T20:44:35.9454180Z Pruning is unnecessary.
Public + security smoke (production build)	Post Checkout	´╗┐2026-07-13T20:44:35.9541108Z Node 20 is being deprecated. This workflow is running with Node 24 by default. If you need to temporarily use Node 20, you can set the ACTIONS_ALLOW_USE_UNSECURE_NODE_VERSION=true environment variable. For more information see: https://github.blog/changelog/2025-09-19-deprecation-of-node-20-on-github-actions-runners/
Public + security smoke (production build)	Post Checkout	2026-07-13T20:44:35.9542002Z Post job cleanup.
Public + security smoke (production build)	Post Checkout	2026-07-13T20:44:36.0843716Z [command]/usr/bin/git version
Public + security smoke (production build)	Post Checkout	2026-07-13T20:44:36.0867667Z git version 2.54.0
Public + security smoke (production build)	Post Checkout	2026-07-13T20:44:36.0890971Z Temporarily overriding HOME='/home/runner/work/_temp/80cc537e-80c9-4490-9672-fad472a16fbf' before making global git config changes
Public + security smoke (production build)	Post Checkout	2026-07-13T20:44:36.0891997Z Adding repository directory to the temporary git global config as a safe directory
Public + security smoke (production build)	Post Checkout	2026-07-13T20:44:36.0895151Z [command]/usr/bin/git config --global --add safe.directory /home/runner/work/G-follicleintelligence/G-follicleintelligence
Public + security smoke (production build)	Post Checkout	2026-07-13T20:44:36.0919449Z [command]/usr/bin/git config --local --name-only --get-regexp core\.sshCommand
Public + security smoke (production build)	Post Checkout	2026-07-13T20:44:36.0942598Z [command]/usr/bin/git submodule foreach --recursive sh -c "git config --local --name-only --get-regexp 'core\.sshCommand' && git config --local --unset-all 'core.sshCommand' || :"
Public + security smoke (production build)	Post Checkout	2026-07-13T20:44:36.1145739Z [command]/usr/bin/git config --local --name-only --get-regexp http\.https\:\/\/github\.com\/\.extraheader
Public + security smoke (production build)	Post Checkout	2026-07-13T20:44:36.1160925Z http.https://github.com/.extraheader
Public + security smoke (production build)	Post Checkout	2026-07-13T20:44:36.1167229Z [command]/usr/bin/git config --local --unset-all http.https://github.com/.extraheader
Public + security smoke (production build)	Post Checkout	2026-07-13T20:44:36.1186714Z [command]/usr/bin/git submodule foreach --recursive sh -c "git config --local --name-only --get-regexp 'http\.https\:\/\/github\.com\/\.extraheader' && git config --local --unset-all 'http.https://github.com/.extraheader' || :"
Public + security smoke (production build)	Post Checkout	2026-07-13T20:44:36.1327449Z [command]/usr/bin/git config --local --name-only --get-regexp ^includeIf\.gitdir:
Public + security smoke (production build)	Post Checkout	2026-07-13T20:44:36.1346280Z [command]/usr/bin/git submodule foreach --recursive git config --local --show-origin --name-only --get-regexp remote.origin.url
Public + security smoke (production build)	Complete job	´╗┐2026-07-13T20:44:36.1560751Z Cleaning up orphan processes
Public + security smoke (production build)	Complete job	2026-07-13T20:44:36.1978015Z Terminate orphan process: pid (5473) (next-server (v14.2.35))
Public + security smoke (production build)	Complete job	2026-07-13T20:44:36.2004444Z ##[warning]Node.js 20 is deprecated. The following actions target Node.js 20 but are being forced to run on Node.js 24: actions/checkout@v4, actions/setup-node@v4, pnpm/action-setup@v4. For more information see: https://github.blog/changelog/2025-09-19-deprecation-of-node-20-on-github-actions-runners/
